2026/09/07 01:51:11.238, 0, 0, 4, 75.06
2026/09/07 01:51:11.246, 1, 0, 4, 74.06
2026/09/07 01:51:12.253, 0, 0, 4, 75.05
2026/09/07 01:51:12.255, 1, 0, 4, 74.03
2026/09/07 01:51:13.257, 0, 0, 4, 75.04
2026/09/07 01:51:13.260, 1, 0, 4, 73.96
2026/09/07 01:51:14.263, 0, 0, 4, 75.06
2026/09/07 01:51:14.266, 1, 0, 4, 73.98
2026/09/07 01:51:15.269, 0, 0, 4, 75.06
2026/09/07 01:51:15.272, 1, 0, 4, 74.04
2026/09/07 01:51:16.275, 0, 0, 4, 75.00
2026/09/07 01:51:16.278, 1, 0, 4, 74.01
2026/09/07 01:51:17.280, 0, 0, 4, 75.00
2026/09/07 01:51:17.284, 1, 0, 4, 74.00
2026/09/07 01:51:18.287, 0, 0, 4, 75.02
2026/09/07 01:51:18.290, 1, 0, 4, 73.96
2026/09/07 01:51:19.292, 0, 0, 4, 75.03
2026/09/07 01:51:19.295, 1, 0, 4, 73.96
2026/09/07 01:51:20.297, 0, 0, 4, 75.02
2026/09/07 01:51:20.300, 1, 0, 4, 73.96
2026/09/07 01:51:21.304, 0, 0, 4, 75.02
2026/09/07 01:51:21.306, 1, 0, 4, 73.96
2026/09/07 01:51:22.309, 0, 0, 4, 75.00
2026/09/07 01:51:22.313, 1, 0, 4, 73.96
2026/09/07 01:51:23.316, 0, 0, 4, 75.02
2026/09/07 01:51:23.319, 1, 0, 4, 74.00
2026/09/07 01:51:24.322, 0, 0, 4, 75.05
2026/09/07 01:51:24.325, 1, 0, 4, 74.05
2026/09/07 01:51:25.329, 0, 0, 4, 75.05
2026/09/07 01:51:25.332, 1, 0, 4, 74.01
2026/09/07 01:51:26.335, 0, 0, 4, 75.05
2026/09/07 01:51:26.338, 1, 0, 4, 74.02
2026/09/07 01:51:27.341, 0, 0, 4, 75.02
2026/09/07 01:51:27.346, 1, 0, 4, 73.98
2026/09/07 01:51:28.349, 0, 0, 4, 75.00
2026/09/07 01:51:28.352, 1, 0, 4, 73.93
2026/09/07 01:51:29.355, 0, 0, 4, 75.01
2026/09/07 01:51:29.360, 1, 0, 4, 73.96
2026/09/07 01:51:30.363, 0, 0, 4, 75.04
2026/09/07 01:51:30.366, 1, 0, 4, 74.00
2026/09/07 01:51:31.369, 0, 0, 4, 75.04
2026/09/07 01:51:31.373, 1, 0, 4, 74.02
2026/09/07 01:51:32.377, 0, 0, 4, 75.03
2026/09/07 01:51:32.379, 1, 0, 4, 73.97
2026/09/07 01:51:33.382, 0, 0, 4, 75.01
2026/09/07 01:51:33.385, 1, 0, 4, 73.94
2026/09/07 01:51:34.388, 0, 0, 4, 75.01
2026/09/07 01:51:34.393, 1, 0, 4, 73.98
2026/09/07 01:51:35.397, 0, 0, 4, 75.02
2026/09/07 01:51:35.401, 1, 0, 4, 73.91
2026/09/07 01:51:36.404, 0, 0, 4, 75.06
2026/09/07 01:51:36.407, 1, 0, 4, 73.95
2026/09/07 01:51:37.410, 0, 0, 4, 75.03
2026/09/07 01:51:37.412, 1, 0, 4, 74.00
2026/09/07 01:51:38.415, 0, 0, 4, 75.05
2026/09/07 01:51:38.418, 1, 0, 4, 73.97
2026/09/07 01:51:39.421, 0, 0, 4, 75.00
2026/09/07 01:51:39.426, 1, 0, 4, 74.00
2026/09/07 01:51:40.430, 0, 0, 4, 74.99
2026/09/07 01:51:40.432, 1, 0, 4, 73.99
2026/09/07 01:51:41.435, 0, 0, 4, 75.00
2026/09/07 01:51:41.438, 1, 0, 4, 73.93
2026/09/07 01:51:42.441, 0, 0, 4, 75.02
2026/09/07 01:51:42.444, 1, 0, 4, 73.97
2026/09/07 01:51:43.447, 0, 0, 4, 75.03
2026/09/07 01:51:43.451, 1, 0, 4, 74.00
2026/09/07 01:51:44.453, 0, 0, 4, 75.04
2026/09/07 01:51:44.456, 1, 0, 4, 74.00
2026/09/07 01:51:45.458, 0, 0, 4, 75.03
2026/09/07 01:51:45.461, 1, 0, 4, 73.98
2026/09/07 01:51:46.463, 0, 0, 4, 74.99
2026/09/07 01:51:46.466, 1, 0, 4, 73.93
2026/09/07 01:51:47.468, 0, 0, 4, 75.00
2026/09/07 01:51:47.474, 1, 0, 4, 73.96
2026/09/07 01:51:48.479, 0, 0, 4, 74.99
2026/09/07 01:51:48.482, 1, 0, 4, 73.95
2026/09/07 01:51:49.484, 0, 0, 4, 75.01
2026/09/07 01:51:49.488, 1, 0, 4, 73.94
2026/09/07 01:51:50.495, 0, 0, 4, 75.00
2026/09/07 01:51:50.498, 1, 0, 4, 73.99
2026/09/07 01:51:51.502, 0, 0, 4, 75.01
2026/09/07 01:51:51.507, 1, 0, 4, 73.99
2026/09/07 01:51:52.513, 0, 0, 4, 75.02
2026/09/07 01:51:52.516, 1, 0, 4, 73.98
2026/09/07 01:51:53.518, 0, 0, 4, 74.99
2026/09/07 01:51:53.522, 1, 0, 4, 73.95
2026/09/07 01:51:54.525, 0, 0, 4, 75.04
2026/09/07 01:51:54.529, 1, 0, 4, 73.93
2026/09/07 01:51:55.532, 0, 0, 4, 75.03
2026/09/07 01:51:55.537, 1, 0, 4, 74.01
2026/09/07 01:51:56.539, 0, 0, 4, 75.02
2026/09/07 01:51:56.542, 1, 0, 4, 73.93
2026/09/07 01:51:57.545, 0, 0, 4, 75.02
2026/09/07 01:51:57.549, 1, 0, 4, 73.94
2026/09/07 01:51:58.553, 0, 0, 4, 75.02
2026/09/07 01:51:58.556, 1, 0, 4, 73.97
2026/09/07 01:51:59.559, 0, 0, 4, 75.00
2026/09/07 01:51:59.562, 1, 0, 4, 74.00
2026/09/07 01:52:00.565, 0, 0, 4, 75.02
2026/09/07 01:52:00.568, 1, 0, 4, 73.92
2026/09/07 01:52:01.570, 0, 0, 4, 75.03
2026/09/07 01:52:01.572, 1, 0, 4, 73.96
2026/09/07 01:52:02.576, 0, 0, 4, 75.02
2026/09/07 01:52:02.579, 1, 0, 4, 73.94
2026/09/07 01:52:03.582, 0, 0, 4, 75.00
2026/09/07 01:52:03.585, 1, 0, 4, 73.97
2026/09/07 01:52:04.588, 0, 0, 4, 75.00
2026/09/07 01:52:04.591, 1, 0, 4, 73.97
2026/09/07 01:52:05.594, 0, 0, 4, 74.99
2026/09/07 01:52:05.597, 1, 0, 4, 74.03
2026/09/07 01:52:06.599, 0, 0, 4, 75.03
2026/09/07 01:52:06.602, 1, 0, 4, 73.97
2026/09/07 01:52:07.605, 0, 0, 4, 75.00
2026/09/07 01:52:07.608, 1, 0, 4, 73.93
2026/09/07 01:52:08.612, 0, 0, 4, 75.02
2026/09/07 01:52:08.615, 1, 0, 4, 73.95
2026/09/07 01:52:09.618, 0, 0, 4, 74.99
2026/09/07 01:52:09.621, 1, 0, 4, 73.93
2026/09/07 01:52:10.623, 0, 0, 4, 74.98
2026/09/07 01:52:10.625, 1, 0, 4, 73.96
2026/09/07 01:52:11.627, 0, 0, 4, 74.98
2026/09/07 01:52:11.630, 1, 0, 4, 73.97
2026/09/07 01:52:12.632, 0, 0, 4, 75.00
2026/09/07 01:52:12.635, 1, 0, 4, 74.04
2026/09/07 01:52:13.637, 0, 0, 4, 74.99
2026/09/07 01:52:13.640, 1, 0, 4, 73.97
2026/09/07 01:52:14.643, 0, 0, 4, 75.01
2026/09/07 01:52:14.647, 1, 0, 4, 73.96
2026/09/07 01:52:15.649, 0, 0, 4, 75.01
2026/09/07 01:52:15.654, 1, 0, 4, 73.96
2026/09/07 01:52:16.658, 0, 0, 4, 74.99
2026/09/07 01:52:16.661, 1, 0, 4, 73.99
2026/09/07 01:52:17.666, 0, 0, 4, 74.99
2026/09/07 01:52:17.671, 1, 0, 4, 73.92
2026/09/07 01:52:18.676, 0, 0, 4, 74.98
2026/09/07 01:52:18.680, 1, 0, 4, 73.96
2026/09/07 01:52:19.683, 0, 0, 4, 75.00
2026/09/07 01:52:19.687, 1, 0, 4, 73.97
2026/09/07 01:52:20.691, 0, 0, 4, 75.00
2026/09/07 01:52:20.696, 1, 0, 4, 73.94
2026/09/07 01:52:21.700, 0, 0, 4, 75.01
2026/09/07 01:52:21.715, 1, 0, 4, 73.97
2026/09/07 01:52:22.726, 0, 0, 4, 74.99
2026/09/07 01:52:22.728, 1, 0, 4, 73.92
2026/09/07 01:52:23.730, 0, 0, 4, 74.98
2026/09/07 01:52:23.733, 1, 0, 4, 73.94
2026/09/07 01:52:24.735, 0, 0, 4, 74.99
2026/09/07 01:52:24.739, 1, 0, 4, 73.92
2026/09/07 01:52:25.742, 0, 0, 4, 75.01
2026/09/07 01:52:25.744, 1, 0, 4, 73.99
2026/09/07 01:52:26.746, 0, 0, 4, 74.99
2026/09/07 01:52:26.749, 1, 0, 4, 74.00
2026/09/07 01:52:27.752, 0, 0, 4, 74.98
2026/09/07 01:52:27.755, 1, 0, 4, 73.95
2026/09/07 01:52:28.759, 0, 0, 4, 74.99
2026/09/07 01:52:28.770, 1, 0, 4, 73.93
2026/09/07 01:52:29.773, 0, 0, 4, 75.00
2026/09/07 01:52:29.775, 1, 0, 4, 73.92
2026/09/07 01:52:30.777, 0, 0, 4, 74.98
2026/09/07 01:52:30.790, 1, 0, 4, 74.02
2026/09/07 01:52:31.795, 0, 0, 4, 75.00
2026/09/07 01:52:31.800, 1, 0, 4, 74.00
2026/09/07 01:52:32.809, 0, 0, 4, 74.99
2026/09/07 01:52:32.814, 1, 0, 4, 73.93
2026/09/07 01:52:33.816, 0, 0, 4, 74.98
2026/09/07 01:52:33.819, 1, 0, 4, 73.88
2026/09/07 01:52:34.822, 0, 0, 4, 75.00
2026/09/07 01:52:34.826, 1, 0, 4, 73.90
2026/09/07 01:52:35.831, 0, 0, 4, 74.99
2026/09/07 01:52:35.837, 1, 0, 4, 73.92
2026/09/07 01:52:36.839, 0, 0, 4, 75.00
2026/09/07 01:52:36.844, 1, 0, 4, 73.92
2026/09/07 01:52:37.847, 0, 0, 4, 75.01
2026/09/07 01:52:37.850, 1, 0, 4, 73.95
2026/09/07 01:52:38.852, 0, 0, 4, 75.01
2026/09/07 01:52:38.857, 1, 0, 4, 73.97
2026/09/07 01:52:39.862, 0, 0, 4, 74.98
2026/09/07 01:52:39.865, 1, 0, 4, 74.02
2026/09/07 01:52:40.867, 0, 0, 4, 74.97
2026/09/07 01:52:40.869, 1, 0, 4, 73.94
2026/09/07 01:52:41.871, 0, 0, 4, 75.02
2026/09/07 01:52:41.938, 1, 0, 4, 73.91
2026/09/07 01:52:42.940, 0, 0, 4, 74.98
2026/09/07 01:52:42.944, 1, 0, 4, 73.91
2026/09/07 01:52:43.946, 0, 0, 4, 74.98
2026/09/07 01:52:43.948, 1, 0, 4, 73.93
2026/09/07 01:52:44.950, 0, 0, 4, 75.00
2026/09/07 01:52:44.952, 1, 0, 4, 74.02
2026/09/07 01:52:45.955, 0, 0, 4, 75.00
2026/09/07 01:52:45.957, 1, 0, 4, 73.97
2026/09/07 01:52:46.959, 0, 0, 4, 74.97
2026/09/07 01:52:46.962, 1, 0, 4, 73.93
2026/09/07 01:52:47.964, 0, 0, 4, 74.98
2026/09/07 01:52:47.967, 1, 0, 4, 73.96
2026/09/07 01:52:48.970, 0, 0, 4, 74.96
2026/09/07 01:52:48.972, 1, 0, 4, 73.88
2026/09/07 01:52:49.977, 0, 0, 4, 74.96
2026/09/07 01:52:49.979, 1, 0, 4, 73.91
2026/09/07 01:52:50.981, 0, 0, 4, 74.99
2026/09/07 01:52:50.984, 1, 0, 4, 73.94
2026/09/07 01:52:51.986, 0, 0, 4, 75.02
2026/09/07 01:52:51.988, 1, 0, 4, 74.00
2026/09/07 01:52:52.989, 0, 0, 4, 74.96
2026/09/07 01:52:52.992, 1, 0, 4, 73.95
2026/09/07 01:52:53.994, 0, 0, 4, 74.97
2026/09/07 01:52:53.997, 1, 0, 4, 73.97
2026/09/07 01:52:54.999, 0, 0, 4, 74.97
2026/09/07 01:52:55.000, 1, 0, 4, 73.93
2026/09/07 01:52:56.002, 0, 0, 4, 74.98
2026/09/07 01:52:56.004, 1, 0, 4, 73.93
2026/09/07 01:52:57.006, 0, 0, 4, 74.97
2026/09/07 01:52:57.009, 1, 0, 4, 73.93
2026/09/07 01:52:58.012, 0, 0, 4, 74.96
2026/09/07 01:52:58.014, 1, 0, 4, 73.90
2026/09/07 01:52:59.016, 0, 0, 4, 74.99
2026/09/07 01:52:59.020, 1, 0, 4, 73.96
2026/09/07 01:53:00.021, 0, 0, 4, 74.99
2026/09/07 01:53:00.024, 1, 0, 4, 73.91
2026/09/07 01:53:01.026, 0, 0, 4, 74.97
2026/09/07 01:53:01.028, 1, 0, 4, 73.94
2026/09/07 01:53:02.031, 0, 0, 4, 74.99
2026/09/07 01:53:02.036, 1, 0, 4, 73.83
2026/09/07 01:53:03.037, 0, 0, 4, 75.01
2026/09/07 01:53:03.039, 1, 0, 4, 73.96
2026/09/07 01:53:04.042, 0, 0, 4, 74.97
2026/09/07 01:53:04.044, 1, 0, 4, 73.88
2026/09/07 01:53:05.046, 0, 0, 4, 74.98
2026/09/07 01:53:05.048, 1, 0, 4, 73.96
2026/09/07 01:53:06.050, 0, 0, 4, 74.98
2026/09/07 01:53:06.052, 1, 0, 4, 74.00
2026/09/07 01:53:07.054, 0, 0, 4, 74.97
2026/09/07 01:53:07.056, 1, 0, 4, 73.96
2026/09/07 01:53:08.058, 0, 0, 4, 74.99
2026/09/07 01:53:08.060, 1, 0, 4, 73.95
2026/09/07 01:53:09.062, 0, 0, 4, 74.99
2026/09/07 01:53:09.064, 1, 0, 4, 73.90
2026/09/07 01:53:10.066, 0, 0, 4, 74.97
2026/09/07 01:53:10.068, 1, 0, 4, 73.92
2026/09/07 01:53:11.070, 0, 0, 4, 74.96
2026/09/07 01:53:11.073, 1, 0, 4, 73.94
2026/09/07 01:53:12.075, 0, 0, 4, 74.95
2026/09/07 01:53:12.078, 1, 0, 4, 73.97
2026/09/07 01:53:13.080, 0, 0, 4, 74.92
2026/09/07 01:53:13.085, 1, 0, 4, 73.95
2026/09/07 01:53:14.087, 0, 0, 4, 74.97
2026/09/07 01:53:14.128, 1, 0, 4, 73.97
2026/09/07 01:53:15.130, 0, 0, 4, 75.00
2026/09/07 01:53:15.132, 1, 0, 4, 73.86
2026/09/07 01:53:16.135, 0, 0, 4, 75.00
2026/09/07 01:53:16.137, 1, 0, 4, 73.92
2026/09/07 01:53:17.140, 0, 0, 4, 74.97
2026/09/07 01:53:17.143, 1, 0, 4, 73.95
2026/09/07 01:53:18.146, 0, 0, 4, 74.97
2026/09/07 01:53:18.148, 1, 0, 4, 73.96
2026/09/07 01:53:19.149, 0, 0, 4, 74.95
2026/09/07 01:53:19.152, 1, 0, 4, 73.94
2026/09/07 01:53:20.154, 0, 0, 4, 74.96
2026/09/07 01:53:20.156, 1, 0, 4, 73.91
2026/09/07 01:53:21.158, 0, 0, 4, 74.96
2026/09/07 01:53:21.161, 1, 0, 4, 73.92
2026/09/07 01:53:22.163, 0, 0, 4, 74.94
2026/09/07 01:53:22.165, 1, 0, 4, 73.85
2026/09/07 01:53:23.167, 0, 0, 4, 74.95
2026/09/07 01:53:23.170, 1, 0, 4, 73.89
2026/09/07 01:53:24.172, 0, 0, 4, 74.96
2026/09/07 01:53:24.175, 1, 0, 4, 73.91
2026/09/07 01:53:25.178, 0, 0, 4, 74.96
2026/09/07 01:53:25.180, 1, 0, 4, 73.99
2026/09/07 01:53:26.182, 0, 0, 4, 75.00
2026/09/07 01:53:26.199, 1, 0, 4, 73.92
2026/09/07 01:53:27.202, 0, 0, 4, 74.93
2026/09/07 01:53:27.238, 1, 0, 4, 73.89
2026/09/07 01:53:28.240, 0, 0, 4, 74.94
2026/09/07 01:53:28.245, 1, 0, 4, 73.93
2026/09/07 01:53:29.247, 0, 0, 4, 74.94
2026/09/07 01:53:29.253, 1, 0, 4, 73.91
2026/09/07 01:53:30.255, 0, 0, 4, 74.96
2026/09/07 01:53:30.259, 1, 0, 4, 73.92
2026/09/07 01:53:31.261, 0, 0, 526, 88.42
2026/09/07 01:53:31.263, 1, 0, 4, 73.91
2026/09/07 01:53:32.268, 0, 0, 526, 118.12
2026/09/07 01:53:32.270, 1, 0, 4, 73.86
2026/09/07 01:53:33.275, 0, 0, 526, 118.14
2026/09/07 01:53:33.277, 1, 0, 4, 73.89
2026/09/07 01:53:34.280, 0, 0, 1834, 118.60
2026/09/07 01:53:34.282, 1, 0, 4, 73.85
2026/09/07 01:53:35.284, 0, 0, 2584, 118.21
2026/09/07 01:53:35.287, 1, 0, 4, 73.86
2026/09/07 01:53:36.289, 0, 0, 3676, 118.44
2026/09/07 01:53:36.292, 1, 0, 4, 73.87
2026/09/07 01:53:37.294, 0, 0, 4426, 118.38
2026/09/07 01:53:37.296, 1, 0, 4, 73.85
2026/09/07 01:53:38.298, 0, 0, 5176, 118.44
2026/09/07 01:53:38.301, 1, 0, 4, 73.84
2026/09/07 01:53:39.303, 0, 0, 6132, 118.42
2026/09/07 01:53:39.306, 1, 0, 4, 73.86
2026/09/07 01:53:40.308, 0, 58, 9760, 119.19
2026/09/07 01:53:40.310, 1, 0, 4, 73.89
2026/09/07 01:53:41.312, 0, 1, 34862, 122.86
2026/09/07 01:53:41.315, 1, 0, 4, 73.88
2026/09/07 01:53:42.317, 0, 0, 35398, 118.95
2026/09/07 01:53:42.320, 1, 0, 4, 73.86
2026/09/07 01:53:43.322, 0, 11, 35398, 118.88
2026/09/07 01:53:43.324, 1, 0, 4, 73.84
2026/09/07 01:53:44.327, 0, 4, 35398, 118.97
2026/09/07 01:53:44.329, 1, 0, 4, 73.86
2026/09/07 01:53:45.331, 0, 12, 35398, 119.07
2026/09/07 01:53:45.336, 1, 0, 4, 73.84
2026/09/07 01:53:46.338, 0, 10, 35398, 118.88
2026/09/07 01:53:46.343, 1, 0, 4, 73.85
2026/09/07 01:53:47.347, 0, 17, 35398, 119.04
2026/09/07 01:53:47.351, 1, 0, 4, 73.89
2026/09/07 01:53:48.355, 0, 12, 35398, 119.06
2026/09/07 01:53:48.359, 1, 0, 4, 73.83
2026/09/07 01:53:49.362, 0, 13, 35398, 119.13
2026/09/07 01:53:49.373, 1, 0, 4, 73.81
2026/09/07 01:53:50.381, 0, 9, 35398, 118.99
2026/09/07 01:53:50.405, 1, 0, 4, 73.81
2026/09/07 01:53:51.408, 0, 7, 35398, 118.86
2026/09/07 01:53:51.428, 1, 0, 4, 73.87
2026/09/07 01:53:52.451, 0, 9, 35398, 118.82
2026/09/07 01:53:52.455, 1, 0, 4, 73.87
2026/09/07 01:53:53.462, 0, 7, 35398, 118.90
2026/09/07 01:53:53.468, 1, 0, 4, 73.86
2026/09/07 01:53:54.472, 0, 9, 35398, 118.97
2026/09/07 01:53:54.557, 1, 0, 4, 73.66
2026/09/07 01:53:55.638, 0, 5, 35398, 119.03
2026/09/07 01:53:55.643, 1, 0, 4, 73.60
2026/09/07 01:53:56.648, 0, 4, 35398, 118.83
2026/09/07 01:53:56.665, 1, 0, 4, 73.63
2026/09/07 01:53:57.674, 0, 6, 35398, 119.05
2026/09/07 01:53:57.691, 1, 0, 4, 73.58
2026/09/07 01:53:58.694, 0, 2, 35398, 118.76
2026/09/07 01:53:58.714, 1, 0, 4, 73.57
2026/09/07 01:53:59.730, 0, 7, 35398, 118.89
2026/09/07 01:53:59.735, 1, 0, 4, 73.61
2026/09/07 01:54:00.740, 0, 9, 35398, 118.99
2026/09/07 01:54:00.744, 1, 0, 4, 73.61
2026/09/07 01:54:01.750, 0, 5, 35398, 118.90
2026/09/07 01:54:01.753, 1, 0, 4, 73.64
2026/09/07 01:54:02.756, 0, 30, 35398, 119.46
2026/09/07 01:54:02.773, 1, 0, 4, 73.63
2026/09/07 01:54:03.782, 0, 0, 35398, 118.71
2026/09/07 01:54:03.784, 1, 0, 4, 73.55
2026/09/07 01:54:04.788, 0, 0, 25374, 119.42
2026/09/07 01:54:04.797, 1, 0, 4, 73.55
2026/09/07 01:54:05.803, 0, 5, 25374, 118.96
2026/09/07 01:54:05.805, 1, 0, 4, 73.54
2026/09/07 01:54:06.807, 0, 14, 25374, 118.87
2026/09/07 01:54:06.809, 1, 0, 4, 73.56
2026/09/07 01:54:07.811, 0, 13, 25374, 118.92
2026/09/07 01:54:07.814, 1, 0, 4, 73.58
2026/09/07 01:54:08.816, 0, 11, 25374, 118.91
2026/09/07 01:54:08.818, 1, 0, 4, 73.58
2026/09/07 01:54:09.820, 0, 10, 25374, 118.93
2026/09/07 01:54:09.821, 1, 0, 4, 73.61
2026/09/07 01:54:10.823, 0, 11, 28254, 119.75
2026/09/07 01:54:10.827, 1, 0, 4, 73.60
2026/09/07 01:54:11.829, 0, 4, 28254, 119.01
2026/09/07 01:54:11.832, 1, 0, 4, 73.58
2026/09/07 01:54:12.835, 0, 20, 28254, 119.03
2026/09/07 01:54:12.838, 1, 0, 4, 73.53
2026/09/07 01:54:13.840, 0, 4, 28254, 119.04
2026/09/07 01:54:13.843, 1, 0, 4, 73.55
2026/09/07 01:54:14.845, 0, 6, 28254, 118.94
2026/09/07 01:54:14.847, 1, 0, 4, 73.59
2026/09/07 01:54:15.852, 0, 7, 28254, 119.13
2026/09/07 01:54:15.857, 1, 0, 4, 73.62
2026/09/07 01:54:16.859, 0, 4, 28254, 119.01
2026/09/07 01:54:16.861, 1, 0, 4, 73.61
2026/09/07 01:54:17.863, 0, 21, 28254, 119.10
2026/09/07 01:54:17.866, 1, 0, 4, 73.60
2026/09/07 01:54:18.870, 0, 4, 28254, 118.99
2026/09/07 01:54:18.872, 1, 0, 4, 73.56
2026/09/07 01:54:19.875, 0, 19, 28254, 119.03
2026/09/07 01:54:19.880, 1, 0, 4, 73.55
2026/09/07 01:54:20.882, 0, 4, 28254, 118.95
2026/09/07 01:54:20.884, 1, 0, 4, 73.60
2026/09/07 01:54:21.886, 0, 4, 28254, 118.96
2026/09/07 01:54:21.889, 1, 0, 4, 73.61
2026/09/07 01:54:22.891, 0, 4, 28254, 118.92
2026/09/07 01:54:22.894, 1, 0, 4, 73.57
2026/09/07 01:54:23.896, 0, 4, 25374, 119.16
2026/09/07 01:54:23.899, 1, 0, 4, 73.61
2026/09/07 01:54:24.901, 0, 48, 25384, 120.19
2026/09/07 01:54:24.904, 1, 0, 4, 73.61
2026/09/07 01:54:25.907, 0, 35, 25392, 119.70
2026/09/07 01:54:25.909, 1, 0, 4, 73.52
2026/09/07 01:54:26.912, 0, 100, 25394, 119.77
2026/09/07 01:54:26.914, 1, 0, 4, 73.52
2026/09/07 01:54:27.916, 0, 0, 24882, 119.79
2026/09/07 01:54:27.919, 1, 0, 4, 73.57
2026/09/07 01:54:28.921, 0, 0, 812, 120.13
2026/09/07 01:54:28.922, 1, 0, 4, 73.56
2026/09/07 01:54:29.925, 0, 0, 812, 118.64
2026/09/07 01:54:29.927, 1, 0, 4, 73.57
2026/09/07 01:54:30.930, 0, 0, 812, 118.64
2026/09/07 01:54:30.932, 1, 0, 4, 73.58
2026/09/07 01:54:31.933, 0, 0, 812, 118.65
2026/09/07 01:54:31.936, 1, 0, 4, 73.57
2026/09/07 01:54:32.938, 0, 0, 812, 118.66
2026/09/07 01:54:32.940, 1, 0, 4, 73.57
2026/09/07 01:54:33.942, 0, 0, 812, 118.67
2026/09/07 01:54:33.945, 1, 0, 4, 73.49
2026/09/07 01:54:34.947, 0, 0, 812, 118.65
2026/09/07 01:54:34.950, 1, 0, 4, 73.61
2026/09/07 01:54:35.951, 0, 0, 812, 118.67
2026/09/07 01:54:35.953, 1, 0, 4, 73.58
2026/09/07 01:54:36.956, 0, 0, 812, 118.65
2026/09/07 01:54:36.958, 1, 0, 4, 73.59
2026/09/07 01:54:37.960, 0, 0, 812, 118.65
2026/09/07 01:54:37.964, 1, 0, 4, 73.54
2026/09/07 01:54:38.966, 0, 0, 812, 118.65
2026/09/07 01:54:38.968, 1, 0, 4, 73.49
2026/09/07 01:54:39.970, 0, 0, 812, 118.67
2026/09/07 01:54:39.973, 1, 0, 4, 73.53
2026/09/07 01:54:40.975, 0, 0, 812, 118.67
2026/09/07 01:54:40.978, 1, 0, 4, 73.55
2026/09/07 01:54:41.980, 0, 0, 812, 118.67
2026/09/07 01:54:41.982, 1, 0, 4, 73.56
2026/09/07 01:54:42.984, 0, 0, 812, 118.67
2026/09/07 01:54:42.986, 1, 0, 4, 73.59
2026/09/07 01:54:43.988, 0, 0, 812, 118.69
2026/09/07 01:54:43.990, 1, 0, 4, 73.58
2026/09/07 01:54:44.991, 0, 0, 812, 118.67
2026/09/07 01:54:44.993, 1, 0, 4, 73.59
2026/09/07 01:54:45.996, 0, 0, 812, 118.67
2026/09/07 01:54:45.998, 1, 0, 4, 73.54
2026/09/07 01:54:47.000, 0, 0, 812, 118.67
2026/09/07 01:54:47.002, 1, 0, 4, 73.56
2026/09/07 01:54:48.007, 0, 0, 812, 118.70
2026/09/07 01:54:48.010, 1, 0, 4, 73.55
2026/09/07 01:54:49.012, 0, 0, 812, 118.69
2026/09/07 01:54:49.015, 1, 0, 4, 73.50
2026/09/07 01:54:50.017, 0, 0, 812, 118.67
2026/09/07 01:54:50.020, 1, 0, 4, 73.56
2026/09/07 01:54:51.022, 0, 0, 812, 118.69
2026/09/07 01:54:51.025, 1, 0, 4, 73.56
2026/09/07 01:54:52.028, 0, 0, 812, 118.67
2026/09/07 01:54:52.030, 1, 0, 4, 73.58
2026/09/07 01:54:53.032, 0, 0, 812, 118.66
2026/09/07 01:54:53.034, 1, 0, 4, 73.55
2026/09/07 01:54:54.037, 0, 0, 812, 118.67
2026/09/07 01:54:54.040, 1, 0, 4, 73.52
2026/09/07 01:54:55.042, 0, 0, 812, 118.70
2026/09/07 01:54:55.045, 1, 0, 4, 73.51
2026/09/07 01:54:56.047, 0, 0, 812, 118.67
2026/09/07 01:54:56.049, 1, 0, 4, 73.57
2026/09/07 01:54:57.052, 0, 0, 812, 118.66
2026/09/07 01:54:57.055, 1, 0, 4, 73.57
2026/09/07 01:54:58.057, 0, 0, 812, 118.68
2026/09/07 01:54:58.059, 1, 0, 4, 73.56
2026/09/07 01:54:59.062, 0, 0, 812, 118.68
2026/09/07 01:54:59.065, 1, 0, 4, 73.53
2026/09/07 01:55:00.067, 0, 0, 812, 118.72
2026/09/07 01:55:00.070, 1, 0, 4, 73.53
2026/09/07 01:55:01.072, 0, 0, 812, 118.72
2026/09/07 01:55:01.075, 1, 0, 4, 73.54
2026/09/07 01:55:02.077, 0, 0, 812, 118.69
2026/09/07 01:55:02.080, 1, 0, 4, 73.56
2026/09/07 01:55:03.082, 0, 0, 812, 118.72
2026/09/07 01:55:03.086, 1, 0, 4, 73.59
2026/09/07 01:55:04.097, 0, 0, 812, 118.69
2026/09/07 01:55:04.101, 1, 0, 4, 73.59
2026/09/07 01:55:05.103, 0, 0, 812, 118.68
2026/09/07 01:55:05.106, 1, 0, 4, 73.59
2026/09/07 01:55:06.109, 0, 0, 812, 118.72
2026/09/07 01:55:06.111, 1, 0, 4, 73.55
2026/09/07 01:55:07.113, 0, 0, 812, 118.72
2026/09/07 01:55:07.116, 1, 0, 4, 73.54
2026/09/07 01:55:08.119, 0, 0, 812, 118.68
2026/09/07 01:55:08.121, 1, 0, 4, 73.57
2026/09/07 01:55:09.123, 0, 0, 812, 118.70
2026/09/07 01:55:09.127, 1, 0, 4, 73.54
2026/09/07 01:55:10.129, 0, 0, 812, 118.69
2026/09/07 01:55:10.135, 1, 0, 4, 73.58
2026/09/07 01:55:11.137, 0, 0, 812, 118.78
2026/09/07 01:55:11.139, 1, 0, 4, 73.61
2026/09/07 01:55:12.141, 0, 0, 812, 118.74
2026/09/07 01:55:12.144, 1, 0, 4, 73.55
2026/09/07 01:55:13.146, 0, 0, 812, 118.71
2026/09/07 01:55:13.148, 1, 0, 4, 73.54
2026/09/07 01:55:14.150, 0, 0, 812, 118.68
2026/09/07 01:55:14.153, 1, 0, 4, 73.56
2026/09/07 01:55:15.155, 0, 0, 812, 118.72
2026/09/07 01:55:15.157, 1, 0, 4, 73.59
2026/09/07 01:55:16.158, 0, 0, 812, 118.71
2026/09/07 01:55:16.160, 1, 0, 4, 73.57
2026/09/07 01:55:17.162, 0, 0, 812, 118.70
2026/09/07 01:55:17.370, 1, 0, 4, 73.55
2026/09/07 01:55:18.372, 0, 0, 812, 118.74
2026/09/07 01:55:18.374, 1, 0, 4, 73.57
2026/09/07 01:55:19.376, 0, 0, 812, 118.74
2026/09/07 01:55:19.380, 1, 0, 4, 73.54
2026/09/07 01:55:20.384, 0, 0, 812, 118.71
2026/09/07 01:55:20.417, 1, 0, 4, 73.57
2026/09/07 01:55:21.420, 0, 0, 812, 118.71
2026/09/07 01:55:21.422, 1, 0, 4, 73.58
2026/09/07 01:55:22.424, 0, 0, 812, 118.68
2026/09/07 01:55:22.427, 1, 0, 4, 73.60
2026/09/07 01:55:23.429, 0, 0, 812, 118.71
2026/09/07 01:55:23.432, 1, 0, 4, 73.54
2026/09/07 01:55:24.433, 0, 0, 812, 118.74
2026/09/07 01:55:24.436, 1, 0, 4, 73.52
2026/09/07 01:55:25.437, 0, 0, 812, 118.71
2026/09/07 01:55:25.440, 1, 0, 4, 73.56
2026/09/07 01:55:26.443, 0, 0, 812, 118.68
2026/09/07 01:55:26.448, 1, 0, 4, 73.56
2026/09/07 01:55:27.450, 0, 0, 812, 118.71
2026/09/07 01:55:27.454, 1, 0, 4, 73.60
2026/09/07 01:55:28.457, 0, 0, 812, 118.71
2026/09/07 01:55:28.461, 1, 0, 4, 73.61
2026/09/07 01:55:29.463, 0, 0, 812, 118.74
2026/09/07 01:55:29.465, 1, 0, 4, 73.63
2026/09/07 01:55:30.467, 0, 0, 812, 118.74
2026/09/07 01:55:30.473, 1, 0, 4, 73.55
2026/09/07 01:55:31.476, 0, 0, 812, 118.72
2026/09/07 01:55:31.479, 1, 0, 4, 73.55
2026/09/07 01:55:32.484, 0, 0, 812, 118.69
2026/09/07 01:55:32.486, 1, 0, 4, 73.54
2026/09/07 01:55:33.488, 0, 0, 812, 118.70
2026/09/07 01:55:33.492, 1, 0, 4, 73.52
2026/09/07 01:55:34.500, 0, 0, 812, 118.71
2026/09/07 01:55:34.503, 1, 0, 4, 73.57
2026/09/07 01:55:35.506, 0, 0, 812, 118.71
2026/09/07 01:55:35.509, 1, 0, 4, 73.56
2026/09/07 01:55:36.511, 0, 0, 812, 118.71
2026/09/07 01:55:36.514, 1, 0, 4, 73.52
2026/09/07 01:55:37.516, 0, 0, 812, 118.71
2026/09/07 01:55:37.519, 1, 0, 4, 73.57
2026/09/07 01:55:38.522, 0, 0, 812, 118.72
2026/09/07 01:55:38.524, 1, 0, 4, 73.58
2026/09/07 01:55:39.527, 0, 0, 812, 118.70
2026/09/07 01:55:39.529, 1, 0, 4, 73.62
2026/09/07 01:55:40.532, 0, 0, 812, 118.67
2026/09/07 01:55:40.535, 1, 0, 4, 73.59
2026/09/07 01:55:41.537, 0, 0, 812, 118.71
2026/09/07 01:55:41.540, 1, 0, 4, 73.62
2026/09/07 01:55:42.543, 0, 0, 812, 118.71
2026/09/07 01:55:42.546, 1, 0, 4, 73.60
2026/09/07 01:55:43.548, 0, 0, 812, 118.72
2026/09/07 01:55:43.550, 1, 0, 4, 73.56
2026/09/07 01:55:44.552, 0, 0, 812, 118.72
2026/09/07 01:55:44.555, 1, 0, 4, 73.54
2026/09/07 01:55:45.557, 0, 0, 812, 118.70
2026/09/07 01:55:45.560, 1, 0, 4, 73.60
2026/09/07 01:55:46.562, 0, 0, 812, 118.76
2026/09/07 01:55:46.611, 1, 0, 622, 100.81
2026/09/07 01:55:47.615, 0, 0, 812, 118.72
2026/09/07 01:55:47.658, 1, 0, 724, 114.46
2026/09/07 01:55:48.661, 0, 0, 812, 118.72
2026/09/07 01:55:48.663, 1, 0, 724, 114.53
2026/09/07 01:55:49.665, 0, 0, 812, 118.77
2026/09/07 01:55:49.668, 1, 0, 744, 114.52
2026/09/07 01:55:50.670, 0, 0, 812, 118.76
2026/09/07 01:55:50.672, 1, 0, 9552, 114.43
2026/09/07 01:55:51.675, 0, 0, 812, 118.76
2026/09/07 01:55:51.681, 1, 0, 9552, 114.19
2026/09/07 01:55:52.683, 0, 0, 812, 118.79
2026/09/07 01:55:52.688, 1, 30, 9552, 115.04
2026/09/07 01:55:53.691, 0, 0, 812, 118.76
2026/09/07 01:55:53.694, 1, 0, 9552, 114.87
2026/09/07 01:55:54.696, 0, 0, 812, 118.77
2026/09/07 01:55:54.699, 1, 0, 9734, 115.10
2026/09/07 01:55:55.702, 0, 0, 812, 118.80
2026/09/07 01:55:55.704, 1, 0, 9734, 114.29
2026/09/07 01:55:56.708, 0, 0, 812, 118.78
2026/09/07 01:55:56.711, 1, 0, 107726, 119.99
2026/09/07 01:55:57.713, 0, 0, 812, 118.77
2026/09/07 01:55:57.716, 1, 0, 107840, 114.32
2026/09/07 01:55:58.719, 0, 0, 812, 118.76
2026/09/07 01:55:58.725, 1, 0, 107840, 114.28
2026/09/07 01:55:59.733, 0, 0, 812, 118.79
2026/09/07 01:55:59.736, 1, 0, 107842, 114.30
2026/09/07 01:56:00.738, 0, 0, 812, 118.79
2026/09/07 01:56:00.742, 1, 0, 107908, 114.33
2026/09/07 01:56:01.745, 0, 0, 812, 118.82
2026/09/07 01:56:01.749, 1, 0, 107908, 114.47
2026/09/07 01:56:02.756, 0, 0, 812, 118.80
2026/09/07 01:56:02.760, 1, 0, 107908, 114.46
2026/09/07 01:56:03.765, 0, 0, 812, 118.81
2026/09/07 01:56:03.767, 1, 0, 107908, 114.45
2026/09/07 01:56:04.769, 0, 0, 812, 118.78
2026/09/07 01:56:04.772, 1, 0, 107908, 114.36
2026/09/07 01:56:05.774, 0, 0, 812, 118.83
2026/09/07 01:56:05.776, 1, 0, 107908, 114.43
2026/09/07 01:56:06.779, 0, 0, 812, 118.83
2026/09/07 01:56:06.783, 1, 0, 107908, 114.55
2026/09/07 01:56:07.790, 0, 0, 812, 118.86
2026/09/07 01:56:07.793, 1, 0, 107908, 114.56
2026/09/07 01:56:08.795, 0, 0, 812, 118.82
2026/09/07 01:56:08.799, 1, 0, 107908, 114.47
2026/09/07 01:56:09.801, 0, 0, 812, 118.84
2026/09/07 01:56:09.804, 1, 0, 107908, 114.50
2026/09/07 01:56:10.807, 0, 0, 812, 118.87
2026/09/07 01:56:10.809, 1, 0, 107908, 114.49
2026/09/07 01:56:11.812, 0, 0, 812, 118.86
2026/09/07 01:56:11.814, 1, 0, 107908, 114.48
2026/09/07 01:56:12.816, 0, 0, 812, 118.86
2026/09/07 01:56:12.818, 1, 0, 107908, 114.51
2026/09/07 01:56:13.820, 0, 0, 812, 118.83
2026/09/07 01:56:13.822, 1, 0, 107908, 114.58
2026/09/07 01:56:14.824, 0, 0, 812, 118.86
2026/09/07 01:56:14.827, 1, 0, 107908, 114.59
2026/09/07 01:56:15.829, 0, 0, 812, 118.85
2026/09/07 01:56:15.831, 1, 0, 107908, 114.61
2026/09/07 01:56:16.834, 0, 0, 812, 118.84
2026/09/07 01:56:16.836, 1, 0, 107908, 114.57
2026/09/07 01:56:17.838, 0, 0, 812, 118.89
2026/09/07 01:56:17.841, 1, 0, 107908, 114.57
2026/09/07 01:56:18.843, 0, 0, 812, 118.86
2026/09/07 01:56:18.845, 1, 0, 107908, 114.53
2026/09/07 01:56:19.847, 0, 0, 812, 118.80
2026/09/07 01:56:19.850, 1, 0, 107908, 114.55
2026/09/07 01:56:20.853, 0, 0, 812, 118.89
2026/09/07 01:56:20.855, 1, 0, 107908, 114.53
2026/09/07 01:56:21.857, 0, 0, 812, 118.90
2026/09/07 01:56:21.860, 1, 0, 107928, 114.58
2026/09/07 01:56:22.863, 0, 0, 812, 118.89
2026/09/07 01:56:22.866, 1, 0, 107954, 117.02
2026/09/07 01:56:23.868, 0, 0, 812, 118.87
2026/09/07 01:56:23.870, 1, 1, 107936, 121.77
2026/09/07 01:56:24.873, 0, 0, 812, 118.88
2026/09/07 01:56:24.876, 1, 0, 107938, 116.53
2026/09/07 01:56:25.878, 0, 0, 812, 118.93
2026/09/07 01:56:25.881, 1, 0, 107938, 114.71
2026/09/07 01:56:26.884, 0, 0, 812, 118.93
2026/09/07 01:56:26.887, 1, 0, 107938, 114.68
2026/09/07 01:56:27.888, 0, 0, 812, 118.90
2026/09/07 01:56:27.891, 1, 0, 107938, 114.66
2026/09/07 01:56:28.894, 0, 0, 812, 118.92
2026/09/07 01:56:28.897, 1, 0, 107938, 114.70
2026/09/07 01:56:29.900, 0, 0, 812, 118.92
2026/09/07 01:56:29.902, 1, 0, 107940, 114.65
2026/09/07 01:56:30.904, 0, 0, 812, 118.93
2026/09/07 01:56:30.907, 1, 0, 107974, 114.68
2026/09/07 01:56:31.909, 0, 0, 812, 118.96
2026/09/07 01:56:31.912, 1, 0, 107974, 114.67
2026/09/07 01:56:32.914, 0, 0, 812, 118.94
2026/09/07 01:56:32.917, 1, 0, 107974, 114.63
2026/09/07 01:56:33.919, 0, 0, 812, 118.95
2026/09/07 01:56:33.922, 1, 0, 107974, 114.67
2026/09/07 01:56:34.924, 0, 0, 812, 118.95
2026/09/07 01:56:34.926, 1, 0, 107974, 114.67
2026/09/07 01:56:35.929, 0, 0, 812, 118.94
2026/09/07 01:56:35.931, 1, 0, 108230, 128.87
2026/09/07 01:56:36.934, 0, 0, 812, 118.98
2026/09/07 01:56:36.937, 1, 0, 108230, 114.74
2026/09/07 01:56:37.939, 0, 0, 812, 119.00
2026/09/07 01:56:37.942, 1, 0, 108230, 133.77
2026/09/07 01:56:38.945, 0, 0, 812, 118.93
2026/09/07 01:56:38.948, 1, 0, 108230, 114.80
2026/09/07 01:56:39.951, 0, 0, 812, 118.97
2026/09/07 01:56:39.954, 1, 0, 108230, 133.37
2026/09/07 01:56:40.956, 0, 0, 812, 118.99
2026/09/07 01:56:40.959, 1, 0, 108230, 114.86
2026/09/07 01:56:41.961, 0, 0, 812, 118.98
2026/09/07 01:56:41.964, 1, 0, 108230, 114.79
2026/09/07 01:56:42.967, 0, 0, 812, 118.99
2026/09/07 01:56:42.970, 1, 0, 108230, 133.53
2026/09/07 01:56:43.972, 0, 0, 812, 118.99
2026/09/07 01:56:43.975, 1, 0, 108230, 114.82
2026/09/07 01:56:44.978, 0, 0, 812, 118.95
2026/09/07 01:56:44.980, 1, 0, 108230, 132.44
2026/09/07 01:56:45.982, 0, 0, 812, 118.99
2026/09/07 01:56:45.985, 1, 0, 108230, 114.80
2026/09/07 01:56:46.988, 0, 0, 812, 119.00
2026/09/07 01:56:46.991, 1, 0, 108230, 133.23
2026/09/07 01:56:47.993, 0, 0, 812, 119.01
2026/09/07 01:56:47.996, 1, 0, 108230, 114.86
2026/09/07 01:56:48.998, 0, 0, 812, 118.98
2026/09/07 01:56:49.000, 1, 0, 108230, 114.78
2026/09/07 01:56:50.002, 0, 0, 812, 119.04
2026/09/07 01:56:50.005, 1, 0, 108230, 115.32
2026/09/07 01:56:51.008, 0, 0, 812, 119.04
2026/09/07 01:56:51.011, 1, 0, 108230, 114.88
2026/09/07 01:56:52.013, 0, 0, 812, 119.05
2026/09/07 01:56:52.015, 1, 0, 108230, 114.86
2026/09/07 01:56:53.018, 0, 0, 812, 119.02
2026/09/07 01:56:53.021, 1, 0, 108230, 114.83
2026/09/07 01:56:54.024, 0, 0, 812, 119.02
2026/09/07 01:56:54.026, 1, 0, 108230, 114.83
2026/09/07 01:56:55.028, 0, 0, 812, 119.03
2026/09/07 01:56:55.031, 1, 0, 108230, 114.76
2026/09/07 01:56:56.033, 0, 0, 812, 119.08
2026/09/07 01:56:56.037, 1, 0, 108230, 114.78
2026/09/07 01:56:57.039, 0, 0, 812, 119.07
2026/09/07 01:56:57.043, 1, 0, 108244, 115.28
2026/09/07 01:56:58.045, 0, 0, 812, 119.03
2026/09/07 01:56:58.047, 1, 0, 108244, 114.83
2026/09/07 01:56:59.049, 0, 0, 812, 119.04
2026/09/07 01:56:59.052, 1, 0, 108244, 114.84
2026/09/07 01:57:00.054, 0, 0, 812, 119.02
2026/09/07 01:57:00.056, 1, 0, 108244, 114.80
2026/09/07 01:57:01.058, 0, 0, 812, 119.05
2026/09/07 01:57:01.061, 1, 0, 108244, 114.80
2026/09/07 01:57:02.065, 0, 0, 812, 119.08
2026/09/07 01:57:02.068, 1, 0, 108244, 114.81
2026/09/07 01:57:03.071, 0, 0, 812, 119.09
2026/09/07 01:57:03.074, 1, 0, 108244, 114.80
2026/09/07 01:57:04.077, 0, 0, 812, 119.08
2026/09/07 01:57:04.079, 1, 0, 108244, 114.80
2026/09/07 01:57:05.081, 0, 0, 812, 119.09
2026/09/07 01:57:05.084, 1, 0, 108244, 114.75
2026/09/07 01:57:06.086, 0, 0, 812, 119.10
2026/09/07 01:57:06.088, 1, 0, 108244, 114.80
2026/09/07 01:57:07.090, 0, 0, 812, 119.09
2026/09/07 01:57:07.093, 1, 0, 108244, 114.77
2026/09/07 01:57:08.095, 0, 0, 812, 119.11
2026/09/07 01:57:08.098, 1, 0, 108244, 114.76
2026/09/07 01:57:09.100, 0, 0, 812, 119.11
2026/09/07 01:57:09.103, 1, 0, 108244, 114.79
2026/09/07 01:57:10.105, 0, 0, 812, 119.13
2026/09/07 01:57:10.108, 1, 0, 108244, 114.79
2026/09/07 01:57:11.111, 0, 0, 812, 119.12
2026/09/07 01:57:11.113, 1, 0, 108244, 114.77
2026/09/07 01:57:12.115, 0, 0, 812, 119.13
2026/09/07 01:57:12.117, 1, 0, 108244, 114.78
2026/09/07 01:57:13.119, 0, 0, 812, 119.08
2026/09/07 01:57:13.121, 1, 0, 108244, 114.78
2026/09/07 01:57:14.123, 0, 0, 812, 119.12
2026/09/07 01:57:14.126, 1, 0, 108244, 114.75
2026/09/07 01:57:15.128, 0, 0, 812, 119.14
2026/09/07 01:57:15.130, 1, 0, 108244, 114.78
2026/09/07 01:57:16.132, 0, 0, 812, 119.12
2026/09/07 01:57:16.135, 1, 0, 108244, 114.77
2026/09/07 01:57:17.137, 0, 0, 812, 119.11
2026/09/07 01:57:17.139, 1, 0, 108244, 114.78
2026/09/07 01:57:18.142, 0, 0, 812, 119.14
2026/09/07 01:57:18.145, 1, 0, 108244, 114.81
2026/09/07 01:57:19.147, 0, 0, 812, 119.14
2026/09/07 01:57:19.149, 1, 0, 108244, 114.79
2026/09/07 01:57:20.152, 0, 0, 812, 119.16
2026/09/07 01:57:20.155, 1, 0, 108244, 114.81
2026/09/07 01:57:21.157, 0, 0, 812, 119.18
2026/09/07 01:57:21.159, 1, 0, 108244, 114.81
2026/09/07 01:57:22.161, 0, 0, 812, 119.13
2026/09/07 01:57:22.163, 1, 0, 108244, 114.78
2026/09/07 01:57:23.165, 0, 0, 812, 119.15
2026/09/07 01:57:23.167, 1, 0, 108244, 114.79
2026/09/07 01:57:24.169, 0, 0, 812, 119.15
2026/09/07 01:57:24.171, 1, 0, 108244, 114.77
2026/09/07 01:57:25.173, 0, 0, 812, 119.17
2026/09/07 01:57:25.175, 1, 0, 108244, 114.75
2026/09/07 01:57:26.177, 0, 0, 812, 119.19
2026/09/07 01:57:26.180, 1, 0, 108244, 114.74
2026/09/07 01:57:27.183, 0, 0, 812, 119.15
2026/09/07 01:57:27.187, 1, 0, 108244, 114.82
2026/09/07 01:57:28.189, 0, 0, 812, 119.16
2026/09/07 01:57:28.191, 1, 0, 108244, 114.80
2026/09/07 01:57:29.193, 0, 0, 812, 119.15
2026/09/07 01:57:29.198, 1, 0, 108244, 114.83
2026/09/07 01:57:30.200, 0, 0, 812, 119.12
2026/09/07 01:57:30.203, 1, 0, 108244, 114.80
2026/09/07 01:57:31.204, 0, 0, 812, 119.18
2026/09/07 01:57:31.207, 1, 0, 108244, 114.86
2026/09/07 01:57:32.210, 0, 0, 812, 119.07
2026/09/07 01:57:32.213, 1, 0, 108244, 114.70
2026/09/07 01:57:33.214, 0, 0, 812, 119.13
2026/09/07 01:57:33.216, 1, 0, 108244, 114.71
2026/09/07 01:57:34.217, 0, 0, 812, 119.16
2026/09/07 01:57:34.219, 1, 0, 108244, 114.73
2026/09/07 01:57:35.221, 0, 0, 812, 119.11
2026/09/07 01:57:35.224, 1, 0, 108244, 114.79
2026/09/07 01:57:36.226, 0, 0, 812, 119.13
2026/09/07 01:57:36.228, 1, 0, 108244, 114.77
2026/09/07 01:57:37.230, 0, 0, 812, 119.12
2026/09/07 01:57:37.232, 1, 0, 108244, 114.84
2026/09/07 01:57:38.233, 0, 0, 812, 119.12
2026/09/07 01:57:38.236, 1, 0, 108244, 114.78
2026/09/07 01:57:39.238, 0, 0, 812, 119.16
2026/09/07 01:57:39.240, 1, 0, 108244, 114.78
2026/09/07 01:57:40.242, 0, 0, 812, 119.12
2026/09/07 01:57:40.244, 1, 0, 108244, 114.75
2026/09/07 01:57:41.246, 0, 0, 812, 119.13
2026/09/07 01:57:41.249, 1, 0, 108244, 114.74
2026/09/07 01:57:42.251, 0, 0, 812, 119.13
2026/09/07 01:57:42.253, 1, 0, 108244, 114.78
2026/09/07 01:57:43.255, 0, 0, 812, 119.12
2026/09/07 01:57:43.257, 1, 0, 108244, 114.77
2026/09/07 01:57:44.259, 0, 0, 812, 119.14
2026/09/07 01:57:44.261, 1, 0, 108244, 114.76
2026/09/07 01:57:45.263, 0, 0, 812, 119.15
2026/09/07 01:57:45.265, 1, 0, 108244, 114.75
2026/09/07 01:57:46.267, 0, 0, 812, 119.14
2026/09/07 01:57:46.270, 1, 0, 108244, 114.80
2026/09/07 01:57:47.272, 0, 0, 812, 119.14
2026/09/07 01:57:47.275, 1, 0, 108244, 114.83
2026/09/07 01:57:48.277, 0, 0, 812, 119.16
2026/09/07 01:57:48.279, 1, 0, 108244, 114.79
2026/09/07 01:57:49.282, 0, 0, 1335, 119.21
2026/09/07 01:57:49.284, 1, 0, 108244, 114.79
2026/09/07 01:57:50.287, 0, 0, 1335, 119.19
2026/09/07 01:57:50.290, 1, 0, 108244, 114.76
2026/09/07 01:57:51.292, 0, 0, 1335, 119.19
2026/09/07 01:57:51.295, 1, 0, 108244, 114.76
2026/09/07 01:57:52.297, 0, 0, 2915, 119.42
2026/09/07 01:57:52.301, 1, 0, 108244, 114.73
2026/09/07 01:57:53.303, 0, 0, 3871, 120.23
2026/09/07 01:57:53.305, 1, 0, 108244, 114.72
2026/09/07 01:57:54.307, 0, 0, 4621, 119.27
2026/09/07 01:57:54.310, 1, 0, 108244, 114.77
2026/09/07 01:57:55.313, 0, 0, 5527, 119.57
2026/09/07 01:57:55.317, 1, 0, 108244, 114.75
2026/09/07 01:57:56.320, 0, 0, 6463, 119.60
2026/09/07 01:57:56.323, 1, 0, 108244, 114.83
2026/09/07 01:57:57.325, 0, 0, 7213, 119.45
2026/09/07 01:57:57.327, 1, 0, 108244, 114.77
2026/09/07 01:57:58.329, 0, 0, 35605, 125.37
2026/09/07 01:57:58.332, 1, 0, 108244, 114.79
2026/09/07 01:57:59.334, 0, 14, 36217, 120.49
2026/09/07 01:57:59.337, 1, 0, 108244, 114.78
2026/09/07 01:58:00.340, 0, 10, 36221, 119.49
2026/09/07 01:58:00.342, 1, 0, 108244, 114.77
2026/09/07 01:58:01.344, 0, 3, 36221, 119.76
2026/09/07 01:58:01.346, 1, 0, 108244, 114.76
2026/09/07 01:58:02.348, 0, 9, 36221, 119.90
2026/09/07 01:58:02.350, 1, 0, 108244, 114.76
2026/09/07 01:58:03.353, 0, 9, 36221, 120.17
2026/09/07 01:58:03.357, 1, 0, 108244, 114.75
2026/09/07 01:58:04.361, 0, 13, 36221, 119.91
2026/09/07 01:58:04.364, 1, 0, 108244, 114.76
2026/09/07 01:58:05.366, 0, 17, 36221, 120.23
2026/09/07 01:58:05.369, 1, 0, 108244, 114.76
2026/09/07 01:58:06.371, 0, 9, 36221, 119.75
2026/09/07 01:58:06.374, 1, 0, 108244, 114.82
2026/09/07 01:58:07.376, 0, 11, 36221, 119.91
2026/09/07 01:58:07.380, 1, 0, 108244, 114.79
2026/09/07 01:58:08.382, 0, 15, 36221, 120.02
2026/09/07 01:58:08.385, 1, 0, 108244, 114.81
2026/09/07 01:58:09.387, 0, 8, 36221, 120.03
2026/09/07 01:58:09.390, 1, 0, 108244, 114.81
2026/09/07 01:58:10.392, 0, 11, 36221, 120.11
2026/09/07 01:58:10.394, 1, 0, 108244, 114.79
2026/09/07 01:58:11.398, 0, 9, 36221, 119.84
2026/09/07 01:58:11.401, 1, 0, 108244, 114.71
2026/09/07 01:58:12.404, 0, 36, 36221, 120.18
2026/09/07 01:58:12.407, 1, 0, 108244, 114.73
2026/09/07 01:58:13.409, 0, 0, 36221, 119.52
2026/09/07 01:58:13.411, 1, 0, 108244, 114.73
2026/09/07 01:58:14.414, 0, 2, 26183, 119.83
2026/09/07 01:58:14.416, 1, 0, 108244, 114.77
2026/09/07 01:58:15.418, 0, 16, 26183, 120.20
2026/09/07 01:58:15.420, 1, 0, 108244, 114.80
2026/09/07 01:58:16.423, 0, 16, 26183, 119.86
2026/09/07 01:58:16.426, 1, 0, 108244, 114.78
2026/09/07 01:58:17.428, 0, 16, 26183, 119.91
2026/09/07 01:58:17.431, 1, 0, 108244, 114.79
2026/09/07 01:58:18.432, 0, 14, 29063, 120.87
2026/09/07 01:58:18.435, 1, 0, 108244, 114.80
2026/09/07 01:58:19.437, 0, 18, 29063, 119.84
2026/09/07 01:58:19.440, 1, 0, 108244, 114.76
2026/09/07 01:58:20.444, 0, 7, 29063, 119.77
2026/09/07 01:58:20.447, 1, 0, 108244, 114.76
2026/09/07 01:58:21.450, 0, 10, 29063, 119.79
2026/09/07 01:58:21.452, 1, 0, 108244, 114.78
2026/09/07 01:58:22.454, 0, 4, 29063, 119.81
2026/09/07 01:58:22.457, 1, 0, 108244, 114.78
2026/09/07 01:58:23.461, 0, 6, 29063, 119.70
2026/09/07 01:58:23.469, 1, 0, 108244, 114.76
2026/09/07 01:58:24.475, 0, 7, 29063, 119.83
2026/09/07 01:58:24.478, 1, 0, 108244, 114.78
2026/09/07 01:58:25.481, 0, 4, 29063, 119.70
2026/09/07 01:58:25.483, 1, 0, 108244, 114.81
2026/09/07 01:58:26.486, 0, 8, 29063, 119.82
2026/09/07 01:58:26.490, 1, 0, 108244, 114.83
2026/09/07 01:58:27.492, 0, 28, 29063, 119.90
2026/09/07 01:58:27.494, 1, 0, 108244, 114.83
2026/09/07 01:58:28.496, 0, 4, 29063, 119.89
2026/09/07 01:58:28.500, 1, 0, 108244, 114.78
2026/09/07 01:58:29.502, 0, 6, 29063, 119.71
2026/09/07 01:58:29.505, 1, 0, 108244, 114.80
2026/09/07 01:58:30.509, 0, 7, 29063, 119.88
2026/09/07 01:58:30.512, 1, 0, 108244, 114.78
2026/09/07 01:58:31.515, 0, 4, 29063, 119.67
2026/09/07 01:58:31.518, 1, 0, 108244, 114.77
2026/09/07 01:58:32.524, 0, 18, 29063, 119.82
2026/09/07 01:58:32.527, 1, 0, 108244, 114.81
2026/09/07 01:58:33.529, 0, 8, 29063, 119.69
2026/09/07 01:58:33.532, 1, 0, 108244, 114.79
2026/09/07 01:58:34.535, 0, 17, 29063, 119.78
2026/09/07 01:58:34.538, 1, 0, 108244, 114.83
2026/09/07 01:58:35.541, 0, 7, 29063, 119.75
2026/09/07 01:58:35.544, 1, 0, 108244, 114.87
2026/09/07 01:58:36.547, 0, 4, 29063, 119.71
2026/09/07 01:58:36.550, 1, 0, 108244, 114.83
2026/09/07 01:58:37.552, 0, 4, 29063, 119.76
2026/09/07 01:58:37.555, 1, 0, 108244, 114.86
2026/09/07 01:58:38.557, 0, 4, 29063, 119.67
2026/09/07 01:58:38.561, 1, 0, 108244, 114.85
2026/09/07 01:58:39.563, 0, 4, 29063, 119.65
2026/09/07 01:58:39.566, 1, 0, 108244, 114.84
2026/09/07 01:58:40.569, 0, 0, 26183, 119.73
2026/09/07 01:58:40.572, 1, 0, 108244, 114.86
2026/09/07 01:58:41.574, 0, 0, 25665, 119.40
2026/09/07 01:58:41.576, 1, 0, 108244, 114.81
2026/09/07 01:58:42.578, 0, 21, 25679, 119.40
2026/09/07 01:58:42.580, 1, 0, 108244, 114.83
2026/09/07 01:58:43.582, 0, 60, 1611, 123.44
2026/09/07 01:58:43.585, 1, 0, 108244, 114.83
2026/09/07 01:58:44.587, 0, 0, 1611, 119.36
2026/09/07 01:58:44.589, 1, 0, 108244, 114.86
2026/09/07 01:58:45.592, 0, 0, 1611, 119.38
2026/09/07 01:58:45.595, 1, 0, 108244, 114.84
2026/09/07 01:58:46.599, 0, 0, 1611, 119.35
2026/09/07 01:58:46.601, 1, 0, 108244, 114.85
2026/09/07 01:58:47.605, 0, 0, 1611, 119.38
2026/09/07 01:58:47.608, 1, 0, 108244, 114.85
2026/09/07 01:58:48.610, 0, 0, 1611, 119.38
2026/09/07 01:58:48.614, 1, 0, 108244, 114.87
2026/09/07 01:58:49.617, 0, 0, 25679, 119.38
2026/09/07 01:58:49.620, 1, 0, 108244, 114.83
2026/09/07 01:58:50.623, 0, 0, 25679, 121.15
2026/09/07 01:58:50.626, 1, 0, 109204, 114.81
2026/09/07 01:58:51.630, 0, 7, 26541, 128.38
2026/09/07 01:58:51.635, 1, 81, 110102, 123.85
2026/09/07 01:58:52.638, 0, 0, 26225, 133.05
2026/09/07 01:58:52.641, 1, 0, 108632, 129.53
2026/09/07 01:58:53.644, 0, 0, 1801, 121.10
2026/09/07 01:58:53.647, 1, 0, 108278, 114.96
2026/09/07 01:58:54.649, 0, 0, 1801, 119.45
2026/09/07 01:58:54.652, 1, 0, 108278, 114.88
2026/09/07 01:58:55.654, 0, 0, 1801, 119.44
2026/09/07 01:58:55.659, 1, 0, 108280, 114.94
2026/09/07 01:58:56.665, 0, 0, 1801, 119.42
2026/09/07 01:58:56.668, 1, 0, 108324, 115.09
2026/09/07 01:58:57.670, 0, 0, 1801, 119.47
2026/09/07 01:58:57.672, 1, 0, 108324, 115.97
2026/09/07 01:58:58.674, 0, 0, 1801, 119.39
2026/09/07 01:58:58.676, 1, 10, 108546, 136.04
2026/09/07 01:58:59.679, 0, 0, 1801, 119.35
2026/09/07 01:58:59.681, 1, 60, 108546, 245.28
2026/09/07 01:59:00.683, 0, 0, 1801, 119.33
2026/09/07 01:59:00.686, 1, 58, 108546, 246.65
2026/09/07 01:59:01.688, 0, 0, 1801, 119.31
2026/09/07 01:59:01.691, 1, 61, 108546, 248.82
2026/09/07 01:59:02.694, 0, 0, 1801, 119.28
2026/09/07 01:59:02.697, 1, 62, 108546, 246.95
2026/09/07 01:59:03.700, 0, 0, 1801, 119.30
2026/09/07 01:59:03.703, 1, 62, 108546, 249.61
2026/09/07 01:59:04.705, 0, 0, 1801, 119.29
2026/09/07 01:59:04.707, 1, 63, 108546, 248.56
2026/09/07 01:59:05.709, 0, 0, 1801, 119.39
2026/09/07 01:59:05.711, 1, 57, 108546, 249.12
2026/09/07 01:59:06.712, 0, 0, 1801, 119.35
2026/09/07 01:59:06.715, 1, 61, 108546, 248.21
2026/09/07 01:59:07.718, 0, 0, 1801, 119.32
2026/09/07 01:59:07.720, 1, 63, 108546, 252.69
2026/09/07 01:59:08.725, 0, 0, 1801, 119.34
2026/09/07 01:59:08.727, 1, 65, 108546, 246.16
2026/09/07 01:59:09.732, 0, 0, 1801, 119.38
2026/09/07 01:59:09.734, 1, 63, 108546, 250.36
2026/09/07 01:59:10.736, 0, 0, 1801, 119.38
2026/09/07 01:59:10.739, 1, 61, 108546, 244.72
2026/09/07 01:59:11.741, 0, 0, 1801, 119.43
2026/09/07 01:59:11.744, 1, 59, 108546, 246.26
2026/09/07 01:59:12.746, 0, 0, 1801, 119.39
2026/09/07 01:59:12.751, 1, 61, 108546, 246.40
2026/09/07 01:59:13.757, 0, 0, 1801, 119.41
2026/09/07 01:59:13.759, 1, 58, 108546, 246.53
2026/09/07 01:59:14.761, 0, 0, 1801, 119.36
2026/09/07 01:59:14.766, 1, 56, 108546, 247.98
2026/09/07 01:59:15.768, 0, 0, 1801, 119.46
2026/09/07 01:59:15.770, 1, 61, 108546, 246.80
2026/09/07 01:59:16.771, 0, 0, 1801, 119.46
2026/09/07 01:59:16.773, 1, 61, 108546, 244.96
2026/09/07 01:59:17.775, 0, 0, 1801, 119.43
2026/09/07 01:59:17.777, 1, 60, 108546, 255.12
2026/09/07 01:59:18.779, 0, 0, 1801, 119.47
2026/09/07 01:59:18.781, 1, 64, 108546, 251.67
2026/09/07 01:59:19.783, 0, 0, 1801, 119.47
2026/09/07 01:59:19.784, 1, 60, 108546, 251.48
2026/09/07 01:59:20.786, 0, 0, 1801, 119.44
2026/09/07 01:59:20.788, 1, 60, 108546, 253.84
2026/09/07 01:59:21.790, 0, 0, 1801, 119.46
2026/09/07 01:59:21.791, 1, 63, 108546, 241.42
2026/09/07 01:59:22.793, 0, 0, 1801, 119.47
2026/09/07 01:59:22.797, 1, 63, 108546, 250.09
2026/09/07 01:59:23.799, 0, 0, 1801, 119.53
2026/09/07 01:59:23.801, 1, 57, 108546, 249.02
2026/09/07 01:59:24.803, 0, 0, 1801, 119.51
2026/09/07 01:59:24.805, 1, 64, 108546, 251.94
2026/09/07 01:59:25.808, 0, 0, 1801, 119.52
2026/09/07 01:59:25.810, 1, 28, 108546, 215.10
2026/09/07 01:59:26.812, 0, 0, 1801, 119.55
2026/09/07 01:59:26.814, 1, 60, 108546, 250.38
2026/09/07 01:59:27.815, 0, 0, 1801, 119.60
2026/09/07 01:59:27.817, 1, 1, 108594, 220.11
2026/09/07 01:59:28.819, 0, 0, 1801, 119.58
2026/09/07 01:59:28.821, 1, 63, 108594, 247.59
2026/09/07 01:59:29.823, 0, 0, 1801, 119.63
2026/09/07 01:59:29.825, 1, 60, 108594, 255.81
2026/09/07 01:59:30.826, 0, 0, 1801, 119.65
2026/09/07 01:59:30.829, 1, 60, 108594, 252.04
2026/09/07 01:59:31.830, 0, 0, 1801, 119.65
2026/09/07 01:59:31.832, 1, 64, 108594, 259.51
2026/09/07 01:59:32.834, 0, 0, 1801, 119.61
2026/09/07 01:59:32.836, 1, 62, 108594, 254.75
2026/09/07 01:59:33.838, 0, 0, 1801, 119.64
2026/09/07 01:59:33.840, 1, 64, 108594, 259.63
2026/09/07 01:59:34.842, 0, 0, 1801, 119.64
2026/09/07 01:59:34.844, 1, 63, 108594, 258.73
2026/09/07 01:59:35.847, 0, 0, 1801, 119.74
2026/09/07 01:59:35.849, 1, 61, 108594, 255.09
2026/09/07 01:59:36.851, 0, 0, 1801, 119.69
2026/09/07 01:59:36.852, 1, 59, 108594, 261.36
2026/09/07 01:59:37.854, 0, 0, 1801, 119.74
2026/09/07 01:59:37.856, 1, 60, 108594, 258.86
2026/09/07 01:59:38.858, 0, 0, 1801, 119.71
2026/09/07 01:59:38.860, 1, 63, 108594, 264.37
2026/09/07 01:59:39.862, 0, 0, 1801, 119.74
2026/09/07 01:59:39.864, 1, 65, 108594, 257.06
2026/09/07 01:59:40.866, 0, 0, 1801, 119.80
2026/09/07 01:59:40.868, 1, 62, 108594, 260.56
2026/09/07 01:59:41.870, 0, 0, 1801, 119.82
2026/09/07 01:59:41.872, 1, 62, 108594, 263.15
2026/09/07 01:59:42.874, 0, 0, 1801, 119.80
2026/09/07 01:59:42.876, 1, 55, 108594, 257.92
2026/09/07 01:59:43.878, 0, 0, 1801, 119.85
2026/09/07 01:59:43.880, 1, 62, 108594, 257.34
2026/09/07 01:59:44.882, 0, 0, 1801, 119.87
2026/09/07 01:59:44.884, 1, 65, 108594, 254.70
2026/09/07 01:59:45.886, 0, 0, 1801, 119.83
2026/09/07 01:59:45.888, 1, 61, 108594, 251.17
2026/09/07 01:59:46.890, 0, 0, 1801, 119.86
2026/09/07 01:59:46.892, 1, 62, 108594, 255.32
2026/09/07 01:59:47.894, 0, 0, 1801, 119.89
2026/09/07 01:59:47.896, 1, 61, 108594, 255.10
2026/09/07 01:59:48.898, 0, 0, 1801, 119.94
2026/09/07 01:59:48.900, 1, 64, 108594, 257.49
2026/09/07 01:59:49.902, 0, 0, 1801, 119.93
2026/09/07 01:59:49.904, 1, 60, 108594, 250.36
2026/09/07 01:59:50.906, 0, 0, 1801, 119.94
2026/09/07 01:59:50.908, 1, 58, 108594, 248.30
2026/09/07 01:59:51.910, 0, 0, 1801, 119.93
2026/09/07 01:59:51.911, 1, 58, 108594, 255.07
2026/09/07 01:59:52.913, 0, 0, 1801, 119.97
2026/09/07 01:59:52.915, 1, 63, 108594, 250.59
2026/09/07 01:59:53.917, 0, 0, 1801, 120.04
2026/09/07 01:59:53.920, 1, 59, 108594, 254.99
2026/09/07 01:59:54.926, 0, 0, 1801, 120.05
2026/09/07 01:59:54.928, 1, 63, 108594, 256.29
2026/09/07 01:59:55.929, 0, 0, 1801, 120.06
2026/09/07 01:59:55.931, 1, 60, 108594, 247.38
2026/09/07 01:59:56.934, 0, 0, 1801, 120.13
2026/09/07 01:59:56.936, 1, 0, 108598, 121.58
2026/09/07 01:59:57.938, 0, 0, 1801, 120.10
2026/09/07 01:59:57.942, 1, 60, 108598, 255.10
2026/09/07 01:59:58.946, 0, 0, 1801, 120.09
2026/09/07 01:59:58.952, 1, 62, 108598, 258.55
2026/09/07 01:59:59.954, 0, 0, 1801, 120.11
2026/09/07 01:59:59.958, 1, 60, 108598, 258.13
2026/09/07 02:00:00.960, 0, 0, 1801, 120.16
2026/09/07 02:00:00.962, 1, 14, 108598, 230.02
2026/09/07 02:00:01.964, 0, 0, 1801, 120.16
2026/09/07 02:00:01.967, 1, 55, 108598, 220.98
2026/09/07 02:00:02.969, 0, 0, 1801, 120.11
2026/09/07 02:00:03.003, 1, 64, 108598, 255.71
2026/09/07 02:00:04.007, 0, 0, 1801, 120.13
2026/09/07 02:00:04.010, 1, 63, 108598, 263.16
2026/09/07 02:00:05.014, 0, 0, 1801, 120.17
2026/09/07 02:00:05.017, 1, 68, 108598, 250.57
2026/09/07 02:00:06.021, 0, 0, 1801, 120.23
2026/09/07 02:00:06.024, 1, 61, 108598, 257.83
2026/09/07 02:00:07.029, 0, 0, 1801, 120.22
2026/09/07 02:00:07.032, 1, 61, 108598, 260.01
2026/09/07 02:00:08.034, 0, 0, 1801, 120.21
2026/09/07 02:00:08.037, 1, 57, 108598, 264.37
2026/09/07 02:00:09.039, 0, 0, 1801, 120.24
2026/09/07 02:00:09.042, 1, 64, 108598, 259.61
2026/09/07 02:00:10.044, 0, 0, 1801, 120.22
2026/09/07 02:00:10.047, 1, 60, 108598, 260.17
2026/09/07 02:00:11.050, 0, 0, 1801, 120.25
2026/09/07 02:00:11.053, 1, 59, 108598, 263.20
2026/09/07 02:00:12.055, 0, 0, 1801, 120.28
2026/09/07 02:00:12.058, 1, 55, 108598, 261.90
2026/09/07 02:00:13.060, 0, 0, 1801, 120.34
2026/09/07 02:00:13.065, 1, 56, 108598, 222.83
2026/09/07 02:00:14.068, 0, 0, 1801, 120.33
2026/09/07 02:00:14.071, 1, 59, 108598, 227.28
2026/09/07 02:00:15.074, 0, 0, 1801, 120.31
2026/09/07 02:00:15.076, 1, 58, 108598, 262.40
2026/09/07 02:00:16.079, 0, 0, 1801, 120.33
2026/09/07 02:00:16.082, 1, 58, 108598, 262.33
2026/09/07 02:00:17.084, 0, 0, 1801, 120.36
2026/09/07 02:00:17.087, 1, 65, 108598, 265.42
2026/09/07 02:00:18.091, 0, 0, 1801, 120.40
2026/09/07 02:00:18.093, 1, 64, 108598, 267.73
2026/09/07 02:00:19.096, 0, 0, 1801, 120.34
2026/09/07 02:00:19.099, 1, 59, 108598, 256.80
2026/09/07 02:00:20.101, 0, 0, 1801, 120.36
2026/09/07 02:00:20.105, 1, 60, 108598, 261.10
2026/09/07 02:00:21.107, 0, 0, 1801, 120.39
2026/09/07 02:00:21.110, 1, 61, 108598, 260.75
2026/09/07 02:00:22.115, 0, 0, 1801, 120.40
2026/09/07 02:00:22.118, 1, 63, 108598, 255.97
2026/09/07 02:00:23.121, 0, 0, 1801, 120.39
2026/09/07 02:00:23.123, 1, 61, 108598, 259.24
2026/09/07 02:00:24.126, 0, 0, 1801, 120.44
2026/09/07 02:00:24.129, 1, 60, 108598, 258.67
2026/09/07 02:00:25.131, 0, 0, 1801, 120.46
2026/09/07 02:00:25.134, 1, 59, 108598, 263.44
2026/09/07 02:00:26.136, 0, 0, 25855, 122.24
2026/09/07 02:00:26.144, 1, 63, 108598, 229.79
2026/09/07 02:00:27.146, 0, 0, 26165, 120.95
2026/09/07 02:00:27.150, 1, 61, 108598, 264.76
2026/09/07 02:00:28.153, 0, 0, 26165, 120.80
2026/09/07 02:00:28.155, 1, 59, 108598, 263.06
2026/09/07 02:00:29.158, 0, 85, 26421, 196.17
2026/09/07 02:00:29.161, 1, 63, 108598, 261.86
2026/09/07 02:00:30.162, 0, 0, 26421, 207.52
2026/09/07 02:00:30.165, 1, 65, 108598, 269.33
2026/09/07 02:00:31.167, 0, 0, 26421, 239.81
2026/09/07 02:00:31.170, 1, 65, 108598, 267.12
2026/09/07 02:00:32.173, 0, 0, 26421, 198.24
2026/09/07 02:00:32.176, 1, 64, 108598, 265.16
2026/09/07 02:00:33.179, 0, 19, 26421, 235.95
2026/09/07 02:00:33.182, 1, 61, 108598, 267.52
2026/09/07 02:00:34.187, 0, 0, 26421, 153.89
2026/09/07 02:00:34.190, 1, 62, 108598, 269.12
2026/09/07 02:00:35.192, 0, 34, 26421, 220.11
2026/09/07 02:00:35.194, 1, 63, 108598, 275.80
2026/09/07 02:00:36.197, 0, 84, 26681, 160.54
2026/09/07 02:00:36.200, 1, 67, 108598, 268.21
2026/09/07 02:00:37.204, 0, 0, 26681, 177.14
2026/09/07 02:00:37.210, 1, 60, 108598, 266.42
2026/09/07 02:00:38.212, 0, 0, 26681, 147.85
2026/09/07 02:00:38.215, 1, 61, 108598, 266.27
2026/09/07 02:00:39.217, 0, 0, 26681, 121.33
2026/09/07 02:00:39.220, 1, 62, 108598, 266.47
2026/09/07 02:00:40.223, 0, 0, 27085, 203.85
2026/09/07 02:00:40.225, 1, 58, 108598, 274.09
2026/09/07 02:00:41.227, 0, 89, 27085, 177.99
2026/09/07 02:00:41.230, 1, 67, 108598, 271.72
2026/09/07 02:00:42.233, 0, 44, 27085, 176.77
2026/09/07 02:00:42.235, 1, 58, 108598, 258.26
2026/09/07 02:00:43.237, 0, 0, 27085, 205.76
2026/09/07 02:00:43.240, 1, 61, 108598, 272.40
2026/09/07 02:00:44.244, 0, 40, 27085, 180.00
2026/09/07 02:00:44.247, 1, 63, 108598, 270.17
2026/09/07 02:00:45.250, 0, 32, 27085, 207.32
2026/09/07 02:00:45.253, 1, 60, 108598, 275.85
2026/09/07 02:00:46.255, 0, 53, 27085, 209.69
2026/09/07 02:00:46.258, 1, 65, 108598, 277.30
2026/09/07 02:00:47.260, 0, 45, 27085, 213.63
2026/09/07 02:00:47.263, 1, 56, 108598, 269.51
2026/09/07 02:00:48.265, 0, 35, 27085, 204.81
2026/09/07 02:00:48.268, 1, 65, 108598, 279.80
2026/09/07 02:00:49.270, 0, 27, 27085, 149.33
2026/09/07 02:00:49.273, 1, 62, 108598, 266.23
2026/09/07 02:00:50.276, 0, 0, 27085, 148.76
2026/09/07 02:00:50.281, 1, 65, 108598, 272.89
2026/09/07 02:00:51.285, 0, 0, 27085, 176.75
2026/09/07 02:00:51.287, 1, 67, 108598, 270.48
2026/09/07 02:00:52.290, 0, 91, 27085, 179.23
2026/09/07 02:00:52.293, 1, 67, 108598, 276.20
2026/09/07 02:00:53.296, 0, 32, 27085, 181.92
2026/09/07 02:00:53.300, 1, 57, 108598, 258.52
2026/09/07 02:00:54.305, 0, 70, 27085, 181.51
2026/09/07 02:00:54.307, 1, 67, 108598, 272.15
2026/09/07 02:00:55.309, 0, 0, 27085, 149.45
2026/09/07 02:00:55.311, 1, 64, 108598, 279.84
2026/09/07 02:00:56.313, 0, 0, 27085, 179.42
2026/09/07 02:00:56.316, 1, 63, 108598, 274.11
2026/09/07 02:00:57.318, 0, 0, 27085, 180.40
2026/09/07 02:00:57.321, 1, 66, 108598, 274.81
2026/09/07 02:00:58.323, 0, 27, 27085, 194.85
2026/09/07 02:00:58.325, 1, 58, 108598, 269.05
2026/09/07 02:00:59.328, 0, 0, 27085, 163.29
2026/09/07 02:00:59.330, 1, 60, 108598, 260.90
2026/09/07 02:01:00.333, 0, 0, 27085, 149.88
2026/09/07 02:01:00.336, 1, 60, 108598, 274.18
2026/09/07 02:01:01.339, 0, 15, 27085, 178.84
2026/09/07 02:01:01.342, 1, 59, 108598, 274.62
2026/09/07 02:01:02.344, 0, 86, 27085, 180.44
2026/09/07 02:01:02.346, 1, 61, 108598, 275.35
2026/09/07 02:01:03.348, 0, 9, 27085, 180.35
2026/09/07 02:01:03.352, 1, 65, 108598, 279.65
2026/09/07 02:01:04.364, 0, 0, 27085, 151.64
2026/09/07 02:01:04.366, 1, 62, 108598, 276.03
2026/09/07 02:01:05.368, 0, 0, 27085, 121.95
2026/09/07 02:01:05.373, 1, 53, 108598, 269.67
2026/09/07 02:01:06.377, 0, 0, 27085, 144.98
2026/09/07 02:01:06.379, 1, 62, 108598, 269.11
2026/09/07 02:01:07.381, 0, 0, 27085, 143.38
2026/09/07 02:01:07.384, 1, 59, 108598, 262.52
2026/09/07 02:01:08.386, 0, 72, 27085, 142.92
2026/09/07 02:01:08.388, 1, 59, 108598, 267.25
2026/09/07 02:01:09.390, 0, 0, 27085, 123.98
2026/09/07 02:01:09.393, 1, 62, 108598, 276.50
2026/09/07 02:01:10.397, 0, 0, 27085, 143.46
2026/09/07 02:01:10.404, 1, 59, 108598, 264.05
2026/09/07 02:01:11.406, 0, 0, 27085, 142.16
2026/09/07 02:01:11.409, 1, 57, 108598, 271.65
2026/09/07 02:01:12.419, 0, 0, 27085, 141.95
2026/09/07 02:01:12.421, 1, 54, 108598, 270.90
2026/09/07 02:01:13.423, 0, 0, 27085, 142.17
2026/09/07 02:01:13.425, 1, 61, 108598, 278.24
2026/09/07 02:01:14.427, 0, 0, 27085, 155.18
2026/09/07 02:01:14.429, 1, 61, 108598, 264.40
2026/09/07 02:01:15.431, 0, 98, 27085, 157.62
2026/09/07 02:01:15.434, 1, 61, 108598, 273.25
2026/09/07 02:01:16.436, 0, 0, 27085, 144.31
2026/09/07 02:01:16.479, 1, 63, 108598, 272.89
2026/09/07 02:01:17.482, 0, 0, 27085, 144.59
2026/09/07 02:01:17.495, 1, 51, 108598, 266.14
2026/09/07 02:01:18.507, 0, 0, 27085, 153.24
2026/09/07 02:01:18.509, 1, 60, 108598, 244.37
2026/09/07 02:01:19.511, 0, 0, 27085, 153.77
2026/09/07 02:01:19.515, 1, 62, 108598, 278.18
2026/09/07 02:01:20.519, 0, 20, 27085, 193.57
2026/09/07 02:01:20.521, 1, 62, 108598, 259.69
2026/09/07 02:01:21.524, 0, 0, 27085, 157.04
2026/09/07 02:01:21.541, 1, 53, 108598, 240.58
2026/09/07 02:01:22.566, 0, 77, 27085, 192.89
2026/09/07 02:01:22.568, 1, 61, 108598, 251.17
2026/09/07 02:01:23.570, 0, 79, 27085, 192.07
2026/09/07 02:01:23.572, 1, 60, 108598, 272.25
2026/09/07 02:01:24.574, 0, 0, 27085, 122.13
2026/09/07 02:01:24.578, 1, 60, 108598, 265.67
2026/09/07 02:01:25.581, 0, 0, 27085, 156.95
2026/09/07 02:01:25.587, 1, 54, 108598, 267.01
2026/09/07 02:01:26.596, 0, 0, 27085, 122.10
2026/09/07 02:01:26.600, 1, 62, 108598, 233.62
2026/09/07 02:01:27.601, 0, 0, 27085, 138.73
2026/09/07 02:01:27.606, 1, 59, 108598, 269.14
2026/09/07 02:01:28.609, 0, 0, 27085, 162.66
2026/09/07 02:01:28.611, 1, 58, 108598, 269.71
2026/09/07 02:01:29.613, 0, 55, 27085, 146.82
2026/09/07 02:01:29.618, 1, 48, 108598, 275.32
2026/09/07 02:01:30.622, 0, 74, 27085, 161.69
2026/09/07 02:01:30.625, 1, 56, 108598, 267.15
2026/09/07 02:01:31.627, 0, 0, 27085, 122.16
2026/09/07 02:01:31.629, 1, 53, 108598, 268.12
2026/09/07 02:01:32.631, 0, 34, 27085, 193.31
2026/09/07 02:01:32.633, 1, 61, 108598, 273.41
2026/09/07 02:01:33.635, 0, 84, 27085, 160.95
2026/09/07 02:01:33.638, 1, 59, 108598, 272.01
2026/09/07 02:01:34.640, 0, 0, 27085, 163.16
2026/09/07 02:01:34.642, 1, 58, 108598, 272.95
2026/09/07 02:01:35.651, 0, 0, 27085, 160.81
2026/09/07 02:01:35.653, 1, 54, 108598, 228.89
2026/09/07 02:01:36.656, 0, 0, 27085, 188.39
2026/09/07 02:01:36.657, 1, 54, 108598, 262.29
2026/09/07 02:01:37.660, 0, 0, 27085, 133.98
2026/09/07 02:01:37.663, 1, 51, 108598, 261.65
2026/09/07 02:01:38.664, 0, 0, 27341, 155.00
2026/09/07 02:01:38.668, 1, 59, 108598, 268.15
2026/09/07 02:01:39.671, 0, 0, 27341, 204.29
2026/09/07 02:01:39.673, 1, 58, 108598, 272.60
2026/09/07 02:01:40.676, 0, 0, 27341, 171.19
2026/09/07 02:01:40.678, 1, 63, 108598, 273.35
2026/09/07 02:01:41.681, 0, 55, 27341, 191.44
2026/09/07 02:01:41.683, 1, 64, 108598, 274.49
2026/09/07 02:01:42.685, 0, 0, 27341, 187.18
2026/09/07 02:01:42.688, 1, 56, 108598, 281.46
2026/09/07 02:01:43.689, 0, 11, 27341, 187.04
2026/09/07 02:01:43.691, 1, 59, 108598, 281.19
2026/09/07 02:01:44.693, 0, 0, 27341, 188.21
2026/09/07 02:01:44.695, 1, 59, 108598, 262.96
2026/09/07 02:01:45.697, 0, 0, 27341, 122.48
2026/09/07 02:01:45.701, 1, 53, 108598, 266.51
2026/09/07 02:01:46.704, 0, 0, 27341, 122.23
2026/09/07 02:01:46.706, 1, 48, 108598, 259.84
2026/09/07 02:01:47.710, 0, 0, 27341, 122.26
2026/09/07 02:01:47.713, 1, 59, 108598, 262.11
2026/09/07 02:01:48.715, 0, 0, 27341, 122.18
2026/09/07 02:01:48.717, 1, 61, 108598, 255.28
2026/09/07 02:01:49.720, 0, 0, 27341, 122.09
2026/09/07 02:01:49.723, 1, 60, 108598, 264.63
2026/09/07 02:01:50.725, 0, 0, 27341, 122.13
2026/09/07 02:01:50.728, 1, 63, 108598, 263.02
2026/09/07 02:01:51.730, 0, 0, 27341, 133.82
2026/09/07 02:01:51.733, 1, 61, 108598, 259.92
2026/09/07 02:01:52.744, 0, 7, 27343, 134.20
2026/09/07 02:01:52.747, 1, 57, 108598, 265.64
2026/09/07 02:01:53.750, 0, 0, 27343, 162.98
2026/09/07 02:01:53.753, 1, 58, 108598, 265.82
2026/09/07 02:01:54.758, 0, 31, 27343, 255.88
2026/09/07 02:01:54.760, 1, 63, 108598, 271.72
2026/09/07 02:01:55.762, 0, 0, 27343, 229.04
2026/09/07 02:01:55.764, 1, 62, 108598, 256.10
2026/09/07 02:01:56.766, 0, 21, 27343, 251.96
2026/09/07 02:01:56.769, 1, 65, 108598, 244.88
2026/09/07 02:01:57.771, 0, 0, 27343, 209.10
2026/09/07 02:01:57.774, 1, 60, 108598, 266.82
2026/09/07 02:01:58.776, 0, 0, 27343, 201.57
2026/09/07 02:01:58.779, 1, 20, 108598, 241.65
2026/09/07 02:01:59.782, 0, 0, 27343, 197.38
2026/09/07 02:01:59.784, 1, 62, 108598, 264.30
2026/09/07 02:02:00.786, 0, 0, 27343, 201.93
2026/09/07 02:02:00.789, 1, 67, 108598, 274.74
2026/09/07 02:02:01.792, 0, 0, 27343, 183.60
2026/09/07 02:02:01.794, 1, 63, 108598, 275.64
2026/09/07 02:02:02.796, 0, 59, 27343, 184.35
2026/09/07 02:02:02.799, 1, 64, 108598, 271.08
2026/09/07 02:02:03.804, 0, 0, 27343, 124.65
2026/09/07 02:02:03.807, 1, 64, 108598, 273.74
2026/09/07 02:02:04.809, 0, 0, 27343, 154.43
2026/09/07 02:02:04.812, 1, 68, 108598, 274.87
2026/09/07 02:02:05.814, 0, 19, 27343, 213.57
2026/09/07 02:02:05.817, 1, 62, 108598, 271.06
2026/09/07 02:02:06.820, 0, 0, 27343, 156.92
2026/09/07 02:02:06.824, 1, 60, 108598, 275.60
2026/09/07 02:02:07.828, 0, 0, 27343, 213.61
2026/09/07 02:02:07.830, 1, 58, 108598, 275.68
2026/09/07 02:02:08.833, 0, 39, 27343, 215.60
2026/09/07 02:02:08.838, 1, 64, 108598, 274.59
2026/09/07 02:02:09.840, 0, 31, 27343, 221.26
2026/09/07 02:02:09.844, 1, 66, 108598, 273.72
2026/09/07 02:02:10.846, 0, 0, 27343, 209.79
2026/09/07 02:02:10.849, 1, 62, 108598, 268.96
2026/09/07 02:02:11.851, 0, 0, 27343, 209.46
2026/09/07 02:02:11.855, 1, 0, 108598, 256.74
2026/09/07 02:02:12.858, 0, 0, 27345, 172.62
2026/09/07 02:02:12.861, 1, 61, 108598, 261.81
2026/09/07 02:02:13.864, 0, 7, 27345, 193.26
2026/09/07 02:02:13.867, 1, 59, 108598, 279.91
2026/09/07 02:02:14.869, 0, 0, 27345, 210.63
2026/09/07 02:02:14.872, 1, 63, 108598, 275.21
2026/09/07 02:02:15.874, 0, 0, 27345, 188.79
2026/09/07 02:02:15.877, 1, 59, 108598, 269.78
2026/09/07 02:02:16.878, 0, 0, 27345, 226.83
2026/09/07 02:02:16.881, 1, 61, 108598, 263.66
2026/09/07 02:02:17.883, 0, 0, 27345, 122.95
2026/09/07 02:02:17.892, 1, 61, 108598, 255.75
2026/09/07 02:02:18.905, 0, 0, 27345, 127.23
2026/09/07 02:02:18.908, 1, 62, 108598, 269.78
2026/09/07 02:02:19.912, 0, 0, 27345, 137.30
2026/09/07 02:02:19.914, 1, 50, 108598, 264.38
2026/09/07 02:02:20.916, 0, 0, 27345, 124.00
2026/09/07 02:02:20.919, 1, 59, 108598, 270.12
2026/09/07 02:02:21.921, 0, 0, 27345, 126.36
2026/09/07 02:02:21.924, 1, 61, 108598, 267.03
2026/09/07 02:02:22.926, 0, 0, 27345, 197.49
2026/09/07 02:02:22.928, 1, 58, 108598, 262.65
2026/09/07 02:02:23.930, 0, 47, 27345, 203.72
2026/09/07 02:02:23.932, 1, 0, 108598, 223.22
2026/09/07 02:02:24.935, 0, 55, 27345, 197.83
2026/09/07 02:02:24.938, 1, 64, 108598, 260.19
2026/09/07 02:02:25.940, 0, 0, 27345, 191.54
2026/09/07 02:02:25.942, 1, 60, 108598, 268.93
2026/09/07 02:02:26.944, 0, 4, 27345, 187.40
2026/09/07 02:02:26.948, 1, 65, 108598, 267.25
2026/09/07 02:02:27.951, 0, 94, 27345, 183.65
2026/09/07 02:02:27.953, 1, 66, 108598, 266.94
2026/09/07 02:02:28.955, 0, 0, 27345, 123.43
2026/09/07 02:02:28.959, 1, 63, 108598, 276.53
2026/09/07 02:02:29.961, 0, 0, 27345, 204.64
2026/09/07 02:02:29.994, 1, 61, 108598, 271.92
2026/09/07 02:02:30.997, 0, 0, 27345, 178.84
2026/09/07 02:02:30.999, 1, 61, 108598, 275.40
2026/09/07 02:02:32.000, 0, 0, 27345, 147.39
2026/09/07 02:02:32.005, 1, 50, 108598, 242.90
2026/09/07 02:02:33.011, 0, 0, 27345, 142.05
2026/09/07 02:02:33.020, 1, 37, 108598, 229.91
2026/09/07 02:02:34.027, 0, 0, 27345, 123.36
2026/09/07 02:02:34.038, 1, 51, 108598, 234.91
2026/09/07 02:02:35.040, 0, 0, 27345, 145.15
2026/09/07 02:02:35.047, 1, 51, 108598, 227.07
2026/09/07 02:02:36.050, 0, 0, 27345, 149.90
2026/09/07 02:02:36.052, 1, 54, 108598, 239.63
2026/09/07 02:02:37.053, 0, 0, 27345, 165.82
2026/09/07 02:02:37.060, 1, 56, 108598, 235.97
2026/09/07 02:02:38.064, 0, 0, 27345, 144.64
2026/09/07 02:02:38.068, 1, 49, 108598, 248.37
2026/09/07 02:02:39.070, 0, 0, 27345, 169.71
2026/09/07 02:02:39.072, 1, 45, 108598, 247.49
2026/09/07 02:02:40.085, 0, 0, 27345, 171.83
2026/09/07 02:02:40.089, 1, 50, 108598, 257.75
2026/09/07 02:02:41.097, 0, 0, 27345, 166.56
2026/09/07 02:02:41.102, 1, 49, 108598, 227.26
2026/09/07 02:02:42.105, 0, 37, 27345, 170.13
2026/09/07 02:02:42.110, 1, 51, 108598, 232.76
2026/09/07 02:02:43.117, 0, 78, 27345, 153.29
2026/09/07 02:02:43.123, 1, 47, 108598, 218.98
2026/09/07 02:02:44.127, 0, 82, 27345, 170.97
2026/09/07 02:02:44.140, 1, 30, 108598, 210.12
2026/09/07 02:02:45.144, 0, 0, 27345, 126.31
2026/09/07 02:02:45.149, 1, 47, 108598, 215.60
2026/09/07 02:02:46.151, 0, 78, 27345, 168.84
2026/09/07 02:02:46.156, 1, 44, 108598, 210.68
2026/09/07 02:02:47.160, 0, 0, 27345, 145.97
2026/09/07 02:02:47.166, 1, 48, 108598, 219.01
2026/09/07 02:02:48.175, 0, 0, 27345, 141.27
2026/09/07 02:02:48.189, 1, 35, 108598, 215.79
2026/09/07 02:02:49.196, 0, 0, 27345, 145.99
2026/09/07 02:02:49.215, 1, 40, 108598, 210.90
2026/09/07 02:02:50.218, 0, 0, 27345, 146.74
2026/09/07 02:02:50.226, 1, 50, 108598, 216.99
2026/09/07 02:02:51.237, 0, 52, 27345, 155.39
2026/09/07 02:02:51.242, 1, 46, 108598, 219.01
2026/09/07 02:02:52.250, 0, 78, 27345, 160.62
2026/09/07 02:02:52.252, 1, 43, 108598, 223.30
2026/09/07 02:02:53.255, 0, 30, 27345, 148.04
2026/09/07 02:02:53.258, 1, 42, 108598, 211.60
2026/09/07 02:02:54.261, 0, 81, 27395, 237.33
2026/09/07 02:02:54.264, 1, 45, 108598, 220.62
2026/09/07 02:02:55.267, 0, 0, 27395, 206.68
2026/09/07 02:02:55.270, 1, 45, 108598, 212.67
2026/09/07 02:02:56.272, 0, 0, 27395, 202.90
2026/09/07 02:02:56.287, 1, 41, 108598, 215.12
2026/09/07 02:02:57.292, 0, 2, 27395, 195.32
2026/09/07 02:02:57.295, 1, 44, 108598, 217.21
2026/09/07 02:02:58.300, 0, 0, 27395, 226.18
2026/09/07 02:02:58.304, 1, 60, 108598, 237.54
2026/09/07 02:02:59.306, 0, 0, 27395, 217.43
2026/09/07 02:02:59.308, 1, 55, 108598, 249.53
2026/09/07 02:03:00.310, 0, 0, 27395, 243.27
2026/09/07 02:03:00.314, 1, 59, 108598, 246.46
2026/09/07 02:03:01.317, 0, 91, 27395, 186.24
2026/09/07 02:03:01.319, 1, 58, 108598, 248.23
2026/09/07 02:03:02.320, 0, 100, 27395, 215.87
2026/09/07 02:03:02.322, 1, 59, 108598, 249.49
2026/09/07 02:03:03.324, 0, 0, 27651, 191.25
2026/09/07 02:03:03.326, 1, 60, 108598, 245.57
2026/09/07 02:03:04.328, 0, 0, 27651, 194.07
2026/09/07 02:03:04.331, 1, 60, 108598, 252.44
2026/09/07 02:03:05.333, 0, 0, 27651, 156.41
2026/09/07 02:03:05.335, 1, 54, 108598, 251.15
2026/09/07 02:03:06.336, 0, 0, 27651, 123.52
2026/09/07 02:03:06.338, 1, 58, 108598, 252.54
2026/09/07 02:03:07.341, 0, 45, 27651, 192.27
2026/09/07 02:03:07.343, 1, 60, 108598, 254.41
2026/09/07 02:03:08.345, 0, 0, 27651, 194.45
2026/09/07 02:03:08.348, 1, 55, 108598, 253.90
2026/09/07 02:03:09.350, 0, 13, 27653, 190.57
2026/09/07 02:03:09.353, 1, 62, 108598, 253.87
2026/09/07 02:03:10.356, 0, 0, 27653, 195.56
2026/09/07 02:03:10.358, 1, 61, 108598, 247.40
2026/09/07 02:03:11.360, 0, 0, 27653, 191.21
2026/09/07 02:03:11.363, 1, 60, 108598, 250.52
2026/09/07 02:03:12.365, 0, 29, 27653, 213.43
2026/09/07 02:03:12.367, 1, 62, 108598, 253.55
2026/09/07 02:03:13.370, 0, 36, 27653, 227.00
2026/09/07 02:03:13.373, 1, 62, 108598, 249.07
2026/09/07 02:03:14.376, 0, 90, 27653, 228.34
2026/09/07 02:03:14.378, 1, 63, 108598, 252.78
2026/09/07 02:03:15.381, 0, 0, 27797, 200.94
2026/09/07 02:03:15.384, 1, 63, 108598, 258.17
2026/09/07 02:03:16.387, 0, 99, 27797, 252.14
2026/09/07 02:03:16.391, 1, 61, 108598, 248.51
2026/09/07 02:03:17.394, 0, 82, 27797, 208.20
2026/09/07 02:03:17.397, 1, 62, 108598, 252.94
2026/09/07 02:03:18.399, 0, 0, 27797, 179.53
2026/09/07 02:03:18.410, 1, 61, 108598, 254.67
2026/09/07 02:03:19.413, 0, 25, 27797, 224.68
2026/09/07 02:03:19.415, 1, 62, 108598, 260.43
2026/09/07 02:03:20.418, 0, 0, 28629, 256.11
2026/09/07 02:03:20.422, 1, 63, 108598, 260.79
2026/09/07 02:03:21.426, 0, 0, 28629, 127.97
2026/09/07 02:03:21.428, 1, 59, 108598, 265.93
2026/09/07 02:03:22.430, 0, 2, 28629, 160.09
2026/09/07 02:03:22.438, 1, 63, 108598, 254.50
2026/09/07 02:03:23.441, 0, 0, 28693, 123.93
2026/09/07 02:03:23.443, 1, 62, 108598, 252.15
2026/09/07 02:03:24.445, 0, 0, 28693, 123.51
2026/09/07 02:03:24.448, 1, 62, 108598, 250.40
2026/09/07 02:03:25.451, 0, 0, 28693, 123.45
2026/09/07 02:03:25.456, 1, 55, 108598, 250.10
2026/09/07 02:03:26.459, 0, 1, 28693, 128.58
2026/09/07 02:03:26.462, 1, 64, 108598, 256.20
2026/09/07 02:03:27.466, 0, 0, 28693, 123.33
2026/09/07 02:03:27.469, 1, 59, 108598, 256.58
2026/09/07 02:03:28.472, 0, 20, 28693, 151.69
2026/09/07 02:03:28.475, 1, 66, 108598, 252.82
2026/09/07 02:03:29.477, 0, 0, 28825, 127.74
2026/09/07 02:03:29.480, 1, 62, 108598, 250.83
2026/09/07 02:03:30.484, 0, 33, 29081, 213.89
2026/09/07 02:03:30.487, 1, 58, 108598, 248.87
2026/09/07 02:03:31.490, 0, 13, 29081, 187.34
2026/09/07 02:03:31.494, 1, 60, 108598, 252.03
2026/09/07 02:03:32.500, 0, 0, 29081, 160.48
2026/09/07 02:03:32.503, 1, 60, 108598, 257.30
2026/09/07 02:03:33.505, 0, 0, 29081, 155.28
2026/09/07 02:03:33.508, 1, 59, 108598, 254.94
2026/09/07 02:03:34.512, 0, 0, 29081, 193.75
2026/09/07 02:03:34.515, 1, 53, 108598, 254.39
2026/09/07 02:03:35.518, 0, 0, 29081, 123.47
2026/09/07 02:03:35.520, 1, 57, 108598, 245.24
2026/09/07 02:03:36.522, 0, 0, 29081, 157.42
2026/09/07 02:03:36.525, 1, 59, 108598, 251.34
2026/09/07 02:03:37.528, 0, 0, 29081, 157.43
2026/09/07 02:03:37.530, 1, 62, 108598, 251.79
2026/09/07 02:03:38.533, 0, 25, 29081, 188.93
2026/09/07 02:03:38.536, 1, 61, 108598, 250.85
2026/09/07 02:03:39.538, 0, 0, 29081, 157.30
2026/09/07 02:03:39.540, 1, 59, 108598, 257.33
2026/09/07 02:03:40.543, 0, 0, 29081, 155.68
2026/09/07 02:03:40.545, 1, 62, 108598, 253.28
2026/09/07 02:03:41.548, 0, 0, 29081, 123.21
2026/09/07 02:03:41.551, 1, 63, 108598, 255.89
2026/09/07 02:03:42.553, 0, 0, 29081, 123.32
2026/09/07 02:03:42.561, 1, 63, 108598, 257.22
2026/09/07 02:03:43.563, 0, 0, 29083, 123.29
2026/09/07 02:03:43.566, 1, 63, 108598, 253.92
2026/09/07 02:03:44.568, 0, 0, 29083, 144.20
2026/09/07 02:03:44.570, 1, 60, 108598, 260.79
2026/09/07 02:03:45.573, 0, 0, 29083, 150.67
2026/09/07 02:03:45.575, 1, 59, 108598, 256.45
2026/09/07 02:03:46.577, 0, 0, 29083, 123.33
2026/09/07 02:03:46.579, 1, 53, 108598, 249.71
2026/09/07 02:03:47.581, 0, 0, 29083, 123.16
2026/09/07 02:03:47.583, 1, 56, 108598, 252.12
2026/09/07 02:03:48.585, 0, 0, 29083, 145.33
2026/09/07 02:03:48.588, 1, 55, 108598, 260.20
2026/09/07 02:03:49.590, 0, 73, 29083, 142.63
2026/09/07 02:03:49.594, 1, 61, 108598, 261.99
2026/09/07 02:03:50.601, 0, 0, 29083, 140.14
2026/09/07 02:03:50.604, 1, 57, 108598, 258.00
2026/09/07 02:03:51.606, 0, 0, 29083, 123.14
2026/09/07 02:03:51.609, 1, 59, 108598, 248.88
2026/09/07 02:03:52.613, 0, 0, 29083, 161.77
2026/09/07 02:03:52.616, 1, 51, 108598, 253.46
2026/09/07 02:03:53.618, 0, 30, 29083, 169.98
2026/09/07 02:03:53.626, 1, 56, 108598, 257.60
2026/09/07 02:03:54.628, 0, 0, 29083, 123.18
2026/09/07 02:03:54.631, 1, 53, 108598, 262.52
2026/09/07 02:03:55.633, 0, 34, 29083, 136.21
2026/09/07 02:03:55.637, 1, 59, 108598, 260.75
2026/09/07 02:03:56.639, 0, 0, 29083, 155.47
2026/09/07 02:03:56.642, 1, 56, 108598, 265.09
2026/09/07 02:03:57.644, 0, 0, 29083, 159.30
2026/09/07 02:03:57.648, 1, 62, 108598, 264.30
2026/09/07 02:03:58.652, 0, 0, 29083, 163.24
2026/09/07 02:03:58.654, 1, 57, 108598, 265.50
2026/09/07 02:03:59.657, 0, 0, 29083, 159.34
2026/09/07 02:03:59.661, 1, 59, 108598, 258.89
2026/09/07 02:04:00.669, 0, 0, 29083, 166.64
2026/09/07 02:04:00.671, 1, 61, 108598, 265.20
2026/09/07 02:04:01.673, 0, 0, 29083, 122.77
2026/09/07 02:04:01.679, 1, 50, 108598, 261.04
2026/09/07 02:04:02.683, 0, 0, 29083, 122.99
2026/09/07 02:04:02.685, 1, 58, 108598, 265.83
2026/09/07 02:04:03.687, 0, 0, 29083, 122.93
2026/09/07 02:04:03.692, 1, 61, 108598, 263.62
2026/09/07 02:04:04.695, 0, 0, 29083, 122.93
2026/09/07 02:04:04.698, 1, 56, 108598, 262.89
2026/09/07 02:04:05.700, 0, 0, 29083, 122.86
2026/09/07 02:04:05.702, 1, 0, 108598, 133.58
2026/09/07 02:04:06.705, 0, 0, 29083, 122.83
2026/09/07 02:04:06.707, 1, 0, 108598, 118.17
2026/09/07 02:04:07.710, 0, 0, 29083, 122.87
2026/09/07 02:04:07.712, 1, 0, 108598, 117.92
2026/09/07 02:04:08.715, 0, 0, 29083, 122.78
2026/09/07 02:04:08.717, 1, 0, 108598, 117.78
2026/09/07 02:04:09.720, 0, 0, 34273, 165.17
2026/09/07 02:04:09.723, 1, 0, 108598, 117.68
2026/09/07 02:04:10.725, 0, 0, 34273, 122.86
2026/09/07 02:04:10.728, 1, 0, 108598, 117.59
2026/09/07 02:04:11.731, 0, 0, 34273, 122.77
2026/09/07 02:04:11.733, 1, 0, 108598, 117.52
2026/09/07 02:04:12.736, 0, 0, 34273, 122.77
2026/09/07 02:04:12.740, 1, 0, 108598, 117.46
2026/09/07 02:04:13.742, 0, 0, 34273, 122.70
2026/09/07 02:04:13.745, 1, 0, 108598, 117.38
2026/09/07 02:04:14.748, 0, 0, 34273, 122.73
2026/09/07 02:04:14.751, 1, 0, 108598, 117.28
2026/09/07 02:04:15.753, 0, 0, 34273, 122.65
2026/09/07 02:04:15.756, 1, 0, 108598, 117.19
2026/09/07 02:04:16.758, 0, 0, 34273, 122.61
2026/09/07 02:04:16.761, 1, 0, 108598, 117.14
2026/09/07 02:04:17.765, 0, 0, 34273, 138.75
2026/09/07 02:04:17.767, 1, 0, 108598, 117.02
2026/09/07 02:04:18.770, 0, 0, 34273, 153.59
2026/09/07 02:04:18.772, 1, 0, 108598, 117.01
2026/09/07 02:04:19.775, 0, 0, 34273, 122.69
2026/09/07 02:04:19.777, 1, 0, 108598, 116.94
2026/09/07 02:04:20.780, 0, 0, 34273, 122.56
2026/09/07 02:04:20.782, 1, 0, 108598, 116.86
2026/09/07 02:04:21.786, 0, 0, 34273, 122.56
2026/09/07 02:04:21.789, 1, 0, 108598, 116.76
2026/09/07 02:04:22.790, 0, 0, 34273, 122.58
2026/09/07 02:04:22.794, 1, 0, 108598, 116.83
2026/09/07 02:04:23.796, 0, 0, 34273, 122.54
2026/09/07 02:04:23.798, 1, 0, 108598, 116.75
2026/09/07 02:04:24.802, 0, 0, 34273, 122.54
2026/09/07 02:04:24.804, 1, 0, 108598, 116.73
2026/09/07 02:04:25.806, 0, 0, 34273, 122.47
2026/09/07 02:04:25.809, 1, 0, 108598, 116.73
2026/09/07 02:04:26.812, 0, 0, 34273, 163.33
2026/09/07 02:04:26.815, 1, 0, 108598, 116.66
2026/09/07 02:04:27.818, 0, 0, 34273, 122.58
2026/09/07 02:04:27.820, 1, 0, 108598, 116.64
2026/09/07 02:04:28.822, 0, 100, 34273, 163.79
2026/09/07 02:04:28.825, 1, 0, 108598, 116.61
2026/09/07 02:04:29.827, 0, 0, 34273, 123.08
2026/09/07 02:04:29.830, 1, 0, 108598, 116.63
2026/09/07 02:04:30.832, 0, 0, 34273, 121.91
2026/09/07 02:04:30.836, 1, 0, 108598, 116.55
2026/09/07 02:04:31.839, 0, 0, 34275, 164.74
2026/09/07 02:04:31.842, 1, 0, 108598, 116.50
2026/09/07 02:04:32.845, 0, 0, 34275, 121.94
2026/09/07 02:04:32.847, 1, 0, 108598, 116.47
2026/09/07 02:04:33.850, 0, 0, 34275, 164.55
2026/09/07 02:04:33.854, 1, 0, 108598, 116.43
2026/09/07 02:04:34.857, 0, 0, 34275, 121.90
2026/09/07 02:04:34.859, 1, 0, 108598, 116.38
2026/09/07 02:04:35.862, 0, 0, 34275, 121.79
2026/09/07 02:04:35.864, 1, 0, 108598, 116.35
2026/09/07 02:04:36.869, 0, 0, 34275, 166.53
2026/09/07 02:04:36.872, 1, 0, 108598, 116.32
2026/09/07 02:04:37.874, 0, 0, 34275, 121.91
2026/09/07 02:04:37.877, 1, 0, 108598, 116.32
2026/09/07 02:04:38.879, 0, 31, 34275, 138.52
2026/09/07 02:04:38.882, 1, 0, 108598, 116.28
2026/09/07 02:04:39.884, 0, 0, 34275, 143.73
2026/09/07 02:04:39.887, 1, 0, 108598, 116.24
2026/09/07 02:04:40.889, 0, 0, 34275, 121.71
2026/09/07 02:04:40.894, 1, 0, 108598, 116.14
2026/09/07 02:04:41.896, 0, 0, 34275, 153.70
2026/09/07 02:04:41.899, 1, 0, 108598, 115.99
2026/09/07 02:04:42.902, 0, 0, 34275, 134.01
2026/09/07 02:04:42.905, 1, 0, 108598, 115.92
2026/09/07 02:04:43.908, 0, 0, 34275, 144.40
2026/09/07 02:04:43.911, 1, 0, 108598, 115.90
2026/09/07 02:04:44.914, 0, 0, 34275, 159.03
2026/09/07 02:04:44.918, 1, 0, 108598, 115.95
2026/09/07 02:04:45.921, 0, 28, 34275, 162.07
2026/09/07 02:04:45.924, 1, 0, 108598, 115.93
2026/09/07 02:04:46.928, 0, 68, 34275, 166.47
2026/09/07 02:04:46.931, 1, 0, 108598, 115.85
2026/09/07 02:04:47.934, 0, 0, 34275, 180.41
2026/09/07 02:04:47.937, 1, 0, 108598, 115.86
2026/09/07 02:04:48.939, 0, 17, 34275, 193.19
2026/09/07 02:04:48.942, 1, 0, 108598, 115.84
2026/09/07 02:04:49.944, 0, 0, 34275, 150.05
2026/09/07 02:04:49.947, 1, 0, 108598, 115.79
2026/09/07 02:04:50.950, 0, 0, 34275, 124.64
2026/09/07 02:04:50.953, 1, 0, 108598, 115.78
2026/09/07 02:04:51.957, 0, 0, 34275, 121.60
2026/09/07 02:04:51.959, 1, 0, 108598, 115.78
2026/09/07 02:04:52.962, 0, 0, 34275, 121.43
2026/09/07 02:04:52.965, 1, 0, 108598, 115.72
2026/09/07 02:04:53.968, 0, 0, 34275, 190.65
2026/09/07 02:04:53.971, 1, 0, 108598, 115.70
2026/09/07 02:04:54.974, 0, 0, 34275, 191.24
2026/09/07 02:04:54.976, 1, 0, 108598, 115.67
2026/09/07 02:04:55.979, 0, 0, 34275, 138.20
2026/09/07 02:04:55.982, 1, 0, 108598, 115.70
2026/09/07 02:04:56.984, 0, 35, 34275, 246.23
2026/09/07 02:04:56.988, 1, 0, 108598, 115.64
2026/09/07 02:04:57.990, 0, 96, 34275, 177.19
2026/09/07 02:04:57.993, 1, 0, 108598, 115.56
2026/09/07 02:04:58.996, 0, 0, 34275, 224.56
2026/09/07 02:04:58.998, 1, 0, 108598, 115.55
2026/09/07 02:05:00.001, 0, 34, 34275, 236.00
2026/09/07 02:05:00.004, 1, 0, 108598, 115.56
2026/09/07 02:05:01.007, 0, 0, 34275, 199.12
2026/09/07 02:05:01.010, 1, 0, 108598, 115.56
2026/09/07 02:05:02.013, 0, 0, 34275, 124.32
2026/09/07 02:05:02.016, 1, 0, 108598, 115.56
2026/09/07 02:05:03.018, 0, 0, 34275, 214.95
2026/09/07 02:05:03.020, 1, 0, 108598, 115.54
2026/09/07 02:05:04.022, 0, 0, 34275, 183.42
2026/09/07 02:05:04.025, 1, 0, 108598, 115.51
2026/09/07 02:05:05.027, 0, 0, 34275, 165.87
2026/09/07 02:05:05.030, 1, 0, 108598, 115.50
2026/09/07 02:05:06.032, 0, 0, 34275, 194.72
2026/09/07 02:05:06.035, 1, 0, 108598, 115.47
2026/09/07 02:05:07.037, 0, 0, 34275, 143.40
2026/09/07 02:05:07.040, 1, 0, 108598, 115.48
2026/09/07 02:05:08.043, 0, 0, 34275, 151.41
2026/09/07 02:05:08.046, 1, 0, 108598, 115.50
2026/09/07 02:05:09.048, 0, 100, 34275, 179.48
2026/09/07 02:05:09.051, 1, 0, 108598, 115.48
2026/09/07 02:05:10.054, 0, 0, 34275, 144.18
2026/09/07 02:05:10.056, 1, 0, 108598, 115.51
2026/09/07 02:05:11.059, 0, 0, 34275, 121.67
2026/09/07 02:05:11.061, 1, 0, 108598, 115.48
2026/09/07 02:05:12.064, 0, 55, 34275, 160.97
2026/09/07 02:05:12.066, 1, 0, 108598, 115.53
2026/09/07 02:05:13.068, 0, 8, 34275, 127.72
2026/09/07 02:05:13.070, 1, 0, 108598, 115.53
2026/09/07 02:05:14.074, 0, 100, 34275, 164.97
2026/09/07 02:05:14.076, 1, 0, 108598, 115.51
2026/09/07 02:05:15.079, 0, 81, 34275, 250.80
2026/09/07 02:05:15.082, 1, 0, 108598, 115.50
2026/09/07 02:05:16.085, 0, 0, 34275, 132.25
2026/09/07 02:05:16.088, 1, 0, 108598, 115.54
2026/09/07 02:05:17.090, 0, 0, 35489, 127.47
2026/09/07 02:05:17.092, 1, 0, 108598, 115.50
2026/09/07 02:05:18.095, 0, 0, 35489, 126.02
2026/09/07 02:05:18.099, 1, 0, 108598, 115.49
2026/09/07 02:05:19.101, 0, 0, 35489, 152.41
2026/09/07 02:05:19.104, 1, 0, 108598, 115.49
2026/09/07 02:05:20.106, 0, 0, 35489, 121.54
2026/09/07 02:05:20.108, 1, 0, 108598, 115.43
2026/09/07 02:05:21.111, 0, 0, 35491, 161.10
2026/09/07 02:05:21.114, 1, 0, 108598, 115.48
2026/09/07 02:05:22.116, 0, 33, 35491, 213.45
2026/09/07 02:05:22.119, 1, 0, 108598, 115.42
2026/09/07 02:05:23.122, 0, 77, 35493, 188.84
2026/09/07 02:05:23.124, 1, 0, 108598, 115.40
2026/09/07 02:05:24.127, 0, 0, 35493, 161.95
2026/09/07 02:05:24.129, 1, 0, 108598, 115.43
2026/09/07 02:05:25.132, 0, 0, 35493, 152.21
2026/09/07 02:05:25.135, 1, 0, 108598, 115.37
2026/09/07 02:05:26.138, 0, 0, 35493, 233.62
2026/09/07 02:05:26.141, 1, 0, 108598, 115.41
2026/09/07 02:05:27.144, 0, 73, 35493, 186.40
2026/09/07 02:05:27.147, 1, 0, 108598, 115.38
2026/09/07 02:05:28.150, 0, 41, 35493, 152.97
2026/09/07 02:05:28.153, 1, 0, 108598, 115.37
2026/09/07 02:05:29.156, 0, 0, 35493, 121.53
2026/09/07 02:05:29.159, 1, 0, 108598, 115.40
2026/09/07 02:05:30.161, 0, 0, 35493, 121.49
2026/09/07 02:05:30.164, 1, 0, 108598, 115.36
2026/09/07 02:05:31.167, 0, 0, 35493, 121.39
2026/09/07 02:05:31.169, 1, 0, 108598, 115.33
2026/09/07 02:05:32.172, 0, 48, 35493, 229.26
2026/09/07 02:05:32.175, 1, 0, 108598, 115.30
2026/09/07 02:05:33.178, 0, 93, 35493, 184.09
2026/09/07 02:05:33.180, 1, 0, 108598, 115.29
2026/09/07 02:05:34.182, 0, 79, 35493, 152.67
2026/09/07 02:05:34.186, 1, 0, 108598, 115.27
2026/09/07 02:05:35.188, 0, 2, 35493, 228.86
2026/09/07 02:05:35.191, 1, 0, 108598, 115.11
2026/09/07 02:05:36.192, 0, 39, 35493, 222.45
2026/09/07 02:05:36.195, 1, 0, 108598, 115.15
2026/09/07 02:05:37.197, 0, 0, 35493, 223.68
2026/09/07 02:05:37.200, 1, 0, 108598, 115.13
2026/09/07 02:05:38.202, 0, 90, 35493, 253.59
2026/09/07 02:05:38.204, 1, 0, 108598, 115.11
2026/09/07 02:05:39.206, 0, 0, 35493, 173.35
2026/09/07 02:05:39.209, 1, 0, 108598, 115.19
2026/09/07 02:05:40.211, 0, 18, 35493, 222.42
2026/09/07 02:05:40.213, 1, 0, 108598, 115.17
2026/09/07 02:05:41.215, 0, 0, 35493, 185.46
2026/09/07 02:05:41.218, 1, 0, 108598, 115.07
2026/09/07 02:05:42.220, 0, 0, 35493, 169.18
2026/09/07 02:05:42.224, 1, 0, 108598, 115.12
2026/09/07 02:05:43.227, 0, 55, 35493, 196.62
2026/09/07 02:05:43.230, 1, 0, 108598, 115.11
2026/09/07 02:05:44.232, 0, 0, 35493, 143.36
2026/09/07 02:05:44.235, 1, 0, 108598, 115.11
2026/09/07 02:05:45.237, 0, 0, 35493, 152.42
2026/09/07 02:05:45.240, 1, 0, 108598, 115.09
2026/09/07 02:05:46.242, 0, 100, 35493, 181.26
2026/09/07 02:05:46.245, 1, 0, 108598, 115.10
2026/09/07 02:05:47.246, 0, 0, 35493, 143.31
2026/09/07 02:05:47.249, 1, 0, 108598, 115.08
2026/09/07 02:05:48.251, 0, 0, 35493, 121.36
2026/09/07 02:05:48.254, 1, 0, 108598, 115.10
2026/09/07 02:05:49.256, 0, 0, 35493, 165.05
2026/09/07 02:05:49.260, 1, 0, 108598, 115.06
2026/09/07 02:05:50.262, 0, 49, 35493, 138.90
2026/09/07 02:05:50.267, 1, 0, 108598, 115.05
2026/09/07 02:05:51.269, 0, 96, 35493, 155.30
2026/09/07 02:05:51.272, 1, 0, 108598, 115.04
2026/09/07 02:05:52.276, 0, 90, 35495, 317.67
2026/09/07 02:05:52.279, 1, 0, 108598, 115.00
2026/09/07 02:05:53.281, 0, 0, 35495, 191.21
2026/09/07 02:05:53.284, 1, 0, 108598, 114.99
2026/09/07 02:05:54.286, 0, 0, 35495, 176.48
2026/09/07 02:05:54.289, 1, 0, 108598, 115.08
2026/09/07 02:05:55.291, 0, 0, 35495, 178.96
2026/09/07 02:05:55.293, 1, 0, 108598, 115.01
2026/09/07 02:05:56.296, 0, 0, 35495, 148.88
2026/09/07 02:05:56.299, 1, 0, 108598, 115.02
2026/09/07 02:05:57.302, 0, 18, 35495, 205.71
2026/09/07 02:05:57.304, 1, 0, 108598, 115.01
2026/09/07 02:05:58.306, 0, 0, 35495, 169.89
2026/09/07 02:05:58.309, 1, 0, 108598, 115.00
2026/09/07 02:05:59.312, 0, 0, 35495, 146.41
2026/09/07 02:05:59.314, 1, 0, 108598, 114.98
2026/09/07 02:06:00.316, 0, 0, 35495, 122.03
2026/09/07 02:06:00.321, 1, 0, 108598, 115.06
2026/09/07 02:06:01.332, 0, 0, 35495, 121.86
2026/09/07 02:06:01.334, 1, 0, 108598, 115.06
2026/09/07 02:06:02.336, 0, 88, 35495, 147.57
2026/09/07 02:06:02.345, 1, 0, 108598, 115.07
2026/09/07 02:06:03.357, 0, 35, 35495, 197.12
2026/09/07 02:06:03.360, 1, 0, 108598, 115.06
2026/09/07 02:06:04.363, 0, 0, 35495, 145.83
2026/09/07 02:06:04.369, 1, 0, 108598, 115.00
2026/09/07 02:06:05.373, 0, 78, 35495, 197.18
2026/09/07 02:06:05.376, 1, 0, 108598, 115.08
2026/09/07 02:06:06.379, 0, 0, 35495, 188.00
2026/09/07 02:06:06.382, 1, 0, 108598, 115.08
2026/09/07 02:06:07.385, 0, 67, 35495, 212.74
2026/09/07 02:06:07.391, 1, 0, 108598, 115.00
2026/09/07 02:06:08.395, 0, 6, 35495, 225.54
2026/09/07 02:06:08.398, 1, 0, 108598, 114.94
2026/09/07 02:06:09.400, 0, 60, 35495, 202.94
2026/09/07 02:06:09.403, 1, 0, 108598, 114.92
2026/09/07 02:06:10.405, 0, 0, 35495, 163.21
2026/09/07 02:06:10.408, 1, 0, 108598, 115.00
2026/09/07 02:06:11.413, 0, 0, 35495, 212.64
2026/09/07 02:06:11.417, 1, 0, 108598, 114.90
2026/09/07 02:06:12.420, 0, 0, 35495, 167.47
2026/09/07 02:06:12.423, 1, 0, 108598, 114.90
2026/09/07 02:06:13.425, 0, 93, 35495, 184.65
2026/09/07 02:06:13.474, 1, 0, 108598, 114.94
2026/09/07 02:06:14.477, 0, 0, 35495, 142.54
2026/09/07 02:06:14.479, 1, 0, 108598, 114.92
2026/09/07 02:06:15.482, 0, 0, 35497, 149.18
2026/09/07 02:06:15.484, 1, 0, 108598, 114.92
2026/09/07 02:06:16.488, 0, 87, 35497, 175.82
2026/09/07 02:06:16.490, 1, 0, 108598, 114.88
2026/09/07 02:06:17.492, 0, 0, 35497, 142.51
2026/09/07 02:06:17.495, 1, 0, 108598, 114.95
2026/09/07 02:06:18.498, 0, 0, 35497, 121.93
2026/09/07 02:06:18.501, 1, 0, 108598, 114.92
2026/09/07 02:06:19.504, 0, 0, 35497, 157.15
2026/09/07 02:06:19.507, 1, 0, 108598, 114.90
2026/09/07 02:06:20.511, 0, 73, 35497, 144.10
2026/09/07 02:06:20.514, 1, 0, 108598, 114.94
2026/09/07 02:06:21.516, 0, 0, 35497, 143.71
2026/09/07 02:06:21.519, 1, 0, 108598, 114.85
2026/09/07 02:06:22.521, 0, 100, 35499, 418.74
2026/09/07 02:06:22.526, 1, 0, 108598, 114.83
2026/09/07 02:06:23.528, 0, 0, 36299, 324.14
2026/09/07 02:06:23.532, 1, 0, 108598, 114.86
2026/09/07 02:06:24.535, 0, 0, 36299, 216.36
2026/09/07 02:06:24.539, 1, 0, 108598, 114.90
2026/09/07 02:06:25.544, 0, 28, 36299, 218.55
2026/09/07 02:06:25.546, 1, 0, 108598, 114.93
2026/09/07 02:06:26.549, 0, 0, 36299, 155.05
2026/09/07 02:06:26.551, 1, 0, 108598, 114.91
2026/09/07 02:06:27.554, 0, 11, 36299, 219.26
2026/09/07 02:06:27.557, 1, 0, 108598, 114.90
2026/09/07 02:06:28.559, 0, 0, 36555, 193.44
2026/09/07 02:06:28.562, 1, 0, 108598, 114.88
2026/09/07 02:06:29.564, 0, 0, 36555, 160.00
2026/09/07 02:06:29.567, 1, 0, 108598, 114.89
2026/09/07 02:06:30.569, 0, 0, 36555, 159.21
2026/09/07 02:06:30.572, 1, 0, 108598, 114.92
2026/09/07 02:06:31.575, 0, 0, 36555, 121.96
2026/09/07 02:06:31.576, 1, 0, 108598, 114.89
2026/09/07 02:06:32.579, 0, 0, 36555, 121.90
2026/09/07 02:06:32.582, 1, 0, 108598, 114.91
2026/09/07 02:06:33.584, 0, 0, 36555, 226.03
2026/09/07 02:06:33.586, 1, 0, 108598, 114.87
2026/09/07 02:06:34.588, 0, 1, 36555, 219.56
2026/09/07 02:06:34.591, 1, 0, 108598, 114.89
2026/09/07 02:06:35.594, 0, 17, 36555, 157.94
2026/09/07 02:06:35.597, 1, 0, 108598, 114.93
2026/09/07 02:06:36.600, 0, 20, 36555, 245.72
2026/09/07 02:06:36.602, 1, 0, 108598, 114.90
2026/09/07 02:06:37.604, 0, 21, 36555, 240.63
2026/09/07 02:06:37.606, 1, 0, 108598, 114.88
2026/09/07 02:06:38.608, 0, 25, 36555, 240.74
2026/09/07 02:06:38.611, 1, 0, 108598, 115.04
2026/09/07 02:06:39.613, 0, 10, 36555, 291.60
2026/09/07 02:06:39.616, 1, 0, 108598, 115.02
2026/09/07 02:06:40.618, 0, 0, 36555, 202.30
2026/09/07 02:06:40.621, 1, 0, 108598, 115.00
2026/09/07 02:06:41.624, 0, 58, 36555, 229.64
2026/09/07 02:06:41.627, 1, 0, 108598, 115.03
2026/09/07 02:06:42.629, 0, 31, 36555, 189.85
2026/09/07 02:06:42.632, 1, 0, 108598, 115.02
2026/09/07 02:06:43.634, 0, 0, 36555, 175.26
2026/09/07 02:06:43.637, 1, 0, 108598, 114.96
2026/09/07 02:06:44.639, 0, 31, 36555, 201.26
2026/09/07 02:06:44.642, 1, 0, 108598, 114.99
2026/09/07 02:06:45.644, 0, 0, 36555, 145.85
2026/09/07 02:06:45.650, 1, 0, 108598, 114.98
2026/09/07 02:06:46.652, 0, 0, 36555, 154.65
2026/09/07 02:06:46.655, 1, 0, 108598, 115.02
2026/09/07 02:06:47.657, 0, 0, 36555, 167.00
2026/09/07 02:06:47.661, 1, 0, 108598, 115.02
2026/09/07 02:06:48.664, 0, 0, 36555, 168.05
2026/09/07 02:06:48.667, 1, 0, 108598, 114.99
2026/09/07 02:06:49.669, 0, 0, 36555, 122.19
2026/09/07 02:06:49.674, 1, 0, 108598, 114.94
2026/09/07 02:06:50.676, 0, 0, 36555, 166.58
2026/09/07 02:06:50.678, 1, 0, 108598, 115.00
2026/09/07 02:06:51.681, 0, 38, 36555, 142.10
2026/09/07 02:06:51.684, 1, 0, 108598, 114.99
2026/09/07 02:06:52.686, 0, 100, 36555, 153.34
2026/09/07 02:06:52.689, 1, 0, 108598, 114.99
2026/09/07 02:06:53.691, 0, 100, 36555, 352.86
2026/09/07 02:06:53.694, 1, 0, 108598, 114.98
2026/09/07 02:06:54.697, 0, 38, 37075, 191.35
2026/09/07 02:06:54.700, 1, 0, 108598, 115.00
2026/09/07 02:06:55.703, 0, 18, 37085, 122.93
2026/09/07 02:06:55.708, 1, 0, 108598, 115.07
2026/09/07 02:06:56.710, 0, 46, 37097, 122.80
2026/09/07 02:06:56.714, 1, 0, 108598, 115.05
2026/09/07 02:06:57.720, 0, 36, 37105, 122.44
2026/09/07 02:06:57.722, 1, 0, 108598, 115.04
2026/09/07 02:06:58.724, 0, 100, 37385, 122.06
2026/09/07 02:06:58.727, 1, 0, 108598, 115.03
2026/09/07 02:06:59.729, 0, 15, 37385, 122.02
2026/09/07 02:06:59.736, 1, 0, 108598, 115.05
2026/09/07 02:07:00.739, 0, 25, 37385, 122.08
2026/09/07 02:07:00.741, 1, 0, 108598, 115.05
2026/09/07 02:07:01.743, 0, 16, 37385, 122.15
2026/09/07 02:07:01.788, 1, 0, 108598, 115.05
2026/09/07 02:07:02.791, 0, 20, 37385, 121.94
2026/09/07 02:07:02.796, 1, 0, 108598, 114.96
2026/09/07 02:07:03.800, 0, 12, 37385, 122.02
2026/09/07 02:07:03.803, 1, 0, 108598, 115.00
2026/09/07 02:07:04.806, 0, 6, 37385, 121.67
2026/09/07 02:07:04.809, 1, 0, 108598, 115.00
2026/09/07 02:07:05.812, 0, 0, 39811, 123.23
2026/09/07 02:07:05.815, 1, 0, 108598, 115.02
2026/09/07 02:07:06.817, 0, 0, 33095, 121.45
2026/09/07 02:07:06.821, 1, 0, 108598, 115.02
2026/09/07 02:07:07.826, 0, 0, 31643, 121.42
2026/09/07 02:07:07.829, 1, 0, 108598, 115.02
2026/09/07 02:07:08.835, 0, 100, 31659, 121.50
2026/09/07 02:07:08.837, 1, 0, 108598, 115.04
2026/09/07 02:07:09.840, 0, 0, 31659, 124.46
2026/09/07 02:07:09.843, 1, 0, 108598, 115.00
2026/09/07 02:07:10.847, 0, 100, 31659, 122.57
2026/09/07 02:07:10.849, 1, 0, 108598, 114.96
2026/09/07 02:07:11.851, 0, 21, 31659, 122.83
2026/09/07 02:07:11.854, 1, 0, 108598, 114.93
2026/09/07 02:07:12.858, 0, 22, 31659, 121.14
2026/09/07 02:07:12.861, 1, 0, 108598, 115.04
2026/09/07 02:07:13.864, 0, 0, 32481, 122.88
2026/09/07 02:07:13.866, 1, 0, 108598, 115.00
2026/09/07 02:07:14.868, 0, 0, 32755, 121.12
2026/09/07 02:07:14.871, 1, 0, 108598, 115.02
2026/09/07 02:07:15.874, 0, 0, 32755, 120.86
2026/09/07 02:07:15.877, 1, 0, 108598, 114.94
2026/09/07 02:07:16.880, 0, 0, 32953, 121.31
2026/09/07 02:07:16.882, 1, 0, 108598, 114.91
2026/09/07 02:07:17.884, 0, 0, 43043, 168.88
2026/09/07 02:07:17.887, 1, 0, 108598, 114.91
2026/09/07 02:07:18.889, 0, 0, 43043, 132.64
2026/09/07 02:07:18.891, 1, 0, 108598, 114.98
2026/09/07 02:07:19.895, 0, 0, 43043, 120.81
2026/09/07 02:07:19.897, 1, 0, 108598, 115.01
2026/09/07 02:07:20.900, 0, 0, 43043, 120.82
2026/09/07 02:07:20.902, 1, 0, 108598, 114.99
2026/09/07 02:07:21.904, 0, 7, 46175, 154.41
2026/09/07 02:07:21.907, 1, 0, 108598, 114.99
2026/09/07 02:07:22.909, 0, 0, 46175, 126.32
2026/09/07 02:07:22.912, 1, 0, 108598, 115.00
2026/09/07 02:07:23.915, 0, 1, 46179, 130.08
2026/09/07 02:07:23.918, 1, 0, 108598, 114.99
2026/09/07 02:07:24.921, 0, 0, 47393, 242.97
2026/09/07 02:07:24.923, 1, 0, 108598, 114.94
2026/09/07 02:07:25.925, 0, 34, 57581, 188.91
2026/09/07 02:07:25.927, 1, 0, 108598, 114.98
2026/09/07 02:07:26.929, 0, 6, 57581, 143.34
2026/09/07 02:07:26.931, 1, 0, 108598, 114.97
2026/09/07 02:07:27.933, 0, 0, 57581, 162.39
2026/09/07 02:07:27.937, 1, 0, 108598, 114.93
2026/09/07 02:07:28.941, 0, 23, 57583, 317.37
2026/09/07 02:07:28.946, 1, 0, 108598, 114.95
2026/09/07 02:07:29.951, 0, 10, 68983, 268.68
2026/09/07 02:07:29.954, 1, 0, 108598, 114.88
2026/09/07 02:07:30.957, 0, 9, 68983, 152.16
2026/09/07 02:07:30.960, 1, 0, 108598, 114.96
2026/09/07 02:07:31.962, 0, 72, 86207, 465.81
2026/09/07 02:07:31.966, 1, 0, 108598, 114.88
2026/09/07 02:07:32.971, 0, 27, 86207, 147.74
2026/09/07 02:07:32.973, 1, 0, 108598, 114.99
2026/09/07 02:07:33.976, 0, 16, 86207, 145.97
2026/09/07 02:07:33.979, 1, 0, 108598, 114.97
2026/09/07 02:07:34.983, 0, 100, 86721, 470.17
2026/09/07 02:07:34.986, 1, 0, 108598, 114.90
2026/09/07 02:07:35.988, 0, 39, 86731, 124.25
2026/09/07 02:07:35.996, 1, 0, 108598, 114.93
2026/09/07 02:07:36.999, 0, 28, 86743, 122.70
2026/09/07 02:07:37.002, 1, 0, 108598, 114.92
2026/09/07 02:07:38.003, 0, 40, 86753, 122.44
2026/09/07 02:07:38.007, 1, 0, 108598, 114.94
2026/09/07 02:07:39.010, 0, 0, 86759, 121.86
2026/09/07 02:07:39.026, 1, 0, 108598, 114.91
2026/09/07 02:07:40.033, 0, 20, 87039, 122.36
2026/09/07 02:07:40.036, 1, 0, 108598, 114.93
2026/09/07 02:07:41.039, 0, 17, 87039, 122.23
2026/09/07 02:07:41.042, 1, 0, 108598, 114.90
2026/09/07 02:07:42.044, 0, 7, 87039, 121.89
2026/09/07 02:07:42.048, 1, 0, 108598, 114.92
2026/09/07 02:07:43.052, 0, 17, 87039, 121.85
2026/09/07 02:07:43.054, 1, 0, 108598, 114.95
2026/09/07 02:07:44.056, 0, 15, 87039, 121.92
2026/09/07 02:07:44.060, 1, 0, 108598, 114.93
2026/09/07 02:07:45.065, 0, 20, 87039, 122.07
2026/09/07 02:07:45.068, 1, 0, 108598, 114.91
2026/09/07 02:07:46.070, 0, 0, 87039, 121.09
2026/09/07 02:07:46.073, 1, 0, 108598, 114.94
2026/09/07 02:07:47.076, 0, 100, 89465, 125.06
2026/09/07 02:07:47.079, 1, 0, 108598, 114.92
2026/09/07 02:07:48.084, 0, 0, 58677, 121.77
2026/09/07 02:07:48.094, 1, 0, 108598, 114.92
2026/09/07 02:07:49.105, 0, 0, 35761, 124.15
2026/09/07 02:07:49.123, 1, 0, 108598, 114.86
2026/09/07 02:07:50.140, 0, 100, 11535, 124.19
2026/09/07 02:07:50.145, 1, 0, 108598, 114.92
2026/09/07 02:07:51.152, 0, 0, 35999, 121.24
2026/09/07 02:07:51.154, 1, 0, 108598, 114.94
2026/09/07 02:07:52.156, 0, 1, 36669, 124.67
2026/09/07 02:07:52.159, 1, 18, 110106, 117.79
2026/09/07 02:07:53.162, 0, 0, 36609, 142.04
2026/09/07 02:07:53.165, 1, 0, 108890, 141.38
2026/09/07 02:07:54.167, 0, 0, 35997, 120.81
2026/09/07 02:07:54.174, 1, 0, 108280, 115.19
2026/09/07 02:07:55.179, 0, 100, 31985, 121.82
2026/09/07 02:07:55.184, 1, 0, 108280, 115.11
2026/09/07 02:07:56.188, 0, 100, 16733, 123.64
2026/09/07 02:07:56.317, 1, 31, 108572, 149.53
2026/09/07 02:07:57.319, 0, 0, 32949, 120.48
2026/09/07 02:07:57.326, 1, 61, 108572, 226.02
2026/09/07 02:07:58.329, 0, 46, 33205, 226.63
2026/09/07 02:07:58.331, 1, 59, 108572, 238.52
2026/09/07 02:07:59.333, 0, 0, 33205, 218.46
2026/09/07 02:07:59.336, 1, 54, 108572, 241.45
2026/09/07 02:08:00.339, 0, 100, 33205, 283.24
2026/09/07 02:08:00.341, 1, 63, 108572, 242.59
2026/09/07 02:08:01.342, 0, 67, 33205, 222.40
2026/09/07 02:08:01.344, 1, 61, 108572, 241.60
2026/09/07 02:08:02.346, 0, 0, 33205, 229.59
2026/09/07 02:08:02.349, 1, 54, 108572, 236.87
2026/09/07 02:08:03.351, 0, 0, 33205, 193.66
2026/09/07 02:08:03.359, 1, 55, 108572, 237.92
2026/09/07 02:08:04.361, 0, 0, 33205, 187.12
2026/09/07 02:08:04.364, 1, 58, 108572, 235.18
2026/09/07 02:08:05.366, 0, 0, 33463, 208.35
2026/09/07 02:08:05.368, 1, 54, 108572, 236.72
2026/09/07 02:08:06.369, 0, 0, 33463, 195.12
2026/09/07 02:08:06.374, 1, 49, 108572, 230.05
2026/09/07 02:08:07.376, 0, 8, 33463, 171.90
2026/09/07 02:08:07.378, 1, 58, 108572, 231.27
2026/09/07 02:08:08.379, 0, 0, 33463, 121.16
2026/09/07 02:08:08.381, 1, 49, 108572, 232.24
2026/09/07 02:08:09.385, 0, 38, 33465, 155.49
2026/09/07 02:08:09.389, 1, 49, 108572, 230.35
2026/09/07 02:08:10.392, 0, 0, 33465, 201.96
2026/09/07 02:08:10.396, 1, 54, 108572, 236.78
2026/09/07 02:08:11.398, 0, 0, 33465, 177.18
2026/09/07 02:08:11.400, 1, 55, 108572, 232.46
2026/09/07 02:08:12.403, 0, 80, 33465, 189.48
2026/09/07 02:08:12.407, 1, 63, 108572, 239.49
2026/09/07 02:08:13.411, 0, 4, 33465, 228.16
2026/09/07 02:08:13.414, 1, 52, 108572, 237.96
2026/09/07 02:08:14.416, 0, 27, 33465, 202.82
2026/09/07 02:08:14.420, 1, 58, 108572, 247.26
2026/09/07 02:08:15.423, 0, 88, 33465, 233.35
2026/09/07 02:08:15.425, 1, 59, 108572, 248.56
2026/09/07 02:08:16.428, 0, 54, 33465, 233.87
2026/09/07 02:08:16.430, 1, 58, 108572, 249.26
2026/09/07 02:08:17.432, 0, 24, 33719, 228.46
2026/09/07 02:08:17.435, 1, 59, 108572, 248.30
2026/09/07 02:08:18.437, 0, 72, 33719, 211.07
2026/09/07 02:08:18.445, 1, 61, 108572, 248.31
2026/09/07 02:08:19.448, 0, 0, 33719, 207.76
2026/09/07 02:08:19.450, 1, 63, 108572, 245.98
2026/09/07 02:08:20.452, 0, 0, 33719, 191.08
2026/09/07 02:08:20.455, 1, 60, 108572, 246.33
2026/09/07 02:08:21.459, 0, 35, 34097, 245.06
2026/09/07 02:08:21.461, 1, 59, 108572, 247.40
2026/09/07 02:08:22.464, 0, 0, 34099, 357.04
2026/09/07 02:08:22.466, 1, 63, 108572, 251.63
2026/09/07 02:08:23.468, 0, 12, 34099, 208.84
2026/09/07 02:08:23.470, 1, 49, 108572, 247.53
2026/09/07 02:08:24.471, 0, 0, 34099, 203.50
2026/09/07 02:08:24.474, 1, 65, 108572, 239.26
2026/09/07 02:08:25.475, 0, 23, 34099, 219.58
2026/09/07 02:08:25.478, 1, 61, 108572, 243.86
2026/09/07 02:08:26.483, 0, 0, 34099, 189.28
2026/09/07 02:08:26.485, 1, 58, 108572, 241.50
2026/09/07 02:08:27.490, 0, 63, 34099, 184.93
2026/09/07 02:08:27.497, 1, 56, 108572, 241.84
2026/09/07 02:08:28.502, 0, 98, 34099, 186.32
2026/09/07 02:08:28.504, 1, 59, 108572, 245.59
2026/09/07 02:08:29.506, 0, 25, 34359, 337.14
2026/09/07 02:08:29.508, 1, 49, 108572, 243.79
2026/09/07 02:08:30.514, 0, 0, 34359, 247.58
2026/09/07 02:08:30.516, 1, 66, 108572, 248.64
2026/09/07 02:08:31.519, 0, 88, 34359, 288.46
2026/09/07 02:08:31.522, 1, 58, 108572, 247.00
2026/09/07 02:08:32.524, 0, 0, 34359, 231.54
2026/09/07 02:08:32.526, 1, 61, 108572, 247.58
2026/09/07 02:08:33.528, 0, 0, 34359, 238.75
2026/09/07 02:08:33.530, 1, 28, 108572, 234.35
2026/09/07 02:08:34.535, 0, 0, 34359, 222.65
2026/09/07 02:08:34.537, 1, 59, 108572, 247.47
2026/09/07 02:08:35.539, 0, 55, 34359, 220.39
2026/09/07 02:08:35.541, 1, 61, 108572, 249.38
2026/09/07 02:08:36.542, 0, 42, 34359, 228.71
2026/09/07 02:08:36.545, 1, 58, 108572, 248.11
2026/09/07 02:08:37.546, 0, 7, 34359, 243.07
2026/09/07 02:08:37.549, 1, 55, 108572, 247.85
2026/09/07 02:08:38.550, 0, 0, 34359, 164.97
2026/09/07 02:08:38.562, 1, 65, 108572, 254.07
2026/09/07 02:08:39.567, 0, 0, 34359, 122.92
2026/09/07 02:08:39.570, 1, 61, 108572, 246.41
2026/09/07 02:08:40.572, 0, 23, 34359, 206.14
2026/09/07 02:08:40.574, 1, 58, 108572, 246.97
2026/09/07 02:08:41.576, 0, 0, 34359, 203.80
2026/09/07 02:08:41.579, 1, 65, 108572, 250.31
2026/09/07 02:08:42.580, 0, 97, 34359, 202.90
2026/09/07 02:08:42.583, 1, 57, 108572, 251.40
2026/09/07 02:08:43.584, 0, 86, 34359, 226.51
2026/09/07 02:08:43.587, 1, 63, 108572, 238.85
2026/09/07 02:08:44.589, 0, 0, 34359, 205.93
2026/09/07 02:08:44.591, 1, 62, 108572, 247.08
2026/09/07 02:08:45.593, 0, 26, 34359, 254.96
2026/09/07 02:08:45.597, 1, 62, 108572, 249.56
2026/09/07 02:08:46.598, 0, 38, 34359, 245.23
2026/09/07 02:08:46.601, 1, 58, 108572, 251.88
2026/09/07 02:08:47.603, 0, 52, 34359, 257.31
2026/09/07 02:08:47.633, 1, 62, 108572, 258.18
2026/09/07 02:08:48.636, 0, 68, 35011, 223.66
2026/09/07 02:08:48.638, 1, 64, 108572, 257.72
2026/09/07 02:08:49.640, 0, 0, 35011, 258.84
2026/09/07 02:08:49.642, 1, 66, 108572, 256.62
2026/09/07 02:08:50.644, 0, 77, 35011, 253.61
2026/09/07 02:08:50.646, 1, 60, 108572, 251.01
2026/09/07 02:08:51.648, 0, 21, 35011, 225.30
2026/09/07 02:08:51.651, 1, 66, 108572, 254.19
2026/09/07 02:08:52.653, 0, 100, 35597, 471.76
2026/09/07 02:08:52.656, 1, 62, 108572, 261.36
2026/09/07 02:08:53.658, 0, 0, 35597, 245.15
2026/09/07 02:08:53.661, 1, 63, 108572, 258.06
2026/09/07 02:08:54.663, 0, 93, 35597, 229.70
2026/09/07 02:08:54.666, 1, 57, 108572, 249.97
2026/09/07 02:08:55.668, 0, 98, 35597, 271.83
2026/09/07 02:08:55.670, 1, 61, 108572, 254.69
2026/09/07 02:08:56.673, 0, 84, 35597, 227.52
2026/09/07 02:08:56.676, 1, 65, 108572, 252.45
2026/09/07 02:08:57.678, 0, 0, 35597, 240.67
2026/09/07 02:08:57.682, 1, 59, 108572, 251.87
2026/09/07 02:08:58.685, 0, 0, 35597, 164.49
2026/09/07 02:08:58.687, 1, 60, 108572, 250.14
2026/09/07 02:08:59.689, 0, 30, 35597, 232.74
2026/09/07 02:08:59.691, 1, 60, 108572, 250.17
2026/09/07 02:09:00.693, 0, 0, 37899, 399.81
2026/09/07 02:09:00.699, 1, 55, 108572, 244.76
2026/09/07 02:09:01.702, 0, 0, 37899, 237.95
2026/09/07 02:09:01.707, 1, 62, 108572, 253.61
2026/09/07 02:09:02.718, 0, 65, 37899, 201.59
2026/09/07 02:09:02.721, 1, 60, 108572, 251.75
2026/09/07 02:09:03.723, 0, 0, 37899, 173.55
2026/09/07 02:09:03.726, 1, 57, 108572, 253.89
2026/09/07 02:09:04.727, 0, 0, 37899, 158.12
2026/09/07 02:09:04.730, 1, 62, 108572, 248.86
2026/09/07 02:09:05.733, 0, 97, 37899, 264.29
2026/09/07 02:09:05.737, 1, 62, 108572, 255.41
2026/09/07 02:09:06.741, 0, 98, 37899, 201.19
2026/09/07 02:09:06.744, 1, 57, 108572, 256.28
2026/09/07 02:09:07.747, 0, 0, 37899, 133.25
2026/09/07 02:09:07.749, 1, 61, 108572, 262.48
2026/09/07 02:09:08.752, 0, 0, 37899, 161.11
2026/09/07 02:09:08.754, 1, 57, 108572, 259.33
2026/09/07 02:09:09.756, 0, 0, 37899, 123.48
2026/09/07 02:09:09.758, 1, 58, 108572, 262.04
2026/09/07 02:09:10.760, 0, 0, 37899, 123.49
2026/09/07 02:09:10.763, 1, 49, 108572, 255.76
2026/09/07 02:09:11.765, 0, 0, 37899, 123.29
2026/09/07 02:09:11.767, 1, 54, 108572, 251.48
2026/09/07 02:09:12.770, 0, 0, 37899, 242.71
2026/09/07 02:09:12.773, 1, 52, 108572, 254.17
2026/09/07 02:09:13.776, 0, 0, 37899, 204.40
2026/09/07 02:09:13.778, 1, 58, 108572, 256.29
2026/09/07 02:09:14.781, 0, 52, 37899, 160.26
2026/09/07 02:09:14.784, 1, 51, 108572, 246.90
2026/09/07 02:09:15.786, 0, 63, 37899, 248.25
2026/09/07 02:09:15.788, 1, 48, 108572, 249.66
2026/09/07 02:09:16.790, 0, 87, 37899, 201.36
2026/09/07 02:09:16.792, 1, 57, 108572, 255.79
2026/09/07 02:09:17.795, 0, 0, 37901, 269.02
2026/09/07 02:09:17.798, 1, 56, 108572, 254.75
2026/09/07 02:09:18.801, 0, 2, 37901, 253.45
2026/09/07 02:09:18.804, 1, 55, 108572, 248.74
2026/09/07 02:09:19.806, 0, 64, 37901, 251.37
2026/09/07 02:09:19.808, 1, 55, 108572, 254.00
2026/09/07 02:09:20.810, 0, 3, 37901, 181.07
2026/09/07 02:09:20.812, 1, 58, 108572, 264.79
2026/09/07 02:09:21.814, 0, 0, 37901, 193.18
2026/09/07 02:09:21.816, 1, 57, 108572, 263.51
2026/09/07 02:09:22.818, 0, 0, 37901, 169.63
2026/09/07 02:09:22.820, 1, 50, 108572, 256.44
2026/09/07 02:09:23.822, 0, 0, 37901, 176.79
2026/09/07 02:09:23.824, 1, 52, 108572, 252.24
2026/09/07 02:09:24.825, 0, 79, 37901, 202.64
2026/09/07 02:09:24.827, 1, 57, 108572, 260.69
2026/09/07 02:09:25.829, 0, 0, 37901, 147.50
2026/09/07 02:09:25.831, 1, 50, 108572, 256.02
2026/09/07 02:09:26.833, 0, 0, 37901, 158.25
2026/09/07 02:09:26.837, 1, 56, 108572, 254.59
2026/09/07 02:09:27.840, 0, 0, 37901, 163.73
2026/09/07 02:09:27.842, 1, 47, 108572, 248.99
2026/09/07 02:09:28.844, 0, 25, 37901, 169.95
2026/09/07 02:09:28.847, 1, 49, 108572, 256.56
2026/09/07 02:09:29.848, 0, 0, 37901, 124.99
2026/09/07 02:09:29.852, 1, 50, 108572, 258.26
2026/09/07 02:09:30.864, 0, 0, 37901, 123.41
2026/09/07 02:09:30.867, 1, 55, 108572, 256.27
2026/09/07 02:09:31.871, 0, 0, 37901, 168.65
2026/09/07 02:09:31.873, 1, 48, 108572, 257.78
2026/09/07 02:09:32.875, 0, 0, 37901, 149.15
2026/09/07 02:09:32.877, 1, 54, 108572, 251.86
2026/09/07 02:09:33.879, 0, 0, 37901, 149.68
2026/09/07 02:09:33.887, 1, 57, 108572, 262.60
2026/09/07 02:09:34.889, 0, 86, 39121, 554.95
2026/09/07 02:09:34.963, 1, 51, 108572, 266.51
2026/09/07 02:09:35.966, 0, 0, 39123, 329.12
2026/09/07 02:09:35.968, 1, 52, 108572, 258.82
2026/09/07 02:09:36.970, 0, 64, 39123, 212.98
2026/09/07 02:09:36.973, 1, 56, 108572, 261.55
2026/09/07 02:09:37.977, 0, 67, 39123, 184.18
2026/09/07 02:09:37.979, 1, 45, 108572, 247.07
2026/09/07 02:09:38.982, 0, 70, 39123, 164.78
2026/09/07 02:09:38.986, 1, 50, 108572, 249.63
2026/09/07 02:09:39.989, 0, 0, 39123, 160.61
2026/09/07 02:09:39.991, 1, 57, 108572, 253.24
2026/09/07 02:09:40.994, 0, 0, 39123, 173.08
2026/09/07 02:09:40.997, 1, 55, 108572, 258.02
2026/09/07 02:09:41.999, 0, 67, 39123, 152.01
2026/09/07 02:09:42.002, 1, 57, 108572, 261.45
2026/09/07 02:09:43.005, 0, 0, 39123, 157.07
2026/09/07 02:09:43.009, 1, 43, 108572, 255.77
2026/09/07 02:09:44.012, 0, 0, 39123, 145.75
2026/09/07 02:09:44.017, 1, 46, 108572, 241.16
2026/09/07 02:09:45.025, 0, 0, 39123, 143.16
2026/09/07 02:09:45.032, 1, 37, 108572, 231.83
2026/09/07 02:09:46.037, 0, 0, 39123, 123.04
2026/09/07 02:09:46.049, 1, 43, 108572, 230.21
2026/09/07 02:09:47.059, 0, 0, 39123, 159.26
2026/09/07 02:09:47.064, 1, 39, 108572, 222.06
2026/09/07 02:09:48.071, 0, 0, 39123, 122.96
2026/09/07 02:09:48.077, 1, 39, 108572, 218.79
2026/09/07 02:09:49.082, 0, 0, 39123, 144.96
2026/09/07 02:09:49.095, 1, 43, 108572, 221.14
2026/09/07 02:09:50.100, 0, 56, 39123, 153.99
2026/09/07 02:09:50.108, 1, 39, 108572, 224.54
2026/09/07 02:09:51.116, 0, 75, 39123, 391.72
2026/09/07 02:09:51.149, 1, 45, 108572, 224.35
2026/09/07 02:09:52.164, 0, 0, 40003, 609.01
2026/09/07 02:09:52.168, 1, 39, 108572, 228.99
2026/09/07 02:09:53.172, 0, 0, 40003, 198.31
2026/09/07 02:09:53.177, 1, 39, 108572, 230.46
2026/09/07 02:09:54.181, 0, 100, 40003, 209.32
2026/09/07 02:09:54.186, 1, 43, 108572, 226.72
2026/09/07 02:09:55.190, 0, 31, 40003, 197.15
2026/09/07 02:09:55.195, 1, 41, 108572, 225.32
2026/09/07 02:09:56.199, 0, 0, 40003, 123.96
2026/09/07 02:09:56.203, 1, 42, 108572, 226.67
2026/09/07 02:09:57.212, 0, 0, 40003, 163.01
2026/09/07 02:09:57.216, 1, 39, 108572, 221.74
2026/09/07 02:09:58.219, 0, 0, 40003, 271.46
2026/09/07 02:09:58.224, 1, 48, 108572, 228.64
2026/09/07 02:09:59.227, 0, 0, 40003, 177.01
2026/09/07 02:09:59.230, 1, 39, 108572, 228.93
2026/09/07 02:10:00.234, 0, 0, 40003, 169.29
2026/09/07 02:10:00.239, 1, 0, 108572, 118.13
2026/09/07 02:10:01.243, 0, 0, 40003, 165.41
2026/09/07 02:10:01.246, 1, 0, 108572, 117.81
2026/09/07 02:10:02.249, 0, 0, 40003, 123.65
2026/09/07 02:10:02.287, 1, 0, 108572, 117.64
2026/09/07 02:10:03.308, 0, 0, 40003, 123.10
2026/09/07 02:10:03.335, 1, 0, 108572, 117.51
2026/09/07 02:10:04.359, 0, 0, 40003, 123.00
2026/09/07 02:10:04.366, 1, 0, 108572, 117.43
2026/09/07 02:10:05.370, 0, 27, 40003, 243.12
2026/09/07 02:10:05.410, 1, 0, 108572, 117.30
2026/09/07 02:10:06.424, 0, 0, 40003, 171.98
2026/09/07 02:10:06.446, 1, 0, 108572, 117.26
2026/09/07 02:10:07.464, 0, 0, 40003, 164.44
2026/09/07 02:10:07.485, 1, 0, 108572, 117.15
2026/09/07 02:10:08.528, 0, 78, 40003, 254.47
2026/09/07 02:10:08.533, 1, 0, 108572, 117.09
2026/09/07 02:10:09.538, 0, 1, 40003, 207.04
2026/09/07 02:10:09.544, 1, 0, 108572, 117.01
2026/09/07 02:10:10.550, 0, 47, 40003, 219.95
2026/09/07 02:10:10.557, 1, 0, 108572, 116.92
2026/09/07 02:10:11.560, 0, 43, 40003, 250.87
2026/09/07 02:10:11.564, 1, 0, 108572, 116.88
2026/09/07 02:10:12.567, 0, 0, 40003, 226.45
2026/09/07 02:10:12.577, 1, 0, 108572, 116.83
2026/09/07 02:10:13.583, 0, 0, 40003, 259.97
2026/09/07 02:10:13.586, 1, 0, 108572, 116.80
2026/09/07 02:10:14.591, 0, 0, 40003, 169.25
2026/09/07 02:10:14.596, 1, 0, 108572, 116.69
2026/09/07 02:10:15.603, 0, 94, 40003, 234.32
2026/09/07 02:10:15.614, 1, 0, 108572, 116.66
2026/09/07 02:10:16.619, 0, 15, 40003, 194.31
2026/09/07 02:10:16.622, 1, 0, 108572, 116.60
2026/09/07 02:10:17.627, 0, 0, 40003, 178.31
2026/09/07 02:10:17.631, 1, 0, 108572, 116.57
2026/09/07 02:10:18.634, 0, 90, 40003, 172.65
2026/09/07 02:10:18.637, 1, 0, 108572, 116.57
2026/09/07 02:10:19.640, 0, 0, 40003, 160.14
2026/09/07 02:10:19.642, 1, 0, 108572, 116.56
2026/09/07 02:10:20.645, 0, 0, 40003, 148.29
2026/09/07 02:10:20.647, 1, 0, 108572, 116.51
2026/09/07 02:10:21.649, 0, 0, 40003, 159.30
2026/09/07 02:10:21.652, 1, 0, 108572, 116.49
2026/09/07 02:10:22.654, 0, 44, 40005, 190.83
2026/09/07 02:10:22.657, 1, 0, 108572, 116.43
2026/09/07 02:10:23.658, 0, 0, 40005, 147.36
2026/09/07 02:10:23.661, 1, 0, 108572, 116.37
2026/09/07 02:10:24.663, 0, 0, 40005, 123.57
2026/09/07 02:10:24.671, 1, 0, 108572, 116.38
2026/09/07 02:10:25.673, 0, 0, 40005, 165.10
2026/09/07 02:10:25.676, 1, 0, 108572, 116.32
2026/09/07 02:10:26.678, 0, 0, 40005, 135.27
2026/09/07 02:10:26.698, 1, 0, 108572, 116.27
2026/09/07 02:10:27.702, 0, 0, 40005, 150.13
2026/09/07 02:10:27.705, 1, 0, 108572, 116.23
2026/09/07 02:10:28.708, 0, 36, 40005, 196.36
2026/09/07 02:10:28.711, 1, 0, 108572, 116.18
2026/09/07 02:10:29.713, 0, 98, 40005, 689.33
2026/09/07 02:10:29.720, 1, 0, 108572, 116.03
2026/09/07 02:10:30.724, 0, 0, 40005, 577.34
2026/09/07 02:10:30.726, 1, 0, 108572, 116.03
2026/09/07 02:10:31.730, 0, 0, 40005, 185.57
2026/09/07 02:10:31.743, 1, 0, 108572, 116.13
2026/09/07 02:10:32.751, 0, 26, 40005, 207.43
2026/09/07 02:10:32.753, 1, 0, 108572, 116.12
2026/09/07 02:10:33.755, 0, 0, 40005, 156.55
2026/09/07 02:10:33.758, 1, 0, 108572, 116.06
2026/09/07 02:10:34.760, 0, 100, 40005, 222.99
2026/09/07 02:10:34.763, 1, 0, 108572, 116.04
2026/09/07 02:10:35.765, 0, 0, 40005, 164.15
2026/09/07 02:10:35.768, 1, 0, 108572, 116.04
2026/09/07 02:10:36.770, 0, 0, 40005, 146.48
2026/09/07 02:10:36.773, 1, 0, 108572, 116.00
2026/09/07 02:10:37.776, 0, 0, 40005, 157.14
2026/09/07 02:10:37.779, 1, 0, 108572, 116.00
2026/09/07 02:10:38.781, 0, 0, 40005, 168.89
2026/09/07 02:10:38.789, 1, 0, 108572, 115.97
2026/09/07 02:10:39.792, 0, 0, 40005, 165.92
2026/09/07 02:10:39.795, 1, 0, 108572, 115.96
2026/09/07 02:10:40.799, 0, 0, 40005, 123.64
2026/09/07 02:10:40.821, 1, 0, 108572, 115.95
2026/09/07 02:10:41.824, 0, 0, 40005, 123.38
2026/09/07 02:10:41.827, 1, 0, 108572, 115.85
2026/09/07 02:10:42.831, 0, 0, 40005, 168.19
2026/09/07 02:10:42.835, 1, 0, 108572, 115.83
2026/09/07 02:10:43.837, 0, 0, 40005, 123.26
2026/09/07 02:10:43.844, 1, 0, 108572, 115.84
2026/09/07 02:10:44.847, 0, 0, 40005, 149.51
2026/09/07 02:10:44.852, 1, 0, 108572, 115.78
2026/09/07 02:10:45.855, 0, 0, 40005, 150.47
2026/09/07 02:10:45.897, 1, 0, 108572, 115.79
2026/09/07 02:10:46.905, 0, 100, 40005, 337.58
2026/09/07 02:10:46.911, 1, 0, 108572, 115.74
2026/09/07 02:10:47.914, 0, 100, 40609, 287.59
2026/09/07 02:10:47.917, 1, 0, 108572, 115.72
2026/09/07 02:10:48.920, 0, 100, 40609, 126.34
2026/09/07 02:10:48.927, 1, 0, 108572, 115.73
2026/09/07 02:10:49.929, 0, 31, 40789, 124.35
2026/09/07 02:10:49.935, 1, 0, 108572, 115.72
2026/09/07 02:10:50.941, 0, 24, 40789, 123.56
2026/09/07 02:10:50.946, 1, 0, 108572, 115.70
2026/09/07 02:10:51.954, 0, 42, 40789, 124.86
2026/09/07 02:10:51.958, 1, 0, 108572, 115.71
2026/09/07 02:10:52.962, 0, 4, 43215, 126.12
2026/09/07 02:10:52.964, 1, 0, 108572, 115.71
2026/09/07 02:10:53.967, 0, 24, 33299, 123.03
2026/09/07 02:10:53.970, 1, 0, 108572, 115.71
2026/09/07 02:10:54.973, 0, 6, 31881, 122.44
2026/09/07 02:10:54.975, 1, 0, 108572, 115.71
2026/09/07 02:10:55.977, 0, 0, 31843, 122.36
2026/09/07 02:10:55.979, 1, 0, 108572, 115.65
2026/09/07 02:10:56.981, 0, 100, 31857, 123.55
2026/09/07 02:10:56.999, 1, 0, 108572, 115.63
2026/09/07 02:10:58.004, 0, 30, 36007, 125.23
2026/09/07 02:10:58.007, 1, 0, 108572, 115.55
2026/09/07 02:10:59.009, 0, 100, 36007, 123.11
2026/09/07 02:10:59.011, 1, 0, 108572, 115.54
2026/09/07 02:11:00.014, 0, 22, 36007, 124.37
2026/09/07 02:11:00.016, 1, 0, 108572, 115.59
2026/09/07 02:11:01.019, 0, 22, 36007, 122.19
2026/09/07 02:11:01.025, 1, 0, 108572, 115.59
2026/09/07 02:11:02.027, 0, 23, 36007, 122.06
2026/09/07 02:11:02.030, 1, 0, 108572, 115.60
2026/09/07 02:11:03.032, 0, 23, 36007, 122.01
2026/09/07 02:11:03.034, 1, 0, 108572, 115.58
2026/09/07 02:11:04.037, 0, 9, 62659, 253.87
2026/09/07 02:11:04.039, 1, 0, 108572, 115.53
2026/09/07 02:11:05.041, 0, 30, 63171, 150.85
2026/09/07 02:11:05.044, 1, 0, 108572, 115.54
2026/09/07 02:11:06.047, 0, 9, 63171, 140.59
2026/09/07 02:11:06.049, 1, 0, 108572, 115.49
2026/09/07 02:11:07.050, 0, 31, 70251, 274.55
2026/09/07 02:11:07.056, 1, 0, 108572, 115.46
2026/09/07 02:11:08.061, 0, 9, 71465, 474.53
2026/09/07 02:11:08.063, 1, 0, 108572, 115.40
2026/09/07 02:11:09.065, 0, 9, 71465, 143.46
2026/09/07 02:11:09.070, 1, 0, 108572, 115.42
2026/09/07 02:11:10.072, 0, 100, 71471, 347.72
2026/09/07 02:11:10.080, 1, 0, 108572, 115.42
2026/09/07 02:11:11.081, 0, 18, 71471, 207.84
2026/09/07 02:11:11.092, 1, 0, 108572, 115.45
2026/09/07 02:11:12.098, 0, 9, 71471, 333.89
2026/09/07 02:11:12.105, 1, 0, 108572, 115.37
2026/09/07 02:11:13.110, 0, 14, 71471, 145.27
2026/09/07 02:11:13.116, 1, 0, 108572, 115.39
2026/09/07 02:11:14.121, 0, 9, 71471, 132.23
2026/09/07 02:11:14.128, 1, 0, 108572, 115.35
2026/09/07 02:11:15.133, 0, 12, 71471, 161.86
2026/09/07 02:11:15.135, 1, 0, 108572, 115.43
2026/09/07 02:11:16.137, 0, 100, 71711, 468.79
2026/09/07 02:11:16.143, 1, 0, 108572, 115.36
2026/09/07 02:11:17.174, 0, 10, 103239, 370.96
2026/09/07 02:11:17.178, 1, 0, 108572, 115.35
2026/09/07 02:11:18.181, 0, 12, 103239, 129.79
2026/09/07 02:11:18.186, 1, 0, 108572, 115.35
2026/09/07 02:11:19.188, 0, 29, 103239, 161.82
2026/09/07 02:11:19.190, 1, 0, 108572, 115.38
2026/09/07 02:11:20.192, 0, 9, 103239, 122.77
2026/09/07 02:11:20.194, 1, 0, 108572, 115.34
2026/09/07 02:11:21.195, 0, 28, 103239, 185.07
2026/09/07 02:11:21.197, 1, 0, 108572, 115.35
2026/09/07 02:11:22.199, 0, 100, 103239, 419.67
2026/09/07 02:11:22.202, 1, 0, 108572, 115.26
2026/09/07 02:11:23.204, 0, 9, 103239, 529.69
2026/09/07 02:11:23.208, 1, 0, 108572, 115.27
2026/09/07 02:11:24.217, 0, 25, 103239, 143.31
2026/09/07 02:11:24.219, 1, 0, 108572, 115.29
2026/09/07 02:11:25.225, 0, 9, 103239, 136.01
2026/09/07 02:11:25.228, 1, 0, 108572, 115.28
2026/09/07 02:11:26.230, 0, 20, 103239, 149.56
2026/09/07 02:11:26.235, 1, 0, 108572, 115.28
2026/09/07 02:11:27.237, 0, 22, 103239, 160.52
2026/09/07 02:11:27.239, 1, 0, 108572, 115.34
2026/09/07 02:11:28.241, 0, 100, 103239, 642.03
2026/09/07 02:11:28.251, 1, 0, 108572, 115.22
2026/09/07 02:11:29.262, 0, 8, 103239, 129.84
2026/09/07 02:11:29.269, 1, 0, 108572, 115.29
2026/09/07 02:11:30.277, 0, 9, 103239, 148.75
2026/09/07 02:11:30.289, 1, 0, 108572, 115.22
2026/09/07 02:11:31.299, 0, 27, 103239, 141.64
2026/09/07 02:11:31.318, 1, 0, 108572, 115.24
2026/09/07 02:11:32.323, 0, 18, 103239, 156.83
2026/09/07 02:11:32.329, 1, 0, 108572, 115.21
2026/09/07 02:11:33.342, 0, 100, 103239, 481.42
2026/09/07 02:11:33.350, 1, 0, 108572, 115.20
2026/09/07 02:11:34.359, 0, 100, 104021, 181.95
2026/09/07 02:11:34.364, 1, 0, 108572, 115.21
2026/09/07 02:11:35.368, 0, 30, 104021, 125.37
2026/09/07 02:11:35.373, 1, 0, 108572, 115.23
2026/09/07 02:11:36.382, 0, 18, 104023, 123.98
2026/09/07 02:11:36.386, 1, 0, 108572, 115.20
2026/09/07 02:11:37.392, 0, 35, 104023, 123.38
2026/09/07 02:11:37.407, 1, 0, 108572, 115.18
2026/09/07 02:11:38.411, 0, 40, 104023, 123.46
2026/09/07 02:11:38.442, 1, 0, 108572, 115.18
2026/09/07 02:11:39.448, 0, 0, 106449, 122.99
2026/09/07 02:11:39.463, 1, 0, 108572, 115.21
2026/09/07 02:11:40.472, 0, 100, 106449, 124.53
2026/09/07 02:11:40.483, 1, 0, 108572, 115.18
2026/09/07 02:11:41.490, 0, 0, 106449, 123.76
2026/09/07 02:11:41.496, 1, 0, 108572, 115.17
2026/09/07 02:11:42.502, 0, 0, 83181, 122.29
2026/09/07 02:11:42.507, 1, 0, 108572, 115.21
2026/09/07 02:11:43.514, 0, 0, 36007, 125.79
2026/09/07 02:11:43.544, 1, 0, 108572, 115.13
2026/09/07 02:11:44.580, 0, 0, 36005, 121.82
2026/09/07 02:11:44.613, 1, 0, 108572, 115.17
2026/09/07 02:11:45.638, 0, 0, 35769, 121.69
2026/09/07 02:11:45.643, 1, 0, 108572, 115.15
2026/09/07 02:11:46.647, 0, 0, 35769, 121.60
2026/09/07 02:11:46.658, 1, 0, 108572, 115.14
2026/09/07 02:11:47.667, 0, 0, 35769, 121.49
2026/09/07 02:11:47.672, 1, 0, 108572, 115.13
2026/09/07 02:11:48.676, 0, 0, 35769, 121.44
2026/09/07 02:11:48.687, 1, 0, 108572, 115.12
2026/09/07 02:11:49.696, 0, 0, 35769, 121.43
2026/09/07 02:11:49.698, 1, 0, 108572, 115.13
2026/09/07 02:11:50.701, 0, 0, 35769, 121.35
2026/09/07 02:11:50.709, 1, 0, 108572, 115.12
2026/09/07 02:11:51.719, 0, 6, 35773, 121.36
2026/09/07 02:11:51.750, 1, 0, 108572, 115.11
2026/09/07 02:11:52.758, 0, 100, 35773, 121.97
2026/09/07 02:11:52.800, 1, 0, 108572, 115.14
2026/09/07 02:11:53.816, 0, 100, 35773, 121.90
2026/09/07 02:11:53.840, 1, 0, 108572, 115.12
2026/09/07 02:11:54.868, 0, 100, 32255, 122.04
2026/09/07 02:11:54.880, 1, 0, 108572, 115.13
2026/09/07 02:11:55.895, 0, 49, 7789, 122.48
2026/09/07 02:11:55.903, 1, 0, 108572, 115.09
2026/09/07 02:11:56.906, 0, 0, 11543, 122.38
2026/09/07 02:11:56.910, 1, 0, 108572, 115.09
2026/09/07 02:11:57.918, 0, 0, 36007, 121.13
2026/09/07 02:11:57.924, 1, 0, 108572, 115.10
2026/09/07 02:11:58.926, 0, 100, 36007, 122.87
2026/09/07 02:11:58.935, 1, 0, 108572, 115.07
2026/09/07 02:11:59.939, 0, 9, 36677, 132.26
2026/09/07 02:11:59.941, 1, 51, 110106, 129.15
2026/09/07 02:12:00.944, 0, 4, 36677, 152.05
2026/09/07 02:12:00.947, 1, 76, 110106, 151.06
2026/09/07 02:12:01.951, 0, 0, 36617, 124.82
2026/09/07 02:12:01.955, 1, 0, 108890, 118.31
2026/09/07 02:12:02.958, 0, 1, 36005, 121.08
2026/09/07 02:12:02.965, 1, 0, 108280, 115.26
2026/09/07 02:12:03.969, 0, 0, 35769, 121.08
2026/09/07 02:12:03.978, 1, 0, 108280, 115.16
2026/09/07 02:12:04.993, 0, 0, 35769, 120.90
2026/09/07 02:12:04.997, 1, 0, 108280, 115.18
2026/09/07 02:12:06.001, 0, 0, 35769, 120.89
2026/09/07 02:12:06.008, 1, 0, 108280, 115.20
2026/09/07 02:12:07.010, 0, 100, 35773, 121.61
2026/09/07 02:12:07.021, 1, 0, 108280, 115.15
2026/09/07 02:12:08.027, 0, 46, 16755, 123.24
2026/09/07 02:12:08.031, 1, 0, 108302, 115.26
2026/09/07 02:12:09.041, 0, 0, 32789, 122.62
2026/09/07 02:12:09.044, 1, 43, 108566, 140.50
2026/09/07 02:12:10.049, 0, 0, 33191, 120.71
2026/09/07 02:12:10.052, 1, 50, 108566, 215.64
2026/09/07 02:12:11.054, 0, 0, 35797, 432.55
2026/09/07 02:12:11.058, 1, 52, 108566, 211.17
2026/09/07 02:12:12.062, 0, 0, 35797, 211.16
2026/09/07 02:12:12.068, 1, 45, 108566, 207.66
2026/09/07 02:12:13.072, 0, 0, 35797, 221.43
2026/09/07 02:12:13.074, 1, 49, 108566, 210.74
2026/09/07 02:12:14.077, 0, 67, 35797, 238.66
2026/09/07 02:12:14.083, 1, 54, 108566, 221.49
2026/09/07 02:12:15.086, 0, 86, 35797, 225.60
2026/09/07 02:12:15.091, 1, 45, 108566, 223.07
2026/09/07 02:12:16.093, 0, 0, 35797, 171.73
2026/09/07 02:12:16.097, 1, 49, 108566, 213.21
2026/09/07 02:12:17.101, 0, 0, 35797, 225.62
2026/09/07 02:12:17.103, 1, 45, 108566, 214.72
2026/09/07 02:12:18.106, 0, 0, 35797, 171.38
2026/09/07 02:12:18.111, 1, 48, 108566, 216.69
2026/09/07 02:12:19.113, 0, 0, 35797, 163.90
2026/09/07 02:12:19.116, 1, 47, 108566, 222.79
2026/09/07 02:12:20.122, 0, 0, 35797, 226.26
2026/09/07 02:12:20.125, 1, 48, 108566, 208.84
2026/09/07 02:12:21.129, 0, 0, 35797, 201.40
2026/09/07 02:12:21.132, 1, 46, 108566, 216.41
2026/09/07 02:12:22.134, 0, 71, 35797, 190.80
2026/09/07 02:12:22.147, 1, 50, 108566, 215.17
2026/09/07 02:12:23.150, 0, 58, 35797, 157.68
2026/09/07 02:12:23.156, 1, 47, 108566, 214.67
2026/09/07 02:12:24.163, 0, 0, 35797, 121.33
2026/09/07 02:12:24.170, 1, 45, 108566, 215.94
2026/09/07 02:12:25.172, 0, 0, 35797, 121.26
2026/09/07 02:12:25.175, 1, 51, 108566, 220.40
2026/09/07 02:12:26.179, 0, 0, 35797, 198.35
2026/09/07 02:12:26.182, 1, 39, 108566, 211.19
2026/09/07 02:12:27.186, 0, 20, 35797, 198.88
2026/09/07 02:12:27.189, 1, 50, 108566, 216.37
2026/09/07 02:12:28.197, 0, 0, 35797, 158.19
2026/09/07 02:12:28.199, 1, 45, 108566, 211.39
2026/09/07 02:12:29.201, 0, 0, 35797, 187.25
2026/09/07 02:12:29.208, 1, 47, 108566, 214.25
2026/09/07 02:12:30.211, 0, 0, 35797, 194.49
2026/09/07 02:12:30.215, 1, 51, 108566, 215.33
2026/09/07 02:12:31.220, 0, 0, 35797, 192.39
2026/09/07 02:12:31.223, 1, 47, 108566, 229.28
2026/09/07 02:12:32.226, 0, 0, 35797, 212.56
2026/09/07 02:12:32.229, 1, 45, 108566, 216.91
2026/09/07 02:12:33.236, 0, 0, 35797, 220.04
2026/09/07 02:12:33.241, 1, 47, 108566, 223.98
2026/09/07 02:12:34.244, 0, 0, 35797, 177.18
2026/09/07 02:12:34.249, 1, 46, 108566, 211.85
2026/09/07 02:12:35.251, 0, 0, 35797, 198.68
2026/09/07 02:12:35.258, 1, 0, 108566, 173.76
2026/09/07 02:12:36.261, 0, 87, 35797, 241.05
2026/09/07 02:12:36.263, 1, 60, 108566, 180.05
2026/09/07 02:12:37.265, 0, 0, 35797, 227.90
2026/09/07 02:12:37.268, 1, 59, 108566, 247.97
2026/09/07 02:12:38.269, 0, 0, 35797, 226.41
2026/09/07 02:12:38.271, 1, 58, 108566, 251.46
2026/09/07 02:12:39.273, 0, 0, 35797, 222.96
2026/09/07 02:12:39.276, 1, 61, 108566, 250.19
2026/09/07 02:12:40.278, 0, 0, 35797, 235.18
2026/09/07 02:12:40.280, 1, 52, 108566, 246.88
2026/09/07 02:12:41.282, 0, 52, 36315, 644.02
2026/09/07 02:12:41.284, 1, 57, 108566, 254.43
2026/09/07 02:12:42.286, 0, 100, 41129, 673.84
2026/09/07 02:12:42.288, 1, 60, 108566, 249.58
2026/09/07 02:12:43.290, 0, 100, 41129, 690.91
2026/09/07 02:12:43.292, 1, 60, 108566, 251.35
2026/09/07 02:12:44.294, 0, 0, 41129, 343.04
2026/09/07 02:12:44.296, 1, 55, 108566, 251.32
2026/09/07 02:12:45.298, 0, 0, 41129, 198.92
2026/09/07 02:12:45.301, 1, 64, 108566, 248.42
2026/09/07 02:12:46.304, 0, 55, 41129, 258.97
2026/09/07 02:12:46.306, 1, 64, 108566, 247.53
2026/09/07 02:12:47.308, 0, 0, 41129, 123.62
2026/09/07 02:12:47.311, 1, 60, 108566, 251.09
2026/09/07 02:12:48.313, 0, 0, 41129, 209.77
2026/09/07 02:12:48.316, 1, 59, 108566, 243.23
2026/09/07 02:12:49.320, 0, 42, 41129, 263.30
2026/09/07 02:12:49.323, 1, 64, 108566, 255.73
2026/09/07 02:12:50.324, 0, 0, 41129, 167.18
2026/09/07 02:12:50.330, 1, 64, 108566, 253.79
2026/09/07 02:12:51.332, 0, 0, 41129, 165.55
2026/09/07 02:12:51.335, 1, 64, 108566, 255.46
2026/09/07 02:12:52.336, 0, 0, 41129, 123.27
2026/09/07 02:12:52.340, 1, 59, 108566, 254.73
2026/09/07 02:12:53.347, 0, 0, 41129, 123.09
2026/09/07 02:12:53.349, 1, 64, 108566, 255.65
2026/09/07 02:12:54.352, 0, 0, 41129, 122.97
2026/09/07 02:12:54.356, 1, 62, 108566, 251.70
2026/09/07 02:12:55.358, 0, 0, 41129, 221.42
2026/09/07 02:12:55.361, 1, 61, 108566, 254.90
2026/09/07 02:12:56.362, 0, 28, 41129, 237.28
2026/09/07 02:12:56.364, 1, 61, 108566, 261.43
2026/09/07 02:12:57.366, 0, 0, 41129, 148.79
2026/09/07 02:12:57.368, 1, 62, 108566, 257.35
2026/09/07 02:12:58.370, 0, 41, 41129, 295.04
2026/09/07 02:12:58.373, 1, 68, 108566, 257.60
2026/09/07 02:12:59.376, 0, 100, 41131, 226.22
2026/09/07 02:12:59.378, 1, 57, 108566, 254.50
2026/09/07 02:13:00.381, 0, 1, 41131, 281.14
2026/09/07 02:13:00.387, 1, 61, 108566, 264.29
2026/09/07 02:13:01.398, 0, 95, 41131, 294.29
2026/09/07 02:13:01.400, 1, 64, 108566, 260.96
2026/09/07 02:13:02.402, 0, 0, 41131, 257.77
2026/09/07 02:13:02.409, 1, 64, 108566, 260.29
2026/09/07 02:13:03.413, 0, 0, 41131, 185.62
2026/09/07 02:13:03.415, 1, 58, 108566, 252.76
2026/09/07 02:13:04.417, 0, 60, 41131, 209.91
2026/09/07 02:13:04.422, 1, 60, 108566, 258.63
2026/09/07 02:13:05.432, 0, 0, 41131, 176.06
2026/09/07 02:13:05.434, 1, 59, 108566, 257.27
2026/09/07 02:13:06.436, 0, 97, 41131, 208.13
2026/09/07 02:13:06.439, 1, 64, 108566, 257.89
2026/09/07 02:13:07.443, 0, 11, 41131, 182.30
2026/09/07 02:13:07.445, 1, 59, 108566, 251.24
2026/09/07 02:13:08.447, 0, 0, 41131, 125.08
2026/09/07 02:13:08.454, 1, 61, 108566, 257.31
2026/09/07 02:13:09.458, 0, 0, 41131, 158.26
2026/09/07 02:13:09.460, 1, 62, 108566, 256.75
2026/09/07 02:13:10.463, 0, 55, 41131, 190.85
2026/09/07 02:13:10.468, 1, 60, 108566, 251.30
2026/09/07 02:13:11.479, 0, 0, 41131, 146.20
2026/09/07 02:13:11.485, 1, 63, 108566, 255.07
2026/09/07 02:13:12.487, 0, 0, 41131, 123.19
2026/09/07 02:13:12.491, 1, 59, 108566, 254.72
2026/09/07 02:13:13.497, 0, 85, 41131, 172.81
2026/09/07 02:13:13.501, 1, 65, 108566, 255.38
2026/09/07 02:13:14.504, 0, 0, 41131, 123.18
2026/09/07 02:13:14.506, 1, 67, 108566, 260.99
2026/09/07 02:13:15.509, 0, 84, 41131, 173.01
2026/09/07 02:13:15.511, 1, 61, 108566, 253.79
2026/09/07 02:13:16.513, 0, 100, 41131, 339.17
2026/09/07 02:13:16.516, 1, 64, 108566, 257.83
2026/09/07 02:13:17.518, 0, 100, 41131, 695.96
2026/09/07 02:13:17.520, 1, 63, 108566, 259.36
2026/09/07 02:13:18.523, 0, 100, 41131, 690.50
2026/09/07 02:13:18.525, 1, 64, 108566, 257.72
2026/09/07 02:13:19.530, 0, 100, 41735, 500.04
2026/09/07 02:13:19.532, 1, 65, 108566, 260.25
2026/09/07 02:13:20.535, 0, 100, 41735, 127.82
2026/09/07 02:13:20.539, 1, 65, 108566, 262.59
2026/09/07 02:13:21.544, 0, 48, 41915, 126.84
2026/09/07 02:13:21.548, 1, 46, 108566, 243.10
2026/09/07 02:13:22.550, 0, 50, 41915, 126.38
2026/09/07 02:13:22.555, 1, 57, 108566, 228.01
2026/09/07 02:13:23.563, 0, 69, 44341, 127.31
2026/09/07 02:13:23.567, 1, 61, 108566, 233.54
2026/09/07 02:13:24.569, 0, 4, 33305, 124.54
2026/09/07 02:13:24.572, 1, 63, 108566, 259.67
2026/09/07 02:13:25.576, 0, 49, 31847, 124.37
2026/09/07 02:13:25.579, 1, 62, 108566, 260.09
2026/09/07 02:13:26.581, 0, 0, 31847, 123.49
2026/09/07 02:13:26.584, 1, 58, 108566, 254.94
2026/09/07 02:13:27.587, 0, 0, 31847, 123.44
2026/09/07 02:13:27.590, 1, 58, 108566, 254.07
2026/09/07 02:13:28.593, 0, 11, 31859, 123.42
2026/09/07 02:13:28.598, 1, 61, 108566, 250.40
2026/09/07 02:13:29.602, 0, 100, 31859, 125.48
2026/09/07 02:13:29.605, 1, 55, 108566, 249.27
2026/09/07 02:13:30.608, 0, 0, 11545, 125.94
2026/09/07 02:13:30.611, 1, 60, 108566, 255.46
2026/09/07 02:13:31.615, 0, 0, 36011, 123.25
2026/09/07 02:13:31.617, 1, 60, 108566, 252.93
2026/09/07 02:13:32.620, 0, 100, 36011, 126.05
2026/09/07 02:13:32.622, 1, 62, 108566, 264.77
2026/09/07 02:13:33.624, 0, 22, 36011, 123.74
2026/09/07 02:13:33.630, 1, 60, 108566, 260.52
2026/09/07 02:13:34.632, 0, 20, 36011, 123.37
2026/09/07 02:13:34.635, 1, 58, 108566, 260.75
2026/09/07 02:13:35.637, 0, 21, 36011, 123.29
2026/09/07 02:13:35.639, 1, 63, 108566, 256.33
2026/09/07 02:13:36.641, 0, 21, 36011, 123.24
2026/09/07 02:13:36.644, 1, 62, 108566, 253.89
2026/09/07 02:13:37.646, 0, 9, 51079, 200.02
2026/09/07 02:13:37.648, 1, 61, 108566, 255.67
2026/09/07 02:13:38.650, 0, 11, 51591, 151.86
2026/09/07 02:13:38.653, 1, 62, 108566, 264.50
2026/09/07 02:13:39.657, 0, 55, 56227, 406.49
2026/09/07 02:13:39.659, 1, 62, 108566, 256.05
2026/09/07 02:13:40.662, 0, 9, 56227, 155.46
2026/09/07 02:13:40.672, 1, 62, 108566, 259.63
2026/09/07 02:13:41.676, 0, 10, 95637, 459.19
2026/09/07 02:13:41.679, 1, 60, 108566, 253.41
2026/09/07 02:13:42.681, 0, 10, 95637, 125.57
2026/09/07 02:13:42.683, 1, 62, 108566, 259.33
2026/09/07 02:13:43.685, 0, 10, 95637, 178.54
2026/09/07 02:13:43.687, 1, 62, 108566, 262.94
2026/09/07 02:13:44.689, 0, 9, 95637, 130.23
2026/09/07 02:13:44.692, 1, 62, 108566, 259.25
2026/09/07 02:13:45.693, 0, 14, 95637, 207.33
2026/09/07 02:13:45.696, 1, 57, 108566, 260.87
2026/09/07 02:13:46.698, 0, 100, 95637, 635.49
2026/09/07 02:13:46.700, 1, 60, 108566, 265.77
2026/09/07 02:13:47.702, 0, 9, 95637, 344.17
2026/09/07 02:13:47.705, 1, 62, 108566, 267.29
2026/09/07 02:13:48.708, 0, 7, 95637, 144.35
2026/09/07 02:13:48.711, 1, 59, 108566, 265.83
2026/09/07 02:13:49.713, 0, 10, 95637, 154.80
2026/09/07 02:13:49.716, 1, 56, 108566, 272.59
2026/09/07 02:13:50.719, 0, 7, 95637, 146.44
2026/09/07 02:13:50.722, 1, 59, 108566, 264.72
2026/09/07 02:13:51.724, 0, 38, 95637, 284.10
2026/09/07 02:13:51.727, 1, 60, 108566, 269.52
2026/09/07 02:13:52.730, 0, 100, 95637, 694.66
2026/09/07 02:13:52.732, 1, 59, 108566, 266.82
2026/09/07 02:13:53.735, 0, 10, 95637, 149.01
2026/09/07 02:13:53.737, 1, 56, 108566, 256.14
2026/09/07 02:13:54.739, 0, 20, 95637, 167.95
2026/09/07 02:13:54.741, 1, 57, 108566, 264.38
2026/09/07 02:13:55.745, 0, 10, 95637, 132.70
2026/09/07 02:13:55.747, 1, 56, 108566, 265.27
2026/09/07 02:13:56.749, 0, 22, 95637, 165.00
2026/09/07 02:13:56.752, 1, 58, 108566, 266.66
2026/09/07 02:13:57.754, 0, 100, 95637, 354.98
2026/09/07 02:13:57.757, 1, 58, 108566, 263.07
2026/09/07 02:13:58.759, 0, 52, 95637, 631.47
2026/09/07 02:13:58.761, 1, 62, 108566, 270.86
2026/09/07 02:13:59.764, 0, 19, 95637, 137.33
2026/09/07 02:13:59.766, 1, 56, 108566, 264.39
2026/09/07 02:14:00.767, 0, 9, 95637, 152.03
2026/09/07 02:14:00.770, 1, 59, 108566, 269.27
2026/09/07 02:14:01.772, 0, 40, 95637, 191.94
2026/09/07 02:14:01.775, 1, 59, 108566, 265.35
2026/09/07 02:14:02.777, 0, 0, 96239, 547.09
2026/09/07 02:14:02.780, 1, 55, 108566, 266.46
2026/09/07 02:14:03.781, 0, 100, 96419, 128.20
2026/09/07 02:14:03.784, 1, 59, 108566, 262.01
2026/09/07 02:14:04.787, 0, 48, 96421, 127.57
2026/09/07 02:14:04.789, 1, 51, 108566, 246.53
2026/09/07 02:14:05.792, 0, 45, 96421, 126.38
2026/09/07 02:14:05.795, 1, 43, 108566, 230.62
2026/09/07 02:14:06.798, 0, 0, 98847, 126.28
2026/09/07 02:14:06.800, 1, 20, 108566, 235.04
2026/09/07 02:14:07.803, 0, 100, 98847, 127.86
2026/09/07 02:14:07.806, 1, 58, 108566, 262.22
2026/09/07 02:14:08.809, 0, 52, 37037, 127.36
2026/09/07 02:14:08.812, 1, 59, 108566, 265.70
2026/09/07 02:14:09.814, 0, 1, 36013, 125.34
2026/09/07 02:14:09.816, 1, 58, 108566, 269.66
2026/09/07 02:14:10.819, 0, 0, 35773, 123.88
2026/09/07 02:14:10.822, 1, 55, 108566, 266.88
2026/09/07 02:14:11.825, 0, 100, 35775, 124.30
2026/09/07 02:14:11.827, 1, 59, 108566, 264.66
2026/09/07 02:14:12.829, 0, 0, 36013, 126.92
2026/09/07 02:14:12.832, 1, 51, 108566, 259.94
2026/09/07 02:14:13.834, 0, 100, 36013, 124.56
2026/09/07 02:14:13.836, 1, 55, 108566, 272.74
2026/09/07 02:14:14.839, 0, 0, 36013, 124.38
2026/09/07 02:14:14.841, 1, 0, 108566, 171.43
2026/09/07 02:14:15.844, 0, 3, 36683, 136.69
2026/09/07 02:14:15.846, 1, 68, 110104, 131.85
2026/09/07 02:14:16.848, 0, 0, 36623, 131.94
2026/09/07 02:14:16.850, 1, 0, 110030, 130.34
2026/09/07 02:14:17.852, 0, 0, 35773, 123.83
2026/09/07 02:14:17.855, 1, 0, 109772, 198.88
2026/09/07 02:14:18.858, 0, 0, 35773, 123.60
2026/09/07 02:14:18.861, 1, 54, 109774, 280.85
2026/09/07 02:14:19.863, 0, 0, 35775, 123.61
2026/09/07 02:14:19.866, 1, 56, 109774, 263.32
2026/09/07 02:14:20.868, 0, 43, 16759, 126.71
2026/09/07 02:14:20.871, 1, 0, 109774, 213.08
2026/09/07 02:14:21.873, 0, 0, 32795, 124.80
2026/09/07 02:14:21.875, 1, 66, 109802, 244.03
2026/09/07 02:14:22.878, 0, 57, 33751, 271.64
2026/09/07 02:14:22.880, 1, 59, 109802, 260.98
2026/09/07 02:14:23.882, 0, 63, 37129, 551.34
2026/09/07 02:14:23.884, 1, 52, 109802, 252.17
2026/09/07 02:14:24.886, 0, 100, 37131, 660.79
2026/09/07 02:14:24.888, 1, 62, 109802, 255.87
2026/09/07 02:14:25.891, 0, 100, 40799, 691.36
2026/09/07 02:14:25.893, 1, 64, 109802, 261.28
2026/09/07 02:14:26.896, 0, 100, 41403, 283.10
2026/09/07 02:14:26.898, 1, 55, 109802, 248.38
2026/09/07 02:14:27.902, 0, 100, 41403, 127.92
2026/09/07 02:14:27.904, 1, 66, 109802, 261.34
2026/09/07 02:14:28.906, 0, 49, 41583, 126.67
2026/09/07 02:14:28.909, 1, 47, 109802, 232.25
2026/09/07 02:14:29.911, 0, 51, 41583, 126.50
2026/09/07 02:14:29.914, 1, 51, 109802, 245.04
2026/09/07 02:14:30.916, 0, 0, 44009, 126.96
2026/09/07 02:14:30.918, 1, 54, 109802, 244.15
2026/09/07 02:14:31.920, 0, 1, 32487, 124.81
2026/09/07 02:14:31.922, 1, 60, 109802, 252.99
2026/09/07 02:14:32.924, 0, 0, 31849, 124.41
2026/09/07 02:14:32.926, 1, 64, 109802, 261.02
2026/09/07 02:14:33.929, 0, 0, 31859, 123.96
2026/09/07 02:14:33.931, 1, 59, 109802, 246.23
2026/09/07 02:14:34.934, 0, 100, 7793, 126.36
2026/09/07 02:14:34.937, 1, 57, 109802, 245.67
2026/09/07 02:14:35.938, 0, 20, 36015, 126.11
2026/09/07 02:14:35.940, 1, 2, 109802, 223.18
2026/09/07 02:14:36.943, 0, 100, 36015, 125.34
2026/09/07 02:14:36.946, 1, 59, 109802, 234.13
2026/09/07 02:14:37.948, 0, 22, 36015, 125.61
2026/09/07 02:14:37.950, 1, 57, 109802, 249.64
2026/09/07 02:14:38.953, 0, 22, 36015, 123.94
2026/09/07 02:14:38.956, 1, 62, 109802, 247.58
2026/09/07 02:14:39.958, 0, 7, 43105, 162.80
2026/09/07 02:14:39.961, 1, 59, 109802, 251.73
2026/09/07 02:14:40.963, 0, 73, 46659, 256.90
2026/09/07 02:14:40.965, 1, 55, 109802, 238.23
2026/09/07 02:14:41.967, 0, 17, 53207, 201.62
2026/09/07 02:14:41.969, 1, 63, 109802, 250.00
2026/09/07 02:14:42.971, 0, 9, 53209, 305.84
2026/09/07 02:14:42.973, 1, 59, 109802, 251.90
2026/09/07 02:14:43.975, 0, 10, 73825, 351.65
2026/09/07 02:14:43.976, 1, 50, 109802, 241.63
2026/09/07 02:14:44.978, 0, 21, 73825, 149.27
2026/09/07 02:14:44.981, 1, 53, 109802, 244.21
2026/09/07 02:14:45.982, 0, 26, 73825, 149.11
2026/09/07 02:14:45.985, 1, 55, 109802, 244.87
2026/09/07 02:14:46.986, 0, 100, 103415, 565.98
2026/09/07 02:14:46.989, 1, 56, 109802, 255.43
2026/09/07 02:14:47.992, 0, 9, 103415, 188.49
2026/09/07 02:14:47.994, 1, 51, 109802, 235.78
2026/09/07 02:14:48.996, 0, 31, 103415, 166.79
2026/09/07 02:14:48.999, 1, 59, 109802, 246.03
2026/09/07 02:14:50.001, 0, 9, 103415, 132.19
2026/09/07 02:14:50.003, 1, 60, 109802, 243.22
2026/09/07 02:14:51.005, 0, 23, 103415, 158.79
2026/09/07 02:14:51.008, 1, 58, 109802, 241.28
2026/09/07 02:14:52.010, 0, 74, 103415, 263.88
2026/09/07 02:14:52.012, 1, 56, 109802, 236.86
2026/09/07 02:14:53.014, 0, 47, 104197, 588.63
2026/09/07 02:14:53.016, 1, 64, 109802, 246.59
2026/09/07 02:14:54.019, 0, 100, 104197, 127.62
2026/09/07 02:14:54.021, 1, 60, 109802, 242.71
2026/09/07 02:14:55.023, 0, 54, 104199, 127.10
2026/09/07 02:14:55.026, 1, 48, 109802, 234.37
2026/09/07 02:14:56.028, 0, 43, 104199, 126.67
2026/09/07 02:14:56.032, 1, 51, 109802, 227.46
2026/09/07 02:14:57.035, 0, 35, 106625, 125.89
2026/09/07 02:14:57.038, 1, 40, 109802, 213.54
2026/09/07 02:14:58.039, 0, 100, 106625, 127.88
2026/09/07 02:14:58.042, 1, 63, 109802, 247.91
2026/09/07 02:14:59.044, 0, 71, 36527, 128.45
2026/09/07 02:14:59.046, 1, 59, 109802, 249.32
2026/09/07 02:15:00.048, 0, 0, 35775, 123.96
2026/09/07 02:15:00.050, 1, 58, 109802, 250.46
2026/09/07 02:15:01.052, 0, 0, 35775, 123.88
2026/09/07 02:15:01.054, 1, 62, 109802, 244.12
2026/09/07 02:15:02.056, 0, 0, 35775, 123.75
2026/09/07 02:15:02.058, 1, 59, 109804, 218.29
2026/09/07 02:15:03.060, 0, 24, 7791, 125.91
2026/09/07 02:15:03.062, 1, 65, 109804, 249.73
2026/09/07 02:15:04.064, 0, 0, 36015, 124.99
2026/09/07 02:15:04.066, 1, 61, 109804, 248.97
2026/09/07 02:15:05.069, 0, 100, 36015, 124.58
2026/09/07 02:15:05.071, 1, 61, 109804, 256.30
2026/09/07 02:15:06.074, 0, 0, 36015, 124.33
2026/09/07 02:15:06.076, 1, 0, 109804, 160.26
2026/09/07 02:15:07.078, 0, 0, 36685, 125.40
2026/09/07 02:15:07.080, 1, 0, 110106, 119.84
2026/09/07 02:15:08.082, 0, 0, 36625, 146.71
2026/09/07 02:15:08.085, 1, 0, 110032, 146.41
2026/09/07 02:15:09.087, 0, 0, 36303, 123.60
2026/09/07 02:15:09.090, 1, 63, 109840, 192.87
2026/09/07 02:15:10.092, 0, 0, 35775, 123.54
2026/09/07 02:15:10.095, 1, 58, 109802, 237.63
2026/09/07 02:15:11.097, 0, 0, 35775, 123.32
2026/09/07 02:15:11.100, 1, 51, 109802, 244.71
2026/09/07 02:15:12.102, 0, 80, 16759, 126.77
2026/09/07 02:15:12.104, 1, 60, 109802, 253.17
2026/09/07 02:15:13.106, 0, 0, 32799, 124.68
2026/09/07 02:15:13.108, 1, 59, 109802, 249.23
2026/09/07 02:15:14.110, 0, 84, 35793, 306.32
2026/09/07 02:15:14.112, 1, 63, 109802, 251.71
2026/09/07 02:15:15.113, 0, 49, 35793, 311.86
2026/09/07 02:15:15.116, 1, 45, 109802, 235.07
2026/09/07 02:15:16.118, 0, 0, 35793, 197.10
2026/09/07 02:15:16.120, 1, 58, 109802, 248.96
2026/09/07 02:15:17.122, 0, 28, 35793, 203.32
2026/09/07 02:15:17.124, 1, 61, 109802, 263.55
2026/09/07 02:15:18.126, 0, 0, 35793, 177.10
2026/09/07 02:15:18.128, 1, 59, 109802, 251.53
2026/09/07 02:15:19.130, 0, 25, 35793, 201.97
2026/09/07 02:15:19.133, 1, 59, 109802, 219.45
2026/09/07 02:15:20.135, 0, 0, 35793, 146.51
2026/09/07 02:15:20.137, 1, 60, 109802, 253.69
2026/09/07 02:15:21.139, 0, 0, 35793, 173.83
2026/09/07 02:15:21.142, 1, 56, 109802, 253.95
2026/09/07 02:15:22.144, 0, 56, 37519, 426.63
2026/09/07 02:15:22.147, 1, 59, 109802, 251.08
2026/09/07 02:15:23.149, 0, 95, 41123, 686.87
2026/09/07 02:15:23.151, 1, 53, 109802, 239.85
2026/09/07 02:15:24.154, 0, 19, 41123, 575.43
2026/09/07 02:15:24.156, 1, 57, 109802, 242.21
2026/09/07 02:15:25.158, 0, 14, 41123, 161.88
2026/09/07 02:15:25.160, 1, 60, 109802, 250.24
2026/09/07 02:15:26.162, 0, 0, 41123, 185.76
2026/09/07 02:15:26.165, 1, 58, 109802, 248.09
2026/09/07 02:15:27.168, 0, 0, 41123, 150.40
2026/09/07 02:15:27.170, 1, 57, 109802, 250.62
2026/09/07 02:15:28.173, 0, 0, 41123, 165.16
2026/09/07 02:15:28.175, 1, 56, 109802, 249.30
2026/09/07 02:15:29.177, 0, 0, 41123, 170.98
2026/09/07 02:15:29.180, 1, 57, 109806, 215.81
2026/09/07 02:15:30.182, 0, 0, 41123, 149.88
2026/09/07 02:15:30.184, 1, 60, 109806, 252.50
2026/09/07 02:15:31.186, 0, 0, 41123, 150.37
2026/09/07 02:15:31.188, 1, 64, 109806, 257.03
2026/09/07 02:15:32.191, 0, 0, 41123, 164.76
2026/09/07 02:15:32.193, 1, 64, 109806, 257.34
2026/09/07 02:15:33.195, 0, 0, 41123, 124.29
2026/09/07 02:15:33.198, 1, 56, 109806, 253.56
2026/09/07 02:15:34.200, 0, 0, 41123, 123.98
2026/09/07 02:15:34.202, 1, 58, 109806, 253.94
2026/09/07 02:15:35.204, 0, 0, 41123, 153.74
2026/09/07 02:15:35.206, 1, 60, 109806, 253.15
2026/09/07 02:15:36.208, 0, 0, 41123, 145.82
2026/09/07 02:15:36.210, 1, 55, 109806, 251.72
2026/09/07 02:15:37.212, 0, 98, 41123, 164.35
2026/09/07 02:15:37.214, 1, 61, 109806, 263.27
2026/09/07 02:15:38.260, 0, 100, 41727, 163.72
2026/09/07 02:15:38.262, 1, 64, 109806, 254.46
2026/09/07 02:15:39.264, 0, 100, 41727, 126.82
2026/09/07 02:15:39.266, 1, 59, 109806, 251.34
2026/09/07 02:15:40.269, 0, 41, 41907, 126.13
2026/09/07 02:15:40.279, 1, 47, 109806, 230.77
2026/09/07 02:15:41.281, 0, 49, 41907, 125.46
2026/09/07 02:15:41.284, 1, 52, 109806, 232.48
2026/09/07 02:15:42.287, 0, 0, 44333, 125.37
2026/09/07 02:15:42.289, 1, 59, 109806, 244.70
2026/09/07 02:15:43.292, 0, 1, 32895, 123.65
2026/09/07 02:15:43.294, 1, 58, 109806, 257.51
2026/09/07 02:15:44.297, 0, 0, 32235, 123.08
2026/09/07 02:15:44.300, 1, 56, 109806, 256.95
2026/09/07 02:15:45.302, 0, 0, 31853, 123.01
2026/09/07 02:15:45.304, 1, 59, 109806, 255.85
2026/09/07 02:15:46.307, 0, 0, 31853, 122.79
2026/09/07 02:15:46.309, 1, 58, 109806, 246.18
2026/09/07 02:15:47.312, 0, 0, 31853, 122.77
2026/09/07 02:15:47.314, 1, 60, 109806, 258.40
2026/09/07 02:15:48.317, 0, 0, 31853, 122.68
2026/09/07 02:15:48.319, 1, 60, 109806, 267.07
2026/09/07 02:15:49.323, 0, 0, 31853, 122.61
2026/09/07 02:15:49.325, 1, 59, 109806, 260.31
2026/09/07 02:15:50.327, 0, 0, 31853, 122.65
2026/09/07 02:15:50.331, 1, 62, 109806, 255.98
2026/09/07 02:15:51.334, 0, 0, 31853, 122.61
2026/09/07 02:15:51.336, 1, 58, 109806, 260.45
2026/09/07 02:15:52.339, 0, 100, 31859, 123.69
2026/09/07 02:15:52.341, 1, 57, 109806, 264.75
2026/09/07 02:15:53.343, 0, 99, 11549, 126.22
2026/09/07 02:15:53.346, 1, 59, 109806, 259.15
2026/09/07 02:15:54.348, 0, 0, 36017, 122.66
2026/09/07 02:15:54.351, 1, 62, 109806, 254.76
2026/09/07 02:15:55.353, 0, 100, 36017, 124.69
2026/09/07 02:15:55.356, 1, 56, 109806, 260.12
2026/09/07 02:15:56.359, 0, 22, 36017, 124.20
2026/09/07 02:15:56.361, 1, 60, 109806, 269.37
2026/09/07 02:15:57.363, 0, 21, 36017, 122.75
2026/09/07 02:15:57.366, 1, 59, 109806, 262.13
2026/09/07 02:15:58.368, 0, 16, 46445, 184.49
2026/09/07 02:15:58.374, 1, 60, 109806, 265.27
2026/09/07 02:15:59.378, 0, 36, 49077, 325.92
2026/09/07 02:15:59.380, 1, 57, 109806, 262.65
2026/09/07 02:16:00.384, 0, 80, 60233, 303.23
2026/09/07 02:16:00.390, 1, 61, 109806, 261.55
2026/09/07 02:16:01.395, 0, 10, 60233, 145.69
2026/09/07 02:16:01.397, 1, 65, 109806, 274.77
2026/09/07 02:16:02.399, 0, 100, 99649, 481.99
2026/09/07 02:16:02.404, 1, 64, 109806, 274.11
2026/09/07 02:16:03.407, 0, 10, 99649, 193.17
2026/09/07 02:16:03.409, 1, 61, 109806, 280.39
2026/09/07 02:16:04.411, 0, 20, 99649, 174.76
2026/09/07 02:16:04.416, 1, 61, 109806, 270.56
2026/09/07 02:16:05.419, 0, 9, 99649, 124.27
2026/09/07 02:16:05.421, 1, 61, 109806, 273.23
2026/09/07 02:16:06.424, 0, 20, 99649, 196.21
2026/09/07 02:16:06.426, 1, 62, 109806, 272.71
2026/09/07 02:16:07.428, 0, 100, 99649, 507.52
2026/09/07 02:16:07.430, 1, 66, 109806, 278.95
2026/09/07 02:16:08.432, 0, 5, 100251, 324.20
2026/09/07 02:16:08.444, 1, 63, 109806, 278.82
2026/09/07 02:16:09.447, 0, 100, 100431, 128.63
2026/09/07 02:16:09.449, 1, 62, 109806, 276.56
2026/09/07 02:16:10.451, 0, 51, 100433, 126.91
2026/09/07 02:16:10.455, 1, 45, 109806, 262.42
2026/09/07 02:16:11.458, 0, 48, 100433, 126.13
2026/09/07 02:16:11.460, 1, 54, 109806, 235.98
2026/09/07 02:16:12.464, 0, 97, 102859, 126.18
2026/09/07 02:16:12.468, 1, 47, 109806, 233.01
2026/09/07 02:16:13.472, 0, 100, 102859, 127.68
2026/09/07 02:16:13.475, 1, 62, 109806, 273.97
2026/09/07 02:16:14.478, 0, 0, 36531, 127.68
2026/09/07 02:16:14.483, 1, 61, 109806, 277.58
2026/09/07 02:16:15.490, 0, 0, 35777, 123.81
2026/09/07 02:16:15.493, 1, 62, 109806, 275.38
2026/09/07 02:16:16.496, 0, 0, 35777, 123.55
2026/09/07 02:16:16.499, 1, 62, 109806, 282.35
2026/09/07 02:16:17.501, 0, 100, 11551, 126.86
2026/09/07 02:16:17.528, 1, 61, 109806, 275.33
2026/09/07 02:16:18.531, 0, 0, 36019, 123.58
2026/09/07 02:16:18.536, 1, 63, 109806, 276.33
2026/09/07 02:16:19.539, 0, 0, 36019, 125.30
2026/09/07 02:16:19.541, 1, 0, 109806, 231.96
2026/09/07 02:16:20.543, 0, 0, 36629, 123.57
2026/09/07 02:16:20.548, 1, 1, 110104, 118.95
2026/09/07 02:16:21.551, 0, 0, 36629, 145.88
2026/09/07 02:16:21.553, 1, 79, 110388, 290.50
2026/09/07 02:16:22.555, 0, 0, 35777, 123.59
2026/09/07 02:16:22.559, 1, 23, 109806, 457.84
2026/09/07 02:16:23.562, 0, 0, 35777, 123.43
2026/09/07 02:16:23.564, 1, 61, 109806, 250.77
2026/09/07 02:16:24.566, 0, 30, 7791, 124.50
2026/09/07 02:16:24.569, 1, 61, 109806, 280.49
2026/09/07 02:16:25.575, 0, 0, 7791, 124.82
2026/09/07 02:16:25.577, 1, 61, 109806, 273.77
2026/09/07 02:16:26.580, 0, 0, 7791, 123.26
2026/09/07 02:16:26.582, 1, 61, 109806, 268.64
2026/09/07 02:16:27.585, 0, 0, 7791, 123.30
2026/09/07 02:16:27.587, 1, 54, 109806, 277.08
2026/09/07 02:16:28.590, 0, 0, 7791, 123.20
2026/09/07 02:16:28.592, 1, 61, 109806, 272.50
2026/09/07 02:16:29.594, 0, 0, 7791, 123.25
2026/09/07 02:16:29.596, 1, 58, 109806, 280.89
2026/09/07 02:16:30.598, 0, 0, 7791, 123.16
2026/09/07 02:16:30.600, 1, 65, 109806, 267.90
2026/09/07 02:16:31.602, 0, 0, 7791, 123.18
2026/09/07 02:16:31.604, 1, 66, 109806, 279.03
2026/09/07 02:16:32.608, 0, 0, 7791, 123.12
2026/09/07 02:16:32.610, 1, 61, 109806, 263.99
2026/09/07 02:16:33.612, 0, 0, 7791, 123.04
2026/09/07 02:16:33.615, 1, 61, 109806, 281.62
2026/09/07 02:16:34.616, 0, 0, 7791, 123.15
2026/09/07 02:16:34.618, 1, 66, 109806, 284.12
2026/09/07 02:16:35.619, 0, 0, 7791, 123.07
2026/09/07 02:16:35.623, 1, 62, 109806, 282.29
2026/09/07 02:16:36.626, 0, 0, 7791, 123.01
2026/09/07 02:16:36.628, 1, 66, 109806, 266.20
2026/09/07 02:16:37.629, 0, 0, 7791, 122.98
2026/09/07 02:16:37.631, 1, 64, 109806, 278.64
2026/09/07 02:16:38.633, 0, 0, 7791, 122.99
2026/09/07 02:16:38.636, 1, 58, 109806, 275.03
2026/09/07 02:16:39.638, 0, 0, 7791, 122.93
2026/09/07 02:16:39.640, 1, 66, 109806, 280.48
2026/09/07 02:16:40.642, 0, 0, 7791, 122.99
2026/09/07 02:16:40.645, 1, 62, 109806, 277.98
2026/09/07 02:16:41.646, 0, 0, 7791, 122.93
2026/09/07 02:16:41.649, 1, 66, 109806, 281.56
2026/09/07 02:16:42.651, 0, 0, 7791, 122.93
2026/09/07 02:16:42.653, 1, 61, 109808, 239.12
2026/09/07 02:16:43.655, 0, 0, 7791, 122.88
2026/09/07 02:16:43.657, 1, 63, 109808, 278.78
2026/09/07 02:16:44.660, 0, 0, 7791, 122.91
2026/09/07 02:16:44.662, 1, 64, 109808, 279.65
2026/09/07 02:16:45.664, 0, 0, 7791, 122.93
2026/09/07 02:16:45.666, 1, 0, 109808, 243.55
2026/09/07 02:16:46.667, 0, 0, 7791, 122.89
2026/09/07 02:16:46.669, 1, 62, 109808, 271.67
2026/09/07 02:16:47.672, 0, 0, 7791, 122.90
2026/09/07 02:16:47.674, 1, 63, 109808, 279.28
2026/09/07 02:16:48.679, 0, 0, 7791, 122.82
2026/09/07 02:16:48.680, 1, 63, 109808, 272.50
2026/09/07 02:16:49.683, 0, 0, 7791, 122.85
2026/09/07 02:16:49.685, 1, 62, 109808, 277.65
2026/09/07 02:16:50.687, 0, 0, 7791, 122.83
2026/09/07 02:16:50.690, 1, 61, 109808, 272.40
2026/09/07 02:16:51.692, 0, 0, 7791, 122.88
2026/09/07 02:16:51.694, 1, 62, 109808, 276.70
2026/09/07 02:16:52.696, 0, 0, 7791, 122.80
2026/09/07 02:16:52.698, 1, 64, 109808, 288.87
2026/09/07 02:16:53.699, 0, 0, 7791, 122.82
2026/09/07 02:16:53.702, 1, 63, 109808, 277.55
2026/09/07 02:16:54.704, 0, 0, 7791, 122.81
2026/09/07 02:16:54.706, 1, 62, 109808, 281.51
2026/09/07 02:16:55.708, 0, 0, 7791, 122.83
2026/09/07 02:16:55.712, 1, 57, 109808, 286.83
2026/09/07 02:16:56.716, 0, 0, 7791, 122.86
2026/09/07 02:16:56.721, 1, 46, 109808, 258.16
2026/09/07 02:16:57.726, 0, 0, 7791, 122.80
2026/09/07 02:16:57.733, 1, 55, 109808, 244.18
2026/09/07 02:16:58.740, 0, 30, 16855, 123.06
2026/09/07 02:16:58.746, 1, 1, 109808, 212.13
2026/09/07 02:16:59.752, 0, 0, 16853, 124.66
2026/09/07 02:16:59.756, 1, 52, 109808, 201.68
2026/09/07 02:17:00.760, 0, 0, 32897, 122.87
2026/09/07 02:17:00.763, 1, 0, 109808, 199.40
2026/09/07 02:17:01.766, 0, 11, 32899, 167.69
2026/09/07 02:17:01.769, 1, 64, 109808, 265.22
2026/09/07 02:17:02.771, 0, 0, 33155, 252.11
2026/09/07 02:17:02.772, 1, 65, 109808, 288.16
2026/09/07 02:17:03.774, 0, 56, 33155, 242.73
2026/09/07 02:17:03.776, 1, 61, 109808, 245.22
2026/09/07 02:17:04.778, 0, 22, 33155, 263.43
2026/09/07 02:17:04.781, 1, 59, 109808, 285.40
2026/09/07 02:17:05.782, 0, 80, 33155, 204.13
2026/09/07 02:17:05.784, 1, 60, 109808, 275.86
2026/09/07 02:17:06.786, 0, 0, 33155, 207.01
2026/09/07 02:17:06.788, 1, 60, 109808, 258.56
2026/09/07 02:17:07.790, 0, 38, 33155, 205.11
2026/09/07 02:17:07.792, 1, 61, 109808, 264.37
2026/09/07 02:17:08.793, 0, 51, 33155, 204.41
2026/09/07 02:17:08.795, 1, 61, 109808, 272.92
2026/09/07 02:17:09.797, 0, 0, 33155, 185.51
2026/09/07 02:17:09.799, 1, 58, 109808, 265.35
2026/09/07 02:17:10.801, 0, 12, 33155, 187.62
2026/09/07 02:17:10.803, 1, 65, 109808, 269.12
2026/09/07 02:17:11.805, 0, 0, 33155, 123.82
2026/09/07 02:17:11.808, 1, 63, 109808, 263.31
2026/09/07 02:17:12.810, 0, 74, 33155, 158.32
2026/09/07 02:17:12.812, 1, 60, 109808, 263.79
2026/09/07 02:17:13.813, 0, 0, 33155, 209.67
2026/09/07 02:17:13.816, 1, 53, 109808, 226.40
2026/09/07 02:17:14.817, 0, 0, 33155, 155.64
2026/09/07 02:17:14.820, 1, 56, 109808, 225.65
2026/09/07 02:17:15.822, 0, 37, 33155, 218.31
2026/09/07 02:17:15.825, 1, 60, 109808, 275.66
2026/09/07 02:17:16.829, 0, 0, 33155, 184.13
2026/09/07 02:17:16.834, 1, 58, 109808, 268.38
2026/09/07 02:17:17.836, 0, 0, 33155, 220.55
2026/09/07 02:17:17.839, 1, 59, 109808, 269.80
2026/09/07 02:17:18.842, 0, 81, 33155, 219.97
2026/09/07 02:17:18.844, 1, 66, 109808, 271.62
2026/09/07 02:17:19.845, 0, 84, 33155, 222.64
2026/09/07 02:17:19.847, 1, 58, 109808, 272.44
2026/09/07 02:17:20.850, 0, 0, 33207, 185.83
2026/09/07 02:17:20.852, 1, 56, 109808, 264.39
2026/09/07 02:17:21.855, 0, 0, 33207, 206.98
2026/09/07 02:17:21.859, 1, 62, 109808, 260.31
2026/09/07 02:17:22.861, 0, 1, 33209, 211.91
2026/09/07 02:17:22.864, 1, 59, 109808, 260.07
2026/09/07 02:17:23.865, 0, 0, 33209, 183.15
2026/09/07 02:17:23.868, 1, 58, 109808, 261.70
2026/09/07 02:17:24.870, 0, 0, 33209, 210.53
2026/09/07 02:17:24.877, 1, 57, 109808, 267.64
2026/09/07 02:17:25.879, 0, 91, 33515, 320.94
2026/09/07 02:17:25.882, 1, 56, 109808, 256.49
2026/09/07 02:17:26.883, 0, 0, 33515, 218.68
2026/09/07 02:17:26.886, 1, 64, 109808, 259.46
2026/09/07 02:17:27.888, 0, 57, 33515, 282.34
2026/09/07 02:17:27.890, 1, 60, 109808, 268.78
2026/09/07 02:17:28.892, 0, 66, 33515, 227.35
2026/09/07 02:17:28.894, 1, 57, 109808, 258.57
2026/09/07 02:17:29.896, 0, 10, 33515, 217.09
2026/09/07 02:17:29.899, 1, 55, 109808, 256.45
2026/09/07 02:17:30.902, 0, 46, 33515, 209.85
2026/09/07 02:17:30.904, 1, 61, 109808, 256.88
2026/09/07 02:17:31.906, 0, 0, 33515, 200.98
2026/09/07 02:17:31.908, 1, 56, 109808, 256.28
2026/09/07 02:17:32.911, 0, 100, 34563, 473.12
2026/09/07 02:17:32.913, 1, 62, 109808, 266.96
2026/09/07 02:17:33.915, 0, 0, 36291, 396.37
2026/09/07 02:17:33.920, 1, 61, 109808, 262.17
2026/09/07 02:17:34.922, 0, 84, 36291, 226.03
2026/09/07 02:17:34.924, 1, 56, 109808, 248.76
2026/09/07 02:17:35.926, 0, 56, 36291, 193.78
2026/09/07 02:17:35.929, 1, 60, 109808, 264.74
2026/09/07 02:17:36.932, 0, 0, 36291, 165.24
2026/09/07 02:17:36.935, 1, 61, 109808, 261.59
2026/09/07 02:17:37.937, 0, 0, 36291, 163.01
2026/09/07 02:17:37.939, 1, 57, 109808, 266.29
2026/09/07 02:17:38.941, 0, 97, 36293, 241.73
2026/09/07 02:17:38.944, 1, 58, 109808, 267.54
2026/09/07 02:17:39.946, 0, 51, 36293, 192.43
2026/09/07 02:17:39.948, 1, 60, 109808, 271.18
2026/09/07 02:17:40.950, 0, 32, 36293, 156.29
2026/09/07 02:17:40.952, 1, 58, 109808, 270.29
2026/09/07 02:17:41.954, 0, 0, 36293, 124.37
2026/09/07 02:17:41.956, 1, 60, 109808, 268.19
2026/09/07 02:17:42.958, 0, 0, 36293, 124.33
2026/09/07 02:17:42.960, 1, 62, 109808, 267.79
2026/09/07 02:17:43.962, 0, 0, 36293, 124.15
2026/09/07 02:17:43.965, 1, 53, 109808, 268.81
2026/09/07 02:17:44.967, 0, 36, 36293, 198.28
2026/09/07 02:17:44.969, 1, 63, 109808, 216.79
2026/09/07 02:17:45.973, 0, 0, 36293, 189.67
2026/09/07 02:17:45.975, 1, 60, 109808, 244.58
2026/09/07 02:17:46.977, 0, 0, 36293, 160.59
2026/09/07 02:17:46.980, 1, 54, 109808, 251.38
2026/09/07 02:17:47.981, 0, 52, 36293, 224.45
2026/09/07 02:17:47.983, 1, 62, 109808, 252.29
2026/09/07 02:17:48.985, 0, 0, 36293, 193.29
2026/09/07 02:17:48.988, 1, 58, 109808, 254.57
2026/09/07 02:17:49.990, 0, 22, 36293, 256.69
2026/09/07 02:17:49.992, 1, 63, 109808, 254.48
2026/09/07 02:17:50.993, 0, 0, 36293, 242.94
2026/09/07 02:17:50.997, 1, 62, 109808, 219.77
2026/09/07 02:17:51.999, 0, 47, 36293, 234.93
2026/09/07 02:17:52.001, 1, 63, 109808, 259.16
2026/09/07 02:17:53.003, 0, 0, 36293, 192.19
2026/09/07 02:17:53.005, 1, 60, 109808, 254.61
2026/09/07 02:17:54.007, 0, 0, 36293, 206.10
2026/09/07 02:17:54.009, 1, 6, 109808, 211.04
2026/09/07 02:17:55.011, 0, 0, 36293, 179.74
2026/09/07 02:17:55.013, 1, 52, 109808, 218.34
2026/09/07 02:17:56.015, 0, 0, 36293, 178.82
2026/09/07 02:17:56.017, 1, 60, 109808, 249.27
2026/09/07 02:17:57.019, 0, 0, 36293, 199.32
2026/09/07 02:17:57.021, 1, 58, 109808, 250.72
2026/09/07 02:17:58.024, 0, 0, 36293, 147.01
2026/09/07 02:17:58.026, 1, 62, 109808, 260.01
2026/09/07 02:17:59.027, 0, 0, 36293, 156.06
2026/09/07 02:17:59.030, 1, 62, 109808, 254.25
2026/09/07 02:18:00.032, 0, 0, 36293, 186.37
2026/09/07 02:18:00.035, 1, 54, 109808, 242.34
2026/09/07 02:18:01.036, 0, 0, 36293, 146.07
2026/09/07 02:18:01.038, 1, 58, 109808, 237.67
2026/09/07 02:18:02.040, 0, 0, 36293, 124.26
2026/09/07 02:18:02.042, 1, 56, 109808, 239.22
2026/09/07 02:18:03.044, 0, 87, 36293, 167.13
2026/09/07 02:18:03.046, 1, 53, 109808, 233.63
2026/09/07 02:18:04.048, 0, 0, 36293, 124.23
2026/09/07 02:18:04.050, 1, 56, 109808, 238.59
2026/09/07 02:18:05.051, 0, 0, 36293, 149.13
2026/09/07 02:18:05.053, 1, 58, 109808, 242.79
2026/09/07 02:18:06.055, 0, 87, 36293, 179.52
2026/09/07 02:18:06.057, 1, 61, 109808, 243.06
2026/09/07 02:18:07.059, 0, 0, 36971, 427.95
2026/09/07 02:18:07.062, 1, 60, 109808, 236.01
2026/09/07 02:18:08.063, 0, 100, 36971, 231.63
2026/09/07 02:18:08.065, 1, 66, 109808, 252.19
2026/09/07 02:18:09.067, 0, 64, 36971, 190.87
2026/09/07 02:18:09.070, 1, 65, 109808, 250.13
2026/09/07 02:18:10.072, 0, 0, 36971, 181.90
2026/09/07 02:18:10.075, 1, 59, 109808, 247.24
2026/09/07 02:18:11.077, 0, 0, 36971, 182.67
2026/09/07 02:18:11.080, 1, 60, 109808, 247.79
2026/09/07 02:18:12.083, 0, 0, 36971, 172.60
2026/09/07 02:18:12.086, 1, 57, 109808, 251.07
2026/09/07 02:18:13.088, 0, 0, 36971, 157.38
2026/09/07 02:18:13.091, 1, 61, 109808, 247.90
2026/09/07 02:18:14.093, 0, 0, 36971, 163.92
2026/09/07 02:18:14.096, 1, 63, 109808, 248.79
2026/09/07 02:18:15.098, 0, 0, 36971, 150.99
2026/09/07 02:18:15.101, 1, 65, 109808, 241.26
2026/09/07 02:18:16.109, 0, 0, 36971, 146.84
2026/09/07 02:18:16.111, 1, 61, 109808, 250.96
2026/09/07 02:18:17.113, 0, 0, 36971, 124.10
2026/09/07 02:18:17.116, 1, 61, 109808, 251.46
2026/09/07 02:18:18.118, 0, 0, 36971, 169.66
2026/09/07 02:18:18.121, 1, 58, 109808, 244.83
2026/09/07 02:18:19.124, 0, 0, 36971, 149.25
2026/09/07 02:18:19.126, 1, 56, 109808, 240.59
2026/09/07 02:18:20.130, 0, 0, 36971, 150.83
2026/09/07 02:18:20.132, 1, 60, 109808, 240.76
2026/09/07 02:18:21.134, 0, 100, 36971, 433.71
2026/09/07 02:18:21.137, 1, 63, 109808, 252.25
2026/09/07 02:18:22.138, 0, 100, 37739, 688.82
2026/09/07 02:18:22.142, 1, 64, 109808, 247.47
2026/09/07 02:18:23.143, 0, 53, 37741, 364.99
2026/09/07 02:18:23.146, 1, 52, 109808, 237.80
2026/09/07 02:18:24.147, 0, 100, 38345, 132.24
2026/09/07 02:18:24.149, 1, 59, 109808, 238.56
2026/09/07 02:18:25.152, 0, 69, 38525, 127.56
2026/09/07 02:18:25.230, 1, 49, 109808, 244.93
2026/09/07 02:18:26.232, 0, 47, 38525, 127.25
2026/09/07 02:18:26.235, 1, 49, 109808, 222.29
2026/09/07 02:18:27.237, 0, 46, 38525, 127.06
2026/09/07 02:18:27.240, 1, 24, 109808, 217.09
2026/09/07 02:18:28.241, 0, 0, 40951, 126.00
2026/09/07 02:18:28.244, 1, 64, 109808, 244.03
2026/09/07 02:18:29.246, 0, 21, 32753, 124.85
2026/09/07 02:18:29.248, 1, 59, 109808, 248.28
2026/09/07 02:18:30.254, 0, 0, 31859, 124.53
2026/09/07 02:18:30.256, 1, 60, 109808, 249.55
2026/09/07 02:18:31.258, 0, 0, 31859, 124.08
2026/09/07 02:18:31.261, 1, 52, 109808, 233.51
2026/09/07 02:18:32.263, 0, 100, 31863, 126.04
2026/09/07 02:18:32.266, 1, 62, 109808, 247.41
2026/09/07 02:18:33.268, 0, 18, 36023, 126.76
2026/09/07 02:18:33.270, 1, 59, 109808, 255.24
2026/09/07 02:18:34.273, 0, 100, 36023, 124.95
2026/09/07 02:18:34.275, 1, 64, 109808, 258.38
2026/09/07 02:18:35.278, 0, 69, 36023, 126.49
2026/09/07 02:18:35.280, 1, 61, 109808, 265.02
2026/09/07 02:18:36.285, 0, 20, 36023, 124.13
2026/09/07 02:18:36.287, 1, 55, 109808, 260.33
2026/09/07 02:18:37.289, 0, 21, 36023, 124.04
2026/09/07 02:18:37.292, 1, 55, 109808, 254.47
2026/09/07 02:18:38.294, 0, 17, 46451, 186.46
2026/09/07 02:18:38.297, 1, 51, 109808, 258.36
2026/09/07 02:18:39.300, 0, 44, 60969, 357.15
2026/09/07 02:18:39.302, 1, 57, 109808, 254.91
2026/09/07 02:18:40.304, 0, 9, 60969, 142.95
2026/09/07 02:18:40.306, 1, 60, 109808, 261.20
2026/09/07 02:18:41.307, 0, 100, 79163, 419.03
2026/09/07 02:18:41.310, 1, 60, 109808, 264.17
2026/09/07 02:18:42.312, 0, 11, 79163, 221.66
2026/09/07 02:18:42.315, 1, 60, 109808, 262.07
2026/09/07 02:18:43.317, 0, 9, 79163, 141.61
2026/09/07 02:18:43.319, 1, 56, 109808, 265.01
2026/09/07 02:18:44.321, 0, 91, 79163, 324.29
2026/09/07 02:18:44.323, 1, 57, 109808, 258.51
2026/09/07 02:18:45.325, 0, 9, 79163, 401.31
2026/09/07 02:18:45.328, 1, 58, 109808, 266.31
2026/09/07 02:18:46.331, 0, 36, 79163, 171.38
2026/09/07 02:18:46.333, 1, 60, 109808, 268.57
2026/09/07 02:18:47.335, 0, 78, 99779, 508.49
2026/09/07 02:18:47.339, 1, 61, 109808, 263.58
2026/09/07 02:18:48.343, 0, 34, 99779, 143.47
2026/09/07 02:18:48.346, 1, 59, 109808, 265.65
2026/09/07 02:18:49.348, 0, 10, 99779, 137.74
2026/09/07 02:18:49.351, 1, 57, 109808, 256.45
2026/09/07 02:18:50.354, 0, 48, 99779, 305.77
2026/09/07 02:18:50.356, 1, 59, 109808, 265.60
2026/09/07 02:18:51.358, 0, 24, 99779, 421.54
2026/09/07 02:18:51.361, 1, 59, 109808, 264.92
2026/09/07 02:18:52.365, 0, 100, 100561, 219.63
2026/09/07 02:18:52.367, 1, 53, 109808, 256.29
2026/09/07 02:18:53.371, 0, 100, 100561, 127.38
2026/09/07 02:18:53.374, 1, 57, 109808, 257.58
2026/09/07 02:18:54.377, 0, 46, 100563, 126.90
2026/09/07 02:18:54.379, 1, 45, 109808, 231.32
2026/09/07 02:18:55.383, 0, 46, 100563, 126.91
2026/09/07 02:18:55.386, 1, 46, 109808, 229.38
2026/09/07 02:18:56.388, 0, 39, 102989, 127.80
2026/09/07 02:18:56.397, 1, 58, 109808, 230.57
2026/09/07 02:18:57.406, 0, 0, 102989, 126.28
2026/09/07 02:18:57.408, 1, 57, 109808, 256.21
2026/09/07 02:18:58.411, 0, 0, 36025, 128.46
2026/09/07 02:18:58.414, 1, 57, 109808, 261.47
2026/09/07 02:18:59.415, 0, 0, 35783, 124.39
2026/09/07 02:18:59.418, 1, 54, 109808, 260.35
2026/09/07 02:19:00.420, 0, 0, 35783, 124.13
2026/09/07 02:19:00.424, 1, 57, 109808, 258.41
2026/09/07 02:19:01.427, 0, 0, 35783, 124.12
2026/09/07 02:19:01.429, 1, 55, 109808, 263.02
2026/09/07 02:19:02.433, 0, 8, 35783, 124.44
2026/09/07 02:19:02.436, 1, 55, 109808, 256.52
2026/09/07 02:19:03.438, 0, 97, 11557, 126.88
2026/09/07 02:19:03.509, 1, 58, 109808, 253.91
2026/09/07 02:19:04.514, 0, 0, 36025, 123.99
2026/09/07 02:19:04.517, 1, 55, 109808, 260.29
2026/09/07 02:19:05.518, 0, 100, 36025, 125.70
2026/09/07 02:19:05.525, 1, 60, 109808, 263.38
2026/09/07 02:19:06.527, 0, 0, 36025, 123.87
2026/09/07 02:19:06.529, 1, 0, 109496, 129.69
2026/09/07 02:19:07.532, 0, 7, 36695, 141.81
2026/09/07 02:19:07.537, 1, 73, 110106, 140.43
2026/09/07 02:19:08.539, 0, 1, 36379, 129.20
2026/09/07 02:19:08.542, 1, 1, 110132, 270.10
2026/09/07 02:19:09.543, 0, 0, 35783, 124.07
2026/09/07 02:19:09.545, 1, 59, 109778, 253.09
2026/09/07 02:19:10.548, 0, 6, 35783, 123.71
2026/09/07 02:19:10.550, 1, 56, 109778, 264.99
2026/09/07 02:19:11.553, 0, 100, 16911, 127.36
2026/09/07 02:19:11.555, 1, 1, 109792, 224.09
2026/09/07 02:19:12.558, 0, 0, 32955, 124.67
2026/09/07 02:19:12.561, 1, 61, 109792, 253.45
2026/09/07 02:19:13.563, 0, 100, 35563, 464.80
2026/09/07 02:19:13.565, 1, 65, 109792, 252.84
2026/09/07 02:19:14.566, 0, 93, 38333, 575.17
2026/09/07 02:19:14.568, 1, 61, 109792, 249.76
2026/09/07 02:19:15.570, 0, 100, 41021, 693.91
2026/09/07 02:19:15.572, 1, 62, 109792, 247.72
2026/09/07 02:19:16.574, 0, 100, 41021, 690.55
2026/09/07 02:19:16.577, 1, 64, 109792, 247.98
2026/09/07 02:19:17.581, 0, 100, 41021, 630.42
2026/09/07 02:19:17.583, 1, 59, 109792, 249.33
2026/09/07 02:19:18.585, 0, 86, 41537, 635.39
2026/09/07 02:19:18.587, 1, 67, 109792, 252.34
2026/09/07 02:19:19.588, 0, 100, 41629, 132.60
2026/09/07 02:19:19.591, 1, 61, 109792, 252.75
2026/09/07 02:19:20.592, 0, 50, 41809, 128.57
2026/09/07 02:19:20.595, 1, 50, 109792, 248.03
2026/09/07 02:19:21.597, 0, 54, 41809, 127.84
2026/09/07 02:19:21.602, 1, 47, 109792, 191.05
2026/09/07 02:19:22.604, 0, 32, 44235, 127.51
2026/09/07 02:19:22.607, 1, 46, 109792, 214.83
2026/09/07 02:19:23.610, 0, 0, 33389, 126.96
2026/09/07 02:19:23.612, 1, 0, 109792, 216.43
2026/09/07 02:19:24.614, 0, 26, 31863, 125.72
2026/09/07 02:19:24.617, 1, 62, 109792, 247.00
2026/09/07 02:19:25.619, 0, 0, 31863, 124.86
2026/09/07 02:19:25.634, 1, 61, 109792, 245.51
2026/09/07 02:19:26.649, 0, 100, 7797, 127.14
2026/09/07 02:19:26.651, 1, 62, 109792, 224.85
2026/09/07 02:19:27.653, 0, 3, 36025, 127.22
2026/09/07 02:19:27.660, 1, 0, 109792, 221.34
2026/09/07 02:19:28.663, 0, 100, 36025, 126.32
2026/09/07 02:19:28.666, 1, 61, 109792, 243.54
2026/09/07 02:19:29.668, 0, 20, 36025, 126.54
2026/09/07 02:19:29.671, 1, 63, 109792, 251.99
2026/09/07 02:19:30.673, 0, 22, 36025, 124.73
2026/09/07 02:19:30.676, 1, 60, 109792, 247.27
2026/09/07 02:19:31.678, 0, 22, 36025, 124.65
2026/09/07 02:19:31.682, 1, 63, 109792, 251.34
2026/09/07 02:19:32.684, 0, 9, 45941, 173.24
2026/09/07 02:19:32.686, 1, 66, 109792, 252.99
2026/09/07 02:19:33.688, 0, 14, 47633, 157.28
2026/09/07 02:19:33.691, 1, 62, 109792, 244.07
2026/09/07 02:19:34.693, 0, 9, 88495, 461.80
2026/09/07 02:19:34.696, 1, 53, 109792, 245.34
2026/09/07 02:19:35.697, 0, 15, 88495, 127.89
2026/09/07 02:19:35.700, 1, 63, 109792, 254.28
2026/09/07 02:19:36.703, 0, 9, 88495, 170.44
2026/09/07 02:19:36.706, 1, 64, 109792, 249.06
2026/09/07 02:19:37.710, 0, 16, 88495, 133.41
2026/09/07 02:19:37.714, 1, 55, 109792, 254.21
2026/09/07 02:19:38.725, 0, 28, 88495, 180.95
2026/09/07 02:19:38.728, 1, 60, 109792, 235.82
2026/09/07 02:19:39.732, 0, 100, 91179, 420.28
2026/09/07 02:19:39.743, 1, 59, 109792, 243.61
2026/09/07 02:19:40.747, 0, 9, 91179, 601.20
2026/09/07 02:19:40.750, 1, 44, 109792, 236.47
2026/09/07 02:19:41.755, 0, 9, 91179, 125.71
2026/09/07 02:19:41.758, 1, 48, 109792, 248.18
2026/09/07 02:19:42.761, 0, 8, 91179, 170.09
2026/09/07 02:19:42.764, 1, 53, 109792, 242.64
2026/09/07 02:19:43.767, 0, 9, 91179, 125.28
2026/09/07 02:19:43.771, 1, 62, 109792, 243.18
2026/09/07 02:19:44.773, 0, 35, 91179, 193.51
2026/09/07 02:19:44.776, 1, 57, 109792, 248.69
2026/09/07 02:19:45.778, 0, 100, 91423, 485.75
2026/09/07 02:19:45.781, 1, 64, 109792, 249.40
2026/09/07 02:19:46.783, 0, 9, 91423, 372.10
2026/09/07 02:19:46.785, 1, 65, 109792, 249.63
2026/09/07 02:19:47.788, 0, 9, 91423, 424.37
2026/09/07 02:19:47.790, 1, 67, 109792, 246.13
2026/09/07 02:19:48.792, 0, 8, 91423, 130.04
2026/09/07 02:19:48.795, 1, 62, 109792, 250.90
2026/09/07 02:19:49.797, 0, 9, 91423, 163.65
2026/09/07 02:19:49.801, 1, 60, 109792, 249.03
2026/09/07 02:19:50.803, 0, 21, 91423, 141.12
2026/09/07 02:19:50.805, 1, 58, 109792, 242.55
2026/09/07 02:19:51.808, 0, 30, 91423, 200.75
2026/09/07 02:19:51.810, 1, 61, 109792, 249.85
2026/09/07 02:19:52.812, 0, 100, 91939, 667.45
2026/09/07 02:19:52.814, 1, 57, 109792, 246.58
2026/09/07 02:19:53.815, 0, 100, 92209, 133.46
2026/09/07 02:19:53.818, 1, 59, 109792, 245.55
2026/09/07 02:19:54.819, 0, 45, 92211, 127.82
2026/09/07 02:19:54.823, 1, 42, 109792, 241.63
2026/09/07 02:19:55.826, 0, 47, 92211, 126.65
2026/09/07 02:19:55.828, 1, 49, 109792, 217.82
2026/09/07 02:19:56.831, 0, 50, 92211, 126.77
2026/09/07 02:19:56.834, 1, 48, 109792, 224.32
2026/09/07 02:19:57.837, 0, 100, 94637, 128.36
2026/09/07 02:19:57.839, 1, 2, 109794, 194.43
2026/09/07 02:19:58.840, 0, 0, 94637, 125.99
2026/09/07 02:19:58.842, 1, 58, 109794, 251.35
2026/09/07 02:19:59.843, 0, 0, 36027, 128.26
2026/09/07 02:19:59.845, 1, 63, 109794, 257.74
2026/09/07 02:20:00.847, 0, 0, 35785, 124.66
2026/09/07 02:20:00.849, 1, 63, 109794, 249.23
2026/09/07 02:20:01.851, 0, 0, 35785, 124.45
2026/09/07 02:20:01.854, 1, 67, 109794, 251.27
2026/09/07 02:20:02.857, 0, 45, 11557, 127.26
2026/09/07 02:20:02.859, 1, 64, 109794, 259.15
2026/09/07 02:20:03.861, 0, 0, 36027, 124.84
2026/09/07 02:20:03.864, 1, 64, 109794, 255.05
2026/09/07 02:20:04.866, 0, 100, 36027, 125.96
2026/09/07 02:20:04.868, 1, 60, 109794, 244.72
2026/09/07 02:20:05.871, 0, 0, 36027, 124.07
2026/09/07 02:20:05.873, 1, 0, 109498, 118.87
2026/09/07 02:20:06.876, 0, 6, 36697, 142.78
2026/09/07 02:20:06.878, 1, 79, 110110, 146.37
2026/09/07 02:20:07.880, 0, 0, 36381, 130.02
2026/09/07 02:20:07.883, 1, 0, 110146, 306.70
2026/09/07 02:20:08.885, 0, 0, 35785, 124.14
2026/09/07 02:20:08.887, 1, 57, 109792, 240.48
2026/09/07 02:20:09.889, 0, 100, 35785, 124.27
2026/09/07 02:20:09.892, 1, 64, 109792, 258.29
2026/09/07 02:20:10.894, 0, 100, 16833, 127.23
2026/09/07 02:20:10.896, 1, 58, 109794, 226.22
2026/09/07 02:20:11.898, 0, 0, 32879, 124.83
2026/09/07 02:20:11.900, 1, 61, 109794, 258.51
2026/09/07 02:20:12.902, 0, 100, 35485, 397.38
2026/09/07 02:20:12.904, 1, 65, 109794, 259.73
2026/09/07 02:20:13.906, 0, 100, 40749, 603.22
2026/09/07 02:20:13.908, 1, 66, 109794, 262.37
2026/09/07 02:20:14.911, 0, 100, 41963, 692.99
2026/09/07 02:20:14.913, 1, 65, 109794, 265.03
2026/09/07 02:20:15.915, 0, 96, 41965, 680.77
2026/09/07 02:20:15.917, 1, 63, 109794, 268.62
2026/09/07 02:20:16.919, 0, 37, 41969, 547.17
2026/09/07 02:20:16.921, 1, 62, 109794, 261.87
2026/09/07 02:20:17.924, 0, 100, 42573, 148.62
2026/09/07 02:20:17.926, 1, 63, 109794, 262.25
2026/09/07 02:20:18.929, 0, 50, 42753, 127.95
2026/09/07 02:20:18.932, 1, 41, 109794, 256.67
2026/09/07 02:20:19.934, 0, 47, 42753, 126.95
2026/09/07 02:20:19.936, 1, 58, 109794, 244.48
2026/09/07 02:20:20.939, 0, 44, 42753, 126.88
2026/09/07 02:20:20.946, 1, 54, 109794, 230.19
2026/09/07 02:20:21.952, 0, 0, 45179, 127.04
2026/09/07 02:20:21.954, 1, 63, 109794, 250.55
2026/09/07 02:20:22.956, 0, 0, 32729, 125.56
2026/09/07 02:20:22.958, 1, 57, 109794, 261.90
2026/09/07 02:20:23.960, 0, 0, 31865, 125.06
2026/09/07 02:20:23.962, 1, 62, 109794, 260.95
2026/09/07 02:20:24.964, 0, 100, 31865, 125.39
2026/09/07 02:20:24.966, 1, 59, 109794, 269.23
2026/09/07 02:20:25.969, 0, 59, 11555, 128.41
2026/09/07 02:20:25.972, 1, 61, 109794, 265.45
2026/09/07 02:20:26.975, 0, 0, 36025, 124.62
2026/09/07 02:20:26.977, 1, 67, 109794, 270.92
2026/09/07 02:20:27.979, 0, 100, 36025, 127.45
2026/09/07 02:20:27.982, 1, 60, 109794, 264.72
2026/09/07 02:20:28.984, 0, 22, 36025, 124.86
2026/09/07 02:20:28.986, 1, 59, 109794, 269.19
2026/09/07 02:20:29.989, 0, 21, 36025, 124.40
2026/09/07 02:20:29.991, 1, 59, 109794, 271.83
2026/09/07 02:20:30.994, 0, 100, 79327, 311.89
2026/09/07 02:20:30.996, 1, 63, 109794, 270.87
2026/09/07 02:20:31.998, 0, 9, 79327, 124.80
2026/09/07 02:20:32.001, 1, 60, 109794, 273.83
2026/09/07 02:20:33.003, 0, 37, 79839, 176.57
2026/09/07 02:20:33.005, 1, 63, 109794, 273.39
2026/09/07 02:20:34.007, 0, 9, 79839, 124.85
2026/09/07 02:20:34.010, 1, 65, 109794, 270.13
2026/09/07 02:20:35.012, 0, 35, 80327, 189.50
2026/09/07 02:20:35.015, 1, 63, 109794, 268.85
2026/09/07 02:20:36.017, 0, 100, 90577, 461.29
2026/09/07 02:20:36.019, 1, 62, 109794, 275.43
2026/09/07 02:20:37.021, 0, 9, 91791, 548.80
2026/09/07 02:20:37.023, 1, 63, 109794, 273.53
2026/09/07 02:20:38.025, 0, 9, 91791, 125.41
2026/09/07 02:20:38.028, 1, 63, 109794, 269.13
2026/09/07 02:20:39.030, 0, 9, 91791, 175.69
2026/09/07 02:20:39.032, 1, 64, 109794, 273.88
2026/09/07 02:20:40.035, 0, 9, 91791, 130.91
2026/09/07 02:20:40.038, 1, 61, 109794, 267.19
2026/09/07 02:20:41.040, 0, 40, 91791, 203.64
2026/09/07 02:20:41.043, 1, 59, 109794, 236.74
2026/09/07 02:20:42.045, 0, 100, 91791, 625.17
2026/09/07 02:20:42.047, 1, 67, 109794, 278.54
2026/09/07 02:20:43.050, 0, 29, 91793, 257.11
2026/09/07 02:20:43.052, 1, 61, 109794, 277.18
2026/09/07 02:20:44.055, 0, 30, 91793, 329.34
2026/09/07 02:20:44.058, 1, 64, 109794, 275.90
2026/09/07 02:20:45.060, 0, 99, 91797, 299.65
2026/09/07 02:20:45.063, 1, 65, 109794, 281.95
2026/09/07 02:20:46.065, 0, 18, 92579, 265.14
2026/09/07 02:20:46.067, 1, 64, 109794, 272.45
2026/09/07 02:20:47.070, 0, 100, 92579, 127.96
2026/09/07 02:20:47.072, 1, 63, 109794, 274.09
2026/09/07 02:20:48.074, 0, 45, 92581, 127.68
2026/09/07 02:20:48.077, 1, 52, 109794, 257.73
2026/09/07 02:20:49.079, 0, 47, 92581, 126.92
2026/09/07 02:20:49.081, 1, 49, 109794, 240.52
2026/09/07 02:20:50.084, 0, 0, 95007, 126.03
2026/09/07 02:20:50.086, 1, 58, 109794, 233.39
2026/09/07 02:20:51.089, 0, 100, 95007, 129.03
2026/09/07 02:20:51.091, 1, 64, 109794, 277.51
2026/09/07 02:20:52.093, 0, 38, 37049, 128.49
2026/09/07 02:20:52.095, 1, 28, 109796, 263.42
2026/09/07 02:20:53.098, 0, 0, 35783, 124.60
2026/09/07 02:20:53.100, 1, 58, 109796, 273.68
2026/09/07 02:20:54.103, 0, 0, 35783, 124.46
2026/09/07 02:20:54.105, 1, 59, 109796, 278.34
2026/09/07 02:20:55.108, 0, 0, 32265, 125.33
2026/09/07 02:20:55.110, 1, 60, 109796, 275.49
2026/09/07 02:20:56.113, 0, 0, 11557, 126.51
2026/09/07 02:20:56.116, 1, 62, 109796, 277.57
2026/09/07 02:20:57.118, 0, 39, 36025, 124.55
2026/09/07 02:20:57.120, 1, 66, 109796, 280.56
2026/09/07 02:20:58.122, 0, 0, 36025, 125.76
2026/09/07 02:20:58.125, 1, 0, 109796, 212.64
2026/09/07 02:20:59.127, 0, 4, 36695, 127.40
2026/09/07 02:20:59.129, 1, 0, 110110, 121.86
2026/09/07 02:21:00.131, 0, 0, 36635, 144.64
2026/09/07 02:21:00.134, 1, 85, 110404, 343.53
2026/09/07 02:21:01.137, 0, 6, 35783, 124.36
2026/09/07 02:21:01.140, 1, 64, 109808, 367.55
2026/09/07 02:21:02.142, 0, 0, 35783, 123.99
2026/09/07 02:21:02.144, 1, 67, 109808, 273.21
2026/09/07 02:21:03.146, 0, 100, 35783, 124.35
2026/09/07 02:21:03.149, 1, 64, 109808, 280.28
2026/09/07 02:21:04.150, 0, 0, 7797, 126.18
2026/09/07 02:21:04.153, 1, 67, 109808, 280.37
2026/09/07 02:21:05.155, 0, 0, 7797, 123.91
2026/09/07 02:21:05.157, 1, 65, 109808, 284.90
2026/09/07 02:21:06.159, 0, 0, 7797, 123.89
2026/09/07 02:21:06.162, 1, 63, 109808, 278.94
2026/09/07 02:21:07.163, 0, 0, 7797, 123.86
2026/09/07 02:21:07.166, 1, 62, 109808, 280.18
2026/09/07 02:21:08.168, 0, 0, 7797, 123.89
2026/09/07 02:21:08.171, 1, 65, 109808, 274.64
2026/09/07 02:21:09.173, 0, 0, 7797, 123.76
2026/09/07 02:21:09.175, 1, 63, 109808, 280.88
2026/09/07 02:21:10.177, 0, 0, 7797, 123.75
2026/09/07 02:21:10.179, 1, 64, 109808, 283.72
2026/09/07 02:21:11.181, 0, 0, 7797, 123.67
2026/09/07 02:21:11.184, 1, 64, 109808, 278.30
2026/09/07 02:21:12.186, 0, 0, 7797, 123.75
2026/09/07 02:21:12.188, 1, 61, 109808, 248.00
2026/09/07 02:21:13.190, 0, 0, 7797, 123.62
2026/09/07 02:21:13.193, 1, 61, 109808, 276.43
2026/09/07 02:21:14.195, 0, 0, 7797, 123.66
2026/09/07 02:21:14.197, 1, 58, 109808, 276.09
2026/09/07 02:21:15.200, 0, 0, 7797, 123.58
2026/09/07 02:21:15.202, 1, 46, 109808, 234.79
2026/09/07 02:21:16.204, 0, 0, 7797, 123.59
2026/09/07 02:21:16.206, 1, 61, 109808, 276.47
2026/09/07 02:21:17.208, 0, 0, 7797, 123.50
2026/09/07 02:21:17.211, 1, 65, 109808, 286.56
2026/09/07 02:21:18.212, 0, 0, 7797, 123.51
2026/09/07 02:21:18.215, 1, 62, 109808, 282.24
2026/09/07 02:21:19.217, 0, 0, 7797, 123.50
2026/09/07 02:21:19.219, 1, 63, 109810, 239.82
2026/09/07 02:21:20.221, 0, 0, 7797, 123.43
2026/09/07 02:21:20.223, 1, 58, 109810, 282.39
2026/09/07 02:21:21.225, 0, 0, 7797, 123.51
2026/09/07 02:21:21.228, 1, 65, 109810, 282.99
2026/09/07 02:21:22.230, 0, 0, 7797, 123.46
2026/09/07 02:21:22.232, 1, 65, 109810, 285.41
2026/09/07 02:21:23.234, 0, 0, 7797, 123.36
2026/09/07 02:21:23.236, 1, 63, 109810, 285.42
2026/09/07 02:21:24.239, 0, 0, 8715, 123.49
2026/09/07 02:21:24.241, 1, 64, 109810, 271.44
2026/09/07 02:21:25.243, 0, 0, 32879, 125.41
2026/09/07 02:21:25.245, 1, 67, 109810, 258.10
2026/09/07 02:21:26.248, 0, 63, 32883, 225.37
2026/09/07 02:21:26.250, 1, 62, 109810, 283.85
2026/09/07 02:21:27.252, 0, 83, 35935, 442.72
2026/09/07 02:21:27.255, 1, 60, 109810, 285.87
2026/09/07 02:21:28.258, 0, 100, 36539, 234.53
2026/09/07 02:21:28.261, 1, 61, 109810, 280.69
2026/09/07 02:21:29.264, 0, 100, 36539, 126.71
2026/09/07 02:21:29.266, 1, 61, 109810, 272.98
2026/09/07 02:21:30.268, 0, 49, 36719, 126.49
2026/09/07 02:21:30.272, 1, 8, 109810, 219.37
2026/09/07 02:21:31.273, 0, 47, 36719, 126.17
2026/09/07 02:21:31.276, 1, 57, 109810, 240.97
2026/09/07 02:21:32.278, 0, 15, 39145, 127.19
2026/09/07 02:21:32.281, 1, 59, 109810, 249.16
2026/09/07 02:21:33.284, 0, 0, 32881, 123.98
2026/09/07 02:21:33.287, 1, 58, 109810, 285.21
2026/09/07 02:21:34.289, 0, 0, 31865, 124.12
2026/09/07 02:21:34.292, 1, 64, 109810, 277.92
2026/09/07 02:21:35.294, 0, 52, 31865, 124.29
2026/09/07 02:21:35.296, 1, 66, 109810, 276.32
2026/09/07 02:21:36.298, 0, 100, 11555, 127.65
2026/09/07 02:21:36.300, 1, 62, 109810, 280.46
2026/09/07 02:21:37.302, 0, 0, 36025, 123.72
2026/09/07 02:21:37.305, 1, 63, 109810, 291.83
2026/09/07 02:21:38.307, 0, 100, 36025, 126.26
2026/09/07 02:21:38.310, 1, 64, 109810, 283.58
2026/09/07 02:21:39.312, 0, 2, 43815, 173.03
2026/09/07 02:21:39.314, 1, 64, 109810, 290.74
2026/09/07 02:21:40.316, 0, 34, 47563, 187.52
2026/09/07 02:21:40.319, 1, 64, 109810, 290.95
2026/09/07 02:21:41.321, 0, 18, 48777, 245.96
2026/09/07 02:21:41.323, 1, 65, 109810, 267.38
2026/09/07 02:21:42.325, 0, 8, 48777, 304.78
2026/09/07 02:21:42.328, 1, 59, 109810, 269.38
2026/09/07 02:21:43.331, 0, 100, 49559, 243.09
2026/09/07 02:21:43.333, 1, 64, 109810, 266.59
2026/09/07 02:21:44.335, 0, 100, 49559, 126.79
2026/09/07 02:21:44.338, 1, 61, 109810, 264.02
2026/09/07 02:21:45.340, 0, 46, 49561, 126.35
2026/09/07 02:21:45.345, 1, 51, 109810, 243.23
2026/09/07 02:21:46.347, 0, 48, 49561, 126.06
2026/09/07 02:21:46.350, 1, 46, 109810, 234.16
2026/09/07 02:21:47.352, 0, 92, 51987, 126.31
2026/09/07 02:21:47.355, 1, 62, 109810, 238.64
2026/09/07 02:21:48.357, 0, 0, 51987, 125.83
2026/09/07 02:21:48.361, 1, 56, 109810, 268.96
2026/09/07 02:21:49.363, 0, 0, 36537, 124.83
2026/09/07 02:21:49.368, 1, 59, 109810, 247.53
2026/09/07 02:21:50.372, 0, 0, 35783, 123.85
2026/09/07 02:21:50.376, 1, 57, 109810, 248.78
2026/09/07 02:21:51.379, 0, 100, 35783, 124.29
2026/09/07 02:21:51.381, 1, 66, 109810, 251.73
2026/09/07 02:21:52.384, 0, 0, 11557, 126.53
2026/09/07 02:21:52.387, 1, 61, 109810, 255.91
2026/09/07 02:21:53.390, 0, 0, 36025, 123.64
2026/09/07 02:21:53.392, 1, 63, 109810, 254.01
2026/09/07 02:21:54.395, 0, 0, 36025, 125.36
2026/09/07 02:21:54.402, 1, 0, 109810, 218.49
2026/09/07 02:21:55.405, 0, 0, 36379, 123.59
2026/09/07 02:21:55.407, 1, 0, 109854, 119.73
2026/09/07 02:21:56.410, 0, 3, 36635, 148.59
2026/09/07 02:21:56.416, 1, 66, 110390, 233.33
2026/09/07 02:21:57.420, 0, 1, 36089, 125.03
2026/09/07 02:21:59.418, 1, 0, 109794, 173.66
2026/09/07 02:22:00.422, 0, 0, 35783, 123.71
2026/09/07 02:22:00.428, 1, 58, 109794, 249.52
2026/09/07 02:22:01.494, 0, 0, 35783, 123.38
2026/09/07 02:22:01.499, 1, 60, 109794, 253.09
2026/09/07 02:22:02.502, 0, 0, 7797, 126.13
2026/09/07 02:22:02.504, 1, 60, 109794, 240.42
2026/09/07 02:22:03.506, 0, 0, 7797, 123.38
2026/09/07 02:22:03.508, 1, 62, 109794, 256.75
2026/09/07 02:22:04.510, 0, 0, 7797, 123.36
2026/09/07 02:22:04.531, 1, 63, 109794, 258.22
2026/09/07 02:22:05.533, 0, 0, 7797, 123.28
2026/09/07 02:22:05.536, 1, 63, 109794, 256.54
2026/09/07 02:22:06.537, 0, 0, 7797, 123.32
2026/09/07 02:22:06.540, 1, 65, 109794, 260.25
2026/09/07 02:22:07.541, 0, 0, 7797, 123.22
2026/09/07 02:22:07.544, 1, 61, 109794, 259.07
2026/09/07 02:22:08.546, 0, 0, 7797, 123.22
2026/09/07 02:22:08.550, 1, 59, 109794, 261.12
2026/09/07 02:22:09.551, 0, 0, 7797, 123.16
2026/09/07 02:22:09.554, 1, 56, 109794, 258.97
2026/09/07 02:22:10.556, 0, 0, 7797, 123.20
2026/09/07 02:22:10.558, 1, 59, 109794, 259.99
2026/09/07 02:22:11.560, 0, 0, 7797, 123.14
2026/09/07 02:22:11.563, 1, 63, 109794, 254.98
2026/09/07 02:22:12.566, 0, 0, 7797, 123.20
2026/09/07 02:22:12.569, 1, 64, 109794, 262.03
2026/09/07 02:22:13.571, 0, 0, 7797, 123.10
2026/09/07 02:22:13.573, 1, 63, 109794, 224.20
2026/09/07 02:22:14.575, 0, 0, 7797, 123.17
2026/09/07 02:22:14.580, 1, 61, 109794, 263.31
2026/09/07 02:22:15.582, 0, 0, 7797, 123.11
2026/09/07 02:22:15.584, 1, 59, 109794, 261.42
2026/09/07 02:22:16.586, 0, 0, 7797, 123.12
2026/09/07 02:22:16.590, 1, 60, 109794, 258.21
2026/09/07 02:22:17.592, 0, 0, 7797, 123.05
2026/09/07 02:22:17.594, 1, 62, 109794, 256.36
2026/09/07 02:22:18.597, 0, 0, 7797, 123.04
2026/09/07 02:22:18.599, 1, 62, 109794, 255.51
2026/09/07 02:22:19.601, 0, 0, 7797, 123.03
2026/09/07 02:22:19.604, 1, 59, 109794, 262.85
2026/09/07 02:22:20.606, 0, 0, 7797, 123.06
2026/09/07 02:22:20.608, 1, 60, 109794, 260.03
2026/09/07 02:22:21.610, 0, 0, 7797, 123.05
2026/09/07 02:22:21.612, 1, 57, 109794, 261.18
2026/09/07 02:22:22.614, 0, 0, 7797, 123.04
2026/09/07 02:22:22.617, 1, 60, 109794, 254.28
2026/09/07 02:22:23.619, 0, 0, 7797, 122.97
2026/09/07 02:22:23.621, 1, 57, 109794, 252.07
2026/09/07 02:22:24.623, 0, 0, 7797, 122.97
2026/09/07 02:22:24.625, 1, 50, 109794, 239.19
2026/09/07 02:22:25.628, 0, 0, 7797, 123.03
2026/09/07 02:22:25.630, 1, 3, 109794, 195.66
2026/09/07 02:22:26.632, 0, 0, 7797, 122.97
2026/09/07 02:22:26.634, 1, 54, 109794, 256.01
2026/09/07 02:22:27.636, 0, 0, 7797, 122.99
2026/09/07 02:22:27.638, 1, 64, 109794, 259.50
2026/09/07 02:22:28.640, 0, 0, 7797, 122.95
2026/09/07 02:22:28.642, 1, 61, 109794, 265.04
2026/09/07 02:22:29.645, 0, 0, 7797, 122.92
2026/09/07 02:22:29.647, 1, 56, 109794, 257.69
2026/09/07 02:22:30.650, 0, 0, 7797, 122.90
2026/09/07 02:22:30.652, 1, 57, 109794, 269.20
2026/09/07 02:22:31.654, 0, 0, 7797, 122.38
2026/09/07 02:22:31.664, 1, 63, 109794, 263.94
2026/09/07 02:22:32.666, 0, 0, 7797, 122.28
2026/09/07 02:22:32.669, 1, 62, 109794, 261.86
2026/09/07 02:22:33.671, 0, 0, 7797, 122.27
2026/09/07 02:22:33.673, 1, 53, 109794, 253.68
2026/09/07 02:22:34.675, 0, 0, 7797, 122.22
2026/09/07 02:22:34.677, 1, 60, 109794, 258.77
2026/09/07 02:22:35.678, 0, 0, 7797, 122.26
2026/09/07 02:22:35.681, 1, 61, 109794, 267.94
2026/09/07 02:22:36.683, 0, 0, 7797, 122.25
2026/09/07 02:22:36.685, 1, 58, 109794, 264.14
2026/09/07 02:22:37.687, 0, 0, 7797, 122.21
2026/09/07 02:22:37.690, 1, 58, 109794, 261.80
2026/09/07 02:22:38.692, 0, 0, 16835, 122.43
2026/09/07 02:22:38.694, 1, 22, 109798, 262.85
2026/09/07 02:22:39.696, 0, 0, 32881, 124.15
2026/09/07 02:22:39.699, 1, 67, 109798, 269.70
2026/09/07 02:22:40.701, 0, 79, 34675, 274.48
2026/09/07 02:22:40.703, 1, 61, 109798, 267.73
2026/09/07 02:22:41.705, 0, 37, 34931, 272.69
2026/09/07 02:22:41.709, 1, 0, 109798, 231.85
2026/09/07 02:22:42.711, 0, 13, 34931, 263.06
2026/09/07 02:22:42.713, 1, 59, 109798, 259.89
2026/09/07 02:22:43.715, 0, 51, 34931, 274.30
2026/09/07 02:22:43.718, 1, 60, 109798, 256.43
2026/09/07 02:22:44.720, 0, 41, 34931, 238.53
2026/09/07 02:22:44.722, 1, 58, 109798, 224.64
2026/09/07 02:22:45.725, 0, 0, 34931, 245.83
2026/09/07 02:22:45.727, 1, 63, 109798, 262.00
2026/09/07 02:22:46.730, 0, 0, 34931, 166.59
2026/09/07 02:22:46.732, 1, 63, 109798, 246.59
2026/09/07 02:22:47.735, 0, 61, 35827, 264.78
2026/09/07 02:22:47.738, 1, 58, 109798, 258.31
2026/09/07 02:22:48.741, 0, 12, 36927, 634.33
2026/09/07 02:22:48.744, 1, 58, 109798, 261.14
2026/09/07 02:22:49.746, 0, 100, 38143, 686.24
2026/09/07 02:22:49.748, 1, 59, 109798, 261.40
2026/09/07 02:22:50.749, 0, 0, 39751, 357.92
2026/09/07 02:22:50.751, 1, 0, 109798, 243.99
2026/09/07 02:22:51.754, 0, 9, 39751, 233.82
2026/09/07 02:22:51.756, 1, 60, 109798, 243.88
2026/09/07 02:22:52.758, 0, 0, 39751, 196.98
2026/09/07 02:22:52.760, 1, 66, 109798, 261.65
2026/09/07 02:22:53.762, 0, 0, 39751, 178.48
2026/09/07 02:22:53.764, 1, 48, 109798, 227.20
2026/09/07 02:22:54.766, 0, 0, 39751, 208.12
2026/09/07 02:22:54.768, 1, 63, 109798, 257.91
2026/09/07 02:22:55.771, 0, 0, 39751, 147.92
2026/09/07 02:22:55.773, 1, 55, 109798, 262.07
2026/09/07 02:22:56.775, 0, 0, 39751, 158.25
2026/09/07 02:22:56.778, 1, 64, 109798, 259.89
2026/09/07 02:22:57.780, 0, 79, 39751, 190.09
2026/09/07 02:22:57.782, 1, 64, 109798, 224.82
2026/09/07 02:22:58.784, 0, 0, 39751, 152.72
2026/09/07 02:22:58.786, 1, 55, 109798, 251.72
2026/09/07 02:22:59.788, 0, 0, 39751, 123.77
2026/09/07 02:22:59.790, 1, 58, 109798, 262.00
2026/09/07 02:23:00.792, 0, 98, 39751, 170.66
2026/09/07 02:23:00.796, 1, 60, 109798, 256.39
2026/09/07 02:23:01.798, 0, 0, 39751, 127.22
2026/09/07 02:23:01.800, 1, 57, 109798, 265.26
2026/09/07 02:23:02.803, 0, 0, 39751, 148.80
2026/09/07 02:23:02.805, 1, 62, 109798, 260.76
2026/09/07 02:23:03.808, 0, 99, 39751, 201.10
2026/09/07 02:23:03.810, 1, 62, 109798, 258.25
2026/09/07 02:23:04.813, 0, 100, 40339, 691.56
2026/09/07 02:23:04.815, 1, 12, 109798, 222.91
2026/09/07 02:23:05.817, 0, 100, 40339, 696.72
2026/09/07 02:23:05.819, 1, 56, 109798, 258.85
2026/09/07 02:23:06.821, 0, 100, 40339, 698.28
2026/09/07 02:23:06.824, 1, 56, 109798, 256.86
2026/09/07 02:23:07.828, 0, 100, 40943, 182.14
2026/09/07 02:23:07.830, 1, 61, 109798, 263.33
2026/09/07 02:23:08.832, 0, 100, 41123, 127.81
2026/09/07 02:23:08.834, 1, 65, 109798, 257.45
2026/09/07 02:23:09.836, 0, 46, 41123, 127.73
2026/09/07 02:23:09.838, 1, 47, 109798, 231.43
2026/09/07 02:23:10.840, 0, 44, 41123, 126.95
2026/09/07 02:23:10.843, 1, 49, 109798, 232.39
2026/09/07 02:23:11.844, 0, 0, 43549, 126.48
2026/09/07 02:23:11.849, 1, 67, 109798, 191.09
2026/09/07 02:23:12.853, 0, 0, 32473, 125.49
2026/09/07 02:23:12.855, 1, 58, 109798, 252.95
2026/09/07 02:23:13.858, 0, 0, 31865, 124.94
2026/09/07 02:23:13.860, 1, 60, 109798, 243.68
2026/09/07 02:23:14.862, 0, 100, 31865, 125.53
2026/09/07 02:23:14.864, 1, 56, 109798, 198.56
2026/09/07 02:23:15.866, 0, 100, 11557, 128.18
2026/09/07 02:23:15.868, 1, 51, 109798, 245.99
2026/09/07 02:23:16.870, 0, 0, 36027, 124.52
2026/09/07 02:23:16.872, 1, 57, 109798, 241.58
2026/09/07 02:23:17.874, 0, 89, 36027, 126.86
2026/09/07 02:23:17.876, 1, 58, 109798, 245.58
2026/09/07 02:23:18.879, 0, 18, 36027, 125.62
2026/09/07 02:23:18.908, 1, 57, 109798, 241.93
2026/09/07 02:23:19.910, 0, 22, 36027, 124.51
2026/09/07 02:23:19.912, 1, 59, 109798, 245.48
2026/09/07 02:23:20.914, 0, 21, 36027, 124.48
2026/09/07 02:23:20.916, 1, 58, 109798, 249.37
2026/09/07 02:23:21.919, 0, 8, 36543, 143.24
2026/09/07 02:23:21.922, 1, 54, 109798, 248.04
2026/09/07 02:23:22.927, 0, 17, 43837, 172.48
2026/09/07 02:23:22.929, 1, 61, 109798, 252.40
2026/09/07 02:23:23.931, 0, 9, 73769, 396.04
2026/09/07 02:23:23.937, 1, 59, 109798, 221.43
2026/09/07 02:23:24.941, 0, 22, 73769, 153.37
2026/09/07 02:23:24.944, 1, 59, 109798, 256.70
2026/09/07 02:23:25.946, 0, 33, 73769, 142.48
2026/09/07 02:23:25.954, 1, 0, 109798, 228.36
2026/09/07 02:23:26.957, 0, 100, 73771, 307.83
2026/09/07 02:23:26.959, 1, 60, 109798, 158.59
2026/09/07 02:23:27.961, 0, 9, 102631, 546.89
2026/09/07 02:23:27.965, 1, 63, 109798, 259.86
2026/09/07 02:23:28.967, 0, 11, 102631, 129.91
2026/09/07 02:23:28.971, 1, 61, 109798, 259.04
2026/09/07 02:23:29.973, 0, 9, 102631, 166.18
2026/09/07 02:23:29.976, 1, 66, 109798, 259.73
2026/09/07 02:23:30.979, 0, 33, 102631, 147.69
2026/09/07 02:23:30.981, 1, 60, 109798, 261.23
2026/09/07 02:23:31.984, 0, 86, 102631, 247.91
2026/09/07 02:23:31.990, 1, 61, 109798, 256.14
2026/09/07 02:23:32.997, 0, 100, 134159, 690.22
2026/09/07 02:23:33.000, 1, 63, 109798, 257.39
2026/09/07 02:23:34.001, 0, 9, 134159, 218.08
2026/09/07 02:23:34.004, 1, 59, 109798, 259.61
2026/09/07 02:23:35.008, 0, 35, 134159, 171.17
2026/09/07 02:23:35.010, 1, 63, 109798, 261.36
2026/09/07 02:23:36.012, 0, 10, 134159, 132.12
2026/09/07 02:23:36.015, 1, 61, 109798, 257.51
2026/09/07 02:23:37.018, 0, 31, 134159, 169.52
2026/09/07 02:23:37.020, 1, 61, 109798, 259.59
2026/09/07 02:23:38.022, 0, 100, 134159, 463.39
2026/09/07 02:23:38.025, 1, 59, 109798, 261.77
2026/09/07 02:23:39.030, 0, 87, 134159, 592.71
2026/09/07 02:23:39.032, 1, 58, 109798, 265.48
2026/09/07 02:23:40.035, 0, 9, 134159, 125.79
2026/09/07 02:23:40.039, 1, 60, 109798, 256.80
2026/09/07 02:23:41.041, 0, 11, 134159, 168.84
2026/09/07 02:23:41.044, 1, 57, 109798, 250.13
2026/09/07 02:23:42.046, 0, 9, 134159, 125.00
2026/09/07 02:23:42.053, 1, 59, 109798, 261.16
2026/09/07 02:23:43.057, 0, 18, 134159, 196.34
2026/09/07 02:23:43.059, 1, 63, 109798, 259.12
2026/09/07 02:23:44.062, 0, 100, 134159, 573.14
2026/09/07 02:23:44.064, 1, 63, 109798, 265.89
2026/09/07 02:23:45.069, 0, 100, 134941, 245.98
2026/09/07 02:23:45.071, 1, 60, 109798, 267.06
2026/09/07 02:23:46.072, 0, 100, 134943, 128.49
2026/09/07 02:23:46.079, 1, 59, 109798, 253.28
2026/09/07 02:23:47.084, 0, 43, 134943, 127.46
2026/09/07 02:23:47.089, 1, 50, 109798, 232.20
2026/09/07 02:23:48.091, 0, 47, 134943, 127.07
2026/09/07 02:23:48.096, 1, 49, 109798, 234.52
2026/09/07 02:23:49.100, 0, 100, 137369, 127.77
2026/09/07 02:23:49.103, 1, 61, 109798, 246.68
2026/09/07 02:23:50.105, 0, 0, 137369, 125.50
2026/09/07 02:23:50.107, 1, 62, 109798, 263.55
2026/09/07 02:23:51.109, 0, 1, 36539, 130.99
2026/09/07 02:23:51.112, 1, 61, 109798, 266.53
2026/09/07 02:23:52.113, 0, 0, 35785, 124.59
2026/09/07 02:23:52.115, 1, 62, 109798, 267.37
2026/09/07 02:23:53.117, 0, 6, 35785, 124.85
2026/09/07 02:23:53.119, 1, 60, 109798, 263.65
2026/09/07 02:23:54.121, 0, 40, 11793, 127.64
2026/09/07 02:23:54.124, 1, 60, 109798, 271.98
2026/09/07 02:23:55.126, 0, 0, 36027, 124.69
2026/09/07 02:23:55.128, 1, 57, 109798, 261.83
2026/09/07 02:23:56.130, 0, 0, 36027, 125.58
2026/09/07 02:23:56.132, 1, 0, 109798, 196.84
2026/09/07 02:23:57.135, 0, 0, 36637, 126.01
2026/09/07 02:23:57.136, 1, 0, 110110, 119.52
2026/09/07 02:23:58.140, 0, 0, 36637, 143.38
2026/09/07 02:23:58.143, 1, 84, 110418, 314.23
2026/09/07 02:23:59.145, 0, 24, 35785, 124.37
2026/09/07 02:23:59.147, 1, 46, 109808, 274.26
2026/09/07 02:24:00.149, 0, 0, 35785, 124.19
2026/09/07 02:24:00.152, 1, 50, 109808, 261.75
2026/09/07 02:24:01.154, 0, 45, 7799, 126.76
2026/09/07 02:24:01.156, 1, 53, 109808, 261.10
2026/09/07 02:24:02.157, 0, 0, 32881, 126.18
2026/09/07 02:24:02.160, 1, 56, 109808, 187.99
2026/09/07 02:24:03.170, 0, 1, 32881, 124.62
2026/09/07 02:24:03.173, 1, 66, 109808, 264.60
2026/09/07 02:24:04.175, 0, 18, 33137, 246.62
2026/09/07 02:24:04.177, 1, 57, 109808, 270.68
2026/09/07 02:24:05.181, 0, 0, 33137, 229.20
2026/09/07 02:24:05.183, 1, 56, 109808, 266.13
2026/09/07 02:24:06.184, 0, 65, 33137, 254.18
2026/09/07 02:24:06.187, 1, 62, 109808, 266.64
2026/09/07 02:24:07.188, 0, 95, 33137, 206.95
2026/09/07 02:24:07.190, 1, 60, 109808, 270.04
2026/09/07 02:24:08.192, 0, 0, 33137, 204.99
2026/09/07 02:24:08.194, 1, 57, 109808, 269.15
2026/09/07 02:24:09.196, 0, 0, 33137, 160.35
2026/09/07 02:24:09.198, 1, 61, 109808, 269.83
2026/09/07 02:24:10.199, 0, 100, 33139, 255.39
2026/09/07 02:24:10.201, 1, 64, 109808, 272.13
2026/09/07 02:24:11.204, 0, 38, 36097, 564.50
2026/09/07 02:24:11.206, 1, 56, 109808, 264.16
2026/09/07 02:24:12.208, 0, 90, 36097, 188.98
2026/09/07 02:24:12.211, 1, 62, 109808, 272.29
2026/09/07 02:24:13.212, 0, 83, 36097, 201.98
2026/09/07 02:24:13.215, 1, 60, 109808, 277.05
2026/09/07 02:24:14.216, 0, 0, 36097, 153.74
2026/09/07 02:24:14.219, 1, 56, 109808, 264.67
2026/09/07 02:24:15.220, 0, 91, 36097, 213.56
2026/09/07 02:24:15.222, 1, 55, 109808, 274.41
2026/09/07 02:24:16.224, 0, 78, 36097, 179.14
2026/09/07 02:24:16.241, 1, 49, 109810, 254.26
2026/09/07 02:24:17.248, 0, 0, 36097, 124.21
2026/09/07 02:24:17.252, 1, 33, 109810, 207.70
2026/09/07 02:24:18.255, 0, 67, 36097, 155.73
2026/09/07 02:24:18.259, 1, 51, 109810, 170.15
2026/09/07 02:24:19.266, 0, 0, 36097, 141.92
2026/09/07 02:24:19.277, 1, 47, 109810, 247.56
2026/09/07 02:24:20.281, 0, 81, 36097, 163.24
2026/09/07 02:24:20.289, 1, 57, 109810, 229.41
2026/09/07 02:24:21.295, 0, 0, 36097, 144.91
2026/09/07 02:24:21.298, 1, 52, 109810, 245.03
2026/09/07 02:24:22.301, 0, 0, 36097, 124.32
2026/09/07 02:24:22.304, 1, 37, 109810, 238.72
2026/09/07 02:24:23.306, 0, 0, 36097, 124.21
2026/09/07 02:24:23.311, 1, 50, 109810, 234.01
2026/09/07 02:24:24.314, 0, 0, 36097, 165.85
2026/09/07 02:24:24.319, 1, 51, 109810, 232.76
2026/09/07 02:24:25.322, 0, 0, 36097, 147.29
2026/09/07 02:24:25.327, 1, 45, 109810, 225.58
2026/09/07 02:24:26.330, 0, 0, 36097, 148.10
2026/09/07 02:24:26.351, 1, 24, 109810, 227.56
2026/09/07 02:24:27.356, 0, 39, 37311, 329.12
2026/09/07 02:24:27.365, 1, 40, 109810, 219.18
2026/09/07 02:24:28.381, 0, 100, 40909, 603.56
2026/09/07 02:24:28.391, 1, 38, 109810, 240.29
2026/09/07 02:24:29.407, 0, 48, 40909, 592.67
2026/09/07 02:24:29.409, 1, 62, 109810, 268.74
2026/09/07 02:24:30.412, 0, 12, 41513, 627.20
2026/09/07 02:24:30.414, 1, 64, 109810, 272.49
2026/09/07 02:24:31.416, 0, 100, 41513, 132.66
2026/09/07 02:24:31.419, 1, 66, 109810, 270.62
2026/09/07 02:24:32.422, 0, 51, 41693, 128.29
2026/09/07 02:24:32.424, 1, 53, 109810, 266.14
2026/09/07 02:24:33.426, 0, 43, 41693, 126.94
2026/09/07 02:24:33.429, 1, 54, 109810, 248.85
2026/09/07 02:24:34.430, 0, 47, 41693, 126.99
2026/09/07 02:24:34.440, 1, 44, 109810, 251.34
2026/09/07 02:24:35.445, 0, 0, 44119, 126.21
2026/09/07 02:24:35.449, 1, 62, 109810, 266.92
2026/09/07 02:24:36.451, 0, 0, 32217, 125.60
2026/09/07 02:24:36.456, 1, 57, 109810, 273.54
2026/09/07 02:24:37.459, 0, 0, 31865, 124.65
2026/09/07 02:24:37.463, 1, 57, 109810, 262.92
2026/09/07 02:24:38.465, 0, 100, 31865, 126.26
2026/09/07 02:24:38.468, 1, 58, 109810, 271.77
2026/09/07 02:24:39.470, 0, 0, 36027, 127.48
2026/09/07 02:24:39.474, 1, 64, 109810, 260.91
2026/09/07 02:24:40.476, 0, 45, 36027, 125.03
2026/09/07 02:24:40.477, 1, 58, 109810, 263.98
2026/09/07 02:24:41.481, 0, 100, 36027, 127.16
2026/09/07 02:24:41.484, 1, 66, 109810, 269.80
2026/09/07 02:24:42.486, 0, 22, 36027, 124.49
2026/09/07 02:24:42.488, 1, 59, 109810, 266.28
2026/09/07 02:24:43.491, 0, 21, 36027, 124.41
2026/09/07 02:24:43.493, 1, 57, 109810, 266.23
2026/09/07 02:24:44.494, 0, 2, 48573, 197.93
2026/09/07 02:24:44.497, 1, 63, 109810, 265.22
2026/09/07 02:24:45.499, 0, 35, 50773, 258.13
2026/09/07 02:24:45.501, 1, 5, 109810, 232.27
2026/09/07 02:24:46.503, 0, 16, 51987, 253.49
2026/09/07 02:24:46.506, 1, 54, 109810, 272.37
2026/09/07 02:24:47.508, 0, 98, 91397, 449.45
2026/09/07 02:24:47.510, 1, 61, 109810, 274.72
2026/09/07 02:24:48.512, 0, 10, 91397, 164.86
2026/09/07 02:24:48.515, 1, 64, 109810, 268.95
2026/09/07 02:24:49.517, 0, 33, 91397, 171.54
2026/09/07 02:24:49.519, 1, 61, 109810, 281.37
2026/09/07 02:24:50.522, 0, 8, 91397, 125.11
2026/09/07 02:24:50.524, 1, 59, 109810, 276.54
2026/09/07 02:24:51.526, 0, 38, 91397, 186.61
2026/09/07 02:24:51.528, 1, 63, 109810, 275.69
2026/09/07 02:24:52.530, 0, 100, 91397, 432.61
2026/09/07 02:24:52.532, 1, 62, 109810, 283.77
2026/09/07 02:24:53.535, 0, 19, 91397, 433.73
2026/09/07 02:24:53.538, 1, 58, 109810, 275.01
2026/09/07 02:24:54.541, 0, 8, 91397, 339.45
2026/09/07 02:24:54.543, 1, 66, 109810, 272.45
2026/09/07 02:24:55.545, 0, 23, 91397, 156.83
2026/09/07 02:24:55.547, 1, 64, 109810, 276.35
2026/09/07 02:24:56.549, 0, 21, 91397, 144.05
2026/09/07 02:24:56.551, 1, 65, 109810, 259.73
2026/09/07 02:24:57.554, 0, 100, 91397, 440.35
2026/09/07 02:24:57.557, 1, 63, 109810, 247.25
2026/09/07 02:24:58.559, 0, 100, 92179, 250.49
2026/09/07 02:24:58.561, 1, 59, 109810, 284.81
2026/09/07 02:24:59.564, 0, 100, 92181, 127.71
2026/09/07 02:24:59.568, 1, 58, 109810, 270.31
2026/09/07 02:25:00.572, 0, 44, 92181, 126.30
2026/09/07 02:25:00.574, 1, 54, 109810, 245.60
2026/09/07 02:25:01.578, 0, 43, 92181, 126.47
2026/09/07 02:25:01.581, 1, 53, 109810, 248.07
2026/09/07 02:25:02.583, 0, 100, 94607, 127.48
2026/09/07 02:25:02.585, 1, 66, 109810, 269.36
2026/09/07 02:25:03.587, 0, 0, 92899, 124.97
2026/09/07 02:25:03.589, 1, 65, 109810, 282.54
2026/09/07 02:25:04.592, 0, 0, 36027, 127.41
2026/09/07 02:25:04.594, 1, 64, 109810, 286.46
2026/09/07 02:25:05.596, 0, 0, 35785, 123.79
2026/09/07 02:25:05.598, 1, 63, 109810, 280.86
2026/09/07 02:25:06.601, 0, 100, 35785, 124.45
2026/09/07 02:25:06.603, 1, 60, 109810, 281.46
2026/09/07 02:25:07.605, 0, 30, 36027, 126.64
2026/09/07 02:25:07.608, 1, 16, 109810, 270.14
2026/09/07 02:25:08.610, 0, 100, 36027, 124.94
2026/09/07 02:25:08.612, 1, 61, 109810, 292.64
2026/09/07 02:25:09.614, 0, 0, 36027, 125.03
2026/09/07 02:25:09.616, 1, 0, 109810, 170.62
2026/09/07 02:25:10.617, 0, 4, 36697, 125.32
2026/09/07 02:25:10.619, 1, 0, 110110, 121.84
2026/09/07 02:25:11.621, 0, 0, 36637, 145.52
2026/09/07 02:25:11.624, 1, 85, 110404, 365.81
2026/09/07 02:25:12.626, 0, 0, 35785, 124.13
2026/09/07 02:25:12.629, 1, 0, 109808, 314.52
2026/09/07 02:25:13.631, 0, 0, 35785, 123.88
2026/09/07 02:25:13.633, 1, 65, 109808, 277.15
2026/09/07 02:25:14.635, 0, 45, 8461, 126.59
2026/09/07 02:25:14.643, 1, 61, 109808, 281.42
2026/09/07 02:25:15.645, 0, 0, 32879, 125.82
2026/09/07 02:25:15.648, 1, 59, 109808, 284.30
2026/09/07 02:25:16.650, 0, 66, 32881, 204.59
2026/09/07 02:25:16.652, 1, 66, 109808, 279.25
2026/09/07 02:25:17.654, 0, 78, 36767, 557.05
2026/09/07 02:25:17.657, 1, 66, 109808, 285.92
2026/09/07 02:25:18.659, 0, 100, 39979, 643.92
2026/09/07 02:25:18.661, 1, 61, 109808, 273.81
2026/09/07 02:25:19.663, 0, 100, 40583, 429.34
2026/09/07 02:25:19.665, 1, 62, 109808, 277.03
2026/09/07 02:25:20.667, 0, 100, 40583, 128.23
2026/09/07 02:25:20.670, 1, 63, 109808, 275.91
2026/09/07 02:25:21.672, 0, 51, 40763, 127.22
2026/09/07 02:25:21.675, 1, 50, 109808, 249.36
2026/09/07 02:25:22.677, 0, 47, 40763, 126.88
2026/09/07 02:25:22.679, 1, 50, 109808, 240.83
2026/09/07 02:25:23.682, 0, 4, 43189, 127.83
2026/09/07 02:25:23.684, 1, 64, 109808, 250.28
2026/09/07 02:25:24.686, 0, 0, 32879, 125.10
2026/09/07 02:25:24.688, 1, 62, 109808, 274.77
2026/09/07 02:25:25.690, 0, 0, 31863, 124.66
2026/09/07 02:25:25.693, 1, 56, 109808, 269.92
2026/09/07 02:25:26.694, 0, 0, 31865, 124.25
2026/09/07 02:25:26.697, 1, 62, 109808, 275.79
2026/09/07 02:25:27.698, 0, 100, 11557, 128.08
2026/09/07 02:25:27.701, 1, 62, 109808, 270.94
2026/09/07 02:25:28.703, 0, 0, 36027, 125.16
2026/09/07 02:25:28.704, 1, 62, 109808, 275.57
2026/09/07 02:25:29.706, 0, 100, 36027, 125.87
2026/09/07 02:25:29.708, 1, 1, 109808, 263.58
2026/09/07 02:25:30.711, 0, 19, 36027, 126.03
2026/09/07 02:25:30.713, 1, 64, 109808, 262.46
2026/09/07 02:25:31.715, 0, 21, 36027, 124.18
2026/09/07 02:25:31.718, 1, 64, 109808, 276.89
2026/09/07 02:25:32.721, 0, 9, 44559, 183.81
2026/09/07 02:25:32.723, 1, 58, 109808, 276.20
2026/09/07 02:25:33.725, 0, 10, 55895, 332.72
2026/09/07 02:25:33.728, 1, 62, 109808, 279.13
2026/09/07 02:25:34.729, 0, 100, 55897, 297.25
2026/09/07 02:25:34.734, 1, 63, 109808, 277.54
2026/09/07 02:25:35.739, 0, 64, 55897, 268.77
2026/09/07 02:25:35.741, 1, 4, 109808, 228.40
2026/09/07 02:25:36.743, 0, 9, 90153, 328.67
2026/09/07 02:25:36.747, 1, 62, 109808, 277.86
2026/09/07 02:25:37.749, 0, 35, 90153, 167.82
2026/09/07 02:25:37.751, 1, 62, 109808, 269.16
2026/09/07 02:25:38.754, 0, 9, 90153, 125.06
2026/09/07 02:25:38.757, 1, 61, 109810, 267.11
2026/09/07 02:25:39.761, 0, 40, 90153, 208.44
2026/09/07 02:25:39.763, 1, 62, 109810, 270.64
2026/09/07 02:25:40.765, 0, 100, 90757, 633.53
2026/09/07 02:25:40.776, 1, 60, 109810, 276.97
2026/09/07 02:25:41.778, 0, 100, 90937, 131.25
2026/09/07 02:25:41.781, 1, 61, 109810, 268.56
2026/09/07 02:25:42.783, 0, 42, 90939, 127.84
2026/09/07 02:25:42.786, 1, 54, 109810, 263.19
2026/09/07 02:25:43.791, 0, 41, 90939, 127.45
2026/09/07 02:25:43.793, 1, 45, 109810, 231.67
2026/09/07 02:25:44.796, 0, 0, 90939, 126.15
2026/09/07 02:25:44.805, 1, 47, 109810, 244.87
2026/09/07 02:25:45.810, 0, 100, 93365, 127.72
2026/09/07 02:25:45.813, 1, 61, 109810, 266.11
2026/09/07 02:25:46.814, 0, 89, 37051, 128.22
2026/09/07 02:25:46.818, 1, 60, 109810, 267.81
2026/09/07 02:25:47.821, 0, 2, 36021, 124.43
2026/09/07 02:25:47.823, 1, 37, 109810, 266.53
2026/09/07 02:25:48.825, 0, 0, 35785, 124.30
2026/09/07 02:25:48.828, 1, 19, 109810, 215.96
2026/09/07 02:25:49.831, 0, 33, 7801, 125.37
2026/09/07 02:25:49.833, 1, 65, 109810, 263.76
2026/09/07 02:25:50.840, 0, 0, 36027, 126.46
2026/09/07 02:25:50.843, 1, 64, 109810, 270.54
2026/09/07 02:25:51.845, 0, 100, 36027, 125.84
2026/09/07 02:25:51.848, 1, 62, 109810, 269.21
2026/09/07 02:25:52.852, 0, 0, 36027, 124.11
2026/09/07 02:25:52.855, 1, 0, 109810, 130.09
2026/09/07 02:25:53.857, 0, 8, 36637, 142.31
2026/09/07 02:25:53.859, 1, 45, 110388, 153.95
2026/09/07 02:25:54.861, 0, 0, 36315, 124.97
2026/09/07 02:25:54.863, 1, 0, 109874, 508.71
2026/09/07 02:25:55.866, 0, 0, 35785, 124.13
2026/09/07 02:25:55.869, 1, 59, 109808, 178.69
2026/09/07 02:25:56.870, 0, 0, 35785, 123.87
2026/09/07 02:25:56.873, 1, 61, 109808, 275.51
2026/09/07 02:25:57.876, 0, 0, 7797, 126.62
2026/09/07 02:25:57.879, 1, 65, 109808, 273.26
2026/09/07 02:25:58.881, 0, 0, 7797, 123.78
2026/09/07 02:25:58.884, 1, 64, 109808, 265.46
2026/09/07 02:25:59.885, 0, 0, 7797, 123.74
2026/09/07 02:25:59.888, 1, 60, 109808, 266.39
2026/09/07 02:26:00.891, 0, 0, 7797, 123.76
2026/09/07 02:26:00.894, 1, 56, 109808, 263.70
2026/09/07 02:26:01.897, 0, 0, 7797, 123.71
2026/09/07 02:26:01.900, 1, 63, 109808, 267.92
2026/09/07 02:26:02.903, 0, 0, 7797, 123.65
2026/09/07 02:26:02.906, 1, 62, 109808, 257.70
2026/09/07 02:26:03.910, 0, 0, 7797, 123.62
2026/09/07 02:26:03.912, 1, 63, 109808, 264.45
2026/09/07 02:26:04.914, 0, 0, 7797, 123.57
2026/09/07 02:26:04.916, 1, 61, 109808, 258.79
2026/09/07 02:26:05.918, 0, 0, 7797, 123.52
2026/09/07 02:26:05.920, 1, 61, 109808, 254.70
2026/09/07 02:26:06.922, 0, 0, 7797, 123.51
2026/09/07 02:26:06.924, 1, 61, 109808, 254.69
2026/09/07 02:26:07.926, 0, 0, 7797, 123.46
2026/09/07 02:26:07.928, 1, 62, 109808, 260.60
2026/09/07 02:26:08.930, 0, 0, 7797, 123.43
2026/09/07 02:26:08.932, 1, 65, 109808, 258.24
2026/09/07 02:26:09.933, 0, 0, 7797, 123.40
2026/09/07 02:26:09.935, 1, 55, 109808, 249.79
2026/09/07 02:26:10.937, 0, 0, 7797, 123.38
2026/09/07 02:26:10.940, 1, 64, 109808, 258.47
2026/09/07 02:26:11.942, 0, 0, 7797, 123.36
2026/09/07 02:26:11.945, 1, 63, 109808, 259.66
2026/09/07 02:26:12.950, 0, 0, 7797, 123.33
2026/09/07 02:26:12.953, 1, 59, 109808, 256.33
2026/09/07 02:26:13.955, 0, 0, 7797, 123.30
2026/09/07 02:26:13.960, 1, 49, 109808, 257.06
2026/09/07 02:26:14.966, 0, 0, 7797, 123.26
2026/09/07 02:26:14.972, 1, 59, 109808, 264.58
2026/09/07 02:26:15.974, 0, 0, 7797, 123.26
2026/09/07 02:26:15.977, 1, 62, 109808, 261.39
2026/09/07 02:26:16.980, 0, 0, 7797, 123.17
2026/09/07 02:26:16.982, 1, 61, 109808, 258.03
2026/09/07 02:26:17.985, 0, 0, 7797, 123.18
2026/09/07 02:26:17.988, 1, 65, 109808, 261.44
2026/09/07 02:26:18.992, 0, 0, 7797, 123.10
2026/09/07 02:26:18.994, 1, 61, 109808, 257.92
2026/09/07 02:26:19.995, 0, 0, 7797, 123.08
2026/09/07 02:26:19.998, 1, 65, 109808, 258.52
2026/09/07 02:26:21.000, 0, 0, 7797, 123.00
2026/09/07 02:26:21.003, 1, 56, 109808, 263.08
2026/09/07 02:26:22.005, 0, 0, 7797, 123.05
2026/09/07 02:26:22.008, 1, 64, 109808, 266.93
2026/09/07 02:26:23.011, 0, 0, 7797, 122.96
2026/09/07 02:26:23.013, 1, 64, 109808, 264.33
2026/09/07 02:26:24.015, 0, 0, 7797, 122.99
2026/09/07 02:26:24.022, 1, 60, 109808, 262.80
2026/09/07 02:26:25.029, 0, 0, 7797, 122.88
2026/09/07 02:26:25.032, 1, 62, 109808, 263.75
2026/09/07 02:26:26.034, 0, 0, 7797, 122.95
2026/09/07 02:26:26.037, 1, 63, 109808, 263.70
2026/09/07 02:26:27.044, 0, 0, 7797, 122.88
2026/09/07 02:26:27.046, 1, 61, 109808, 261.27
2026/09/07 02:26:28.048, 0, 0, 7797, 122.92
2026/09/07 02:26:28.050, 1, 62, 109808, 264.91
2026/09/07 02:26:29.052, 0, 0, 7797, 122.89
2026/09/07 02:26:29.054, 1, 61, 109808, 262.81
2026/09/07 02:26:30.056, 0, 0, 7797, 122.89
2026/09/07 02:26:30.060, 1, 62, 109808, 259.38
2026/09/07 02:26:31.061, 0, 0, 7797, 122.87
2026/09/07 02:26:31.064, 1, 61, 109808, 257.38
2026/09/07 02:26:32.066, 0, 0, 7797, 122.85
2026/09/07 02:26:32.073, 1, 55, 109808, 249.20
2026/09/07 02:26:33.081, 0, 0, 7797, 122.88
2026/09/07 02:26:33.084, 1, 50, 109808, 240.88
2026/09/07 02:26:34.086, 0, 100, 16835, 123.58
2026/09/07 02:26:34.096, 1, 54, 109808, 227.42
2026/09/07 02:26:35.129, 0, 0, 32881, 123.84
2026/09/07 02:26:35.136, 1, 49, 109808, 230.51
2026/09/07 02:26:36.141, 0, 100, 35489, 350.16
2026/09/07 02:26:36.159, 1, 46, 109808, 223.10
2026/09/07 02:26:37.186, 0, 0, 35489, 122.63
2026/09/07 02:26:39.921, 1, 0, 109810, 118.20
2026/09/07 02:26:40.927, 0, 0, 35491, 123.13
2026/09/07 02:26:44.252, 1, 0, 109812, 117.69
2026/09/07 02:26:45.264, 0, 66, 37997, 359.74
2026/09/07 02:26:45.268, 1, 50, 109812, 213.49
2026/09/07 02:26:46.273, 0, 100, 40945, 687.91
2026/09/07 02:26:46.278, 1, 48, 109812, 223.55
2026/09/07 02:26:47.281, 0, 62, 40947, 466.93
2026/09/07 02:26:47.286, 1, 47, 109812, 224.62
2026/09/07 02:26:48.292, 0, 97, 40951, 700.98
2026/09/07 02:26:48.296, 1, 46, 109812, 226.82
2026/09/07 02:26:49.300, 0, 100, 40951, 596.49
2026/09/07 02:26:49.305, 1, 45, 109812, 227.86
2026/09/07 02:26:50.310, 0, 100, 41555, 333.02
2026/09/07 02:26:50.315, 1, 41, 109812, 226.34
2026/09/07 02:26:51.327, 0, 100, 41555, 127.63
2026/09/07 02:26:51.332, 1, 40, 109812, 220.92
2026/09/07 02:26:52.337, 0, 40, 41735, 125.96
2026/09/07 02:26:52.342, 1, 35, 109812, 212.79
2026/09/07 02:26:53.349, 0, 36, 41735, 125.70
2026/09/07 02:26:53.365, 1, 39, 109812, 213.19
2026/09/07 02:26:54.380, 0, 30, 41735, 125.99
2026/09/07 02:26:54.388, 1, 35, 109812, 214.48
2026/09/07 02:26:55.397, 0, 51, 44161, 125.40
2026/09/07 02:26:55.402, 1, 40, 109812, 204.41
2026/09/07 02:26:56.413, 0, 0, 44161, 126.30
2026/09/07 02:26:56.422, 1, 41, 109812, 224.62
2026/09/07 02:26:57.440, 0, 0, 32831, 124.61
2026/09/07 02:26:57.445, 1, 44, 109812, 225.61
2026/09/07 02:26:58.449, 0, 0, 31865, 124.17
2026/09/07 02:26:58.458, 1, 43, 109812, 228.29
2026/09/07 02:26:59.476, 0, 0, 31865, 123.72
2026/09/07 02:26:59.513, 1, 0, 109812, 188.82
2026/09/07 02:27:00.531, 0, 0, 31865, 123.71
2026/09/07 02:27:00.542, 1, 43, 109812, 223.61
2026/09/07 02:27:01.560, 0, 100, 31865, 125.58
2026/09/07 02:27:01.588, 1, 51, 109812, 238.85
2026/09/07 02:27:02.595, 0, 0, 28005, 126.31
2026/09/07 02:27:02.613, 1, 45, 109812, 230.00
2026/09/07 02:27:03.631, 0, 18, 36027, 123.60
2026/09/07 02:27:03.635, 1, 44, 109812, 220.75
2026/09/07 02:27:04.639, 0, 100, 36027, 126.54
2026/09/07 02:27:04.650, 1, 49, 109812, 232.24
2026/09/07 02:27:05.656, 0, 20, 36027, 123.89
2026/09/07 02:27:05.659, 1, 45, 109812, 231.26
2026/09/07 02:27:06.669, 0, 18, 36027, 123.63
2026/09/07 02:27:06.676, 1, 43, 109812, 223.91
2026/09/07 02:27:07.688, 0, 19, 36027, 123.50
2026/09/07 02:27:07.702, 1, 45, 109812, 236.96
2026/09/07 02:27:08.710, 0, 3, 46753, 173.02
2026/09/07 02:27:08.714, 1, 54, 109812, 243.25
2026/09/07 02:27:09.718, 0, 29, 48221, 207.23
2026/09/07 02:27:09.723, 1, 60, 109812, 256.14
2026/09/07 02:27:10.731, 0, 9, 88845, 371.39
2026/09/07 02:27:10.735, 1, 49, 109812, 250.40
2026/09/07 02:27:11.738, 0, 26, 88845, 138.15
2026/09/07 02:27:11.742, 1, 57, 109812, 254.88
2026/09/07 02:27:12.746, 0, 9, 88845, 162.16
2026/09/07 02:27:12.749, 1, 61, 109812, 255.93
2026/09/07 02:27:13.754, 0, 11, 88845, 137.71
2026/09/07 02:27:13.757, 1, 55, 109812, 258.25
2026/09/07 02:27:14.761, 0, 19, 88845, 183.43
2026/09/07 02:27:14.764, 1, 51, 109812, 253.37
2026/09/07 02:27:15.768, 0, 100, 90553, 450.36
2026/09/07 02:27:15.772, 1, 50, 109812, 249.93
2026/09/07 02:27:16.777, 0, 9, 90553, 522.56
2026/09/07 02:27:16.781, 1, 59, 109812, 245.39
2026/09/07 02:27:17.789, 0, 8, 90553, 132.44
2026/09/07 02:27:17.792, 1, 54, 109812, 243.49
2026/09/07 02:27:18.795, 0, 10, 90553, 161.09
2026/09/07 02:27:18.798, 1, 66, 109812, 253.47
2026/09/07 02:27:19.800, 0, 30, 90553, 142.24
2026/09/07 02:27:19.802, 1, 59, 109812, 259.09
2026/09/07 02:27:20.806, 0, 28, 90553, 181.60
2026/09/07 02:27:20.808, 1, 58, 109812, 253.98
2026/09/07 02:27:21.810, 0, 100, 90555, 632.82
2026/09/07 02:27:21.814, 1, 61, 109812, 262.85
2026/09/07 02:27:22.815, 0, 17, 90555, 220.37
2026/09/07 02:27:22.818, 1, 62, 109812, 264.96
2026/09/07 02:27:23.820, 0, 13, 90555, 140.09
2026/09/07 02:27:23.823, 1, 42, 109812, 228.34
2026/09/07 02:27:24.828, 0, 100, 90557, 373.38
2026/09/07 02:27:24.832, 1, 34, 109812, 198.58
2026/09/07 02:27:25.836, 0, 16, 90557, 140.89
2026/09/07 02:27:25.843, 1, 36, 109812, 213.42
2026/09/07 02:27:26.846, 0, 9, 90557, 360.62
2026/09/07 02:27:26.851, 1, 34, 109812, 212.60
2026/09/07 02:27:27.861, 0, 18, 90557, 136.89
2026/09/07 02:27:27.870, 1, 47, 109812, 227.34
2026/09/07 02:27:28.873, 0, 9, 90557, 144.40
2026/09/07 02:27:28.879, 1, 42, 109812, 233.00
2026/09/07 02:27:29.886, 0, 13, 90557, 138.59
2026/09/07 02:27:29.895, 1, 27, 109812, 221.20
2026/09/07 02:27:30.901, 0, 9, 90557, 155.14
2026/09/07 02:27:30.905, 1, 46, 109812, 218.39
2026/09/07 02:27:31.912, 0, 100, 90557, 295.78
2026/09/07 02:27:31.917, 1, 40, 109812, 215.10
2026/09/07 02:27:32.922, 0, 100, 91339, 374.05
2026/09/07 02:27:32.926, 1, 46, 109812, 235.95
2026/09/07 02:27:33.928, 0, 100, 91339, 127.15
2026/09/07 02:27:33.930, 1, 64, 109812, 234.64
2026/09/07 02:27:34.934, 0, 28, 91341, 125.19
2026/09/07 02:27:34.971, 1, 27, 109812, 199.83
2026/09/07 02:27:35.976, 0, 21, 91341, 124.75
2026/09/07 02:27:35.982, 1, 37, 109812, 187.32
2026/09/07 02:27:36.988, 0, 24, 91341, 124.75
2026/09/07 02:27:37.009, 1, 35, 109812, 196.37
2026/09/07 02:27:38.019, 0, 17, 91341, 124.73
2026/09/07 02:27:38.022, 1, 35, 109812, 191.42
2026/09/07 02:27:39.035, 0, 26, 91341, 124.38
2026/09/07 02:27:39.066, 1, 20, 109812, 194.10
2026/09/07 02:27:40.077, 0, 0, 93767, 124.20
2026/09/07 02:27:40.097, 1, 32, 109812, 184.08
2026/09/07 02:27:41.114, 0, 0, 93767, 123.37
2026/09/07 02:27:41.121, 1, 36, 109812, 174.96
2026/09/07 02:27:42.131, 0, 100, 93767, 125.14
2026/09/07 02:27:42.135, 1, 45, 109812, 191.46
2026/09/07 02:27:43.138, 0, 0, 93767, 125.21
2026/09/07 02:27:43.143, 1, 42, 109812, 205.67
2026/09/07 02:27:44.155, 0, 98, 36539, 126.67
2026/09/07 02:27:44.159, 1, 41, 109812, 211.42
2026/09/07 02:27:45.162, 0, 0, 35785, 123.26
2026/09/07 02:27:45.166, 1, 46, 109812, 220.31
2026/09/07 02:27:46.171, 0, 0, 35785, 123.02
2026/09/07 02:27:46.173, 1, 51, 109812, 231.23
2026/09/07 02:27:47.176, 0, 5, 35785, 123.05
2026/09/07 02:27:47.181, 1, 42, 109812, 240.02
2026/09/07 02:27:48.186, 0, 72, 11557, 126.02
2026/09/07 02:27:48.274, 1, 46, 109812, 216.46
2026/09/07 02:27:49.275, 0, 0, 36027, 122.90
2026/09/07 02:27:49.277, 1, 56, 109812, 255.80
2026/09/07 02:27:50.279, 0, 10, 36027, 124.64
2026/09/07 02:27:50.281, 1, 57, 109812, 246.23
2026/09/07 02:27:51.283, 0, 0, 36311, 122.77
2026/09/07 02:27:51.285, 1, 0, 109788, 117.69
2026/09/07 02:27:52.288, 0, 6, 36637, 145.47
2026/09/07 02:27:52.290, 1, 64, 108936, 146.22
2026/09/07 02:27:53.292, 0, 0, 36637, 125.58
2026/09/07 02:27:53.298, 1, 0, 110418, 438.99
2026/09/07 02:27:54.307, 0, 0, 35785, 122.94
2026/09/07 02:27:54.310, 1, 49, 109808, 212.02
2026/09/07 02:27:55.312, 0, 0, 35785, 122.64
2026/09/07 02:27:55.314, 1, 58, 109808, 251.32
2026/09/07 02:27:56.316, 0, 0, 35785, 122.58
2026/09/07 02:27:56.322, 1, 31, 109808, 236.27
2026/09/07 02:27:57.325, 0, 64, 35785, 122.60
2026/09/07 02:27:57.327, 1, 62, 109808, 240.46
2026/09/07 02:27:58.330, 0, 0, 7797, 125.08
2026/09/07 02:27:58.331, 1, 53, 109808, 237.47
2026/09/07 02:27:59.334, 0, 0, 7797, 122.38
2026/09/07 02:27:59.335, 1, 62, 109810, 232.18
2026/09/07 02:28:00.337, 0, 0, 7797, 122.33
2026/09/07 02:28:00.340, 1, 33, 109810, 234.05
2026/09/07 02:28:01.342, 0, 0, 7797, 122.29
2026/09/07 02:28:01.343, 1, 56, 109810, 246.95
2026/09/07 02:28:02.345, 0, 0, 7797, 122.27
2026/09/07 02:28:02.347, 1, 62, 109810, 258.69
2026/09/07 02:28:03.348, 0, 0, 7797, 122.20
2026/09/07 02:28:03.400, 1, 55, 109810, 263.56
2026/09/07 02:28:04.402, 0, 0, 7797, 122.16
2026/09/07 02:28:04.404, 1, 61, 109810, 274.78
2026/09/07 02:28:05.408, 0, 0, 7797, 122.19
2026/09/07 02:28:05.411, 1, 58, 109810, 264.56
2026/09/07 02:28:06.412, 0, 0, 7797, 122.11
2026/09/07 02:28:06.420, 1, 59, 109810, 269.70
2026/09/07 02:28:07.426, 0, 0, 7797, 122.14
2026/09/07 02:28:07.429, 1, 54, 109810, 250.65
2026/09/07 02:28:08.431, 0, 0, 8155, 122.04
2026/09/07 02:28:08.436, 1, 54, 109810, 252.35
2026/09/07 02:28:09.440, 0, 10, 16785, 124.17
2026/09/07 02:28:09.442, 1, 61, 109810, 260.98
2026/09/07 02:28:10.443, 0, 0, 32831, 122.11
2026/09/07 02:28:10.447, 1, 55, 109812, 229.88
2026/09/07 02:28:11.451, 0, 100, 35439, 524.03
2026/09/07 02:28:11.453, 1, 57, 109812, 265.64
2026/09/07 02:28:12.455, 0, 100, 40701, 649.75
2026/09/07 02:28:12.459, 1, 62, 109812, 275.53
2026/09/07 02:28:13.461, 0, 83, 41919, 623.92
2026/09/07 02:28:13.463, 1, 63, 109812, 265.28
2026/09/07 02:28:14.465, 0, 100, 41919, 593.03
2026/09/07 02:28:14.469, 1, 60, 109812, 268.21
2026/09/07 02:28:15.472, 0, 64, 41919, 627.51
2026/09/07 02:28:15.475, 1, 65, 109812, 269.19
2026/09/07 02:28:16.476, 0, 100, 42523, 177.38
2026/09/07 02:28:16.483, 1, 59, 109812, 262.15
2026/09/07 02:28:17.486, 0, 100, 42703, 126.88
2026/09/07 02:28:17.489, 1, 60, 109812, 263.85
2026/09/07 02:28:18.491, 0, 46, 42703, 125.64
2026/09/07 02:28:18.496, 1, 44, 109812, 242.07
2026/09/07 02:28:19.501, 0, 42, 42703, 125.78
2026/09/07 02:28:19.503, 1, 50, 109812, 245.12
2026/09/07 02:28:20.504, 0, 0, 45129, 126.84
2026/09/07 02:28:20.508, 1, 58, 109812, 256.38
2026/09/07 02:28:21.514, 0, 0, 33343, 124.14
2026/09/07 02:28:21.516, 1, 45, 109812, 257.61
2026/09/07 02:28:22.519, 0, 1, 32473, 123.40
2026/09/07 02:28:22.521, 1, 61, 109812, 261.36
2026/09/07 02:28:23.524, 0, 0, 31865, 123.64
2026/09/07 02:28:23.528, 1, 63, 109812, 263.23
2026/09/07 02:28:24.530, 0, 0, 31865, 123.19
2026/09/07 02:28:24.533, 1, 56, 109812, 211.58
2026/09/07 02:28:25.534, 0, 0, 31865, 123.23
2026/09/07 02:28:25.536, 1, 60, 109812, 267.51
2026/09/07 02:28:26.539, 0, 0, 31865, 123.08
2026/09/07 02:28:26.541, 1, 51, 109812, 262.53
2026/09/07 02:28:27.543, 0, 0, 31865, 123.10
2026/09/07 02:28:27.545, 1, 59, 109812, 275.32
2026/09/07 02:28:28.548, 0, 0, 31865, 122.99
2026/09/07 02:28:28.551, 1, 57, 109812, 256.70
2026/09/07 02:28:29.555, 0, 0, 31865, 122.99
2026/09/07 02:28:29.558, 1, 63, 109812, 263.00
2026/09/07 02:28:30.559, 0, 100, 31865, 123.29
2026/09/07 02:28:30.561, 1, 61, 109812, 272.16
2026/09/07 02:28:31.564, 0, 91, 11557, 126.88
2026/09/07 02:28:31.565, 1, 55, 109812, 271.97
2026/09/07 02:28:32.568, 0, 0, 36025, 123.30
2026/09/07 02:28:32.569, 1, 53, 109812, 269.33
2026/09/07 02:28:33.573, 0, 100, 36025, 124.15
2026/09/07 02:28:33.575, 1, 58, 109812, 271.95
2026/09/07 02:28:34.578, 0, 22, 36025, 125.11
2026/09/07 02:28:34.580, 1, 57, 109812, 266.64
2026/09/07 02:28:35.582, 0, 20, 36025, 122.98
2026/09/07 02:28:35.585, 1, 60, 109812, 261.36
2026/09/07 02:28:36.587, 0, 19, 36025, 122.95
2026/09/07 02:28:36.589, 1, 60, 109812, 269.60
2026/09/07 02:28:37.590, 0, 9, 79327, 329.02
2026/09/07 02:28:37.593, 1, 65, 109812, 264.54
2026/09/07 02:28:38.594, 0, 8, 79327, 123.33
2026/09/07 02:28:38.597, 1, 64, 109812, 263.23
2026/09/07 02:28:39.599, 0, 30, 79839, 170.14
2026/09/07 02:28:39.602, 1, 63, 109812, 263.21
2026/09/07 02:28:40.604, 0, 9, 79839, 123.48
2026/09/07 02:28:40.606, 1, 63, 109812, 262.93
2026/09/07 02:28:41.608, 0, 21, 79839, 181.21
2026/09/07 02:28:41.611, 1, 61, 109812, 272.56
2026/09/07 02:28:42.614, 0, 100, 90577, 397.80
2026/09/07 02:28:42.616, 1, 55, 109812, 270.78
2026/09/07 02:28:43.619, 0, 9, 91791, 488.30
2026/09/07 02:28:43.621, 1, 60, 109812, 268.83
2026/09/07 02:28:44.623, 0, 18, 91795, 165.48
2026/09/07 02:28:44.624, 1, 65, 109812, 273.20
2026/09/07 02:28:45.626, 0, 17, 91795, 337.72
2026/09/07 02:28:45.629, 1, 65, 109812, 280.04
2026/09/07 02:28:46.631, 0, 10, 91795, 309.05
2026/09/07 02:28:46.633, 1, 63, 109812, 275.44
2026/09/07 02:28:47.635, 0, 69, 91795, 395.15
2026/09/07 02:28:47.638, 1, 62, 109812, 279.22
2026/09/07 02:28:48.640, 0, 10, 91795, 124.57
2026/09/07 02:28:48.642, 1, 62, 109812, 270.98
2026/09/07 02:28:49.644, 0, 19, 91795, 173.69
2026/09/07 02:28:49.646, 1, 61, 109812, 274.71
2026/09/07 02:28:50.648, 0, 9, 91795, 124.05
2026/09/07 02:28:50.652, 1, 64, 109812, 269.56
2026/09/07 02:28:51.654, 0, 23, 91795, 185.54
2026/09/07 02:28:51.656, 1, 58, 109812, 269.05
2026/09/07 02:28:52.658, 0, 100, 91795, 402.30
2026/09/07 02:28:52.660, 1, 60, 109812, 262.03
2026/09/07 02:28:53.661, 0, 12, 91795, 431.47
2026/09/07 02:28:53.663, 1, 62, 109812, 268.46
2026/09/07 02:28:54.665, 0, 0, 92577, 283.28
2026/09/07 02:28:54.667, 1, 64, 109812, 270.86
2026/09/07 02:28:55.669, 0, 100, 92577, 127.54
2026/09/07 02:28:55.672, 1, 67, 109812, 267.37
2026/09/07 02:28:56.674, 0, 46, 92579, 126.43
2026/09/07 02:28:56.677, 1, 55, 109812, 255.16
2026/09/07 02:28:57.680, 0, 46, 92579, 125.66
2026/09/07 02:28:57.682, 1, 50, 109812, 240.93
2026/09/07 02:28:58.685, 0, 45, 95005, 125.10
2026/09/07 02:28:58.687, 1, 39, 109812, 226.53
2026/09/07 02:28:59.688, 0, 100, 95005, 126.86
2026/09/07 02:28:59.690, 1, 62, 109812, 272.04
2026/09/07 02:29:00.692, 0, 47, 37051, 125.15
2026/09/07 02:29:00.694, 1, 63, 109812, 271.94
2026/09/07 02:29:01.696, 0, 0, 36027, 125.97
2026/09/07 02:29:01.698, 1, 62, 109812, 260.73
2026/09/07 02:29:02.700, 0, 0, 35783, 123.21
2026/09/07 02:29:02.702, 1, 59, 109812, 276.15
2026/09/07 02:29:03.704, 0, 93, 35783, 123.36
2026/09/07 02:29:03.706, 1, 61, 109812, 270.36
2026/09/07 02:29:04.708, 0, 0, 11559, 126.11
2026/09/07 02:29:04.710, 1, 63, 109812, 268.98
2026/09/07 02:29:05.711, 0, 75, 36029, 123.21
2026/09/07 02:29:05.713, 1, 58, 109812, 268.14
2026/09/07 02:29:06.715, 0, 0, 36029, 124.12
2026/09/07 02:29:06.718, 1, 0, 109812, 210.44
2026/09/07 02:29:07.721, 0, 4, 36699, 123.54
2026/09/07 02:29:07.723, 1, 0, 110110, 118.87
2026/09/07 02:29:08.725, 0, 0, 36639, 141.96
2026/09/07 02:29:08.727, 1, 81, 110418, 366.98
2026/09/07 02:29:09.729, 0, 0, 36029, 123.60
2026/09/07 02:29:11.395, 1, 0, 109872, 117.55
2026/09/07 02:29:12.403, 0, 0, 35783, 122.16
2026/09/07 02:29:12.406, 1, 60, 109808, 234.00
2026/09/07 02:29:13.409, 0, 8, 35783, 122.13
2026/09/07 02:29:13.411, 1, 59, 109808, 264.46
2026/09/07 02:29:14.415, 0, 0, 7797, 124.46
2026/09/07 02:29:14.417, 1, 66, 109808, 268.07
2026/09/07 02:29:15.420, 0, 0, 7797, 121.83
2026/09/07 02:29:15.423, 1, 64, 109808, 272.75
2026/09/07 02:29:16.426, 0, 0, 7797, 121.87
2026/09/07 02:29:16.430, 1, 61, 109808, 275.92
2026/09/07 02:29:17.433, 0, 0, 7797, 121.79
2026/09/07 02:29:17.435, 1, 64, 109808, 277.39
2026/09/07 02:29:18.437, 0, 0, 7797, 121.75
2026/09/07 02:29:18.445, 1, 0, 109808, 224.33
2026/09/07 02:29:19.450, 0, 0, 7797, 121.72
2026/09/07 02:29:19.452, 1, 57, 109808, 252.95
2026/09/07 02:29:20.455, 0, 0, 7797, 121.73
2026/09/07 02:29:20.461, 1, 65, 109808, 260.76
2026/09/07 02:29:21.469, 0, 0, 7797, 121.73
2026/09/07 02:29:21.471, 1, 59, 109808, 256.92
2026/09/07 02:29:22.473, 0, 0, 7797, 121.71
2026/09/07 02:29:22.475, 1, 59, 109808, 271.15
2026/09/07 02:29:23.483, 0, 0, 7797, 121.68
2026/09/07 02:29:23.485, 1, 59, 109808, 271.98
2026/09/07 02:29:24.487, 0, 0, 7797, 121.63
2026/09/07 02:29:24.498, 1, 60, 109808, 263.10
2026/09/07 02:29:25.505, 0, 0, 7797, 121.66
2026/09/07 02:29:25.507, 1, 57, 109808, 270.54
2026/09/07 02:29:26.509, 0, 0, 7797, 121.59
2026/09/07 02:29:26.513, 1, 65, 109808, 278.71
2026/09/07 02:29:27.516, 0, 0, 7797, 121.66
2026/09/07 02:29:27.518, 1, 67, 109808, 279.85
2026/09/07 02:29:28.521, 0, 0, 7797, 121.60
2026/09/07 02:29:28.524, 1, 61, 109808, 270.17
2026/09/07 02:29:29.527, 0, 0, 7797, 121.64
2026/09/07 02:29:29.529, 1, 59, 109808, 269.97
2026/09/07 02:29:30.531, 0, 0, 7797, 121.55
2026/09/07 02:29:30.534, 1, 58, 109808, 269.72
2026/09/07 02:29:31.537, 0, 0, 7797, 121.48
2026/09/07 02:29:31.540, 1, 30, 109808, 260.97
2026/09/07 02:29:32.542, 0, 0, 7797, 121.55
2026/09/07 02:29:32.545, 1, 63, 109808, 273.17
2026/09/07 02:29:33.548, 0, 0, 7797, 121.50
2026/09/07 02:29:33.550, 1, 39, 109808, 259.97
2026/09/07 02:29:34.555, 0, 0, 7797, 121.58
2026/09/07 02:29:34.560, 1, 40, 109808, 232.99
2026/09/07 02:29:35.563, 0, 0, 7797, 121.47
2026/09/07 02:29:35.566, 1, 34, 109808, 245.92
2026/09/07 02:29:36.569, 0, 0, 7797, 121.44
2026/09/07 02:29:36.586, 1, 52, 109808, 239.70
2026/09/07 02:29:37.593, 0, 0, 7797, 121.47
2026/09/07 02:29:37.596, 1, 49, 109808, 249.41
2026/09/07 02:29:38.600, 0, 0, 7797, 121.38
2026/09/07 02:29:38.621, 1, 42, 109808, 242.69
2026/09/07 02:29:39.628, 0, 0, 7797, 121.45
2026/09/07 02:29:39.637, 1, 47, 109808, 239.33
2026/09/07 02:29:40.640, 0, 0, 7797, 121.41
2026/09/07 02:29:40.643, 1, 34, 109808, 227.88
2026/09/07 02:29:41.646, 0, 0, 7797, 121.44
2026/09/07 02:29:41.649, 1, 59, 109808, 235.49
2026/09/07 02:29:42.651, 0, 0, 7797, 121.37
2026/09/07 02:29:42.660, 1, 46, 109808, 248.42
2026/09/07 02:29:43.663, 0, 0, 7797, 121.36
2026/09/07 02:29:43.673, 1, 52, 109808, 246.94
2026/09/07 02:29:44.683, 0, 0, 7797, 121.39
2026/09/07 02:29:44.697, 1, 39, 109808, 248.12
2026/09/07 02:29:45.706, 0, 0, 7797, 121.37
2026/09/07 02:29:45.716, 1, 33, 109808, 237.74
2026/09/07 02:29:46.718, 0, 0, 7797, 121.46
2026/09/07 02:29:46.725, 1, 46, 109808, 213.14
2026/09/07 02:29:47.731, 0, 0, 7797, 121.38
2026/09/07 02:29:47.736, 1, 53, 109808, 241.58
2026/09/07 02:29:48.751, 0, 7, 8155, 121.42
2026/09/07 02:29:48.766, 1, 0, 109808, 216.41
2026/09/07 02:29:49.777, 0, 57, 16785, 123.31
2026/09/07 02:29:49.953, 1, 53, 109808, 215.56
2026/09/07 02:29:51.022, 0, 0, 32829, 121.38
2026/09/07 02:29:51.032, 1, 0, 109808, 176.83
2026/09/07 02:29:52.039, 0, 0, 32833, 121.34
2026/09/07 02:29:52.041, 1, 60, 109808, 256.98
2026/09/07 02:29:53.044, 0, 100, 35441, 603.11
2026/09/07 02:29:53.056, 1, 58, 109808, 268.67
2026/09/07 02:29:54.058, 0, 100, 40895, 562.96
2026/09/07 02:29:54.060, 1, 64, 109810, 250.99
2026/09/07 02:29:55.063, 0, 100, 40895, 681.29
2026/09/07 02:29:55.068, 1, 65, 109810, 268.52
2026/09/07 02:29:56.074, 0, 100, 40897, 530.67
2026/09/07 02:29:56.076, 1, 50, 109810, 258.16
2026/09/07 02:29:57.078, 0, 100, 40901, 688.02
2026/09/07 02:29:57.081, 1, 66, 109810, 260.99
2026/09/07 02:29:58.085, 0, 100, 40901, 693.33
2026/09/07 02:29:58.087, 1, 63, 109810, 262.05
2026/09/07 02:29:59.088, 0, 100, 41505, 386.71
2026/09/07 02:29:59.091, 1, 61, 109810, 256.61
2026/09/07 02:30:00.093, 0, 100, 41505, 127.91
2026/09/07 02:30:00.096, 1, 61, 109810, 250.69
2026/09/07 02:30:01.098, 0, 44, 41685, 126.78
2026/09/07 02:30:01.102, 1, 54, 109810, 243.62
2026/09/07 02:30:02.106, 0, 40, 41685, 126.31
2026/09/07 02:30:02.108, 1, 52, 109810, 232.87
2026/09/07 02:30:03.110, 0, 31, 44111, 127.79
2026/09/07 02:30:03.112, 1, 64, 109810, 238.02
2026/09/07 02:30:04.114, 0, 0, 32831, 124.70
2026/09/07 02:30:04.116, 1, 62, 109810, 259.64
2026/09/07 02:30:05.119, 0, 0, 32473, 123.93
2026/09/07 02:30:05.121, 1, 60, 109810, 248.73
2026/09/07 02:30:06.123, 0, 0, 31865, 123.96
2026/09/07 02:30:06.126, 1, 59, 109810, 241.86
2026/09/07 02:30:07.128, 0, 0, 31865, 123.66
2026/09/07 02:30:07.130, 1, 54, 109810, 238.20
2026/09/07 02:30:08.133, 0, 0, 31865, 123.56
2026/09/07 02:30:08.136, 1, 59, 109810, 257.06
2026/09/07 02:30:09.139, 0, 0, 31865, 123.51
2026/09/07 02:30:09.141, 1, 57, 109810, 251.83
2026/09/07 02:30:10.142, 0, 0, 31865, 123.52
2026/09/07 02:30:10.144, 1, 60, 109810, 254.43
2026/09/07 02:30:11.145, 0, 0, 31865, 123.39
2026/09/07 02:30:11.147, 1, 62, 109810, 218.10
2026/09/07 02:30:12.150, 0, 0, 31865, 123.41
2026/09/07 02:30:12.152, 1, 57, 109810, 244.83
2026/09/07 02:30:13.153, 0, 100, 7799, 125.75
2026/09/07 02:30:13.158, 1, 61, 109810, 254.83
2026/09/07 02:30:14.162, 0, 0, 36029, 125.73
2026/09/07 02:30:14.164, 1, 67, 109810, 255.04
2026/09/07 02:30:15.166, 0, 100, 36029, 124.55
2026/09/07 02:30:15.168, 1, 50, 109810, 251.41
2026/09/07 02:30:16.170, 0, 20, 36029, 125.53
2026/09/07 02:30:16.172, 1, 66, 109810, 254.47
2026/09/07 02:30:17.174, 0, 23, 36029, 123.45
2026/09/07 02:30:17.176, 1, 58, 109810, 255.50
2026/09/07 02:30:18.179, 0, 20, 36029, 123.37
2026/09/07 02:30:18.181, 1, 59, 109810, 247.84
2026/09/07 02:30:19.184, 0, 21, 36029, 123.39
2026/09/07 02:30:19.186, 1, 55, 109810, 251.07
2026/09/07 02:30:20.188, 0, 9, 42875, 172.59
2026/09/07 02:30:20.190, 1, 18, 109810, 216.68
2026/09/07 02:30:21.193, 0, 9, 85451, 440.37
2026/09/07 02:30:21.195, 1, 58, 109810, 246.29
2026/09/07 02:30:22.197, 0, 9, 85451, 123.79
2026/09/07 02:30:22.199, 1, 68, 109810, 258.64
2026/09/07 02:30:23.201, 0, 9, 85451, 174.61
2026/09/07 02:30:23.203, 1, 59, 109810, 261.77
2026/09/07 02:30:24.204, 0, 9, 85451, 123.24
2026/09/07 02:30:24.207, 1, 65, 109810, 261.05
2026/09/07 02:30:25.208, 0, 28, 85451, 181.19
2026/09/07 02:30:25.210, 1, 61, 109810, 258.72
2026/09/07 02:30:26.213, 0, 100, 90331, 403.12
2026/09/07 02:30:26.215, 1, 63, 109810, 263.07
2026/09/07 02:30:27.217, 0, 8, 90331, 434.15
2026/09/07 02:30:27.223, 1, 59, 109810, 262.24
2026/09/07 02:30:28.227, 0, 93, 90333, 326.01
2026/09/07 02:30:28.229, 1, 53, 109810, 258.59
2026/09/07 02:30:29.231, 0, 9, 90333, 311.73
2026/09/07 02:30:29.234, 1, 61, 109810, 259.64
2026/09/07 02:30:30.236, 0, 25, 90333, 154.98
2026/09/07 02:30:30.238, 1, 59, 109810, 259.68
2026/09/07 02:30:31.239, 0, 10, 90333, 143.88
2026/09/07 02:30:31.241, 1, 62, 109810, 255.84
2026/09/07 02:30:32.243, 0, 18, 90333, 168.77
2026/09/07 02:30:32.245, 1, 63, 109810, 259.58
2026/09/07 02:30:33.247, 0, 100, 90577, 330.99
2026/09/07 02:30:33.249, 1, 62, 109810, 260.78
2026/09/07 02:30:34.250, 0, 9, 90577, 549.14
2026/09/07 02:30:34.253, 1, 61, 109810, 253.60
2026/09/07 02:30:35.255, 0, 9, 90577, 146.56
2026/09/07 02:30:35.257, 1, 64, 109810, 262.64
2026/09/07 02:30:36.260, 0, 100, 90581, 528.52
2026/09/07 02:30:36.262, 1, 65, 109810, 255.75
2026/09/07 02:30:37.263, 0, 10, 90581, 168.52
2026/09/07 02:30:37.266, 1, 60, 109810, 255.55
2026/09/07 02:30:38.268, 0, 33, 90581, 172.20
2026/09/07 02:30:38.270, 1, 60, 109810, 254.68
2026/09/07 02:30:39.272, 0, 9, 90581, 130.08
2026/09/07 02:30:39.274, 1, 61, 109810, 259.46
2026/09/07 02:30:40.276, 0, 27, 90581, 180.99
2026/09/07 02:30:40.278, 1, 59, 109810, 259.79
2026/09/07 02:30:41.279, 0, 100, 90581, 424.86
2026/09/07 02:30:41.282, 1, 59, 109810, 252.76
2026/09/07 02:30:42.284, 0, 100, 91363, 386.68
2026/09/07 02:30:42.286, 1, 61, 109810, 258.25
2026/09/07 02:30:43.288, 0, 100, 91363, 127.98
2026/09/07 02:30:43.295, 1, 60, 109810, 256.43
2026/09/07 02:30:44.298, 0, 42, 91365, 127.27
2026/09/07 02:30:44.300, 1, 48, 109810, 230.32
2026/09/07 02:30:45.303, 0, 44, 91365, 126.78
2026/09/07 02:30:45.306, 1, 42, 109810, 221.48
2026/09/07 02:30:46.308, 0, 94, 93791, 127.69
2026/09/07 02:30:46.310, 1, 60, 109810, 234.37
2026/09/07 02:30:47.312, 0, 0, 93791, 126.18
2026/09/07 02:30:47.315, 1, 65, 109810, 259.09
2026/09/07 02:30:48.317, 0, 0, 35785, 127.93
2026/09/07 02:30:48.319, 1, 61, 109810, 261.26
2026/09/07 02:30:49.321, 0, 0, 35785, 123.92
2026/09/07 02:30:49.323, 1, 61, 109810, 258.99
2026/09/07 02:30:50.325, 0, 100, 35785, 124.83
2026/09/07 02:30:50.328, 1, 62, 109810, 259.92
2026/09/07 02:30:51.330, 0, 74, 11559, 126.05
2026/09/07 02:30:51.333, 1, 60, 109810, 259.16
2026/09/07 02:30:52.335, 0, 0, 36029, 124.46
2026/09/07 02:30:52.337, 1, 35, 109810, 220.38
2026/09/07 02:30:53.339, 0, 100, 36029, 125.04
2026/09/07 02:30:53.341, 1, 62, 109810, 264.03
2026/09/07 02:30:54.343, 0, 0, 36029, 124.24
2026/09/07 02:30:54.345, 1, 0, 109810, 155.96
2026/09/07 02:30:55.347, 0, 7, 36699, 136.15
2026/09/07 02:30:55.349, 1, 80, 110114, 135.21
2026/09/07 02:30:56.351, 0, 0, 36383, 135.60
2026/09/07 02:30:56.353, 1, 19, 110164, 388.31
2026/09/07 02:30:57.355, 0, 0, 35785, 123.84
2026/09/07 02:30:57.357, 1, 56, 109810, 225.34
2026/09/07 02:30:58.360, 0, 0, 35785, 123.61
2026/09/07 02:30:58.365, 1, 52, 109810, 252.50
2026/09/07 02:30:59.369, 0, 0, 35785, 123.50
2026/09/07 02:30:59.371, 1, 42, 109810, 206.07
2026/09/07 02:31:00.373, 0, 100, 35785, 123.90
2026/09/07 02:31:00.374, 1, 36, 109810, 212.38
2026/09/07 02:31:01.380, 0, 2, 8667, 126.05
2026/09/07 02:31:01.382, 1, 40, 109810, 208.32
2026/09/07 02:31:02.384, 0, 0, 16785, 125.39
2026/09/07 02:31:02.391, 1, 0, 109814, 177.24
2026/09/07 02:31:03.393, 0, 0, 32831, 123.35
2026/09/07 02:31:03.399, 1, 0, 109814, 144.10
2026/09/07 02:31:04.402, 0, 0, 32831, 123.30
2026/09/07 02:31:04.418, 1, 48, 109814, 237.60
2026/09/07 02:31:05.420, 0, 99, 35439, 564.36
2026/09/07 02:31:05.426, 1, 45, 109814, 217.30
2026/09/07 02:31:06.428, 0, 100, 40699, 557.37
2026/09/07 02:31:06.430, 1, 62, 109814, 238.20
2026/09/07 02:31:07.433, 0, 100, 41915, 679.91
2026/09/07 02:31:07.435, 1, 50, 109814, 241.73
2026/09/07 02:31:08.441, 0, 100, 41917, 656.81
2026/09/07 02:31:08.445, 1, 55, 109814, 252.24
2026/09/07 02:31:09.449, 0, 24, 42429, 438.67
2026/09/07 02:31:09.458, 1, 59, 109814, 240.39
2026/09/07 02:31:10.461, 0, 100, 42521, 131.22
2026/09/07 02:31:10.464, 1, 56, 109814, 255.54
2026/09/07 02:31:11.468, 0, 51, 42701, 127.75
2026/09/07 02:31:11.471, 1, 45, 109814, 260.75
2026/09/07 02:31:12.474, 0, 42, 42701, 126.64
2026/09/07 02:31:12.477, 1, 50, 109814, 233.45
2026/09/07 02:31:13.480, 0, 43, 42701, 126.86
2026/09/07 02:31:13.484, 1, 38, 109814, 239.89
2026/09/07 02:31:14.486, 0, 0, 44997, 125.85
2026/09/07 02:31:14.489, 1, 52, 109814, 207.67
2026/09/07 02:31:15.494, 0, 10, 32473, 125.13
2026/09/07 02:31:15.497, 1, 60, 109814, 271.86
2026/09/07 02:31:16.499, 0, 0, 31865, 124.46
2026/09/07 02:31:16.502, 1, 61, 109814, 262.67
2026/09/07 02:31:17.504, 0, 0, 31865, 124.14
2026/09/07 02:31:17.507, 1, 63, 109814, 267.22
2026/09/07 02:31:18.509, 0, 0, 31865, 123.71
2026/09/07 02:31:18.511, 1, 62, 109814, 270.72
2026/09/07 02:31:19.513, 0, 0, 31865, 123.46
2026/09/07 02:31:19.516, 1, 59, 109814, 256.83
2026/09/07 02:31:20.518, 0, 0, 31865, 123.99
2026/09/07 02:31:20.521, 1, 56, 109814, 255.02
2026/09/07 02:31:21.523, 0, 0, 31865, 123.91
2026/09/07 02:31:21.525, 1, 57, 109814, 257.82
2026/09/07 02:31:22.527, 0, 0, 31865, 123.83
2026/09/07 02:31:22.529, 1, 65, 109814, 269.81
2026/09/07 02:31:23.531, 0, 0, 31865, 123.78
2026/09/07 02:31:23.534, 1, 62, 109814, 210.09
2026/09/07 02:31:24.536, 0, 100, 31865, 125.01
2026/09/07 02:31:24.539, 1, 67, 109814, 265.93
2026/09/07 02:31:25.542, 0, 0, 11559, 127.25
2026/09/07 02:31:25.545, 1, 62, 109814, 266.55
2026/09/07 02:31:26.547, 0, 0, 36029, 123.73
2026/09/07 02:31:26.550, 1, 44, 109814, 260.02
2026/09/07 02:31:27.552, 0, 100, 36029, 125.25
2026/09/07 02:31:27.554, 1, 61, 109814, 270.54
2026/09/07 02:31:28.556, 0, 21, 36029, 125.65
2026/09/07 02:31:28.559, 1, 60, 109814, 267.05
2026/09/07 02:31:29.562, 0, 20, 36029, 123.77
2026/09/07 02:31:29.565, 1, 61, 109814, 264.93
2026/09/07 02:31:30.568, 0, 21, 36029, 123.74
2026/09/07 02:31:30.571, 1, 63, 109814, 268.89
2026/09/07 02:31:31.574, 0, 9, 79331, 328.86
2026/09/07 02:31:31.577, 1, 63, 109814, 271.41
2026/09/07 02:31:32.579, 0, 5, 79843, 125.70
2026/09/07 02:31:32.581, 1, 64, 109814, 271.67
2026/09/07 02:31:33.583, 0, 9, 79843, 172.53
2026/09/07 02:31:33.585, 1, 63, 109814, 273.25
2026/09/07 02:31:34.587, 0, 14, 79843, 127.99
2026/09/07 02:31:34.590, 1, 64, 109814, 273.39
2026/09/07 02:31:35.592, 0, 34, 84967, 189.83
2026/09/07 02:31:35.595, 1, 64, 109814, 269.92
2026/09/07 02:31:36.596, 0, 100, 90579, 504.03
2026/09/07 02:31:36.599, 1, 63, 109814, 267.70
2026/09/07 02:31:37.601, 0, 9, 91793, 429.59
2026/09/07 02:31:37.604, 1, 67, 109814, 276.27
2026/09/07 02:31:38.606, 0, 11, 91793, 163.59
2026/09/07 02:31:38.608, 1, 61, 109814, 268.31
2026/09/07 02:31:39.610, 0, 22, 91793, 138.44
2026/09/07 02:31:39.613, 1, 63, 109814, 273.64
2026/09/07 02:31:40.615, 0, 100, 91795, 395.21
2026/09/07 02:31:40.623, 1, 64, 109814, 273.77
2026/09/07 02:31:41.625, 0, 26, 91795, 361.51
2026/09/07 02:31:41.627, 1, 62, 109814, 273.29
2026/09/07 02:31:42.631, 0, 95, 91795, 407.95
2026/09/07 02:31:42.633, 1, 60, 109814, 279.86
2026/09/07 02:31:43.635, 0, 24, 91795, 147.68
2026/09/07 02:31:43.640, 1, 60, 109814, 279.09
2026/09/07 02:31:44.642, 0, 9, 91795, 142.91
2026/09/07 02:31:44.644, 1, 60, 109814, 277.13
2026/09/07 02:31:45.646, 0, 70, 91795, 295.66
2026/09/07 02:31:45.648, 1, 63, 109814, 276.95
2026/09/07 02:31:46.650, 0, 26, 92307, 412.77
2026/09/07 02:31:46.652, 1, 61, 109814, 270.67
2026/09/07 02:31:47.654, 0, 100, 92577, 131.96
2026/09/07 02:31:47.657, 1, 64, 109814, 273.41
2026/09/07 02:31:48.660, 0, 46, 92579, 126.83
2026/09/07 02:31:48.663, 1, 48, 109814, 263.53
2026/09/07 02:31:49.665, 0, 36, 92579, 126.03
2026/09/07 02:31:49.669, 1, 38, 109814, 235.83
2026/09/07 02:31:50.671, 0, 49, 92579, 125.57
2026/09/07 02:31:50.675, 1, 48, 109814, 232.20
2026/09/07 02:31:51.677, 0, 100, 95005, 127.71
2026/09/07 02:31:51.680, 1, 67, 109814, 256.22
2026/09/07 02:31:52.682, 0, 0, 95005, 125.50
2026/09/07 02:31:52.684, 1, 69, 109814, 273.71
2026/09/07 02:31:53.687, 0, 1, 36021, 127.83
2026/09/07 02:31:53.689, 1, 64, 109814, 274.20
2026/09/07 02:31:54.692, 0, 0, 35785, 124.15
2026/09/07 02:31:54.694, 1, 57, 109814, 235.64
2026/09/07 02:31:55.696, 0, 0, 35785, 124.06
2026/09/07 02:31:55.699, 1, 56, 109814, 271.41
2026/09/07 02:31:56.701, 0, 0, 35785, 123.92
2026/09/07 02:31:56.703, 1, 58, 109814, 273.58
2026/09/07 02:31:57.706, 0, 0, 31941, 125.12
2026/09/07 02:31:57.708, 1, 62, 109814, 270.89
2026/09/07 02:31:58.710, 0, 30, 36029, 126.15
2026/09/07 02:31:58.713, 1, 56, 109814, 272.79
2026/09/07 02:31:59.715, 0, 100, 36029, 124.71
2026/09/07 02:31:59.717, 1, 63, 109814, 268.46
2026/09/07 02:32:00.719, 0, 0, 36029, 124.68
2026/09/07 02:32:00.721, 1, 0, 109814, 178.69
2026/09/07 02:32:01.722, 0, 6, 36699, 132.56
2026/09/07 02:32:01.725, 1, 64, 110114, 127.31
2026/09/07 02:32:02.726, 0, 0, 36639, 135.79
2026/09/07 02:32:02.729, 1, 59, 110420, 328.91
2026/09/07 02:32:03.731, 0, 0, 35785, 124.01
2026/09/07 02:32:03.734, 1, 55, 109810, 205.88
2026/09/07 02:32:04.736, 0, 0, 35785, 123.73
2026/09/07 02:32:04.738, 1, 62, 109810, 257.45
2026/09/07 02:32:05.741, 0, 0, 35785, 123.62
2026/09/07 02:32:05.743, 1, 63, 109810, 254.91
2026/09/07 02:32:06.745, 0, 0, 35785, 123.57
2026/09/07 02:32:06.749, 1, 63, 109810, 252.49
2026/09/07 02:32:07.751, 0, 100, 35785, 124.21
2026/09/07 02:32:07.754, 1, 60, 109810, 264.13
2026/09/07 02:32:08.755, 0, 100, 16785, 126.60
2026/09/07 02:32:08.758, 1, 10, 109810, 204.65
2026/09/07 02:32:09.760, 0, 0, 16785, 124.56
2026/09/07 02:32:09.762, 1, 65, 109810, 250.26
2026/09/07 02:32:10.763, 0, 0, 32831, 123.42
2026/09/07 02:32:10.765, 1, 62, 109810, 262.31
2026/09/07 02:32:11.767, 0, 20, 34125, 226.79
2026/09/07 02:32:11.769, 1, 63, 109810, 264.69
2026/09/07 02:32:12.771, 0, 29, 35945, 463.11
2026/09/07 02:32:12.774, 1, 65, 109810, 266.04
2026/09/07 02:32:13.776, 0, 100, 36549, 139.58
2026/09/07 02:32:13.779, 1, 66, 109810, 269.41
2026/09/07 02:32:14.780, 0, 46, 36729, 126.93
2026/09/07 02:32:14.784, 1, 50, 109810, 252.61
2026/09/07 02:32:15.786, 0, 45, 36729, 126.22
2026/09/07 02:32:15.788, 1, 47, 109810, 232.85
2026/09/07 02:32:16.790, 0, 44, 36729, 126.59
2026/09/07 02:32:16.797, 1, 52, 109810, 235.37
2026/09/07 02:32:17.801, 0, 0, 39155, 126.40
2026/09/07 02:32:17.803, 1, 60, 109810, 262.33
2026/09/07 02:32:18.805, 0, 10, 32473, 123.99
2026/09/07 02:32:18.807, 1, 63, 109810, 262.36
2026/09/07 02:32:19.809, 0, 0, 31865, 123.94
2026/09/07 02:32:19.811, 1, 55, 109810, 262.86
2026/09/07 02:32:20.813, 0, 91, 31865, 124.00
2026/09/07 02:32:20.815, 1, 16, 109810, 229.30
2026/09/07 02:32:21.818, 0, 100, 11559, 127.31
2026/09/07 02:32:21.952, 1, 64, 109810, 262.48
2026/09/07 02:32:22.954, 0, 0, 36029, 123.58
2026/09/07 02:32:22.958, 1, 62, 109810, 271.74
2026/09/07 02:32:23.962, 0, 100, 36029, 125.15
2026/09/07 02:32:23.965, 1, 61, 109812, 254.92
2026/09/07 02:32:24.966, 0, 20, 36029, 125.35
2026/09/07 02:32:24.969, 1, 62, 109812, 273.02
2026/09/07 02:32:25.971, 0, 9, 44329, 181.10
2026/09/07 02:32:25.973, 1, 67, 109812, 270.27
2026/09/07 02:32:26.975, 0, 9, 48779, 321.94
2026/09/07 02:32:26.979, 1, 64, 109812, 272.45
2026/09/07 02:32:27.982, 0, 34, 48779, 294.53
2026/09/07 02:32:27.984, 1, 58, 109812, 267.69
2026/09/07 02:32:28.987, 0, 100, 49561, 179.80
2026/09/07 02:32:28.989, 1, 0, 109812, 165.71
2026/09/07 02:32:29.992, 0, 100, 49561, 126.92
2026/09/07 02:32:29.995, 1, 55, 109812, 240.58
2026/09/07 02:32:30.999, 0, 52, 49563, 126.91
2026/09/07 02:32:31.005, 1, 44, 109812, 233.16
2026/09/07 02:32:32.007, 0, 40, 49563, 126.01
2026/09/07 02:32:32.012, 1, 52, 109812, 240.50
2026/09/07 02:32:33.014, 0, 23, 51989, 126.42
2026/09/07 02:32:33.016, 1, 68, 109812, 240.98
2026/09/07 02:32:34.017, 0, 0, 51989, 125.98
2026/09/07 02:32:34.020, 1, 60, 109812, 269.60
2026/09/07 02:32:35.021, 0, 0, 36029, 124.51
2026/09/07 02:32:35.025, 1, 60, 109812, 269.05
2026/09/07 02:32:36.028, 0, 0, 35785, 123.50
2026/09/07 02:32:36.030, 1, 61, 109812, 264.16
2026/09/07 02:32:37.032, 0, 0, 35785, 123.40
2026/09/07 02:32:37.035, 1, 68, 109812, 261.38
2026/09/07 02:32:38.036, 0, 0, 35785, 123.55
2026/09/07 02:32:38.038, 1, 61, 109812, 257.28
2026/09/07 02:32:39.040, 0, 100, 11559, 126.61
2026/09/07 02:32:39.117, 1, 65, 109812, 262.84
2026/09/07 02:32:40.119, 0, 0, 36029, 123.41
2026/09/07 02:32:40.121, 1, 61, 109812, 257.94
2026/09/07 02:32:41.123, 0, 0, 36029, 125.13
2026/09/07 02:32:41.125, 1, 31, 109812, 245.72
2026/09/07 02:32:42.127, 0, 0, 36317, 123.26
2026/09/07 02:32:42.129, 1, 4, 109792, 119.28
2026/09/07 02:32:43.131, 0, 1, 36639, 146.44
2026/09/07 02:32:43.134, 1, 72, 110390, 169.79
2026/09/07 02:32:44.135, 0, 1, 36095, 123.35
2026/09/07 02:32:44.137, 1, 0, 110098, 321.81
2026/09/07 02:32:45.139, 0, 0, 35785, 123.41
2026/09/07 02:32:45.145, 1, 61, 109810, 213.04
2026/09/07 02:32:46.148, 0, 80, 35785, 123.60
2026/09/07 02:32:46.150, 1, 58, 109810, 258.93
2026/09/07 02:32:47.153, 0, 0, 7797, 125.52
2026/09/07 02:32:47.155, 1, 57, 109810, 254.01
2026/09/07 02:32:48.157, 0, 0, 7797, 123.12
2026/09/07 02:32:48.192, 1, 63, 109810, 263.48
2026/09/07 02:32:49.194, 0, 0, 7797, 123.14
2026/09/07 02:32:49.196, 1, 63, 109810, 255.80
2026/09/07 02:32:50.198, 0, 0, 7797, 123.08
2026/09/07 02:32:50.201, 1, 59, 109810, 258.32
2026/09/07 02:32:51.202, 0, 0, 7797, 123.06
2026/09/07 02:32:51.205, 1, 58, 109810, 255.94
2026/09/07 02:32:52.207, 0, 0, 7797, 123.04
2026/09/07 02:32:52.209, 1, 58, 109810, 245.51
2026/09/07 02:32:53.211, 0, 0, 7797, 123.02
2026/09/07 02:32:53.214, 1, 58, 109810, 252.50
2026/09/07 02:32:54.215, 0, 0, 7797, 123.00
2026/09/07 02:32:54.218, 1, 62, 109810, 248.95
2026/09/07 02:32:55.219, 0, 0, 7797, 122.98
2026/09/07 02:32:55.222, 1, 57, 109810, 250.80
2026/09/07 02:32:56.224, 0, 0, 7797, 122.94
2026/09/07 02:32:56.226, 1, 58, 109810, 246.63
2026/09/07 02:32:57.228, 0, 0, 7797, 122.95
2026/09/07 02:32:57.230, 1, 61, 109810, 241.91
2026/09/07 02:32:58.232, 0, 0, 7797, 122.96
2026/09/07 02:32:58.234, 1, 51, 109810, 251.54
2026/09/07 02:32:59.236, 0, 0, 7797, 122.91
2026/09/07 02:32:59.238, 1, 60, 109810, 255.60
2026/09/07 02:33:00.240, 0, 0, 7797, 122.93
2026/09/07 02:33:00.242, 1, 63, 109810, 249.30
2026/09/07 02:33:01.244, 0, 100, 16785, 124.73
2026/09/07 02:33:01.248, 1, 59, 109810, 240.70
2026/09/07 02:33:02.249, 0, 0, 32831, 123.02
2026/09/07 02:33:02.252, 1, 61, 109810, 254.48
2026/09/07 02:33:03.254, 0, 100, 35439, 551.79
2026/09/07 02:33:03.257, 1, 54, 109810, 245.55
2026/09/07 02:33:04.259, 0, 56, 38469, 491.37
2026/09/07 02:33:04.264, 1, 55, 109810, 247.53
2026/09/07 02:33:05.266, 0, 100, 40897, 687.51
2026/09/07 02:33:05.268, 1, 59, 109810, 248.00
2026/09/07 02:33:06.270, 0, 100, 40897, 697.99
2026/09/07 02:33:06.273, 1, 44, 109810, 227.58
2026/09/07 02:33:07.277, 0, 45, 41409, 519.53
2026/09/07 02:33:07.281, 1, 36, 109810, 224.75
2026/09/07 02:33:08.296, 0, 100, 41501, 130.59
2026/09/07 02:33:08.303, 1, 0, 109810, 191.46
2026/09/07 02:33:09.309, 0, 100, 41501, 126.98
2026/09/07 02:33:09.311, 1, 62, 109810, 194.58
2026/09/07 02:33:10.315, 0, 29, 41681, 126.04
2026/09/07 02:33:10.321, 1, 42, 109810, 206.49
2026/09/07 02:33:11.326, 0, 28, 41681, 125.64
2026/09/07 02:33:11.328, 1, 39, 109810, 197.88
2026/09/07 02:33:12.330, 0, 31, 41681, 125.83
2026/09/07 02:33:12.334, 1, 36, 109810, 207.70
2026/09/07 02:33:13.344, 0, 5, 44107, 125.91
2026/09/07 02:33:13.346, 1, 44, 109810, 195.67
2026/09/07 02:33:14.348, 0, 25, 33343, 124.61
2026/09/07 02:33:14.354, 1, 52, 109810, 231.26
2026/09/07 02:33:15.357, 0, 21, 32217, 124.14
2026/09/07 02:33:15.359, 1, 55, 109810, 218.68
2026/09/07 02:33:16.360, 0, 0, 31865, 124.04
2026/09/07 02:33:16.363, 1, 5, 109810, 208.00
2026/09/07 02:33:17.366, 0, 0, 31865, 123.74
2026/09/07 02:33:17.368, 1, 55, 109810, 246.18
2026/09/07 02:33:18.370, 0, 0, 31865, 123.72
2026/09/07 02:33:18.372, 1, 55, 109810, 242.09
2026/09/07 02:33:19.374, 0, 0, 31865, 123.68
2026/09/07 02:33:19.376, 1, 59, 109810, 243.25
2026/09/07 02:33:20.378, 0, 0, 31865, 123.65
2026/09/07 02:33:20.380, 1, 62, 109810, 248.26
2026/09/07 02:33:21.382, 0, 100, 31865, 124.52
2026/09/07 02:33:21.384, 1, 58, 109810, 249.12
2026/09/07 02:33:22.388, 0, 100, 11559, 127.11
2026/09/07 02:33:22.482, 1, 57, 109810, 241.36
2026/09/07 02:33:23.485, 0, 0, 36029, 123.57
2026/09/07 02:33:23.487, 1, 0, 109810, 215.24
2026/09/07 02:33:24.489, 0, 63, 36029, 126.02
2026/09/07 02:33:24.491, 1, 63, 109810, 243.79
2026/09/07 02:33:25.494, 0, 22, 36029, 124.70
2026/09/07 02:33:25.496, 1, 59, 109810, 242.85
2026/09/07 02:33:26.500, 0, 19, 36029, 123.62
2026/09/07 02:33:26.503, 1, 59, 109810, 245.31
2026/09/07 02:33:27.504, 0, 21, 36541, 123.55
2026/09/07 02:33:27.507, 1, 54, 109812, 215.34
2026/09/07 02:33:28.509, 0, 8, 46453, 184.50
2026/09/07 02:33:28.511, 1, 60, 109814, 244.15
2026/09/07 02:33:29.513, 0, 11, 49085, 315.48
2026/09/07 02:33:29.515, 1, 65, 109814, 253.54
2026/09/07 02:33:30.516, 0, 88, 88495, 428.87
2026/09/07 02:33:30.519, 1, 60, 109814, 247.78
2026/09/07 02:33:31.520, 0, 9, 88495, 124.59
2026/09/07 02:33:31.522, 1, 64, 109814, 256.91
2026/09/07 02:33:32.525, 0, 9, 88495, 174.58
2026/09/07 02:33:32.527, 1, 47, 109814, 242.27
2026/09/07 02:33:33.529, 0, 9, 88495, 124.74
2026/09/07 02:33:33.531, 1, 62, 109814, 230.04
2026/09/07 02:33:34.533, 0, 40, 89959, 209.99
2026/09/07 02:33:34.535, 1, 62, 109814, 251.74
2026/09/07 02:33:35.536, 0, 100, 91179, 599.67
2026/09/07 02:33:35.538, 1, 57, 109814, 254.34
2026/09/07 02:33:36.540, 0, 9, 91179, 336.16
2026/09/07 02:33:36.542, 1, 60, 109814, 219.78
2026/09/07 02:33:37.544, 0, 34, 91179, 151.58
2026/09/07 02:33:37.546, 1, 63, 109814, 254.02
2026/09/07 02:33:38.547, 0, 9, 91179, 147.04
2026/09/07 02:33:38.550, 1, 62, 109814, 255.40
2026/09/07 02:33:39.551, 0, 26, 91179, 163.16
2026/09/07 02:33:39.554, 1, 53, 109814, 255.11
2026/09/07 02:33:40.555, 0, 99, 91423, 277.67
2026/09/07 02:33:40.557, 1, 55, 109814, 254.83
2026/09/07 02:33:41.558, 0, 62, 91423, 651.50
2026/09/07 02:33:41.561, 1, 65, 109814, 255.89
2026/09/07 02:33:42.563, 0, 29, 91423, 150.09
2026/09/07 02:33:42.565, 1, 56, 109814, 255.72
2026/09/07 02:33:43.567, 0, 100, 92207, 273.92
2026/09/07 02:33:43.572, 1, 57, 109814, 251.71
2026/09/07 02:33:44.579, 0, 100, 92207, 127.62
2026/09/07 02:33:44.585, 1, 61, 109814, 250.86
2026/09/07 02:33:45.600, 0, 45, 92209, 126.62
2026/09/07 02:33:45.605, 1, 55, 109814, 227.12
2026/09/07 02:33:46.607, 0, 40, 92209, 126.10
2026/09/07 02:33:46.609, 1, 50, 109814, 229.44
2026/09/07 02:33:47.611, 0, 71, 94635, 126.80
2026/09/07 02:33:47.614, 1, 57, 109814, 233.04
2026/09/07 02:33:48.616, 0, 0, 94635, 126.18
2026/09/07 02:33:48.617, 1, 57, 109814, 246.79
2026/09/07 02:33:49.619, 0, 0, 36541, 127.61
2026/09/07 02:33:49.621, 1, 61, 109814, 251.60
2026/09/07 02:33:50.624, 0, 0, 36021, 123.29
2026/09/07 02:33:50.626, 1, 63, 109814, 258.12
2026/09/07 02:33:51.629, 0, 0, 35785, 123.23
2026/09/07 02:33:51.632, 1, 56, 109814, 255.21
2026/09/07 02:33:52.634, 0, 0, 35785, 123.02
2026/09/07 02:33:52.636, 1, 57, 109814, 244.64
2026/09/07 02:33:53.637, 0, 0, 35785, 123.08
2026/09/07 02:33:53.639, 1, 63, 109814, 257.27
2026/09/07 02:33:54.641, 0, 100, 35785, 123.50
2026/09/07 02:33:54.643, 1, 57, 109814, 257.04
2026/09/07 02:33:55.645, 0, 100, 11559, 125.74
2026/09/07 02:33:55.672, 1, 58, 109814, 252.92
2026/09/07 02:33:56.674, 0, 0, 36029, 122.90
2026/09/07 02:33:56.676, 1, 60, 109814, 254.43
2026/09/07 02:33:57.677, 0, 0, 36029, 124.71
2026/09/07 02:33:57.679, 1, 25, 109814, 222.46
2026/09/07 02:33:58.681, 0, 0, 36319, 122.90
2026/09/07 02:33:58.699, 1, 4, 109792, 118.29
2026/09/07 02:33:59.701, 0, 6, 36639, 147.68
2026/09/07 02:33:59.704, 1, 62, 110390, 145.96
2026/09/07 02:34:00.710, 0, 1, 36095, 122.86
2026/09/07 02:34:00.712, 1, 60, 109980, 336.05
2026/09/07 02:34:01.714, 0, 0, 35785, 122.90
2026/09/07 02:34:01.716, 1, 55, 109812, 259.88
2026/09/07 02:34:02.717, 0, 0, 35785, 122.70
2026/09/07 02:34:02.719, 1, 57, 109812, 248.46
2026/09/07 02:34:03.721, 0, 0, 35785, 122.65
2026/09/07 02:34:03.724, 1, 58, 109812, 252.71
2026/09/07 02:34:04.726, 0, 0, 35785, 122.62
2026/09/07 02:34:04.728, 1, 60, 109812, 256.51
2026/09/07 02:34:05.730, 0, 27, 8667, 125.41
2026/09/07 02:34:05.736, 1, 0, 109812, 237.27
2026/09/07 02:34:06.738, 0, 0, 16785, 124.54
2026/09/07 02:34:06.740, 1, 67, 109812, 238.13
2026/09/07 02:34:07.742, 0, 0, 32831, 122.51
2026/09/07 02:34:07.744, 1, 56, 109812, 261.04
2026/09/07 02:34:08.746, 0, 58, 35439, 385.28
2026/09/07 02:34:08.749, 1, 62, 109812, 264.17
2026/09/07 02:34:09.757, 0, 100, 40701, 618.57
2026/09/07 02:34:09.759, 1, 62, 109812, 263.43
2026/09/07 02:34:10.761, 0, 64, 41915, 625.14
2026/09/07 02:34:10.763, 1, 62, 109812, 268.51
2026/09/07 02:34:11.765, 0, 83, 41917, 684.55
2026/09/07 02:34:11.767, 1, 59, 109812, 264.93
2026/09/07 02:34:12.771, 0, 85, 42521, 513.71
2026/09/07 02:34:12.775, 1, 63, 109812, 254.81
2026/09/07 02:34:13.777, 0, 100, 42521, 128.54
2026/09/07 02:34:13.779, 1, 61, 109812, 257.45
2026/09/07 02:34:14.782, 0, 43, 42701, 127.72
2026/09/07 02:34:14.789, 1, 49, 109812, 220.57
2026/09/07 02:34:15.791, 0, 48, 42701, 127.25
2026/09/07 02:34:15.793, 1, 57, 109812, 224.17
2026/09/07 02:34:16.796, 0, 19, 42701, 127.45
2026/09/07 02:34:16.808, 1, 0, 109812, 205.50
2026/09/07 02:34:17.817, 0, 0, 45127, 126.77
2026/09/07 02:34:17.820, 1, 60, 109812, 264.21
2026/09/07 02:34:18.822, 0, 6, 32729, 125.12
2026/09/07 02:34:18.826, 1, 62, 109812, 262.81
2026/09/07 02:34:19.829, 0, 10, 31865, 124.50
2026/09/07 02:34:19.832, 1, 56, 109812, 257.55
2026/09/07 02:34:20.835, 0, 0, 31865, 124.07
2026/09/07 02:34:20.837, 1, 53, 109812, 253.01
2026/09/07 02:34:21.839, 0, 0, 31865, 123.92
2026/09/07 02:34:21.844, 1, 58, 109812, 258.29
2026/09/07 02:34:22.846, 0, 0, 31865, 123.90
2026/09/07 02:34:22.848, 1, 63, 109812, 264.51
2026/09/07 02:34:23.850, 0, 0, 31865, 123.86
2026/09/07 02:34:23.853, 1, 60, 109812, 263.29
2026/09/07 02:34:24.855, 0, 0, 31865, 123.78
2026/09/07 02:34:24.857, 1, 55, 109812, 257.76
2026/09/07 02:34:25.859, 0, 0, 31865, 123.67
2026/09/07 02:34:25.865, 1, 63, 109812, 257.29
2026/09/07 02:34:26.867, 0, 100, 31865, 124.25
2026/09/07 02:34:26.869, 1, 58, 109812, 258.80
2026/09/07 02:34:28.057, 0, 0, 11795, 127.17
2026/09/07 02:34:28.067, 1, 45, 109812, 241.20
2026/09/07 02:34:29.074, 0, 22, 36029, 124.05
2026/09/07 02:34:29.080, 1, 53, 109812, 241.49
2026/09/07 02:34:30.082, 0, 100, 36029, 126.46
2026/09/07 02:34:30.085, 1, 57, 109812, 260.84
2026/09/07 02:34:31.088, 0, 19, 36029, 124.10
2026/09/07 02:34:31.091, 1, 63, 109812, 268.66
2026/09/07 02:34:32.092, 0, 18, 36029, 123.68
2026/09/07 02:34:32.094, 1, 59, 109812, 259.99
2026/09/07 02:34:33.097, 0, 100, 79331, 259.75
2026/09/07 02:34:33.099, 1, 55, 109812, 258.14
2026/09/07 02:34:34.101, 0, 9, 79331, 203.81
2026/09/07 02:34:34.103, 1, 61, 109812, 261.07
2026/09/07 02:34:35.105, 0, 13, 79843, 146.35
2026/09/07 02:34:35.108, 1, 58, 109812, 268.21
2026/09/07 02:34:36.110, 0, 9, 79843, 152.10
2026/09/07 02:34:36.112, 1, 66, 109812, 265.67
2026/09/07 02:34:37.115, 0, 22, 79843, 144.51
2026/09/07 02:34:37.117, 1, 61, 109812, 279.78
2026/09/07 02:34:38.118, 0, 12, 89847, 194.24
2026/09/07 02:34:38.121, 1, 62, 109812, 269.08
2026/09/07 02:34:39.125, 0, 100, 91793, 655.62
2026/09/07 02:34:39.127, 1, 56, 109812, 267.62
2026/09/07 02:34:40.129, 0, 15, 91793, 231.20
2026/09/07 02:34:40.131, 1, 61, 109812, 262.91
2026/09/07 02:34:41.133, 0, 9, 91795, 379.70
2026/09/07 02:34:41.136, 1, 60, 109812, 262.80
2026/09/07 02:34:42.138, 0, 14, 91795, 159.31
2026/09/07 02:34:42.140, 1, 61, 109812, 267.14
2026/09/07 02:34:43.141, 0, 15, 91795, 134.48
2026/09/07 02:34:43.144, 1, 65, 109812, 281.41
2026/09/07 02:34:44.146, 0, 100, 91797, 335.75
2026/09/07 02:34:44.148, 1, 61, 109812, 281.07
2026/09/07 02:34:45.150, 0, 21, 91797, 422.22
2026/09/07 02:34:45.157, 1, 59, 109812, 269.89
2026/09/07 02:34:46.159, 0, 98, 91797, 297.56
2026/09/07 02:34:46.166, 1, 63, 109812, 276.34
2026/09/07 02:34:47.168, 0, 9, 91797, 195.39
2026/09/07 02:34:47.171, 1, 61, 109812, 271.73
2026/09/07 02:34:48.172, 0, 10, 91797, 340.37
2026/09/07 02:34:48.174, 1, 61, 109812, 270.57
2026/09/07 02:34:49.177, 0, 100, 92579, 248.04
2026/09/07 02:34:49.180, 1, 61, 109812, 276.93
2026/09/07 02:34:50.182, 0, 100, 92579, 127.17
2026/09/07 02:34:50.184, 1, 65, 109812, 278.93
2026/09/07 02:34:51.186, 0, 51, 92581, 126.82
2026/09/07 02:34:51.189, 1, 47, 109812, 251.76
2026/09/07 02:34:52.192, 0, 47, 92581, 125.58
2026/09/07 02:34:52.200, 1, 48, 109812, 233.58
2026/09/07 02:34:53.215, 0, 80, 95007, 126.19
2026/09/07 02:34:53.218, 1, 59, 109812, 236.41
2026/09/07 02:34:54.219, 0, 38, 95007, 127.91
2026/09/07 02:34:54.221, 1, 63, 109812, 271.85
2026/09/07 02:34:55.223, 0, 1, 36541, 127.70
2026/09/07 02:34:55.226, 1, 64, 109812, 267.52
2026/09/07 02:34:56.228, 0, 0, 35785, 124.13
2026/09/07 02:34:56.230, 1, 59, 109812, 261.65
2026/09/07 02:34:57.232, 0, 93, 35785, 124.12
2026/09/07 02:34:57.234, 1, 59, 109812, 267.77
2026/09/07 02:34:58.237, 0, 0, 11559, 127.09
2026/09/07 02:34:58.239, 1, 58, 109812, 271.03
2026/09/07 02:34:59.241, 0, 0, 36029, 123.79
2026/09/07 02:34:59.243, 1, 44, 109812, 251.23
2026/09/07 02:35:00.246, 0, 0, 36029, 125.52
2026/09/07 02:35:00.248, 1, 0, 109812, 188.67
2026/09/07 02:35:01.251, 0, 0, 36383, 123.76
2026/09/07 02:35:01.252, 1, 0, 109792, 118.56
2026/09/07 02:35:02.272, 0, 3, 36639, 150.04
2026/09/07 02:35:02.275, 1, 77, 110390, 199.33
2026/09/07 02:35:03.276, 0, 0, 36317, 123.93
2026/09/07 02:35:03.278, 1, 1, 109876, 435.56
2026/09/07 02:35:04.281, 0, 0, 35785, 123.79
2026/09/07 02:35:04.285, 1, 63, 109810, 221.15
2026/09/07 02:35:05.287, 0, 0, 35785, 123.58
2026/09/07 02:35:05.290, 1, 63, 109810, 267.92
2026/09/07 02:35:06.292, 0, 64, 8667, 126.42
2026/09/07 02:35:06.294, 1, 59, 109810, 267.37
2026/09/07 02:35:07.296, 0, 0, 16783, 125.35
2026/09/07 02:35:07.298, 1, 60, 109810, 271.64
2026/09/07 02:35:08.305, 0, 0, 32829, 123.44
2026/09/07 02:35:08.307, 1, 63, 109810, 256.45
2026/09/07 02:35:09.309, 0, 63, 34817, 350.76
2026/09/07 02:35:09.311, 1, 63, 109810, 277.60
2026/09/07 02:35:10.313, 0, 100, 36635, 323.81
2026/09/07 02:35:10.315, 1, 64, 109810, 276.36
2026/09/07 02:35:11.317, 0, 100, 36635, 126.96
2026/09/07 02:35:11.319, 1, 65, 109810, 270.63
2026/09/07 02:35:12.321, 0, 52, 36815, 126.49
2026/09/07 02:35:12.323, 1, 53, 109810, 258.52
2026/09/07 02:35:13.328, 0, 47, 36815, 126.35
2026/09/07 02:35:13.332, 1, 46, 109810, 243.48
2026/09/07 02:35:14.334, 0, 4, 39241, 126.03
2026/09/07 02:35:14.336, 1, 61, 109810, 256.85
2026/09/07 02:35:15.338, 0, 0, 32829, 123.99
2026/09/07 02:35:15.341, 1, 65, 109810, 278.19
2026/09/07 02:35:16.342, 0, 0, 31863, 123.89
2026/09/07 02:35:16.345, 1, 53, 109810, 256.66
2026/09/07 02:35:17.348, 0, 0, 31863, 123.45
2026/09/07 02:35:17.350, 1, 59, 109810, 278.75
2026/09/07 02:35:18.352, 0, 0, 31863, 123.46
2026/09/07 02:35:18.355, 1, 59, 109810, 276.82
2026/09/07 02:35:19.358, 0, 100, 31865, 124.82
2026/09/07 02:35:19.361, 1, 58, 109810, 275.66
2026/09/07 02:35:20.364, 0, 0, 11559, 126.59
2026/09/07 02:35:20.367, 1, 60, 109810, 278.46
2026/09/07 02:35:21.370, 0, 0, 36029, 123.39
2026/09/07 02:35:21.373, 1, 55, 109810, 273.86
2026/09/07 02:35:22.375, 0, 100, 36029, 126.16
2026/09/07 02:35:22.378, 1, 3, 109812, 236.79
2026/09/07 02:35:23.381, 0, 35, 46241, 179.71
2026/09/07 02:35:23.383, 1, 60, 109812, 266.91
2026/09/07 02:35:24.386, 0, 24, 48219, 214.64
2026/09/07 02:35:24.389, 1, 58, 109812, 275.59
2026/09/07 02:35:25.391, 0, 17, 49433, 226.88
2026/09/07 02:35:25.393, 1, 61, 109812, 268.63
2026/09/07 02:35:26.396, 0, 100, 50215, 272.68
2026/09/07 02:35:26.398, 1, 60, 109812, 267.77
2026/09/07 02:35:27.401, 0, 100, 50215, 126.29
2026/09/07 02:35:27.406, 1, 46, 109812, 267.78
2026/09/07 02:35:28.409, 0, 32, 50217, 125.11
2026/09/07 02:35:28.440, 1, 47, 109812, 221.61
2026/09/07 02:35:29.444, 0, 34, 50217, 124.67
2026/09/07 02:35:29.455, 1, 36, 109812, 211.64
2026/09/07 02:35:30.460, 0, 50, 50217, 125.77
2026/09/07 02:35:30.462, 1, 45, 109812, 243.04
2026/09/07 02:35:31.468, 0, 100, 52643, 126.81
2026/09/07 02:35:31.470, 1, 62, 109812, 258.41
2026/09/07 02:35:32.472, 0, 0, 52643, 125.44
2026/09/07 02:35:32.476, 1, 63, 109812, 280.16
2026/09/07 02:35:33.477, 0, 1, 36029, 124.40
2026/09/07 02:35:33.480, 1, 64, 109812, 276.76
2026/09/07 02:35:34.482, 0, 0, 35785, 123.39
2026/09/07 02:35:34.484, 1, 61, 109812, 275.66
2026/09/07 02:35:35.487, 0, 100, 32267, 123.96
2026/09/07 02:35:35.489, 1, 59, 109812, 276.85
2026/09/07 02:35:36.492, 0, 0, 36029, 126.01
2026/09/07 02:35:36.494, 1, 57, 109812, 280.14
2026/09/07 02:35:37.495, 0, 100, 36029, 124.24
2026/09/07 02:35:37.497, 1, 60, 109812, 287.44
2026/09/07 02:35:38.499, 0, 0, 36029, 124.03
2026/09/07 02:35:38.501, 1, 0, 109812, 180.72
2026/09/07 02:35:39.503, 0, 7, 36699, 130.67
2026/09/07 02:35:39.507, 1, 41, 110112, 129.11
2026/09/07 02:35:40.512, 0, 0, 36639, 138.74
2026/09/07 02:35:40.514, 1, 85, 110406, 443.30
2026/09/07 02:35:41.516, 0, 1, 35785, 122.71
2026/09/07 02:35:41.519, 1, 74, 109810, 418.72
2026/09/07 02:35:42.520, 0, 0, 35785, 122.53
2026/09/07 02:35:42.576, 1, 67, 109810, 278.62
2026/09/07 02:35:43.578, 0, 9, 7797, 124.45
2026/09/07 02:35:43.581, 1, 59, 109810, 260.94
2026/09/07 02:35:44.584, 0, 0, 7797, 123.21
2026/09/07 02:35:44.586, 1, 67, 109810, 281.89
2026/09/07 02:35:45.588, 0, 0, 7797, 122.43
2026/09/07 02:35:45.590, 1, 61, 109810, 289.62
2026/09/07 02:35:46.592, 0, 0, 7797, 122.42
2026/09/07 02:35:46.595, 1, 62, 109810, 287.77
2026/09/07 02:35:47.597, 0, 0, 7797, 122.32
2026/09/07 02:35:47.599, 1, 64, 109810, 285.26
2026/09/07 02:35:48.601, 0, 0, 7797, 122.32
2026/09/07 02:35:48.603, 1, 57, 109810, 283.54
2026/09/07 02:35:49.604, 0, 0, 7797, 122.30
2026/09/07 02:35:49.607, 1, 54, 109810, 264.70
2026/09/07 02:35:50.609, 0, 0, 7797, 122.32
2026/09/07 02:35:50.611, 1, 64, 109810, 262.70
2026/09/07 02:35:51.613, 0, 0, 7797, 122.28
2026/09/07 02:35:51.615, 1, 66, 109810, 264.62
2026/09/07 02:35:52.617, 0, 0, 7797, 122.28
2026/09/07 02:35:52.620, 1, 56, 109810, 264.91
2026/09/07 02:35:53.622, 0, 0, 7797, 122.26
2026/09/07 02:35:53.624, 1, 60, 109810, 263.09
2026/09/07 02:35:54.626, 0, 0, 7797, 122.28
2026/09/07 02:35:54.628, 1, 56, 109810, 264.35
2026/09/07 02:35:55.630, 0, 0, 7797, 122.21
2026/09/07 02:35:55.633, 1, 60, 109810, 266.43
2026/09/07 02:35:56.635, 0, 0, 7797, 122.26
2026/09/07 02:35:56.637, 1, 62, 109810, 269.58
2026/09/07 02:35:57.639, 0, 0, 7797, 122.25
2026/09/07 02:35:57.642, 1, 59, 109810, 261.91
2026/09/07 02:35:58.644, 0, 0, 7797, 122.21
2026/09/07 02:35:58.646, 1, 63, 109810, 263.09
2026/09/07 02:35:59.649, 0, 0, 7797, 122.26
2026/09/07 02:35:59.651, 1, 62, 109810, 261.72
2026/09/07 02:36:00.653, 0, 0, 7797, 122.23
2026/09/07 02:36:00.655, 1, 64, 109810, 253.02
2026/09/07 02:36:01.657, 0, 0, 7797, 122.23
2026/09/07 02:36:01.659, 1, 57, 109810, 266.95
2026/09/07 02:36:02.661, 0, 0, 7797, 122.18
2026/09/07 02:36:02.664, 1, 57, 109810, 259.23
2026/09/07 02:36:03.666, 0, 0, 7797, 122.22
2026/09/07 02:36:03.668, 1, 61, 109810, 268.59
2026/09/07 02:36:04.670, 0, 0, 7797, 122.14
2026/09/07 02:36:04.673, 1, 64, 109810, 272.44
2026/09/07 02:36:05.677, 0, 0, 7797, 122.19
2026/09/07 02:36:05.679, 1, 65, 109810, 267.83
2026/09/07 02:36:06.681, 0, 0, 7797, 122.14
2026/09/07 02:36:06.684, 1, 61, 109810, 262.65
2026/09/07 02:36:07.686, 0, 0, 7797, 122.11
2026/09/07 02:36:07.689, 1, 63, 109810, 269.51
2026/09/07 02:36:08.691, 0, 0, 7797, 122.12
2026/09/07 02:36:08.693, 1, 61, 109810, 270.74
2026/09/07 02:36:09.696, 0, 0, 7797, 122.10
2026/09/07 02:36:09.698, 1, 62, 109810, 276.77
2026/09/07 02:36:10.700, 0, 0, 7797, 122.13
2026/09/07 02:36:10.702, 1, 63, 109814, 250.81
2026/09/07 02:36:11.704, 0, 0, 7797, 122.10
2026/09/07 02:36:11.709, 1, 59, 109814, 236.98
2026/09/07 02:36:12.712, 0, 0, 7797, 122.11
2026/09/07 02:36:12.714, 1, 61, 109814, 224.61
2026/09/07 02:36:13.716, 0, 92, 16785, 124.14
2026/09/07 02:36:13.806, 1, 60, 109814, 260.18
2026/09/07 02:36:14.815, 0, 0, 32835, 137.59
2026/09/07 02:36:14.817, 1, 63, 109814, 260.72
2026/09/07 02:36:15.819, 0, 100, 35441, 654.61
2026/09/07 02:36:15.821, 1, 58, 109814, 262.56
2026/09/07 02:36:16.823, 0, 100, 40897, 604.99
2026/09/07 02:36:16.828, 1, 61, 109814, 259.04
2026/09/07 02:36:17.831, 0, 100, 40897, 682.89
2026/09/07 02:36:17.834, 1, 63, 109814, 262.60
2026/09/07 02:36:18.836, 0, 100, 40897, 686.24
2026/09/07 02:36:18.839, 1, 54, 109814, 258.23
2026/09/07 02:36:19.841, 0, 100, 40897, 518.98
2026/09/07 02:36:19.851, 1, 42, 109814, 223.98
2026/09/07 02:36:20.853, 0, 100, 41501, 543.47
2026/09/07 02:36:20.856, 1, 36, 109814, 228.29
2026/09/07 02:36:21.857, 0, 100, 41501, 127.77
2026/09/07 02:36:21.863, 1, 24, 109814, 228.03
2026/09/07 02:36:22.868, 0, 30, 41681, 126.72
2026/09/07 02:36:22.881, 1, 43, 109814, 220.86
2026/09/07 02:36:23.885, 0, 25, 41681, 125.85
2026/09/07 02:36:23.899, 1, 38, 109814, 206.27
2026/09/07 02:36:24.915, 0, 29, 41681, 125.69
2026/09/07 02:36:24.932, 1, 21, 109814, 201.48
2026/09/07 02:36:25.936, 0, 30, 41681, 125.56
2026/09/07 02:36:25.939, 1, 12, 109814, 195.77
2026/09/07 02:36:26.947, 0, 9, 44107, 125.02
2026/09/07 02:36:26.952, 1, 32, 109814, 199.93
2026/09/07 02:36:27.955, 0, 0, 44107, 125.34
2026/09/07 02:36:27.961, 1, 39, 109814, 201.41
2026/09/07 02:36:28.965, 0, 0, 44107, 125.10
2026/09/07 02:36:28.967, 1, 52, 109814, 227.92
2026/09/07 02:36:29.969, 0, 0, 32831, 124.89
2026/09/07 02:36:29.975, 1, 51, 109814, 239.40
2026/09/07 02:36:30.979, 0, 4, 31865, 124.37
2026/09/07 02:36:30.982, 1, 53, 109814, 235.66
2026/09/07 02:36:31.986, 0, 0, 31865, 123.95
2026/09/07 02:36:31.989, 1, 55, 109814, 247.47
2026/09/07 02:36:32.991, 0, 100, 31865, 124.79
2026/09/07 02:36:32.995, 1, 63, 109814, 250.12
2026/09/07 02:36:33.999, 0, 100, 11559, 127.79
2026/09/07 02:36:34.005, 1, 53, 109814, 243.60
2026/09/07 02:36:35.008, 0, 0, 36029, 123.81
2026/09/07 02:36:35.011, 1, 50, 109814, 246.03
2026/09/07 02:36:36.014, 0, 89, 36029, 126.26
2026/09/07 02:36:36.016, 1, 59, 109814, 247.40
2026/09/07 02:36:37.018, 0, 20, 36029, 124.76
2026/09/07 02:36:37.025, 1, 50, 109814, 244.12
2026/09/07 02:36:38.027, 0, 22, 36029, 123.93
2026/09/07 02:36:38.030, 1, 54, 109814, 240.92
2026/09/07 02:36:39.033, 0, 21, 36029, 123.81
2026/09/07 02:36:39.035, 1, 65, 109814, 257.77
2026/09/07 02:36:40.038, 0, 1, 44331, 170.43
2026/09/07 02:36:40.040, 1, 60, 109814, 257.68
2026/09/07 02:36:41.043, 0, 78, 48781, 314.20
2026/09/07 02:36:41.047, 1, 62, 109814, 269.28
2026/09/07 02:36:42.049, 0, 9, 88191, 309.19
2026/09/07 02:36:42.051, 1, 62, 109814, 263.38
2026/09/07 02:36:43.053, 0, 21, 88191, 151.81
2026/09/07 02:36:43.055, 1, 62, 109814, 262.14
2026/09/07 02:36:44.057, 0, 9, 88191, 146.66
2026/09/07 02:36:44.059, 1, 59, 109814, 267.64
2026/09/07 02:36:45.061, 0, 22, 88191, 147.85
2026/09/07 02:36:45.064, 1, 61, 109814, 266.45
2026/09/07 02:36:46.067, 0, 18, 90631, 209.81
2026/09/07 02:36:46.069, 1, 65, 109814, 269.90
2026/09/07 02:36:47.071, 0, 98, 90631, 687.59
2026/09/07 02:36:47.074, 1, 63, 109814, 266.32
2026/09/07 02:36:48.076, 0, 9, 90631, 257.61
2026/09/07 02:36:48.078, 1, 51, 109814, 263.40
2026/09/07 02:36:49.080, 0, 23, 90631, 156.90
2026/09/07 02:36:49.082, 1, 61, 109814, 264.94
2026/09/07 02:36:50.086, 0, 9, 90631, 143.35
2026/09/07 02:36:50.088, 1, 62, 109814, 257.97
2026/09/07 02:36:51.090, 0, 22, 90631, 159.13
2026/09/07 02:36:51.092, 1, 60, 109814, 254.12
2026/09/07 02:36:52.094, 0, 100, 90631, 317.40
2026/09/07 02:36:52.097, 1, 5, 109814, 236.49
2026/09/07 02:36:53.099, 0, 9, 90631, 545.36
2026/09/07 02:36:53.101, 1, 61, 109814, 223.51
2026/09/07 02:36:54.103, 0, 100, 90631, 413.64
2026/09/07 02:36:54.106, 1, 60, 109814, 249.27
2026/09/07 02:36:55.108, 0, 10, 90631, 125.47
2026/09/07 02:36:55.110, 1, 60, 109814, 249.48
2026/09/07 02:36:56.112, 0, 23, 90631, 175.50
2026/09/07 02:36:56.114, 1, 59, 109814, 247.18
2026/09/07 02:36:57.117, 0, 10, 90631, 124.62
2026/09/07 02:36:57.119, 1, 64, 109814, 248.40
2026/09/07 02:36:58.120, 0, 15, 90631, 173.23
2026/09/07 02:36:58.122, 1, 62, 109814, 243.88
2026/09/07 02:36:59.131, 0, 100, 90631, 410.52
2026/09/07 02:36:59.134, 1, 60, 109814, 247.17
2026/09/07 02:37:00.136, 0, 100, 91413, 469.83
2026/09/07 02:37:00.139, 1, 56, 109814, 245.96
2026/09/07 02:37:01.141, 0, 100, 91413, 128.08
2026/09/07 02:37:01.143, 1, 58, 109814, 251.17
2026/09/07 02:37:02.145, 0, 48, 91415, 127.42
2026/09/07 02:37:02.148, 1, 48, 109814, 237.15
2026/09/07 02:37:03.150, 0, 45, 91415, 126.79
2026/09/07 02:37:03.153, 1, 49, 109814, 217.06
2026/09/07 02:37:04.155, 0, 45, 93841, 126.57
2026/09/07 02:37:04.157, 1, 65, 109814, 220.68
2026/09/07 02:37:05.159, 0, 100, 93841, 128.12
2026/09/07 02:37:05.161, 1, 62, 109814, 246.89
2026/09/07 02:37:06.163, 0, 64, 36541, 127.94
2026/09/07 02:37:06.166, 1, 58, 109814, 241.42
2026/09/07 02:37:07.168, 0, 0, 35785, 124.36
2026/09/07 02:37:07.170, 1, 24, 109814, 226.70
2026/09/07 02:37:08.172, 0, 0, 35785, 124.08
2026/09/07 02:37:08.175, 1, 58, 109814, 217.37
2026/09/07 02:37:09.177, 0, 0, 35785, 124.05
2026/09/07 02:37:09.180, 1, 56, 109814, 224.00
2026/09/07 02:37:10.182, 0, 10, 11559, 126.83
2026/09/07 02:37:10.184, 1, 60, 109814, 220.00
2026/09/07 02:37:11.187, 0, 0, 36029, 124.71
2026/09/07 02:37:11.189, 1, 55, 109814, 248.01
2026/09/07 02:37:12.191, 0, 100, 36029, 125.03
2026/09/07 02:37:12.194, 1, 59, 109814, 248.50
2026/09/07 02:37:13.196, 0, 0, 36029, 124.56
2026/09/07 02:37:13.198, 1, 0, 109814, 162.71
2026/09/07 02:37:14.200, 0, 2, 36699, 132.76
2026/09/07 02:37:14.202, 1, 75, 110112, 130.42
2026/09/07 02:37:15.204, 0, 0, 36639, 140.94
2026/09/07 02:37:15.206, 1, 0, 110420, 228.63
2026/09/07 02:37:16.208, 0, 1, 35785, 123.97
2026/09/07 02:37:16.210, 1, 62, 109812, 221.29
2026/09/07 02:37:17.212, 0, 0, 35785, 123.73
2026/09/07 02:37:17.214, 1, 58, 109812, 254.81
2026/09/07 02:37:18.217, 0, 2, 7797, 125.50
2026/09/07 02:37:18.219, 1, 56, 109812, 247.57
2026/09/07 02:37:19.222, 0, 0, 7797, 124.60
2026/09/07 02:37:19.224, 1, 61, 109812, 244.86
2026/09/07 02:37:20.226, 0, 0, 7797, 123.53
2026/09/07 02:37:20.229, 1, 57, 109812, 245.80
2026/09/07 02:37:21.231, 0, 0, 7797, 123.46
2026/09/07 02:37:21.233, 1, 54, 109812, 243.62
2026/09/07 02:37:22.236, 0, 0, 7797, 123.40
2026/09/07 02:37:22.238, 1, 59, 109812, 249.87
2026/09/07 02:37:23.240, 0, 0, 7797, 123.41
2026/09/07 02:37:23.242, 1, 60, 109812, 245.55
2026/09/07 02:37:24.244, 0, 0, 7797, 123.37
2026/09/07 02:37:24.246, 1, 58, 109812, 245.55
2026/09/07 02:37:25.248, 0, 0, 7797, 123.40
2026/09/07 02:37:25.250, 1, 62, 109812, 246.01
2026/09/07 02:37:26.252, 0, 0, 7797, 123.25
2026/09/07 02:37:26.255, 1, 57, 109812, 247.93
2026/09/07 02:37:27.257, 0, 0, 7797, 123.22
2026/09/07 02:37:27.259, 1, 69, 109812, 245.98
2026/09/07 02:37:28.261, 0, 0, 7797, 123.19
2026/09/07 02:37:28.263, 1, 61, 109812, 242.52
2026/09/07 02:37:29.264, 0, 0, 7797, 123.21
2026/09/07 02:37:29.267, 1, 65, 109812, 251.09
2026/09/07 02:37:30.269, 0, 56, 16785, 123.55
2026/09/07 02:37:30.271, 1, 0, 109812, 213.62
2026/09/07 02:37:31.273, 0, 0, 32831, 124.83
2026/09/07 02:37:31.276, 1, 64, 109812, 243.64
2026/09/07 02:37:32.278, 0, 0, 33555, 170.81
2026/09/07 02:37:32.281, 1, 61, 109812, 240.89
2026/09/07 02:37:33.283, 0, 70, 33555, 287.92
2026/09/07 02:37:33.285, 1, 61, 109812, 249.55
2026/09/07 02:37:34.288, 0, 0, 33557, 236.63
2026/09/07 02:37:34.290, 1, 49, 109814, 217.20
2026/09/07 02:37:35.293, 0, 60, 33557, 277.82
2026/09/07 02:37:35.296, 1, 61, 109814, 245.61
2026/09/07 02:37:36.298, 0, 84, 33557, 236.30
2026/09/07 02:37:36.300, 1, 63, 109814, 253.75
2026/09/07 02:37:37.302, 0, 0, 33557, 220.05
2026/09/07 02:37:37.304, 1, 56, 109814, 218.48
2026/09/07 02:37:38.306, 0, 84, 33557, 217.65
2026/09/07 02:37:38.308, 1, 60, 109814, 250.14
2026/09/07 02:37:39.311, 0, 0, 33813, 217.99
2026/09/07 02:37:39.313, 1, 60, 109814, 252.95
2026/09/07 02:37:40.314, 0, 28, 33813, 235.08
2026/09/07 02:37:40.317, 1, 55, 109814, 247.18
2026/09/07 02:37:41.319, 0, 0, 33813, 167.39
2026/09/07 02:37:41.321, 1, 59, 109814, 248.60
2026/09/07 02:37:42.323, 0, 0, 33813, 123.79
2026/09/07 02:37:42.326, 1, 60, 109814, 252.69
2026/09/07 02:37:43.328, 0, 28, 33813, 197.25
2026/09/07 02:37:43.332, 1, 64, 109814, 245.38
2026/09/07 02:37:44.334, 0, 0, 33813, 202.34
2026/09/07 02:37:44.336, 1, 63, 109814, 254.21
2026/09/07 02:37:45.338, 0, 61, 33813, 199.67
2026/09/07 02:37:45.340, 1, 61, 109814, 245.32
2026/09/07 02:37:46.342, 0, 67, 33813, 245.68
2026/09/07 02:37:46.344, 1, 64, 109814, 255.48
2026/09/07 02:37:47.346, 0, 0, 33813, 243.54
2026/09/07 02:37:47.348, 1, 56, 109814, 252.14
2026/09/07 02:37:48.349, 0, 0, 33813, 216.09
2026/09/07 02:37:48.352, 1, 63, 109814, 255.35
2026/09/07 02:37:49.353, 0, 0, 33813, 244.35
2026/09/07 02:37:49.356, 1, 53, 109814, 253.40
2026/09/07 02:37:50.358, 0, 0, 33813, 222.20
2026/09/07 02:37:50.360, 1, 65, 109814, 218.10
2026/09/07 02:37:51.362, 0, 38, 34363, 242.42
2026/09/07 02:37:51.365, 1, 60, 109814, 257.22
2026/09/07 02:37:52.367, 0, 73, 34363, 222.84
2026/09/07 02:37:52.369, 1, 52, 109814, 257.20
2026/09/07 02:37:53.372, 0, 0, 34363, 219.25
2026/09/07 02:37:53.374, 1, 62, 109814, 254.76
2026/09/07 02:37:54.376, 0, 36, 34363, 219.13
2026/09/07 02:37:54.378, 1, 60, 109814, 254.14
2026/09/07 02:37:55.381, 0, 95, 36093, 619.91
2026/09/07 02:37:55.383, 1, 64, 109814, 256.15
2026/09/07 02:37:56.385, 0, 100, 39053, 549.87
2026/09/07 02:37:56.387, 1, 58, 109814, 260.61
2026/09/07 02:37:57.390, 0, 0, 39053, 231.79
2026/09/07 02:37:57.392, 1, 57, 109814, 257.90
2026/09/07 02:37:58.394, 0, 0, 39053, 195.54
2026/09/07 02:37:58.396, 1, 59, 109814, 260.62
2026/09/07 02:37:59.398, 0, 0, 39053, 202.98
2026/09/07 02:37:59.401, 1, 62, 109814, 263.24
2026/09/07 02:38:00.403, 0, 0, 39053, 157.59
2026/09/07 02:38:00.405, 1, 64, 109814, 264.36
2026/09/07 02:38:01.407, 0, 6, 39053, 257.50
2026/09/07 02:38:01.409, 1, 62, 109814, 252.67
2026/09/07 02:38:02.411, 0, 0, 39053, 229.26
2026/09/07 02:38:02.414, 1, 63, 109814, 261.01
2026/09/07 02:38:03.416, 0, 0, 39053, 142.35
2026/09/07 02:38:03.418, 1, 61, 109814, 266.45
2026/09/07 02:38:04.420, 0, 0, 39053, 149.40
2026/09/07 02:38:04.422, 1, 59, 109814, 261.08
2026/09/07 02:38:05.424, 0, 0, 39053, 124.08
2026/09/07 02:38:05.427, 1, 59, 109814, 254.30
2026/09/07 02:38:06.429, 0, 0, 39053, 124.25
2026/09/07 02:38:06.431, 1, 63, 109814, 262.21
2026/09/07 02:38:07.433, 0, 0, 39053, 211.04
2026/09/07 02:38:07.435, 1, 62, 109814, 267.53
2026/09/07 02:38:08.437, 0, 0, 39053, 207.64
2026/09/07 02:38:08.439, 1, 62, 109814, 259.44
2026/09/07 02:38:09.441, 0, 0, 39053, 168.29
2026/09/07 02:38:09.443, 1, 62, 109814, 268.71
2026/09/07 02:38:10.445, 0, 0, 39053, 261.14
2026/09/07 02:38:10.448, 1, 60, 109814, 266.15
2026/09/07 02:38:11.450, 0, 0, 39053, 207.88
2026/09/07 02:38:11.452, 1, 64, 109814, 263.29
2026/09/07 02:38:12.454, 0, 84, 39053, 303.17
2026/09/07 02:38:12.456, 1, 63, 109814, 266.55
2026/09/07 02:38:13.458, 0, 28, 39053, 257.75
2026/09/07 02:38:13.460, 1, 61, 109814, 268.35
2026/09/07 02:38:14.462, 0, 63, 39053, 306.29
2026/09/07 02:38:14.465, 1, 60, 109814, 262.19
2026/09/07 02:38:15.467, 0, 38, 39053, 183.60
2026/09/07 02:38:15.469, 1, 63, 109814, 267.43
2026/09/07 02:38:16.471, 0, 20, 39053, 213.29
2026/09/07 02:38:16.474, 1, 60, 109814, 266.00
2026/09/07 02:38:17.477, 0, 0, 39053, 171.07
2026/09/07 02:38:17.479, 1, 61, 109814, 265.55
2026/09/07 02:38:18.481, 0, 95, 39053, 225.54
2026/09/07 02:38:18.484, 1, 60, 109814, 263.45
2026/09/07 02:38:19.487, 0, 47, 39053, 182.28
2026/09/07 02:38:19.489, 1, 62, 109814, 258.08
2026/09/07 02:38:20.491, 0, 0, 39053, 130.29
2026/09/07 02:38:20.494, 1, 56, 109814, 264.63
2026/09/07 02:38:21.497, 0, 0, 39053, 158.78
2026/09/07 02:38:21.499, 1, 59, 109814, 263.71
2026/09/07 02:38:22.501, 0, 62, 39053, 191.32
2026/09/07 02:38:22.503, 1, 60, 109814, 264.46
2026/09/07 02:38:23.505, 0, 0, 39053, 147.86
2026/09/07 02:38:23.507, 1, 64, 109814, 263.51
2026/09/07 02:38:24.510, 0, 0, 39053, 124.28
2026/09/07 02:38:24.512, 1, 60, 109814, 259.77
2026/09/07 02:38:25.514, 0, 100, 39053, 172.07
2026/09/07 02:38:25.517, 1, 60, 109814, 271.03
2026/09/07 02:38:26.519, 0, 0, 39053, 124.14
2026/09/07 02:38:26.522, 1, 60, 109814, 265.39
2026/09/07 02:38:27.524, 0, 0, 39053, 155.83
2026/09/07 02:38:27.526, 1, 58, 109814, 262.87
2026/09/07 02:38:28.529, 0, 98, 39055, 280.98
2026/09/07 02:38:28.531, 1, 61, 109814, 262.13
2026/09/07 02:38:29.533, 0, 100, 40227, 695.91
2026/09/07 02:38:29.535, 1, 64, 109814, 265.39
2026/09/07 02:38:30.537, 0, 89, 40227, 687.13
2026/09/07 02:38:30.539, 1, 56, 109814, 269.54
2026/09/07 02:38:31.542, 0, 38, 40227, 581.35
2026/09/07 02:38:31.544, 1, 57, 109814, 262.26
2026/09/07 02:38:32.547, 0, 100, 40831, 348.46
2026/09/07 02:38:32.549, 1, 56, 109814, 268.40
2026/09/07 02:38:33.551, 0, 100, 40831, 128.16
2026/09/07 02:38:33.554, 1, 57, 109814, 257.49
2026/09/07 02:38:34.557, 0, 44, 41011, 127.35
2026/09/07 02:38:34.559, 1, 49, 109814, 244.87
2026/09/07 02:38:35.561, 0, 38, 41011, 127.14
2026/09/07 02:38:35.565, 1, 43, 109814, 235.13
2026/09/07 02:38:36.567, 0, 88, 43437, 126.89
2026/09/07 02:38:36.570, 1, 55, 109814, 242.31
2026/09/07 02:38:37.572, 0, 25, 32835, 125.81
2026/09/07 02:38:37.574, 1, 60, 109814, 263.15
2026/09/07 02:38:38.577, 0, 0, 31867, 125.10
2026/09/07 02:38:38.580, 1, 55, 109814, 263.55
2026/09/07 02:38:39.581, 0, 21, 31867, 124.80
2026/09/07 02:38:39.584, 1, 58, 109814, 262.74
2026/09/07 02:38:40.586, 0, 83, 11561, 128.70
2026/09/07 02:38:40.589, 1, 60, 109814, 267.87
2026/09/07 02:38:41.592, 0, 0, 36029, 124.75
2026/09/07 02:38:41.596, 1, 54, 109814, 258.45
2026/09/07 02:38:42.598, 0, 89, 36029, 126.45
2026/09/07 02:38:42.601, 1, 55, 109814, 262.80
2026/09/07 02:38:43.603, 0, 19, 36029, 125.87
2026/09/07 02:38:43.605, 1, 55, 109814, 264.44
2026/09/07 02:38:44.607, 0, 19, 36029, 124.43
2026/09/07 02:38:44.610, 1, 59, 109814, 269.53
2026/09/07 02:38:45.612, 0, 20, 36029, 124.33
2026/09/07 02:38:45.614, 1, 57, 109814, 268.39
2026/09/07 02:38:46.616, 0, 38, 47153, 183.48
2026/09/07 02:38:46.619, 1, 58, 109814, 266.90
2026/09/07 02:38:47.621, 0, 17, 47665, 154.62
2026/09/07 02:38:47.624, 1, 62, 109814, 265.74
2026/09/07 02:38:48.626, 0, 19, 84053, 458.30
2026/09/07 02:38:48.628, 1, 54, 109814, 270.39
2026/09/07 02:38:49.630, 0, 9, 84053, 132.06
2026/09/07 02:38:49.633, 1, 55, 109814, 261.58
2026/09/07 02:38:50.635, 0, 9, 84053, 157.51
2026/09/07 02:38:50.637, 1, 60, 109814, 277.73
2026/09/07 02:38:51.640, 0, 21, 84053, 155.59
2026/09/07 02:38:51.642, 1, 61, 109814, 265.90
2026/09/07 02:38:52.644, 0, 100, 84053, 361.64
2026/09/07 02:38:52.647, 1, 56, 109814, 273.75
2026/09/07 02:38:53.649, 0, 100, 115581, 597.06
2026/09/07 02:38:53.652, 1, 56, 109814, 271.94
2026/09/07 02:38:54.654, 0, 9, 115581, 125.66
2026/09/07 02:38:54.656, 1, 54, 109814, 276.47
2026/09/07 02:38:55.658, 0, 32, 115581, 172.96
2026/09/07 02:38:55.664, 1, 56, 109814, 264.92
2026/09/07 02:38:56.669, 0, 9, 115581, 124.62
2026/09/07 02:38:56.672, 1, 57, 109814, 270.47
2026/09/07 02:38:57.674, 0, 20, 115581, 193.54
2026/09/07 02:38:57.678, 1, 55, 109814, 283.10
2026/09/07 02:38:58.680, 0, 100, 115581, 485.35
2026/09/07 02:38:58.682, 1, 61, 109814, 277.86
2026/09/07 02:38:59.685, 0, 9, 115581, 481.11
2026/09/07 02:38:59.687, 1, 60, 109814, 269.29
2026/09/07 02:39:00.689, 0, 10, 115581, 155.37
2026/09/07 02:39:00.692, 1, 55, 109814, 273.04
2026/09/07 02:39:01.695, 0, 27, 115581, 168.82
2026/09/07 02:39:01.699, 1, 55, 109814, 266.24
2026/09/07 02:39:02.703, 0, 24, 115581, 493.30
2026/09/07 02:39:02.706, 1, 45, 109814, 266.17
2026/09/07 02:39:03.708, 0, 55, 115581, 179.44
2026/09/07 02:39:03.710, 1, 56, 109814, 260.15
2026/09/07 02:39:04.712, 0, 39, 115581, 357.95
2026/09/07 02:39:04.715, 1, 59, 109814, 274.14
2026/09/07 02:39:05.718, 0, 17, 115581, 173.25
2026/09/07 02:39:05.720, 1, 57, 109814, 271.50
2026/09/07 02:39:06.723, 0, 100, 116363, 286.21
2026/09/07 02:39:06.726, 1, 58, 109814, 278.42
2026/09/07 02:39:07.729, 0, 100, 116363, 127.11
2026/09/07 02:39:07.731, 1, 56, 109814, 280.92
2026/09/07 02:39:08.733, 0, 51, 116365, 126.14
2026/09/07 02:39:08.736, 1, 50, 109814, 251.58
2026/09/07 02:39:09.738, 0, 49, 116365, 126.95
2026/09/07 02:39:09.741, 1, 51, 109814, 257.14
2026/09/07 02:39:10.745, 0, 100, 118791, 128.03
2026/09/07 02:39:10.748, 1, 63, 109814, 267.47
2026/09/07 02:39:11.752, 0, 0, 118791, 126.22
2026/09/07 02:39:11.756, 1, 64, 109814, 284.90
2026/09/07 02:39:12.761, 0, 1, 36029, 129.16
2026/09/07 02:39:12.765, 1, 66, 109814, 284.60
2026/09/07 02:39:13.767, 0, 0, 35785, 124.07
2026/09/07 02:39:13.770, 1, 63, 109814, 280.50
2026/09/07 02:39:14.772, 0, 100, 35785, 124.71
2026/09/07 02:39:14.777, 1, 63, 109814, 279.72
2026/09/07 02:39:15.780, 0, 0, 11827, 126.97
2026/09/07 02:39:15.782, 1, 61, 109814, 277.81
2026/09/07 02:39:16.785, 0, 100, 36031, 124.99
2026/09/07 02:39:16.795, 1, 57, 109814, 289.38
2026/09/07 02:39:17.799, 0, 0, 36031, 125.37
2026/09/07 02:39:17.802, 1, 0, 109814, 186.62
2026/09/07 02:39:18.804, 0, 8, 36701, 132.61
2026/09/07 02:39:18.808, 1, 63, 110112, 132.19
2026/09/07 02:39:19.811, 0, 0, 36641, 136.96
2026/09/07 02:39:19.814, 1, 83, 110406, 487.57
2026/09/07 02:39:20.816, 0, 0, 35785, 124.29
2026/09/07 02:39:20.819, 1, 52, 109810, 410.97
2026/09/07 02:39:21.821, 0, 0, 35785, 124.10
2026/09/07 02:39:21.823, 1, 59, 109810, 266.85
2026/09/07 02:39:22.826, 0, 0, 35785, 123.94
2026/09/07 02:39:22.829, 1, 64, 109810, 282.99
2026/09/07 02:39:23.831, 0, 40, 16789, 127.14
2026/09/07 02:39:23.833, 1, 5, 109810, 238.90
2026/09/07 02:39:24.836, 0, 0, 32835, 125.45
2026/09/07 02:39:24.838, 1, 63, 109810, 269.46
2026/09/07 02:39:25.841, 0, 74, 33487, 322.89
2026/09/07 02:39:25.844, 1, 63, 109810, 289.00
2026/09/07 02:39:26.847, 0, 66, 35853, 524.61
2026/09/07 02:39:26.849, 1, 62, 109810, 289.08
2026/09/07 02:39:27.851, 0, 40, 36111, 571.33
2026/09/07 02:39:27.854, 1, 64, 109810, 294.21
2026/09/07 02:39:28.857, 0, 100, 36715, 141.28
2026/09/07 02:39:28.860, 1, 61, 109810, 284.80
2026/09/07 02:39:29.862, 0, 49, 36895, 127.01
2026/09/07 02:39:29.864, 1, 58, 109810, 273.13
2026/09/07 02:39:30.866, 0, 49, 36895, 126.50
2026/09/07 02:39:30.870, 1, 53, 109810, 263.41
2026/09/07 02:39:31.874, 0, 51, 39321, 126.64
2026/09/07 02:39:31.877, 1, 54, 109810, 262.18
2026/09/07 02:39:32.879, 0, 0, 38431, 125.53
2026/09/07 02:39:32.884, 1, 62, 109810, 296.32
2026/09/07 02:39:33.896, 0, 26, 31905, 124.36
2026/09/07 02:39:33.899, 1, 62, 109810, 271.48
2026/09/07 02:39:34.901, 0, 0, 31867, 123.79
2026/09/07 02:39:34.904, 1, 58, 109810, 278.55
2026/09/07 02:39:35.906, 0, 100, 31867, 125.94
2026/09/07 02:39:35.909, 1, 65, 109810, 291.82
2026/09/07 02:39:36.911, 0, 0, 11561, 127.02
2026/09/07 02:39:36.914, 1, 65, 109810, 284.06
2026/09/07 02:39:37.916, 0, 47, 36031, 124.34
2026/09/07 02:39:37.918, 1, 59, 109810, 290.20
2026/09/07 02:39:38.920, 0, 100, 36031, 127.10
2026/09/07 02:39:38.924, 1, 62, 109810, 272.33
2026/09/07 02:39:39.928, 0, 22, 36031, 124.43
2026/09/07 02:39:39.930, 1, 60, 109810, 276.55
2026/09/07 02:39:40.931, 0, 8, 46757, 190.43
2026/09/07 02:39:40.936, 1, 62, 109810, 285.08
2026/09/07 02:39:41.942, 0, 8, 49437, 337.37
2026/09/07 02:39:41.945, 1, 62, 109810, 282.60
2026/09/07 02:39:42.947, 0, 50, 49439, 323.48
2026/09/07 02:39:42.950, 1, 63, 109810, 288.43
2026/09/07 02:39:43.952, 0, 79, 63019, 299.68
2026/09/07 02:39:43.955, 1, 63, 109810, 283.96
2026/09/07 02:39:44.956, 0, 24, 63019, 185.48
2026/09/07 02:39:44.959, 1, 21, 109812, 281.54
2026/09/07 02:39:45.961, 0, 33, 63023, 167.53
2026/09/07 02:39:45.964, 1, 61, 109812, 288.77
2026/09/07 02:39:46.966, 0, 38, 63025, 410.32
2026/09/07 02:39:46.969, 1, 64, 109812, 285.61
2026/09/07 02:39:47.971, 0, 100, 63807, 171.59
2026/09/07 02:39:47.974, 1, 61, 109812, 278.15
2026/09/07 02:39:48.976, 0, 64, 63809, 127.16
2026/09/07 02:39:48.979, 1, 65, 109812, 296.42
2026/09/07 02:39:49.981, 0, 42, 63809, 125.90
2026/09/07 02:39:49.984, 1, 48, 109812, 247.92
2026/09/07 02:39:50.987, 0, 40, 63809, 126.47
2026/09/07 02:39:50.994, 1, 46, 109812, 245.51
2026/09/07 02:39:52.006, 0, 100, 66235, 126.52
2026/09/07 02:39:52.008, 1, 58, 109812, 266.04
2026/09/07 02:39:53.010, 0, 0, 66235, 125.25
2026/09/07 02:39:53.013, 1, 61, 109812, 281.78
2026/09/07 02:39:54.016, 0, 0, 36033, 126.07
2026/09/07 02:39:54.018, 1, 62, 109812, 284.86
2026/09/07 02:39:55.020, 0, 0, 35787, 124.18
2026/09/07 02:39:55.024, 1, 62, 109812, 282.98
2026/09/07 02:39:56.028, 0, 4, 35787, 124.43
2026/09/07 02:39:56.031, 1, 54, 109812, 252.35
2026/09/07 02:39:57.033, 0, 90, 11563, 126.91
2026/09/07 02:39:57.129, 1, 68, 109812, 273.87
2026/09/07 02:39:58.131, 0, 0, 36033, 124.07
2026/09/07 02:39:58.134, 1, 52, 109812, 275.04
2026/09/07 02:39:59.136, 0, 0, 36033, 125.70
2026/09/07 02:39:59.138, 1, 0, 109812, 190.68
2026/09/07 02:40:00.140, 0, 0, 36323, 123.95
2026/09/07 02:40:00.143, 1, 0, 109792, 119.69
2026/09/07 02:40:01.145, 0, 0, 36643, 146.52
2026/09/07 02:40:01.147, 1, 100, 110392, 219.26
2026/09/07 02:40:02.149, 0, 0, 36387, 123.89
2026/09/07 02:40:02.152, 1, 0, 110164, 445.54
2026/09/07 02:40:03.154, 0, 0, 35787, 123.96
2026/09/07 02:40:03.156, 1, 65, 109810, 219.53
2026/09/07 02:40:04.158, 0, 4, 35787, 123.84
2026/09/07 02:40:04.160, 1, 64, 109810, 276.52
2026/09/07 02:40:05.162, 0, 0, 7799, 126.56
2026/09/07 02:40:05.165, 1, 63, 109810, 270.76
2026/09/07 02:40:06.167, 0, 0, 7799, 123.69
2026/09/07 02:40:06.169, 1, 61, 109810, 274.50
2026/09/07 02:40:07.171, 0, 0, 7799, 123.61
2026/09/07 02:40:07.174, 1, 59, 109810, 278.32
2026/09/07 02:40:08.176, 0, 0, 7799, 123.55
2026/09/07 02:40:08.178, 1, 60, 109810, 271.84
2026/09/07 02:40:09.180, 0, 0, 7799, 123.52
2026/09/07 02:40:09.183, 1, 63, 109810, 279.55
2026/09/07 02:40:10.185, 0, 0, 7799, 123.53
2026/09/07 02:40:10.187, 1, 56, 109810, 275.89
2026/09/07 02:40:11.189, 0, 0, 7799, 123.48
2026/09/07 02:40:11.192, 1, 62, 109810, 272.51
2026/09/07 02:40:12.193, 0, 0, 7799, 123.44
2026/09/07 02:40:12.196, 1, 57, 109810, 275.80
2026/09/07 02:40:13.198, 0, 0, 7799, 123.40
2026/09/07 02:40:13.205, 1, 62, 109810, 279.55
2026/09/07 02:40:14.266, 0, 0, 7799, 123.38
2026/09/07 02:40:14.269, 1, 59, 109810, 266.12
2026/09/07 02:40:15.271, 0, 0, 7799, 123.32
2026/09/07 02:40:15.273, 1, 56, 109810, 259.35
2026/09/07 02:40:16.275, 0, 0, 7799, 123.37
2026/09/07 02:40:16.277, 1, 66, 109810, 264.25
2026/09/07 02:40:17.279, 0, 0, 7799, 123.27
2026/09/07 02:40:17.281, 1, 68, 109810, 268.32
2026/09/07 02:40:18.283, 0, 0, 7799, 123.38
2026/09/07 02:40:18.285, 1, 64, 109812, 228.23
2026/09/07 02:40:19.287, 0, 100, 16789, 124.80
2026/09/07 02:40:19.289, 1, 60, 109812, 230.50
2026/09/07 02:40:20.290, 0, 0, 32835, 123.82
2026/09/07 02:40:20.292, 1, 55, 109812, 275.62
2026/09/07 02:40:21.294, 0, 100, 35997, 536.39
2026/09/07 02:40:21.296, 1, 63, 109812, 279.22
2026/09/07 02:40:22.297, 0, 89, 38157, 559.54
2026/09/07 02:40:22.299, 1, 64, 109812, 274.98
2026/09/07 02:40:23.301, 0, 67, 38159, 661.47
2026/09/07 02:40:23.303, 1, 66, 109812, 266.68
2026/09/07 02:40:24.305, 0, 100, 40603, 694.90
2026/09/07 02:40:24.306, 1, 64, 109812, 269.03
2026/09/07 02:40:25.308, 0, 100, 41207, 313.11
2026/09/07 02:40:25.310, 1, 64, 109812, 272.24
2026/09/07 02:40:26.311, 0, 100, 41207, 127.65
2026/09/07 02:40:26.314, 1, 31, 109812, 260.64
2026/09/07 02:40:27.316, 0, 43, 41387, 127.41
2026/09/07 02:40:27.324, 1, 47, 109812, 243.14
2026/09/07 02:40:28.326, 0, 52, 41387, 126.98
2026/09/07 02:40:28.328, 1, 45, 109812, 237.14
2026/09/07 02:40:29.330, 0, 0, 43813, 127.00
2026/09/07 02:40:29.344, 1, 57, 109812, 240.84
2026/09/07 02:40:30.349, 0, 0, 32831, 125.11
2026/09/07 02:40:30.351, 1, 58, 109812, 251.27
2026/09/07 02:40:31.353, 0, 0, 31867, 124.72
2026/09/07 02:40:31.355, 1, 61, 109812, 263.39
2026/09/07 02:40:32.358, 0, 100, 31867, 125.03
2026/09/07 02:40:32.360, 1, 58, 109812, 260.22
2026/09/07 02:40:33.362, 0, 100, 11563, 128.25
2026/09/07 02:40:33.367, 1, 64, 109812, 270.27
2026/09/07 02:40:34.369, 0, 0, 36033, 124.25
2026/09/07 02:40:34.371, 1, 67, 109812, 250.40
2026/09/07 02:40:35.373, 0, 100, 36033, 127.04
2026/09/07 02:40:35.375, 1, 55, 109812, 249.24
2026/09/07 02:40:36.378, 0, 20, 36033, 125.03
2026/09/07 02:40:36.380, 1, 64, 109812, 254.09
2026/09/07 02:40:37.381, 0, 21, 36033, 124.29
2026/09/07 02:40:37.383, 1, 61, 109812, 247.97
2026/09/07 02:40:38.385, 0, 5, 44095, 173.60
2026/09/07 02:40:38.387, 1, 62, 109812, 259.06
2026/09/07 02:40:39.390, 0, 82, 48143, 278.94
2026/09/07 02:40:39.392, 1, 60, 109812, 252.20
2026/09/07 02:40:40.394, 0, 35, 50339, 212.06
2026/09/07 02:40:40.401, 1, 64, 109812, 259.96
2026/09/07 02:40:41.404, 0, 20, 67799, 330.46
2026/09/07 02:40:41.554, 1, 65, 109812, 260.00
2026/09/07 02:40:42.559, 0, 0, 79439, 124.06
2026/09/07 02:40:42.856, 1, 45, 109812, 233.11
2026/09/07 02:40:44.124, 0, 9, 79439, 125.85
2026/09/07 02:40:44.126, 1, 62, 109812, 237.53
2026/09/07 02:40:45.128, 0, 10, 79439, 165.41
2026/09/07 02:40:45.130, 1, 63, 109812, 261.32
2026/09/07 02:40:46.132, 0, 10, 79439, 148.20
2026/09/07 02:40:46.133, 1, 65, 109812, 255.23
2026/09/07 02:40:47.135, 0, 100, 79439, 445.68
2026/09/07 02:40:47.137, 1, 34, 109812, 249.50
2026/09/07 02:40:48.139, 0, 21, 79439, 310.18
2026/09/07 02:40:48.151, 1, 34, 109812, 255.65
2026/09/07 02:40:49.153, 0, 100, 111207, 483.18
2026/09/07 02:40:49.155, 1, 63, 109812, 259.39
2026/09/07 02:40:50.157, 0, 9, 111207, 128.13
2026/09/07 02:40:50.159, 1, 63, 109812, 257.55
2026/09/07 02:40:51.161, 0, 19, 111207, 174.55
2026/09/07 02:40:51.163, 1, 57, 109812, 255.32
2026/09/07 02:40:52.166, 0, 9, 111207, 124.51
2026/09/07 02:40:52.168, 1, 60, 109812, 256.12
2026/09/07 02:40:53.170, 0, 44, 111207, 225.20
2026/09/07 02:40:53.172, 1, 62, 109812, 260.14
2026/09/07 02:40:54.174, 0, 72, 111207, 670.39
2026/09/07 02:40:54.176, 1, 63, 109812, 259.88
2026/09/07 02:40:55.178, 0, 100, 111989, 130.45
2026/09/07 02:40:55.180, 1, 66, 109812, 251.54
2026/09/07 02:40:56.181, 0, 46, 111991, 127.36
2026/09/07 02:40:56.183, 1, 49, 109812, 250.91
2026/09/07 02:40:57.185, 0, 45, 111991, 126.79
2026/09/07 02:40:57.188, 1, 52, 109812, 227.71
2026/09/07 02:40:58.190, 0, 37, 111991, 127.01
2026/09/07 02:40:58.196, 1, 52, 109812, 224.11
2026/09/07 02:40:59.200, 0, 100, 114417, 127.86
2026/09/07 02:40:59.203, 1, 67, 109812, 246.60
2026/09/07 02:41:00.205, 0, 22, 57369, 126.01
2026/09/07 02:41:00.210, 1, 63, 109812, 259.40
2026/09/07 02:41:01.230, 0, 0, 35787, 128.76
2026/09/07 02:41:01.232, 1, 61, 109812, 256.25
2026/09/07 02:41:02.234, 0, 0, 35787, 124.30
2026/09/07 02:41:02.236, 1, 61, 109812, 251.24
2026/09/07 02:41:03.237, 0, 36, 7801, 125.53
2026/09/07 02:41:03.242, 1, 60, 109812, 253.53
2026/09/07 02:41:04.244, 0, 0, 36035, 126.45
2026/09/07 02:41:04.246, 1, 63, 109812, 256.24
2026/09/07 02:41:05.247, 0, 100, 36035, 125.38
2026/09/07 02:41:05.249, 1, 62, 109812, 257.69
2026/09/07 02:41:06.251, 0, 0, 36035, 124.64
2026/09/07 02:41:06.253, 1, 0, 109812, 148.86
2026/09/07 02:41:07.254, 0, 5, 36705, 137.54
2026/09/07 02:41:07.256, 1, 86, 110114, 136.21
2026/09/07 02:41:08.258, 0, 1, 36323, 131.04
2026/09/07 02:41:08.260, 1, 24, 109846, 300.08
2026/09/07 02:41:09.261, 0, 0, 36035, 124.16
2026/09/07 02:41:10.501, 1, 0, 109780, 118.35
2026/09/07 02:41:11.513, 0, 0, 35787, 124.00
2026/09/07 02:41:11.515, 1, 64, 109780, 247.20
2026/09/07 02:41:12.517, 0, 100, 35787, 124.15
2026/09/07 02:41:12.519, 1, 63, 109780, 256.90
2026/09/07 02:41:13.521, 0, 100, 16791, 127.20
2026/09/07 02:41:13.524, 1, 7, 109794, 216.46
2026/09/07 02:41:14.526, 0, 0, 32837, 124.65
2026/09/07 02:41:14.529, 1, 59, 109794, 251.38
2026/09/07 02:41:15.531, 0, 100, 35443, 351.80
2026/09/07 02:41:15.534, 1, 60, 109794, 260.01
2026/09/07 02:41:16.536, 0, 0, 35443, 243.89
2026/09/07 02:41:16.538, 1, 66, 109794, 260.05
2026/09/07 02:41:17.540, 0, 69, 35443, 284.09
2026/09/07 02:41:17.542, 1, 63, 109794, 259.30
2026/09/07 02:41:18.544, 0, 0, 35443, 228.34
2026/09/07 02:41:18.547, 1, 62, 109794, 254.46
2026/09/07 02:41:19.549, 0, 0, 35443, 234.01
2026/09/07 02:41:19.551, 1, 61, 109794, 258.83
2026/09/07 02:41:20.553, 0, 0, 35443, 219.52
2026/09/07 02:41:20.556, 1, 58, 109794, 259.49
2026/09/07 02:41:21.558, 0, 0, 35443, 221.19
2026/09/07 02:41:21.561, 1, 57, 109794, 252.19
2026/09/07 02:41:22.565, 0, 63, 35445, 397.12
2026/09/07 02:41:22.567, 1, 61, 109794, 260.21
2026/09/07 02:41:23.569, 0, 100, 40575, 616.57
2026/09/07 02:41:23.571, 1, 59, 109794, 259.69
2026/09/07 02:41:24.574, 0, 95, 41791, 684.07
2026/09/07 02:41:24.577, 1, 63, 109794, 256.68
2026/09/07 02:41:25.579, 0, 8, 41791, 188.39
2026/09/07 02:41:25.582, 1, 59, 109794, 256.28
2026/09/07 02:41:26.584, 0, 22, 41793, 208.56
2026/09/07 02:41:26.586, 1, 60, 109794, 256.12
2026/09/07 02:41:27.588, 0, 0, 41793, 156.53
2026/09/07 02:41:27.594, 1, 60, 109794, 261.78
2026/09/07 02:41:28.596, 0, 0, 41793, 224.26
2026/09/07 02:41:28.598, 1, 63, 109794, 259.18
2026/09/07 02:41:29.601, 0, 0, 41793, 182.88
2026/09/07 02:41:29.607, 1, 63, 109796, 258.14
2026/09/07 02:41:30.613, 0, 6, 41793, 158.16
2026/09/07 02:41:30.616, 1, 63, 109796, 225.32
2026/09/07 02:41:31.619, 0, 49, 41793, 170.43
2026/09/07 02:41:31.622, 1, 64, 109796, 264.13
2026/09/07 02:41:32.625, 0, 0, 41793, 169.71
2026/09/07 02:41:32.627, 1, 67, 109796, 259.14
2026/09/07 02:41:33.629, 0, 0, 41793, 133.57
2026/09/07 02:41:33.633, 1, 66, 109796, 265.63
2026/09/07 02:41:34.636, 0, 0, 41793, 124.04
2026/09/07 02:41:34.638, 1, 63, 109796, 259.11
2026/09/07 02:41:35.641, 0, 0, 41793, 171.23
2026/09/07 02:41:35.646, 1, 66, 109796, 265.15
2026/09/07 02:41:36.653, 0, 0, 41793, 150.63
2026/09/07 02:41:36.655, 1, 61, 109796, 265.35
2026/09/07 02:41:37.658, 0, 0, 41793, 151.20
2026/09/07 02:41:37.661, 1, 63, 109796, 262.87
2026/09/07 02:41:38.665, 0, 85, 41795, 602.28
2026/09/07 02:41:38.667, 1, 62, 109796, 265.26
2026/09/07 02:41:39.669, 0, 100, 41795, 688.90
2026/09/07 02:41:39.673, 1, 57, 109796, 256.84
2026/09/07 02:41:40.681, 0, 13, 42399, 460.81
2026/09/07 02:41:40.684, 1, 61, 109796, 260.80
2026/09/07 02:41:41.686, 0, 100, 42399, 128.46
2026/09/07 02:41:41.691, 1, 62, 109796, 265.67
2026/09/07 02:41:42.695, 0, 50, 42579, 127.27
2026/09/07 02:41:42.697, 1, 51, 109796, 242.41
2026/09/07 02:41:43.699, 0, 44, 42579, 127.12
2026/09/07 02:41:43.702, 1, 51, 109796, 232.00
2026/09/07 02:41:44.709, 0, 36, 45005, 126.27
2026/09/07 02:41:44.712, 1, 36, 109796, 230.22
2026/09/07 02:41:45.714, 0, 0, 44615, 126.85
2026/09/07 02:41:45.723, 1, 59, 109796, 263.04
2026/09/07 02:41:46.730, 0, 29, 32477, 125.56
2026/09/07 02:41:46.733, 1, 66, 109796, 263.61
2026/09/07 02:41:47.735, 0, 0, 31869, 124.80
2026/09/07 02:41:47.738, 1, 0, 109796, 173.59
2026/09/07 02:41:48.743, 0, 100, 31869, 126.12
2026/09/07 02:41:48.745, 1, 64, 109796, 216.76
2026/09/07 02:41:49.748, 0, 0, 27975, 127.61
2026/09/07 02:41:49.754, 1, 66, 109796, 270.32
2026/09/07 02:41:50.759, 0, 100, 36037, 124.97
2026/09/07 02:41:50.762, 1, 62, 109796, 272.39
2026/09/07 02:41:51.763, 0, 100, 36037, 127.36
2026/09/07 02:41:51.768, 1, 38, 109796, 236.40
2026/09/07 02:41:52.770, 0, 23, 36037, 124.64
2026/09/07 02:41:52.772, 1, 65, 109796, 265.16
2026/09/07 02:41:53.774, 0, 22, 36037, 124.45
2026/09/07 02:41:53.778, 1, 61, 109796, 268.48
2026/09/07 02:41:54.783, 0, 71, 79339, 198.07
2026/09/07 02:41:54.786, 1, 61, 109796, 272.52
2026/09/07 02:41:55.789, 0, 9, 79339, 264.43
2026/09/07 02:41:55.799, 1, 60, 109796, 265.47
2026/09/07 02:41:56.808, 0, 24, 79851, 158.32
2026/09/07 02:41:56.810, 1, 63, 109796, 272.27
2026/09/07 02:41:57.812, 0, 9, 79851, 132.64
2026/09/07 02:41:57.814, 1, 63, 109796, 269.77
2026/09/07 02:41:58.816, 0, 35, 79851, 179.94
2026/09/07 02:41:58.818, 1, 64, 109796, 269.96
2026/09/07 02:41:59.820, 0, 100, 90587, 428.55
2026/09/07 02:41:59.823, 1, 65, 109796, 274.87
2026/09/07 02:42:00.825, 0, 9, 91803, 585.52
2026/09/07 02:42:00.827, 1, 59, 109796, 266.22
2026/09/07 02:42:01.830, 0, 18, 91803, 135.23
2026/09/07 02:42:01.833, 1, 55, 109796, 265.60
2026/09/07 02:42:02.836, 0, 9, 91803, 151.32
2026/09/07 02:42:02.838, 1, 62, 109796, 264.46
2026/09/07 02:42:03.841, 0, 16, 91803, 171.65
2026/09/07 02:42:03.847, 1, 61, 109796, 266.18
2026/09/07 02:42:04.851, 0, 100, 91805, 516.18
2026/09/07 02:42:04.853, 1, 64, 109796, 271.39
2026/09/07 02:42:05.855, 0, 9, 91805, 288.23
2026/09/07 02:42:05.858, 1, 61, 109796, 270.29
2026/09/07 02:42:06.861, 0, 43, 91805, 456.72
2026/09/07 02:42:06.863, 1, 64, 109796, 273.51
2026/09/07 02:42:07.866, 0, 9, 91805, 125.53
2026/09/07 02:42:07.869, 1, 61, 109796, 271.30
2026/09/07 02:42:08.872, 0, 9, 91805, 173.02
2026/09/07 02:42:08.875, 1, 62, 109796, 274.54
2026/09/07 02:42:09.876, 0, 9, 91805, 126.85
2026/09/07 02:42:09.879, 1, 64, 109796, 277.80
2026/09/07 02:42:10.883, 0, 35, 91805, 208.38
2026/09/07 02:42:10.885, 1, 63, 109796, 276.61
2026/09/07 02:42:11.887, 0, 100, 91805, 602.48
2026/09/07 02:42:11.890, 1, 62, 109796, 277.19
2026/09/07 02:42:12.894, 0, 29, 91805, 300.21
2026/09/07 02:42:12.897, 1, 60, 109796, 274.53
2026/09/07 02:42:13.899, 0, 100, 92587, 190.48
2026/09/07 02:42:13.901, 1, 65, 109796, 272.03
2026/09/07 02:42:14.903, 0, 100, 92589, 127.55
2026/09/07 02:42:14.905, 1, 54, 109796, 274.57
2026/09/07 02:42:15.908, 0, 41, 92589, 126.68
2026/09/07 02:42:15.911, 1, 49, 109796, 244.88
2026/09/07 02:42:16.913, 0, 47, 92589, 126.64
2026/09/07 02:42:16.915, 1, 49, 109796, 241.59
2026/09/07 02:42:17.918, 0, 100, 95015, 127.62
2026/09/07 02:42:17.921, 1, 62, 109796, 265.19
2026/09/07 02:42:18.923, 0, 0, 90659, 125.96
2026/09/07 02:42:18.925, 1, 59, 109796, 277.75
2026/09/07 02:42:19.928, 0, 1, 35789, 128.32
2026/09/07 02:42:19.930, 1, 61, 109796, 271.62
2026/09/07 02:42:20.932, 0, 0, 35789, 124.58
2026/09/07 02:42:20.934, 1, 59, 109796, 273.76
2026/09/07 02:42:21.937, 0, 50, 7813, 125.72
2026/09/07 02:42:21.939, 1, 63, 109796, 270.29
2026/09/07 02:42:22.942, 0, 0, 36037, 125.33
2026/09/07 02:42:22.944, 1, 58, 109796, 264.70
2026/09/07 02:42:23.946, 0, 100, 36037, 126.16
2026/09/07 02:42:23.949, 1, 64, 109796, 272.89
2026/09/07 02:42:24.950, 0, 0, 36037, 124.29
2026/09/07 02:42:24.952, 1, 0, 109350, 124.67
2026/09/07 02:42:25.954, 0, 2, 36707, 141.91
2026/09/07 02:42:25.956, 1, 71, 110112, 139.39
2026/09/07 02:42:26.958, 0, 0, 36647, 136.41
2026/09/07 02:42:26.961, 1, 84, 110420, 450.55
2026/09/07 02:42:27.962, 0, 0, 35789, 124.48
2026/09/07 02:42:27.965, 1, 59, 109810, 167.97
2026/09/07 02:42:28.967, 0, 0, 35789, 124.11
2026/09/07 02:42:28.970, 1, 60, 109810, 268.19
2026/09/07 02:42:29.972, 0, 24, 15863, 125.42
2026/09/07 02:42:29.976, 1, 60, 109810, 269.90
2026/09/07 02:42:30.979, 0, 0, 36037, 126.26
2026/09/07 02:42:30.982, 1, 62, 109810, 268.84
2026/09/07 02:42:31.984, 0, 100, 36037, 125.66
2026/09/07 02:42:31.987, 1, 61, 109810, 270.78
2026/09/07 02:42:32.988, 0, 0, 36549, 124.05
2026/09/07 02:42:32.991, 1, 62, 109810, 278.17
2026/09/07 02:42:33.993, 0, 14, 36549, 124.18
2026/09/07 02:42:33.996, 1, 57, 109810, 268.74
2026/09/07 02:42:34.998, 0, 30, 36551, 124.85
2026/09/07 02:42:35.001, 1, 65, 109810, 268.79
2026/09/07 02:42:36.003, 0, 2, 36555, 124.11
2026/09/07 02:42:36.007, 1, 62, 109810, 271.21
2026/09/07 02:42:37.010, 0, 33, 36565, 125.18
2026/09/07 02:42:37.013, 1, 63, 109810, 268.26
2026/09/07 02:42:38.015, 0, 0, 36565, 123.85
2026/09/07 02:42:38.017, 1, 56, 109810, 262.49
2026/09/07 02:42:39.020, 0, 0, 36565, 123.69
2026/09/07 02:42:39.024, 1, 56, 109810, 260.83
2026/09/07 02:42:40.028, 0, 0, 36565, 123.71
2026/09/07 02:42:40.031, 1, 60, 109810, 262.88
2026/09/07 02:42:41.034, 0, 0, 36565, 123.66
2026/09/07 02:42:41.037, 1, 60, 109810, 263.45
2026/09/07 02:42:42.041, 0, 0, 36565, 123.64
2026/09/07 02:42:42.044, 1, 60, 109810, 257.13
2026/09/07 02:42:43.048, 0, 0, 36565, 123.60
2026/09/07 02:42:43.050, 1, 63, 109810, 257.98
2026/09/07 02:42:44.053, 0, 0, 36565, 123.63
2026/09/07 02:42:44.056, 1, 59, 109810, 268.25
2026/09/07 02:42:45.059, 0, 0, 36565, 123.53
2026/09/07 02:42:45.062, 1, 59, 109810, 260.32
2026/09/07 02:42:46.065, 0, 0, 36565, 123.54
2026/09/07 02:42:46.068, 1, 62, 109810, 265.13
2026/09/07 02:42:47.071, 0, 0, 36565, 123.49
2026/09/07 02:42:47.074, 1, 59, 109810, 261.35
2026/09/07 02:42:48.077, 0, 0, 36565, 123.43
2026/09/07 02:42:48.079, 1, 58, 109810, 258.82
2026/09/07 02:42:49.082, 0, 0, 36565, 123.44
2026/09/07 02:42:49.084, 1, 56, 109810, 266.11
2026/09/07 02:42:50.087, 0, 0, 36565, 123.47
2026/09/07 02:42:50.091, 1, 60, 109810, 267.48
2026/09/07 02:42:51.094, 0, 0, 36565, 123.35
2026/09/07 02:42:51.097, 1, 61, 109810, 263.99
2026/09/07 02:42:52.101, 0, 0, 36565, 123.44
2026/09/07 02:42:52.103, 1, 65, 109810, 262.97
2026/09/07 02:42:53.105, 0, 0, 36565, 123.31
2026/09/07 02:42:53.108, 1, 63, 109810, 260.50
2026/09/07 02:42:54.110, 0, 0, 36565, 123.33
2026/09/07 02:42:54.113, 1, 60, 109810, 260.28
2026/09/07 02:42:55.119, 0, 0, 36565, 123.31
2026/09/07 02:42:55.124, 1, 61, 109810, 254.71
2026/09/07 02:42:56.135, 0, 0, 36565, 123.32
2026/09/07 02:42:56.142, 1, 57, 109810, 252.37
2026/09/07 02:42:57.146, 0, 0, 36565, 123.24
2026/09/07 02:42:57.149, 1, 59, 109810, 257.27
2026/09/07 02:42:58.151, 0, 0, 36565, 123.31
2026/09/07 02:42:58.153, 1, 61, 109810, 256.48
2026/09/07 02:42:59.156, 0, 0, 36565, 123.15
2026/09/07 02:42:59.159, 1, 58, 109810, 250.95
2026/09/07 02:43:00.162, 0, 0, 36565, 123.25
2026/09/07 02:43:00.165, 1, 61, 109810, 254.84
2026/09/07 02:43:01.167, 0, 0, 36565, 123.15
2026/09/07 02:43:01.171, 1, 64, 109810, 253.42
2026/09/07 02:43:02.174, 0, 0, 36565, 123.16
2026/09/07 02:43:02.177, 1, 62, 109810, 260.18
2026/09/07 02:43:03.181, 0, 0, 36565, 123.14
2026/09/07 02:43:03.183, 1, 64, 109810, 258.30
2026/09/07 02:43:04.186, 0, 0, 36565, 123.20
2026/09/07 02:43:04.188, 1, 60, 109810, 258.67
2026/09/07 02:43:05.191, 0, 0, 36565, 123.05
2026/09/07 02:43:05.194, 1, 63, 109810, 256.19
2026/09/07 02:43:06.197, 0, 0, 36565, 123.18
2026/09/07 02:43:06.200, 1, 62, 109810, 258.56
2026/09/07 02:43:07.202, 0, 0, 36565, 123.07
2026/09/07 02:43:07.205, 1, 61, 109810, 258.18
2026/09/07 02:43:08.208, 0, 0, 36565, 123.09
2026/09/07 02:43:08.210, 1, 57, 109810, 261.85
2026/09/07 02:43:09.213, 0, 0, 36565, 123.10
2026/09/07 02:43:09.216, 1, 57, 109810, 259.59
2026/09/07 02:43:10.219, 0, 0, 36565, 123.11
2026/09/07 02:43:10.222, 1, 58, 109810, 255.18
2026/09/07 02:43:11.226, 0, 0, 36565, 123.03
2026/09/07 02:43:11.229, 1, 61, 109810, 256.58
2026/09/07 02:43:12.232, 0, 0, 36565, 123.12
2026/09/07 02:43:12.235, 1, 63, 109810, 260.57
2026/09/07 02:43:13.238, 0, 0, 36565, 123.00
2026/09/07 02:43:13.240, 1, 62, 109810, 261.09
2026/09/07 02:43:14.243, 0, 0, 36565, 123.01
2026/09/07 02:43:14.245, 1, 62, 109810, 258.78
2026/09/07 02:43:15.247, 0, 0, 36565, 123.00
2026/09/07 02:43:15.250, 1, 60, 109810, 260.38
2026/09/07 02:43:16.252, 0, 0, 36565, 123.03
2026/09/07 02:43:16.255, 1, 58, 109810, 255.48
2026/09/07 02:43:17.256, 0, 0, 36565, 123.02
2026/09/07 02:43:17.258, 1, 59, 109810, 260.15
2026/09/07 02:43:18.261, 0, 0, 36565, 123.02
2026/09/07 02:43:18.264, 1, 63, 109810, 261.77
2026/09/07 02:43:19.266, 0, 0, 36565, 123.01
2026/09/07 02:43:19.268, 1, 59, 109810, 259.26
2026/09/07 02:43:20.271, 0, 0, 36565, 122.98
2026/09/07 02:43:20.273, 1, 57, 109810, 257.80
2026/09/07 02:43:21.276, 0, 0, 36565, 122.99
2026/09/07 02:43:21.278, 1, 63, 109810, 257.00
2026/09/07 02:43:22.281, 0, 0, 36565, 122.95
2026/09/07 02:43:22.284, 1, 62, 109810, 259.32
2026/09/07 02:43:23.286, 0, 0, 36565, 122.95
2026/09/07 02:43:23.288, 1, 62, 109810, 258.62
2026/09/07 02:43:24.292, 0, 0, 36565, 122.94
2026/09/07 02:43:24.294, 1, 62, 109810, 262.13
2026/09/07 02:43:25.297, 0, 0, 36565, 122.93
2026/09/07 02:43:25.299, 1, 62, 109810, 266.09
2026/09/07 02:43:26.302, 0, 0, 36565, 122.94
2026/09/07 02:43:26.304, 1, 59, 109810, 260.54
2026/09/07 02:43:27.306, 0, 0, 36565, 122.88
2026/09/07 02:43:27.308, 1, 63, 109810, 260.92
2026/09/07 02:43:28.310, 0, 0, 36565, 122.93
2026/09/07 02:43:28.313, 1, 60, 109810, 262.17
2026/09/07 02:43:29.315, 0, 0, 36565, 122.88
2026/09/07 02:43:29.318, 1, 60, 109810, 264.98
2026/09/07 02:43:30.319, 0, 0, 36565, 122.94
2026/09/07 02:43:30.322, 1, 59, 109810, 262.45
2026/09/07 02:43:31.325, 0, 0, 36565, 122.87
2026/09/07 02:43:31.328, 1, 58, 109810, 267.67
2026/09/07 02:43:32.331, 0, 0, 36565, 122.90
2026/09/07 02:43:32.333, 1, 62, 109810, 269.05
2026/09/07 02:43:33.336, 0, 0, 36565, 122.82
2026/09/07 02:43:33.339, 1, 56, 109810, 259.70
2026/09/07 02:43:34.343, 0, 0, 36565, 122.88
2026/09/07 02:43:34.345, 1, 58, 109810, 266.09
2026/09/07 02:43:35.347, 0, 0, 36565, 122.84
2026/09/07 02:43:35.350, 1, 58, 109810, 261.09
2026/09/07 02:43:36.353, 0, 0, 36565, 122.92
2026/09/07 02:43:36.356, 1, 57, 109810, 262.52
2026/09/07 02:43:37.359, 0, 0, 36565, 122.81
2026/09/07 02:43:37.361, 1, 55, 109810, 263.02
2026/09/07 02:43:38.363, 0, 0, 36565, 122.84
2026/09/07 02:43:38.366, 1, 61, 109810, 259.98
2026/09/07 02:43:39.369, 0, 0, 36565, 122.83
2026/09/07 02:43:39.372, 1, 56, 109810, 266.92
2026/09/07 02:43:40.375, 0, 0, 36565, 122.82
2026/09/07 02:43:40.378, 1, 57, 109810, 259.49
2026/09/07 02:43:41.381, 0, 0, 36565, 122.88
2026/09/07 02:43:41.382, 1, 62, 109810, 271.64
2026/09/07 02:43:42.385, 0, 0, 36565, 122.81
2026/09/07 02:43:42.387, 1, 59, 109810, 269.00
2026/09/07 02:43:43.389, 0, 0, 36565, 122.84
2026/09/07 02:43:43.391, 1, 59, 109810, 271.55
2026/09/07 02:43:44.393, 0, 0, 36565, 122.80
2026/09/07 02:43:44.396, 1, 59, 109810, 275.14
2026/09/07 02:43:45.398, 0, 0, 36565, 122.79
2026/09/07 02:43:45.400, 1, 62, 109810, 274.58
2026/09/07 02:43:46.403, 0, 0, 36565, 122.81
2026/09/07 02:43:46.405, 1, 56, 109810, 270.18
2026/09/07 02:43:47.406, 0, 0, 36565, 122.80
2026/09/07 02:43:47.408, 1, 60, 109810, 273.74
2026/09/07 02:43:48.411, 0, 0, 36565, 122.86
2026/09/07 02:43:48.413, 1, 58, 109810, 275.52
2026/09/07 02:43:49.415, 0, 0, 36565, 122.78
2026/09/07 02:43:49.417, 1, 55, 109810, 267.84
2026/09/07 02:43:50.419, 0, 0, 36565, 122.82
2026/09/07 02:43:50.421, 1, 59, 109810, 270.10
2026/09/07 02:43:51.424, 0, 0, 36565, 122.96
2026/09/07 02:43:51.426, 1, 51, 109810, 261.08
2026/09/07 02:43:52.430, 0, 0, 36565, 123.13
2026/09/07 02:43:52.432, 1, 59, 109810, 266.37
2026/09/07 02:43:53.434, 0, 10, 36565, 122.90
2026/09/07 02:43:53.437, 1, 55, 109810, 262.17
2026/09/07 02:43:54.438, 0, 0, 36565, 123.08
2026/09/07 02:43:54.455, 1, 48, 109810, 256.81
2026/09/07 02:43:55.458, 0, 0, 36565, 123.17
2026/09/07 02:43:55.461, 1, 55, 109810, 264.82
2026/09/07 02:43:56.464, 0, 12, 36565, 123.05
2026/09/07 02:43:56.466, 1, 58, 109810, 262.04
2026/09/07 02:43:57.469, 0, 3, 36565, 123.06
2026/09/07 02:43:58.202, 1, 56, 109810, 259.61
2026/09/07 02:43:59.205, 0, 10, 36565, 123.08
2026/09/07 02:43:59.208, 1, 55, 109810, 260.62
2026/09/07 02:44:00.210, 0, 12, 36565, 122.92
2026/09/07 02:44:00.212, 1, 56, 109810, 267.26
2026/09/07 02:44:01.214, 0, 0, 36565, 123.13
2026/09/07 02:44:01.216, 1, 51, 109810, 265.44
2026/09/07 02:44:02.219, 0, 3, 36565, 123.06
2026/09/07 02:44:02.222, 1, 57, 109810, 259.12
2026/09/07 02:44:03.224, 0, 9, 36565, 122.93
2026/09/07 02:44:03.227, 1, 57, 109810, 263.13
2026/09/07 02:44:04.229, 0, 0, 36565, 123.04
2026/09/07 02:44:04.232, 1, 55, 109810, 255.99
2026/09/07 02:44:05.235, 0, 0, 36565, 123.11
2026/09/07 02:44:05.238, 1, 53, 109810, 263.38
2026/09/07 02:44:06.240, 0, 16, 36565, 123.07
2026/09/07 02:44:06.242, 1, 55, 109810, 248.38
2026/09/07 02:44:07.245, 0, 6, 36565, 122.99
2026/09/07 02:44:07.247, 1, 0, 109810, 120.38
2026/09/07 02:44:08.250, 0, 0, 36565, 123.03
2026/09/07 02:44:08.293, 1, 0, 109810, 119.88
2026/09/07 02:44:09.296, 0, 0, 36565, 123.06
2026/09/07 02:44:09.298, 1, 0, 109810, 119.62
2026/09/07 02:44:10.301, 0, 6, 36565, 123.02
2026/09/07 02:44:10.304, 1, 0, 109810, 119.38
2026/09/07 02:44:11.306, 0, 9, 36565, 123.28
2026/09/07 02:44:11.309, 1, 0, 109810, 118.86
2026/09/07 02:44:12.311, 0, 0, 36565, 122.95
2026/09/07 02:44:12.313, 1, 0, 109810, 119.44
2026/09/07 02:44:13.315, 0, 0, 36565, 122.86
2026/09/07 02:44:13.318, 1, 0, 109810, 119.25
2026/09/07 02:44:14.319, 0, 0, 36565, 122.80
2026/09/07 02:44:14.322, 1, 0, 109810, 118.19
2026/09/07 02:44:15.324, 0, 2, 36555, 122.78
2026/09/07 02:44:15.326, 1, 0, 109810, 117.84
2026/09/07 02:44:16.330, 0, 31, 35789, 122.91
2026/09/07 02:44:16.340, 1, 0, 109810, 117.79
2026/09/07 02:44:17.355, 0, 0, 35789, 122.74
2026/09/07 02:44:17.358, 1, 0, 109810, 117.70
2026/09/07 02:44:18.361, 0, 100, 32271, 123.62
2026/09/07 02:44:18.364, 1, 0, 109810, 117.61
2026/09/07 02:44:19.366, 0, 100, 16793, 126.08
2026/09/07 02:44:19.369, 1, 0, 109810, 117.58
2026/09/07 02:44:20.372, 0, 0, 32839, 122.68
2026/09/07 02:44:20.376, 1, 0, 109810, 117.56
2026/09/07 02:44:21.379, 0, 0, 33351, 122.69
2026/09/07 02:44:21.383, 1, 0, 109810, 117.47
2026/09/07 02:44:22.385, 0, 0, 33351, 122.72
2026/09/07 02:44:22.390, 1, 0, 109810, 117.36
2026/09/07 02:44:23.397, 0, 19, 33351, 122.98
2026/09/07 02:44:23.401, 1, 0, 109810, 117.29
2026/09/07 02:44:24.405, 0, 24, 33351, 123.54
2026/09/07 02:44:24.437, 1, 0, 109810, 117.24
2026/09/07 02:44:25.453, 0, 11, 33351, 122.46
2026/09/07 02:44:25.455, 1, 0, 109810, 117.19
2026/09/07 02:44:26.458, 0, 38, 33355, 123.26
2026/09/07 02:44:26.461, 1, 0, 109810, 117.16
2026/09/07 02:44:27.463, 0, 0, 33357, 122.30
2026/09/07 02:44:27.466, 1, 0, 109810, 117.06
2026/09/07 02:44:28.468, 0, 0, 33357, 121.93
2026/09/07 02:44:28.471, 1, 0, 109810, 117.00
2026/09/07 02:44:29.474, 0, 0, 33357, 121.92
2026/09/07 02:44:29.477, 1, 0, 109810, 116.98
2026/09/07 02:44:30.480, 0, 0, 33357, 121.87
2026/09/07 02:44:30.483, 1, 0, 109810, 116.96
2026/09/07 02:44:31.486, 0, 0, 33357, 121.88
2026/09/07 02:44:31.490, 1, 0, 109810, 116.92
2026/09/07 02:44:32.493, 0, 0, 33357, 121.82
2026/09/07 02:44:32.496, 1, 0, 109810, 116.89
2026/09/07 02:44:33.499, 0, 0, 33357, 121.77
2026/09/07 02:44:33.503, 1, 0, 109810, 116.80
2026/09/07 02:44:34.508, 0, 0, 33357, 121.80
2026/09/07 02:44:34.510, 1, 0, 109810, 116.70
2026/09/07 02:44:35.513, 0, 0, 33357, 121.73
2026/09/07 02:44:35.517, 1, 0, 109810, 116.70
2026/09/07 02:44:36.520, 0, 0, 33357, 121.78
2026/09/07 02:44:36.523, 1, 0, 109810, 116.70
2026/09/07 02:44:37.527, 0, 0, 33357, 121.74
2026/09/07 02:44:37.530, 1, 0, 109810, 116.66
2026/09/07 02:44:38.533, 0, 0, 33357, 121.68
2026/09/07 02:44:38.536, 1, 0, 109810, 116.63
2026/09/07 02:44:39.539, 0, 0, 33357, 121.65
2026/09/07 02:44:39.542, 1, 0, 109810, 116.59
2026/09/07 02:44:40.546, 0, 0, 33357, 121.66
2026/09/07 02:44:40.549, 1, 0, 109810, 116.56
2026/09/07 02:44:41.554, 0, 0, 33357, 121.63
2026/09/07 02:44:41.557, 1, 0, 109810, 116.53
2026/09/07 02:44:42.561, 0, 0, 33357, 121.62
2026/09/07 02:44:42.564, 1, 0, 109810, 116.50
2026/09/07 02:44:43.567, 0, 0, 33357, 121.54
2026/09/07 02:44:43.571, 1, 0, 109810, 116.43
2026/09/07 02:44:44.576, 0, 0, 33357, 121.59
2026/09/07 02:44:44.580, 1, 0, 109810, 116.40
2026/09/07 02:44:45.584, 0, 0, 33357, 121.55
2026/09/07 02:44:45.588, 1, 0, 109810, 116.37
2026/09/07 02:44:46.592, 0, 0, 33357, 121.53
2026/09/07 02:44:46.604, 1, 0, 109810, 116.36
2026/09/07 02:44:47.619, 0, 0, 33357, 121.47
2026/09/07 02:44:47.622, 1, 0, 109810, 116.32
2026/09/07 02:44:48.628, 0, 0, 33357, 121.48
2026/09/07 02:44:48.630, 1, 0, 109810, 116.32
2026/09/07 02:44:49.635, 0, 0, 33357, 121.47
2026/09/07 02:44:49.648, 1, 0, 109810, 116.29
2026/09/07 02:44:50.658, 0, 0, 33357, 121.41
2026/09/07 02:44:50.662, 1, 0, 109810, 116.27
2026/09/07 02:44:51.664, 0, 0, 33357, 121.45
2026/09/07 02:44:51.676, 1, 0, 109810, 116.21
2026/09/07 02:44:52.685, 0, 0, 33357, 121.38
2026/09/07 02:44:52.688, 1, 0, 109810, 116.22
2026/09/07 02:44:53.691, 0, 0, 33357, 121.35
2026/09/07 02:44:53.694, 1, 0, 109810, 116.17
2026/09/07 02:44:54.699, 0, 0, 33357, 121.36
2026/09/07 02:44:54.703, 1, 0, 109810, 116.15
2026/09/07 02:44:55.707, 0, 0, 33357, 121.32
2026/09/07 02:44:55.712, 1, 0, 109810, 116.11
2026/09/07 02:44:56.718, 0, 0, 33357, 121.36
2026/09/07 02:44:56.720, 1, 0, 109810, 116.12
2026/09/07 02:44:57.725, 0, 0, 33357, 121.26
2026/09/07 02:44:57.728, 1, 0, 109810, 116.07
2026/09/07 02:44:58.730, 0, 0, 33357, 121.29
2026/09/07 02:44:58.733, 1, 0, 109810, 116.04
2026/09/07 02:44:59.737, 0, 0, 33357, 121.22
2026/09/07 02:44:59.770, 1, 0, 109810, 116.05
2026/09/07 02:45:00.794, 0, 0, 33357, 121.21
2026/09/07 02:45:00.797, 1, 0, 109810, 116.01
2026/09/07 02:45:01.800, 0, 0, 33357, 121.24
2026/09/07 02:45:01.802, 1, 0, 109810, 116.02
2026/09/07 02:45:02.805, 0, 0, 33357, 121.18
2026/09/07 02:45:02.809, 1, 0, 109810, 115.98
2026/09/07 02:45:03.811, 0, 0, 33357, 121.18
2026/09/07 02:45:03.816, 1, 0, 109810, 115.96
2026/09/07 02:45:04.819, 0, 0, 33357, 121.13
2026/09/07 02:45:04.826, 1, 0, 109810, 115.93
2026/09/07 02:45:05.831, 0, 0, 33357, 121.13
2026/09/07 02:45:05.835, 1, 0, 109810, 115.93
2026/09/07 02:45:06.842, 0, 0, 33357, 121.12
2026/09/07 02:45:06.845, 1, 0, 109810, 115.91
2026/09/07 02:45:07.848, 0, 0, 33357, 121.10
2026/09/07 02:45:07.851, 1, 0, 109810, 115.93
2026/09/07 02:45:08.854, 0, 0, 33357, 121.09
2026/09/07 02:45:08.858, 1, 0, 109810, 115.87
2026/09/07 02:45:09.861, 0, 0, 33357, 121.01
2026/09/07 02:45:09.865, 1, 0, 109810, 115.84
2026/09/07 02:45:10.868, 0, 0, 33357, 121.00
2026/09/07 02:45:10.870, 1, 0, 109810, 115.82
2026/09/07 02:45:11.873, 0, 0, 33357, 121.00
2026/09/07 02:45:11.876, 1, 0, 109810, 115.82
2026/09/07 02:45:12.878, 0, 0, 33357, 121.00
2026/09/07 02:45:12.881, 1, 0, 109810, 115.80
2026/09/07 02:45:13.883, 0, 0, 33357, 121.01
2026/09/07 02:45:13.886, 1, 0, 109810, 115.80
2026/09/07 02:45:14.890, 0, 0, 33357, 120.97
2026/09/07 02:45:14.892, 1, 0, 109810, 115.74
2026/09/07 02:45:15.895, 0, 0, 33357, 120.92
2026/09/07 02:45:15.897, 1, 0, 109810, 115.76
2026/09/07 02:45:16.901, 0, 0, 33357, 120.93
2026/09/07 02:45:16.904, 1, 0, 109810, 115.73
2026/09/07 02:45:17.907, 0, 0, 33357, 120.89
2026/09/07 02:45:17.910, 1, 0, 109810, 115.73
2026/09/07 02:45:18.914, 0, 0, 33357, 120.86
2026/09/07 02:45:24.557, 1, 0, 109810, 115.65
2026/09/07 02:45:25.562, 0, 0, 33357, 120.83
2026/09/07 02:45:25.565, 1, 0, 109810, 115.71
2026/09/07 02:45:26.568, 0, 0, 33357, 120.85
2026/09/07 02:45:26.571, 1, 0, 109810, 115.69
2026/09/07 02:45:27.574, 0, 0, 33357, 120.75
2026/09/07 02:45:27.577, 1, 0, 109810, 115.69
2026/09/07 02:45:28.579, 0, 0, 33357, 120.84
2026/09/07 02:45:28.582, 1, 0, 109810, 115.65
2026/09/07 02:45:29.585, 0, 0, 33357, 120.77
2026/09/07 02:45:29.588, 1, 0, 109810, 115.63
2026/09/07 02:45:30.590, 0, 0, 33357, 120.72
2026/09/07 02:45:30.593, 1, 0, 109810, 115.61
2026/09/07 02:45:31.595, 0, 0, 33357, 120.68
2026/09/07 02:45:31.603, 1, 0, 109810, 115.54
2026/09/07 02:45:32.610, 0, 0, 33357, 120.68
2026/09/07 02:45:32.613, 1, 0, 109810, 115.54
2026/09/07 02:45:33.620, 0, 0, 33357, 120.68
2026/09/07 02:45:33.623, 1, 0, 109810, 115.51
2026/09/07 02:45:34.626, 0, 0, 33357, 120.65
2026/09/07 02:45:34.629, 1, 0, 109810, 115.49
2026/09/07 02:45:35.633, 0, 0, 33357, 120.67
2026/09/07 02:45:35.637, 1, 0, 109810, 115.56
2026/09/07 02:45:36.640, 0, 0, 33357, 120.69
2026/09/07 02:45:36.644, 1, 0, 109810, 115.54
2026/09/07 02:45:37.648, 0, 0, 33357, 120.67
2026/09/07 02:45:37.651, 1, 0, 109810, 115.55
2026/09/07 02:45:38.654, 0, 0, 33357, 120.66
2026/09/07 02:45:38.689, 1, 0, 109810, 115.53
2026/09/07 02:45:39.692, 0, 0, 33357, 120.66
2026/09/07 02:45:39.736, 1, 0, 109810, 115.54
2026/09/07 02:45:40.741, 0, 0, 33357, 120.65
2026/09/07 02:45:40.750, 1, 0, 109810, 115.51
2026/09/07 02:45:41.752, 0, 0, 33357, 120.65
2026/09/07 02:45:41.765, 1, 0, 109810, 115.50
2026/09/07 02:45:42.770, 0, 0, 33357, 120.62
2026/09/07 02:45:42.773, 1, 0, 109810, 115.50
2026/09/07 02:45:43.776, 0, 0, 33357, 120.59
2026/09/07 02:45:43.781, 1, 0, 109810, 115.50
2026/09/07 02:45:44.784, 0, 0, 33357, 120.60
2026/09/07 02:45:44.787, 1, 0, 109810, 115.48
2026/09/07 02:45:45.790, 0, 0, 33357, 120.62
2026/09/07 02:45:45.796, 1, 0, 109810, 115.46
2026/09/07 02:45:46.805, 0, 0, 33357, 120.54
2026/09/07 02:45:46.807, 1, 0, 109810, 115.46
2026/09/07 02:45:47.811, 0, 0, 33357, 120.57
2026/09/07 02:45:47.818, 1, 0, 109810, 115.46
2026/09/07 02:45:48.822, 0, 0, 33357, 120.58
2026/09/07 02:45:48.825, 1, 0, 109810, 115.45
2026/09/07 02:45:49.828, 0, 0, 33357, 120.50
2026/09/07 02:45:49.830, 1, 0, 109810, 115.45
2026/09/07 02:45:50.833, 0, 0, 33357, 120.55
2026/09/07 02:45:50.837, 1, 0, 109810, 115.48
2026/09/07 02:45:51.841, 0, 0, 33357, 120.48
2026/09/07 02:45:51.842, 1, 0, 109810, 115.43
2026/09/07 02:45:52.844, 0, 0, 33357, 120.51
2026/09/07 02:45:52.846, 1, 0, 109810, 115.41
2026/09/07 02:45:53.848, 0, 0, 33357, 120.50
2026/09/07 02:45:53.852, 1, 0, 109810, 115.42
2026/09/07 02:45:54.855, 0, 0, 33357, 120.43
2026/09/07 02:45:54.864, 1, 0, 109810, 115.39
2026/09/07 02:45:55.872, 0, 0, 33357, 120.45
2026/09/07 02:45:55.876, 1, 0, 109810, 115.32
2026/09/07 02:45:56.878, 0, 0, 33357, 120.45
2026/09/07 02:45:56.892, 1, 0, 109810, 115.35
2026/09/07 02:45:57.903, 0, 0, 33357, 120.35
2026/09/07 02:45:57.907, 1, 0, 109810, 115.32
2026/09/07 02:45:58.910, 0, 0, 33357, 120.46
2026/09/07 02:45:58.913, 1, 0, 109810, 115.34
2026/09/07 02:45:59.915, 0, 0, 33357, 120.33
2026/09/07 02:45:59.918, 1, 0, 109810, 115.30
2026/09/07 02:46:00.924, 0, 0, 33357, 120.35
2026/09/07 02:46:00.942, 1, 0, 109810, 115.32
2026/09/07 02:46:01.950, 0, 0, 33357, 120.39
2026/09/07 02:46:01.953, 1, 0, 109810, 115.27
2026/09/07 02:46:02.956, 0, 0, 33357, 120.35
2026/09/07 02:46:02.959, 1, 0, 109810, 115.30
2026/09/07 02:46:03.964, 0, 2, 33351, 120.34
2026/09/07 02:46:03.974, 1, 0, 109810, 115.31
2026/09/07 02:46:04.978, 0, 0, 32733, 120.41
2026/09/07 02:46:04.981, 1, 0, 109810, 115.25
2026/09/07 02:46:05.984, 0, 0, 31869, 120.79
2026/09/07 02:46:05.987, 1, 0, 109810, 115.27
2026/09/07 02:46:06.992, 0, 14, 31869, 120.47
2026/09/07 02:46:06.995, 1, 0, 109810, 115.29
2026/09/07 02:46:07.998, 0, 100, 31869, 121.69
2026/09/07 02:46:08.010, 1, 0, 109810, 115.26
2026/09/07 02:46:09.017, 0, 100, 31869, 121.65
2026/09/07 02:46:09.021, 1, 0, 109810, 115.29
2026/09/07 02:46:10.024, 0, 0, 7801, 122.57
2026/09/07 02:46:10.026, 1, 0, 109810, 115.27
2026/09/07 02:46:11.029, 0, 0, 7801, 120.30
2026/09/07 02:46:11.032, 1, 0, 109810, 115.26
2026/09/07 02:46:12.034, 0, 0, 7801, 120.24
2026/09/07 02:46:12.036, 1, 0, 109810, 115.27
2026/09/07 02:46:13.041, 0, 0, 7801, 120.25
2026/09/07 02:46:13.061, 1, 0, 109810, 115.25
2026/09/07 02:46:14.074, 0, 0, 7801, 120.20
2026/09/07 02:46:14.077, 1, 0, 109810, 115.19
2026/09/07 02:46:15.079, 0, 0, 7801, 120.14
2026/09/07 02:46:15.083, 1, 0, 109810, 115.24
2026/09/07 02:46:16.086, 0, 0, 7801, 120.16
2026/09/07 02:46:16.089, 1, 91, 109810, 224.92
2026/09/07 02:46:17.092, 0, 0, 7801, 120.14
2026/09/07 02:46:17.095, 1, 100, 109810, 395.97
2026/09/07 02:46:18.097, 0, 0, 7801, 120.05
2026/09/07 02:46:18.100, 1, 98, 109810, 403.79
2026/09/07 02:46:19.103, 0, 0, 7801, 120.12
2026/09/07 02:46:19.106, 1, 0, 109810, 339.95
2026/09/07 02:46:20.109, 0, 0, 7801, 120.11
2026/09/07 02:46:20.111, 1, 97, 109810, 396.18
2026/09/07 02:46:21.113, 0, 0, 7801, 120.07
2026/09/07 02:46:21.115, 1, 100, 109810, 413.07
2026/09/07 02:46:22.117, 0, 0, 7801, 120.10
2026/09/07 02:46:22.120, 1, 100, 109810, 416.22
2026/09/07 02:46:23.123, 0, 0, 7801, 120.10
2026/09/07 02:46:23.167, 1, 71, 109810, 406.47
2026/09/07 02:46:24.177, 0, 0, 7801, 120.05
2026/09/07 02:46:24.180, 1, 67, 109810, 366.06
2026/09/07 02:46:25.183, 0, 0, 7801, 120.08
2026/09/07 02:46:25.186, 1, 90, 109810, 374.60
2026/09/07 02:46:26.189, 0, 0, 7801, 120.10
2026/09/07 02:46:26.191, 1, 91, 109810, 421.52
2026/09/07 02:46:27.193, 0, 0, 7801, 120.11
2026/09/07 02:46:27.195, 1, 100, 109810, 435.24
2026/09/07 02:46:28.197, 0, 0, 7801, 120.18
2026/09/07 02:46:28.199, 1, 100, 109810, 429.96
2026/09/07 02:46:29.202, 0, 0, 7801, 120.15
2026/09/07 02:46:29.204, 1, 96, 109810, 434.58
2026/09/07 02:46:30.206, 0, 0, 7801, 120.13
2026/09/07 02:46:30.209, 1, 98, 109810, 434.25
2026/09/07 02:46:31.212, 0, 0, 7801, 120.21
2026/09/07 02:46:31.214, 1, 100, 109810, 447.47
2026/09/07 02:46:32.216, 0, 0, 7801, 120.25
2026/09/07 02:46:32.219, 1, 100, 109810, 454.74
2026/09/07 02:46:33.221, 0, 0, 7801, 120.26
2026/09/07 02:46:33.224, 1, 100, 109810, 450.62
2026/09/07 02:46:34.226, 0, 0, 7801, 120.30
2026/09/07 02:46:34.229, 1, 99, 109810, 445.74
2026/09/07 02:46:35.232, 0, 0, 7801, 120.30
2026/09/07 02:46:35.234, 1, 100, 109810, 458.01
2026/09/07 02:46:36.237, 0, 0, 7801, 120.31
2026/09/07 02:46:36.239, 1, 100, 109810, 458.01
2026/09/07 02:46:37.242, 0, 0, 7801, 120.31
2026/09/07 02:46:37.244, 1, 98, 109810, 455.91
2026/09/07 02:46:38.246, 0, 0, 7801, 120.35
2026/09/07 02:46:38.248, 1, 100, 109810, 465.13
2026/09/07 02:46:39.251, 0, 0, 7801, 120.33
2026/09/07 02:46:39.253, 1, 100, 109810, 473.83
2026/09/07 02:46:40.256, 0, 0, 7801, 120.46
2026/09/07 02:46:40.258, 1, 100, 109810, 463.58
2026/09/07 02:46:41.260, 0, 0, 7801, 120.46
2026/09/07 02:46:41.262, 1, 100, 109810, 470.08
2026/09/07 02:46:42.264, 0, 0, 7801, 120.50
2026/09/07 02:46:42.266, 1, 100, 109810, 468.47
2026/09/07 02:46:43.269, 0, 0, 7801, 120.56
2026/09/07 02:46:43.271, 1, 100, 109810, 471.48
2026/09/07 02:46:44.273, 0, 0, 7801, 120.54
2026/09/07 02:46:44.275, 1, 100, 109810, 478.16
2026/09/07 02:46:45.277, 0, 0, 7801, 120.55
2026/09/07 02:46:45.279, 1, 100, 109810, 481.27
2026/09/07 02:46:46.281, 0, 0, 7801, 120.63
2026/09/07 02:46:46.283, 1, 100, 109810, 479.29
2026/09/07 02:46:47.285, 0, 0, 7801, 120.66
2026/09/07 02:46:47.288, 1, 100, 109810, 484.65
2026/09/07 02:46:48.290, 0, 0, 7801, 120.73
2026/09/07 02:46:48.292, 1, 100, 109810, 488.56
2026/09/07 02:46:49.294, 0, 0, 7801, 120.75
2026/09/07 02:46:49.296, 1, 100, 109810, 491.32
2026/09/07 02:46:50.299, 0, 0, 7801, 120.79
2026/09/07 02:46:50.301, 1, 100, 109810, 488.29
2026/09/07 02:46:51.303, 0, 0, 7801, 120.84
2026/09/07 02:46:51.305, 1, 100, 109810, 488.23
2026/09/07 02:46:52.308, 0, 0, 7801, 120.91
2026/09/07 02:46:52.310, 1, 100, 109810, 499.85
2026/09/07 02:46:53.312, 0, 0, 7801, 120.86
2026/09/07 02:46:53.315, 1, 100, 109810, 504.07
2026/09/07 02:46:54.316, 0, 0, 7801, 120.93
2026/09/07 02:46:54.318, 1, 100, 109810, 498.13
2026/09/07 02:46:55.321, 0, 0, 7801, 121.02
2026/09/07 02:46:55.323, 1, 100, 109810, 498.24
2026/09/07 02:46:56.325, 0, 0, 7801, 121.03
2026/09/07 02:46:56.327, 1, 100, 109810, 511.07
2026/09/07 02:46:57.329, 0, 0, 7801, 121.06
2026/09/07 02:46:57.331, 1, 100, 109810, 506.52
2026/09/07 02:46:58.333, 0, 0, 7801, 121.11
2026/09/07 02:46:58.334, 1, 100, 109810, 507.76
2026/09/07 02:46:59.336, 0, 0, 7801, 121.17
2026/09/07 02:46:59.338, 1, 100, 109810, 513.10
2026/09/07 02:47:00.341, 0, 0, 7801, 121.17
2026/09/07 02:47:00.343, 1, 100, 109810, 518.42
2026/09/07 02:47:01.346, 0, 0, 7801, 121.25
2026/09/07 02:47:01.348, 1, 100, 109810, 515.84
2026/09/07 02:47:02.351, 0, 0, 7801, 121.26
2026/09/07 02:47:02.353, 1, 100, 109810, 515.14
2026/09/07 02:47:03.354, 0, 0, 7801, 121.32
2026/09/07 02:47:03.357, 1, 100, 109810, 524.40
2026/09/07 02:47:04.358, 0, 0, 7801, 121.44
2026/09/07 02:47:04.360, 1, 100, 109810, 522.21
2026/09/07 02:47:05.363, 0, 0, 7801, 121.46
2026/09/07 02:47:05.365, 1, 100, 109810, 522.27
2026/09/07 02:47:06.367, 0, 0, 7801, 121.49
2026/09/07 02:47:06.370, 1, 100, 109810, 533.97
2026/09/07 02:47:07.372, 0, 0, 7801, 121.61
2026/09/07 02:47:07.559, 1, 96, 109810, 520.52
2026/09/07 02:47:08.591, 0, 0, 7801, 121.64
2026/09/07 02:47:08.594, 1, 95, 109810, 479.00
2026/09/07 02:47:09.597, 0, 0, 7801, 121.73
2026/09/07 02:47:09.600, 1, 98, 109810, 469.89
2026/09/07 02:47:10.603, 0, 0, 7801, 121.71
2026/09/07 02:47:10.606, 1, 29, 109810, 457.64
2026/09/07 02:47:11.607, 0, 0, 7801, 121.78
2026/09/07 02:47:11.610, 1, 100, 109810, 449.17
2026/09/07 02:47:12.615, 0, 0, 7801, 121.77
2026/09/07 02:47:12.652, 1, 78, 109810, 495.89
2026/09/07 02:47:13.667, 0, 0, 7801, 121.82
2026/09/07 02:47:13.670, 1, 70, 109810, 413.83
2026/09/07 02:47:14.673, 0, 0, 7801, 121.87
2026/09/07 02:47:14.679, 1, 12, 109810, 312.86
2026/09/07 02:47:15.681, 0, 0, 7801, 121.90
2026/09/07 02:47:15.688, 1, 98, 109810, 498.26
2026/09/07 02:47:16.694, 0, 0, 7801, 121.99
2026/09/07 02:47:16.701, 1, 100, 109810, 511.22
2026/09/07 02:47:17.706, 0, 0, 7801, 122.01
2026/09/07 02:47:17.713, 1, 98, 109810, 504.67
2026/09/07 02:47:18.715, 0, 0, 7801, 122.08
2026/09/07 02:47:18.722, 1, 100, 109810, 508.67
2026/09/07 02:47:19.724, 0, 0, 7801, 122.15
2026/09/07 02:47:19.727, 1, 100, 109810, 497.00
2026/09/07 02:47:20.731, 0, 0, 7801, 122.15
2026/09/07 02:47:20.733, 1, 100, 109810, 503.70
2026/09/07 02:47:21.737, 0, 0, 7801, 122.18
2026/09/07 02:47:21.744, 1, 72, 109810, 453.67
2026/09/07 02:47:22.753, 0, 0, 7801, 122.30
2026/09/07 02:47:22.755, 1, 94, 109810, 463.05
2026/09/07 02:47:23.758, 0, 0, 7801, 122.32
2026/09/07 02:47:23.761, 1, 80, 109810, 444.16
2026/09/07 02:47:24.766, 0, 0, 7801, 122.34
2026/09/07 02:47:24.769, 1, 69, 109810, 473.04
2026/09/07 02:47:25.771, 0, 0, 7801, 122.43
2026/09/07 02:47:25.775, 1, 97, 109810, 493.15
2026/09/07 02:47:26.781, 0, 0, 7801, 122.38
2026/09/07 02:47:26.784, 1, 99, 109810, 507.78
2026/09/07 02:47:27.786, 0, 0, 7801, 122.42
2026/09/07 02:47:27.789, 1, 100, 109810, 508.96
2026/09/07 02:47:28.792, 0, 0, 7801, 122.48
2026/09/07 02:47:28.794, 1, 100, 109810, 493.39
2026/09/07 02:47:29.796, 0, 0, 7801, 122.49
2026/09/07 02:47:29.798, 1, 100, 109810, 523.33
2026/09/07 02:47:30.800, 0, 0, 7801, 122.61
2026/09/07 02:47:30.803, 1, 100, 109810, 399.07
2026/09/07 02:47:31.805, 0, 0, 7801, 122.57
2026/09/07 02:47:31.808, 1, 100, 109810, 504.23
2026/09/07 02:47:32.811, 0, 0, 7801, 122.56
2026/09/07 02:47:32.815, 1, 100, 109810, 476.65
2026/09/07 02:47:33.817, 0, 0, 7801, 122.65
2026/09/07 02:47:33.820, 1, 100, 109810, 495.14
2026/09/07 02:47:34.823, 0, 0, 7801, 122.66
2026/09/07 02:47:34.825, 1, 100, 109810, 516.33
2026/09/07 02:47:35.827, 0, 0, 7801, 122.75
2026/09/07 02:47:35.830, 1, 100, 109810, 499.02
2026/09/07 02:47:36.832, 0, 0, 7801, 122.82
2026/09/07 02:47:36.835, 1, 99, 109810, 500.24
2026/09/07 02:47:37.838, 0, 0, 7801, 122.78
2026/09/07 02:47:37.840, 1, 100, 109810, 504.94
2026/09/07 02:47:38.843, 0, 0, 7801, 122.79
2026/09/07 02:47:38.848, 1, 100, 109810, 502.05
2026/09/07 02:47:39.850, 0, 0, 7801, 122.87
2026/09/07 02:47:39.854, 1, 98, 109810, 492.96
2026/09/07 02:47:40.857, 0, 0, 7801, 122.81
2026/09/07 02:47:40.860, 1, 80, 109810, 464.90
2026/09/07 02:47:41.863, 0, 0, 7801, 122.99
2026/09/07 02:47:41.865, 1, 100, 109810, 458.83
2026/09/07 02:47:42.868, 0, 0, 7801, 122.99
2026/09/07 02:47:42.871, 1, 100, 109810, 497.32
2026/09/07 02:47:43.873, 0, 0, 7801, 122.80
2026/09/07 02:47:43.877, 1, 100, 109810, 510.76
2026/09/07 02:47:44.881, 0, 0, 7801, 122.76
2026/09/07 02:47:44.884, 1, 97, 109810, 510.06
2026/09/07 02:47:45.886, 0, 0, 7801, 122.74
2026/09/07 02:47:45.890, 1, 90, 109810, 470.60
2026/09/07 02:47:46.894, 0, 0, 7801, 122.63
2026/09/07 02:47:46.897, 1, 74, 109810, 426.04
2026/09/07 02:47:47.899, 0, 0, 7801, 122.82
2026/09/07 02:47:47.901, 1, 88, 109810, 459.81
2026/09/07 02:47:48.904, 0, 0, 7801, 122.85
2026/09/07 02:47:48.915, 1, 100, 109810, 514.58
2026/09/07 02:47:49.923, 0, 0, 7801, 123.15
2026/09/07 02:47:49.925, 1, 98, 109810, 493.19
2026/09/07 02:47:50.928, 0, 0, 7801, 123.24
2026/09/07 02:47:50.930, 1, 64, 109810, 400.67
2026/09/07 02:47:51.933, 0, 0, 7801, 123.18
2026/09/07 02:47:51.935, 1, 1, 109810, 311.05
2026/09/07 02:47:52.937, 0, 0, 7801, 123.36
2026/09/07 02:47:52.940, 1, 100, 109810, 402.23
2026/09/07 02:47:53.943, 0, 0, 7801, 123.22
2026/09/07 02:47:53.946, 1, 100, 109810, 446.32
2026/09/07 02:47:54.949, 0, 0, 7801, 123.46
2026/09/07 02:47:54.952, 1, 99, 109814, 418.94
2026/09/07 02:47:55.955, 0, 0, 7801, 123.43
2026/09/07 02:47:55.958, 1, 99, 109814, 438.10
2026/09/07 02:47:56.961, 0, 0, 7801, 123.45
2026/09/07 02:47:56.963, 1, 100, 109814, 443.29
2026/09/07 02:47:57.965, 0, 0, 7801, 123.44
2026/09/07 02:47:57.968, 1, 100, 109814, 439.26
2026/09/07 02:47:58.971, 0, 0, 7801, 123.31
2026/09/07 02:47:58.973, 1, 100, 109814, 447.60
2026/09/07 02:47:59.975, 0, 0, 7801, 123.44
2026/09/07 02:47:59.979, 1, 100, 109814, 444.10
2026/09/07 02:48:00.983, 0, 0, 7801, 123.40
2026/09/07 02:48:00.986, 1, 100, 109814, 449.17
2026/09/07 02:48:01.988, 0, 0, 7801, 123.55
2026/09/07 02:48:01.990, 1, 100, 109814, 460.55
2026/09/07 02:48:02.993, 0, 0, 7801, 123.55
2026/09/07 02:48:02.997, 1, 100, 109814, 459.68
2026/09/07 02:48:03.999, 0, 0, 7801, 123.56
2026/09/07 02:48:04.001, 1, 100, 109814, 455.39
2026/09/07 02:48:05.005, 0, 0, 7801, 123.60
2026/09/07 02:48:05.010, 1, 99, 109814, 459.80
2026/09/07 02:48:06.014, 0, 0, 7801, 123.68
2026/09/07 02:48:06.016, 1, 99, 109814, 468.76
2026/09/07 02:48:07.018, 0, 0, 7801, 123.72
2026/09/07 02:48:07.021, 1, 97, 109814, 467.31
2026/09/07 02:48:08.023, 0, 0, 7801, 123.67
2026/09/07 02:48:08.031, 1, 70, 109814, 440.51
2026/09/07 02:48:09.037, 0, 0, 7801, 123.59
2026/09/07 02:48:09.041, 1, 98, 109814, 402.12
2026/09/07 02:48:10.043, 0, 0, 7801, 123.69
2026/09/07 02:48:10.046, 1, 100, 109814, 361.98
2026/09/07 02:48:11.048, 0, 0, 7801, 123.72
2026/09/07 02:48:11.050, 1, 100, 109814, 469.15
2026/09/07 02:48:12.053, 0, 0, 7801, 123.51
2026/09/07 02:48:12.055, 1, 100, 109814, 461.36
2026/09/07 02:48:13.059, 0, 0, 7801, 123.63
2026/09/07 02:48:13.062, 1, 100, 109814, 472.25
2026/09/07 02:48:14.064, 0, 0, 7801, 123.76
2026/09/07 02:48:14.068, 1, 100, 109814, 462.76
2026/09/07 02:48:15.070, 0, 0, 7801, 123.76
2026/09/07 02:48:15.073, 1, 99, 109814, 469.12
2026/09/07 02:48:16.075, 0, 0, 7801, 123.79
2026/09/07 02:48:16.079, 1, 100, 109814, 470.75
2026/09/07 02:48:17.082, 0, 0, 7801, 123.82
2026/09/07 02:48:17.084, 1, 99, 109814, 472.80
2026/09/07 02:48:18.087, 0, 0, 7801, 123.70
2026/09/07 02:48:18.090, 1, 100, 109814, 473.81
2026/09/07 02:48:19.092, 0, 0, 7801, 123.77
2026/09/07 02:48:19.095, 1, 100, 109814, 472.67
2026/09/07 02:48:20.097, 0, 0, 7801, 123.71
2026/09/07 02:48:20.100, 1, 100, 109814, 485.41
2026/09/07 02:48:21.102, 0, 0, 7801, 123.84
2026/09/07 02:48:28.037, 1, 100, 109814, 480.85
2026/09/07 02:48:29.040, 0, 0, 7801, 124.01
2026/09/07 02:48:29.045, 1, 100, 109814, 481.62
2026/09/07 02:48:30.048, 0, 0, 7801, 124.01
2026/09/07 02:48:30.052, 1, 100, 109814, 475.10
2026/09/07 02:48:31.055, 0, 0, 7801, 124.14
2026/09/07 02:48:31.060, 1, 100, 109814, 488.77
2026/09/07 02:48:32.063, 0, 0, 7801, 124.04
2026/09/07 02:48:32.066, 1, 100, 109814, 486.25
2026/09/07 02:48:33.068, 0, 0, 7801, 124.22
2026/09/07 02:48:33.071, 1, 100, 109814, 491.73
2026/09/07 02:48:34.077, 0, 0, 7801, 123.96
2026/09/07 02:48:34.083, 1, 100, 109814, 484.66
2026/09/07 02:48:35.086, 0, 0, 7801, 124.15
2026/09/07 02:48:35.091, 1, 100, 109814, 494.59
2026/09/07 02:48:36.096, 0, 0, 7801, 124.15
2026/09/07 02:48:36.098, 1, 100, 109814, 491.33
2026/09/07 02:48:37.102, 0, 0, 7801, 123.89
2026/09/07 02:48:37.107, 1, 100, 109814, 497.08
2026/09/07 02:48:38.110, 0, 0, 7801, 123.91
2026/09/07 02:48:38.112, 1, 100, 109814, 502.57
2026/09/07 02:48:39.117, 0, 0, 7801, 123.84
2026/09/07 02:48:39.123, 1, 100, 109814, 499.11
2026/09/07 02:48:40.126, 0, 0, 7801, 124.21
2026/09/07 02:48:40.131, 1, 100, 109814, 505.42
2026/09/07 02:48:41.134, 0, 0, 7801, 124.10
2026/09/07 02:48:41.137, 1, 100, 109814, 507.95
2026/09/07 02:48:42.140, 0, 0, 7801, 124.11
2026/09/07 02:48:42.143, 1, 100, 109814, 499.83
2026/09/07 02:48:43.147, 0, 0, 7801, 123.98
2026/09/07 02:48:43.150, 1, 100, 109814, 502.87
2026/09/07 02:48:44.152, 0, 0, 7801, 124.19
2026/09/07 02:48:44.155, 1, 100, 109814, 510.00
2026/09/07 02:48:45.157, 0, 0, 7801, 124.19
2026/09/07 02:48:45.162, 1, 100, 109814, 508.77
2026/09/07 02:48:46.165, 0, 0, 7801, 124.34
2026/09/07 02:48:46.168, 1, 100, 109814, 500.52
2026/09/07 02:48:47.171, 0, 0, 7801, 124.32
2026/09/07 02:48:47.173, 1, 100, 109814, 507.97
2026/09/07 02:48:48.176, 0, 0, 7801, 124.35
2026/09/07 02:48:48.179, 1, 100, 109814, 507.49
2026/09/07 02:48:49.182, 0, 0, 7801, 124.41
2026/09/07 02:48:49.185, 1, 0, 109814, 455.45
2026/09/07 02:48:50.187, 0, 0, 7801, 124.35
2026/09/07 02:48:50.191, 1, 100, 109814, 496.66
2026/09/07 02:48:51.195, 0, 0, 7801, 124.19
2026/09/07 02:48:51.197, 1, 100, 109814, 540.43
2026/09/07 02:48:52.199, 0, 0, 7801, 124.44
2026/09/07 02:48:52.201, 1, 100, 109814, 536.03
2026/09/07 02:48:53.203, 0, 0, 7801, 124.51
2026/09/07 02:48:53.206, 1, 100, 109814, 541.13
2026/09/07 02:48:54.209, 0, 0, 7801, 124.52
2026/09/07 02:48:54.211, 1, 1, 109814, 418.17
2026/09/07 02:48:55.213, 0, 0, 7801, 124.46
2026/09/07 02:48:55.216, 1, 100, 109814, 503.85
2026/09/07 02:48:56.220, 0, 0, 7801, 124.16
2026/09/07 02:48:56.223, 1, 100, 109814, 408.41
2026/09/07 02:48:57.226, 0, 0, 7801, 124.26
2026/09/07 02:48:57.228, 1, 100, 109814, 503.34
2026/09/07 02:48:58.230, 0, 0, 7801, 124.11
2026/09/07 02:48:58.232, 1, 100, 109814, 506.31
2026/09/07 02:48:59.234, 0, 0, 7801, 124.08
2026/09/07 02:48:59.237, 1, 100, 109814, 521.26
2026/09/07 02:49:00.240, 0, 0, 7801, 124.10
2026/09/07 02:49:00.245, 1, 100, 109814, 484.20
2026/09/07 02:49:01.247, 0, 0, 7801, 124.11
2026/09/07 02:49:01.249, 1, 100, 109814, 493.93
2026/09/07 02:49:02.251, 0, 0, 7801, 124.17
2026/09/07 02:49:02.255, 1, 100, 109814, 504.56
2026/09/07 02:49:03.257, 0, 0, 7801, 124.32
2026/09/07 02:49:03.260, 1, 100, 109814, 495.94
2026/09/07 02:49:04.262, 0, 0, 7801, 124.24
2026/09/07 02:49:04.264, 1, 100, 109814, 503.39
2026/09/07 02:49:05.267, 0, 0, 7801, 124.29
2026/09/07 02:49:05.269, 1, 100, 109814, 504.72
2026/09/07 02:49:06.271, 0, 0, 7801, 124.37
2026/09/07 02:49:06.274, 1, 100, 109814, 506.19
2026/09/07 02:49:07.276, 0, 0, 7801, 124.17
2026/09/07 02:49:07.278, 1, 100, 109814, 497.65
2026/09/07 02:49:08.280, 0, 0, 7801, 124.37
2026/09/07 02:49:08.282, 1, 0, 109814, 407.38
2026/09/07 02:49:09.284, 0, 0, 7801, 124.26
2026/09/07 02:49:09.286, 1, 100, 109814, 488.26
2026/09/07 02:49:10.289, 0, 0, 7801, 125.34
2026/09/07 02:49:10.291, 1, 100, 109814, 527.54
2026/09/07 02:49:11.293, 0, 0, 7801, 125.47
2026/09/07 02:49:11.295, 1, 100, 109814, 519.93
2026/09/07 02:49:12.297, 0, 0, 7801, 125.44
2026/09/07 02:49:12.299, 1, 100, 109814, 524.04
2026/09/07 02:49:13.302, 0, 0, 7801, 125.46
2026/09/07 02:49:13.304, 1, 100, 109814, 483.20
2026/09/07 02:49:14.306, 0, 0, 7801, 125.46
2026/09/07 02:49:14.309, 1, 100, 109814, 503.53
2026/09/07 02:49:15.311, 0, 0, 7801, 125.54
2026/09/07 02:49:15.314, 1, 100, 109814, 527.14
2026/09/07 02:49:16.316, 0, 0, 7801, 125.52
2026/09/07 02:49:16.319, 1, 100, 109814, 523.59
2026/09/07 02:49:17.321, 0, 0, 7801, 125.54
2026/09/07 02:49:17.323, 1, 100, 109814, 534.66
2026/09/07 02:49:18.326, 0, 0, 7801, 125.54
2026/09/07 02:49:18.328, 1, 100, 109814, 530.35
2026/09/07 02:49:19.330, 0, 0, 7801, 125.56
2026/09/07 02:49:19.333, 1, 100, 109814, 535.63
2026/09/07 02:49:20.335, 0, 0, 7801, 125.59
2026/09/07 02:49:20.337, 1, 100, 109814, 534.65
2026/09/07 02:49:21.340, 0, 0, 7801, 125.61
2026/09/07 02:49:21.342, 1, 100, 109814, 527.69
2026/09/07 02:49:22.344, 0, 0, 7801, 125.60
2026/09/07 02:49:22.346, 1, 100, 109814, 543.23
2026/09/07 02:49:23.348, 0, 0, 7801, 125.65
2026/09/07 02:49:23.351, 1, 100, 109814, 538.14
2026/09/07 02:49:24.353, 0, 0, 7801, 125.66
2026/09/07 02:49:24.356, 1, 100, 109814, 531.05
2026/09/07 02:49:25.358, 0, 0, 7801, 125.70
2026/09/07 02:49:25.360, 1, 100, 109814, 534.80
2026/09/07 02:49:26.362, 0, 0, 7801, 125.75
2026/09/07 02:49:26.365, 1, 100, 109814, 538.86
2026/09/07 02:49:27.367, 0, 0, 7801, 125.69
2026/09/07 02:49:27.372, 1, 100, 109814, 489.88
2026/09/07 02:49:28.374, 0, 0, 7801, 125.77
2026/09/07 02:49:28.377, 1, 98, 109814, 263.75
2026/09/07 02:49:29.379, 0, 0, 7801, 125.69
2026/09/07 02:49:29.381, 1, 99, 109814, 470.92
2026/09/07 02:49:30.383, 0, 0, 7801, 125.74
2026/09/07 02:49:30.385, 1, 100, 109814, 453.84
2026/09/07 02:49:31.387, 0, 0, 7801, 125.76
2026/09/07 02:49:31.390, 1, 100, 109814, 465.21
2026/09/07 02:49:32.391, 0, 0, 7801, 125.82
2026/09/07 02:49:32.394, 1, 100, 109814, 462.53
2026/09/07 02:49:33.395, 0, 0, 7801, 125.77
2026/09/07 02:49:33.398, 1, 96, 109814, 444.01
2026/09/07 02:49:34.400, 0, 0, 7801, 125.87
2026/09/07 02:49:34.402, 1, 100, 109814, 464.13
2026/09/07 02:49:35.405, 0, 0, 7801, 125.77
2026/09/07 02:49:35.407, 1, 99, 109814, 464.81
2026/09/07 02:49:36.409, 0, 0, 7801, 125.85
2026/09/07 02:49:36.412, 1, 100, 109814, 461.38
2026/09/07 02:49:37.414, 0, 0, 7801, 125.81
2026/09/07 02:49:37.417, 1, 100, 109814, 466.08
2026/09/07 02:49:38.419, 0, 0, 7801, 125.82
2026/09/07 02:49:38.421, 1, 100, 109814, 462.49
2026/09/07 02:49:39.424, 0, 0, 7801, 125.82
2026/09/07 02:49:39.426, 1, 97, 109814, 451.80
2026/09/07 02:49:40.428, 0, 0, 7801, 125.86
2026/09/07 02:49:40.431, 1, 100, 109814, 458.85
2026/09/07 02:49:41.433, 0, 0, 7801, 125.83
2026/09/07 02:49:41.436, 1, 100, 109814, 469.58
2026/09/07 02:49:42.437, 0, 0, 7801, 125.86
2026/09/07 02:49:42.440, 1, 100, 109814, 478.33
2026/09/07 02:49:43.442, 0, 0, 7801, 125.79
2026/09/07 02:49:43.444, 1, 100, 109814, 474.91
2026/09/07 02:49:44.446, 0, 0, 7801, 125.87
2026/09/07 02:49:44.449, 1, 98, 109814, 471.43
2026/09/07 02:49:45.451, 0, 0, 7801, 125.89
2026/09/07 02:49:45.454, 1, 100, 109814, 469.75
2026/09/07 02:49:46.456, 0, 0, 7801, 125.95
2026/09/07 02:49:46.459, 1, 100, 109814, 475.82
2026/09/07 02:49:47.461, 0, 0, 7801, 125.86
2026/09/07 02:49:47.467, 1, 100, 109814, 484.13
2026/09/07 02:49:48.472, 0, 0, 7801, 125.90
2026/09/07 02:49:48.474, 1, 100, 109814, 469.61
2026/09/07 02:49:49.478, 0, 0, 7801, 125.88
2026/09/07 02:49:49.482, 1, 98, 109814, 483.96
2026/09/07 02:49:50.488, 0, 0, 7801, 125.93
2026/09/07 02:49:50.494, 1, 100, 109814, 486.79
2026/09/07 02:49:51.498, 0, 0, 7801, 125.87
2026/09/07 02:49:51.502, 1, 99, 109814, 490.23
2026/09/07 02:49:52.504, 0, 0, 7801, 126.00
2026/09/07 02:49:52.507, 1, 100, 109814, 482.22
2026/09/07 02:49:53.509, 0, 0, 7801, 125.89
2026/09/07 02:49:53.512, 1, 100, 109814, 489.09
2026/09/07 02:49:54.514, 0, 0, 7801, 125.96
2026/09/07 02:49:54.516, 1, 100, 109814, 487.48
2026/09/07 02:49:55.518, 0, 0, 7801, 125.90
2026/09/07 02:49:55.524, 1, 89, 109814, 416.43
2026/09/07 02:49:56.526, 0, 0, 7801, 125.94
2026/09/07 02:49:56.529, 1, 100, 109814, 437.87
2026/09/07 02:49:57.531, 0, 0, 7801, 125.91
2026/09/07 02:49:57.534, 1, 100, 109814, 485.90
2026/09/07 02:49:58.540, 0, 0, 7801, 125.99
2026/09/07 02:49:58.543, 1, 96, 109814, 476.29
2026/09/07 02:49:59.545, 0, 0, 7801, 125.97
2026/09/07 02:49:59.548, 1, 100, 109814, 483.43
2026/09/07 02:50:00.550, 0, 0, 7801, 126.02
2026/09/07 02:50:00.553, 1, 100, 109814, 491.93
2026/09/07 02:50:01.555, 0, 0, 7801, 125.94
2026/09/07 02:50:01.560, 1, 100, 109814, 488.20
2026/09/07 02:50:02.562, 0, 0, 7801, 125.94
2026/09/07 02:50:02.564, 1, 100, 109814, 492.20
2026/09/07 02:50:03.568, 0, 0, 7801, 125.94
2026/09/07 02:50:03.570, 1, 99, 109814, 492.45
2026/09/07 02:50:04.572, 0, 0, 7801, 126.02
2026/09/07 02:50:04.575, 1, 100, 109814, 489.98
2026/09/07 02:50:05.577, 0, 0, 7801, 125.97
2026/09/07 02:50:05.579, 1, 100, 109814, 503.44
2026/09/07 02:50:06.581, 0, 0, 7801, 126.02
2026/09/07 02:50:06.586, 1, 100, 109814, 500.61
2026/09/07 02:50:07.587, 0, 0, 7801, 125.95
2026/09/07 02:50:07.590, 1, 100, 109814, 495.14
2026/09/07 02:50:08.592, 0, 0, 7801, 126.01
2026/09/07 02:50:08.594, 1, 100, 109814, 502.16
2026/09/07 02:50:09.597, 0, 0, 7801, 125.97
2026/09/07 02:50:09.599, 1, 100, 109814, 491.06
2026/09/07 02:50:10.602, 0, 0, 7801, 126.02
2026/09/07 02:50:10.605, 1, 100, 109814, 495.10
2026/09/07 02:50:11.608, 0, 0, 7801, 125.94
2026/09/07 02:50:11.611, 1, 100, 109814, 504.15
2026/09/07 02:50:12.614, 0, 0, 7801, 126.04
2026/09/07 02:50:12.616, 1, 100, 109814, 507.47
2026/09/07 02:50:13.619, 0, 0, 7801, 126.00
2026/09/07 02:50:13.622, 1, 100, 109814, 507.46
2026/09/07 02:50:14.626, 0, 0, 7801, 126.03
2026/09/07 02:50:14.628, 1, 100, 109814, 504.40
2026/09/07 02:50:15.631, 0, 0, 7801, 125.99
2026/09/07 02:50:15.635, 1, 100, 109814, 506.40
2026/09/07 02:50:16.639, 0, 0, 7801, 126.11
2026/09/07 02:50:16.641, 1, 100, 109814, 509.61
2026/09/07 02:50:17.644, 0, 0, 7801, 126.01
2026/09/07 02:50:17.646, 1, 100, 109814, 510.86
2026/09/07 02:50:18.649, 0, 0, 7801, 126.11
2026/09/07 02:50:18.652, 1, 100, 109814, 512.17
2026/09/07 02:50:19.654, 0, 0, 7801, 126.05
2026/09/07 02:50:19.657, 1, 100, 109814, 510.12
2026/09/07 02:50:20.660, 0, 0, 7801, 126.06
2026/09/07 02:50:20.663, 1, 100, 109814, 518.27
2026/09/07 02:50:21.666, 0, 0, 7801, 126.01
2026/09/07 02:50:21.669, 1, 100, 109814, 511.70
2026/09/07 02:50:22.673, 0, 0, 7801, 126.10
2026/09/07 02:50:22.676, 1, 100, 109814, 513.16
2026/09/07 02:50:23.678, 0, 0, 7801, 126.09
2026/09/07 02:50:23.681, 1, 100, 109814, 518.05
2026/09/07 02:50:24.685, 0, 0, 7801, 126.15
2026/09/07 02:50:24.687, 1, 100, 109814, 516.30
2026/09/07 02:50:25.689, 0, 0, 7801, 126.15
2026/09/07 02:50:25.691, 1, 100, 109814, 488.71
2026/09/07 02:50:26.693, 0, 0, 7801, 126.15
2026/09/07 02:50:26.696, 1, 100, 109814, 511.16
2026/09/07 02:50:27.698, 0, 0, 7801, 126.11
2026/09/07 02:50:27.701, 1, 100, 109814, 508.98
2026/09/07 02:50:28.705, 0, 0, 7801, 126.25
2026/09/07 02:50:28.708, 1, 100, 109814, 511.17
2026/09/07 02:50:29.710, 0, 0, 7801, 126.15
2026/09/07 02:50:29.713, 1, 100, 109814, 524.02
2026/09/07 02:50:30.715, 0, 0, 7801, 126.21
2026/09/07 02:50:30.717, 1, 100, 109814, 422.22
2026/09/07 02:50:31.720, 0, 0, 7801, 126.20
2026/09/07 02:50:31.723, 1, 100, 109814, 521.95
2026/09/07 02:50:32.726, 0, 0, 7801, 126.19
2026/09/07 02:50:32.728, 1, 100, 109814, 517.71
2026/09/07 02:50:33.731, 0, 0, 7801, 126.16
2026/09/07 02:50:33.734, 1, 100, 109814, 523.63
2026/09/07 02:50:34.737, 0, 0, 7801, 126.24
2026/09/07 02:50:34.739, 1, 100, 109814, 530.21
2026/09/07 02:50:35.741, 0, 0, 7801, 126.26
2026/09/07 02:50:35.744, 1, 57, 109814, 363.55
2026/09/07 02:50:36.746, 0, 0, 7801, 126.22
2026/09/07 02:50:36.748, 1, 100, 109814, 459.89
2026/09/07 02:50:37.750, 0, 0, 7801, 126.25
2026/09/07 02:50:37.753, 1, 100, 109814, 504.39
2026/09/07 02:50:38.757, 0, 0, 7801, 126.23
2026/09/07 02:50:38.760, 1, 100, 109814, 504.06
2026/09/07 02:50:39.762, 0, 0, 7801, 126.24
2026/09/07 02:50:39.765, 1, 98, 109814, 483.48
2026/09/07 02:50:40.767, 0, 0, 7801, 126.32
2026/09/07 02:50:40.770, 1, 100, 109814, 503.17
2026/09/07 02:50:41.772, 0, 0, 7801, 126.31
2026/09/07 02:50:41.775, 1, 100, 109814, 499.58
2026/09/07 02:50:42.780, 0, 0, 7801, 126.27
2026/09/07 02:50:42.782, 1, 100, 109814, 505.46
2026/09/07 02:50:43.785, 0, 0, 7801, 126.31
2026/09/07 02:50:43.787, 1, 100, 109814, 418.57
2026/09/07 02:50:44.790, 0, 0, 7801, 126.22
2026/09/07 02:50:44.792, 1, 100, 109814, 499.67
2026/09/07 02:50:45.794, 0, 0, 7801, 126.37
2026/09/07 02:50:45.797, 1, 100, 109814, 496.86
2026/09/07 02:50:46.801, 0, 0, 7801, 126.29
2026/09/07 02:50:46.803, 1, 100, 109814, 495.84
2026/09/07 02:50:47.805, 0, 0, 7801, 126.32
2026/09/07 02:50:47.808, 1, 99, 109814, 498.56
2026/09/07 02:50:48.810, 0, 0, 7801, 126.09
2026/09/07 02:50:48.813, 1, 100, 109814, 495.13
2026/09/07 02:50:49.815, 0, 0, 7801, 125.80
2026/09/07 02:50:49.818, 1, 100, 109814, 501.86
2026/09/07 02:50:50.820, 0, 0, 7801, 125.78
2026/09/07 02:50:50.822, 1, 99, 109814, 504.89
2026/09/07 02:50:51.825, 0, 0, 7801, 125.80
2026/09/07 02:50:51.828, 1, 100, 109814, 509.44
2026/09/07 02:50:52.830, 0, 0, 7801, 125.80
2026/09/07 02:50:52.832, 1, 100, 109814, 511.32
2026/09/07 02:50:53.835, 0, 0, 7801, 125.89
2026/09/07 02:50:53.837, 1, 100, 109814, 521.64
2026/09/07 02:50:54.839, 0, 0, 7801, 125.83
2026/09/07 02:50:54.841, 1, 100, 109814, 529.57
2026/09/07 02:50:55.843, 0, 0, 7801, 125.91
2026/09/07 02:50:55.846, 1, 100, 109814, 523.23
2026/09/07 02:50:56.848, 0, 0, 7801, 125.87
2026/09/07 02:50:56.851, 1, 100, 109814, 529.33
2026/09/07 02:50:57.853, 0, 0, 7801, 125.91
2026/09/07 02:50:57.855, 1, 100, 109814, 533.48
2026/09/07 02:50:58.857, 0, 0, 7801, 125.86
2026/09/07 02:50:58.860, 1, 100, 109814, 532.23
2026/09/07 02:50:59.862, 0, 0, 7801, 125.87
2026/09/07 02:50:59.864, 1, 100, 109814, 536.37
2026/09/07 02:51:00.866, 0, 0, 7801, 125.85
2026/09/07 02:51:00.868, 1, 100, 109814, 528.91
2026/09/07 02:51:01.870, 0, 0, 7801, 125.91
2026/09/07 02:51:01.873, 1, 100, 109814, 537.13
2026/09/07 02:51:02.875, 0, 0, 7801, 125.93
2026/09/07 02:51:02.877, 1, 100, 109814, 532.64
2026/09/07 02:51:03.879, 0, 0, 7801, 125.91
2026/09/07 02:51:03.881, 1, 1, 109814, 440.46
2026/09/07 02:51:04.883, 0, 0, 7801, 125.88
2026/09/07 02:51:04.886, 1, 99, 109814, 419.81
2026/09/07 02:51:05.888, 0, 0, 7801, 125.92
2026/09/07 02:51:05.891, 1, 100, 109814, 487.80
2026/09/07 02:51:06.893, 0, 0, 7801, 126.01
2026/09/07 02:51:06.895, 1, 100, 109814, 329.73
2026/09/07 02:51:07.898, 0, 0, 7801, 125.85
2026/09/07 02:51:07.901, 1, 99, 109814, 479.83
2026/09/07 02:51:08.903, 0, 0, 7801, 126.32
2026/09/07 02:51:08.906, 1, 100, 109814, 486.59
2026/09/07 02:51:09.909, 0, 0, 7801, 126.40
2026/09/07 02:51:09.911, 1, 100, 109814, 486.58
2026/09/07 02:51:10.913, 0, 0, 7801, 126.46
2026/09/07 02:51:10.915, 1, 53, 109814, 354.47
2026/09/07 02:51:11.918, 0, 0, 7801, 126.41
2026/09/07 02:51:11.920, 1, 100, 109814, 465.55
2026/09/07 02:51:12.923, 0, 0, 7801, 126.46
2026/09/07 02:51:12.925, 1, 99, 109814, 466.15
2026/09/07 02:51:13.927, 0, 0, 7801, 126.39
2026/09/07 02:51:13.929, 1, 100, 109814, 463.77
2026/09/07 02:51:14.931, 0, 0, 7801, 126.42
2026/09/07 02:51:14.934, 1, 100, 109814, 465.35
2026/09/07 02:51:15.936, 0, 0, 7801, 126.39
2026/09/07 02:51:15.938, 1, 100, 109814, 475.74
2026/09/07 02:51:16.940, 0, 0, 7801, 126.42
2026/09/07 02:51:16.943, 1, 99, 109814, 470.77
2026/09/07 02:51:17.945, 0, 0, 7801, 126.41
2026/09/07 02:51:17.947, 1, 100, 109814, 475.73
2026/09/07 02:51:18.949, 0, 0, 7801, 126.42
2026/09/07 02:51:18.952, 1, 100, 109814, 477.12
2026/09/07 02:51:19.954, 0, 0, 7801, 126.46
2026/09/07 02:51:19.957, 1, 100, 109814, 483.48
2026/09/07 02:51:20.959, 0, 0, 7801, 126.41
2026/09/07 02:51:20.961, 1, 100, 109814, 481.97
2026/09/07 02:51:21.963, 0, 0, 7801, 126.47
2026/09/07 02:51:21.965, 1, 100, 109814, 485.61
2026/09/07 02:51:22.967, 0, 0, 7801, 126.38
2026/09/07 02:51:22.970, 1, 99, 109814, 490.30
2026/09/07 02:51:23.972, 0, 0, 7801, 126.42
2026/09/07 02:51:23.974, 1, 100, 109814, 486.83
2026/09/07 02:51:24.977, 0, 0, 7801, 126.39
2026/09/07 02:51:24.979, 1, 100, 109814, 491.35
2026/09/07 02:51:25.981, 0, 0, 7801, 126.48
2026/09/07 02:51:25.984, 1, 100, 109814, 490.04
2026/09/07 02:51:26.986, 0, 0, 7801, 126.39
2026/09/07 02:51:26.989, 1, 100, 109814, 496.01
2026/09/07 02:51:27.991, 0, 0, 7801, 126.43
2026/09/07 02:51:27.993, 1, 99, 109814, 496.05
2026/09/07 02:51:28.995, 0, 0, 7801, 126.43
2026/09/07 02:51:28.998, 1, 100, 109814, 497.80
2026/09/07 02:51:30.002, 0, 0, 7801, 126.43
2026/09/07 02:51:30.004, 1, 100, 109814, 502.17
2026/09/07 02:51:31.006, 0, 0, 7801, 126.43
2026/09/07 02:51:31.009, 1, 100, 109814, 500.61
2026/09/07 02:51:32.011, 0, 0, 7801, 126.43
2026/09/07 02:51:32.013, 1, 100, 109814, 500.96
2026/09/07 02:51:33.015, 0, 0, 7801, 126.41
2026/09/07 02:51:33.018, 1, 100, 109816, 476.85
2026/09/07 02:51:34.020, 0, 0, 7801, 126.40
2026/09/07 02:51:34.022, 1, 100, 109816, 492.63
2026/09/07 02:51:35.025, 0, 0, 7801, 126.40
2026/09/07 02:51:35.027, 1, 100, 109816, 487.47
2026/09/07 02:51:36.029, 0, 0, 7801, 126.43
2026/09/07 02:51:36.032, 1, 100, 109816, 493.07
2026/09/07 02:51:37.034, 0, 0, 7801, 126.46
2026/09/07 02:51:37.037, 1, 100, 109816, 499.84
2026/09/07 02:51:38.039, 0, 0, 7801, 126.38
2026/09/07 02:51:38.042, 1, 100, 109816, 497.40
2026/09/07 02:51:39.044, 0, 0, 7801, 126.49
2026/09/07 02:51:39.047, 1, 100, 109816, 492.32
2026/09/07 02:51:40.049, 0, 0, 7801, 126.39
2026/09/07 02:51:40.052, 1, 100, 109816, 501.78
2026/09/07 02:51:41.057, 0, 0, 7801, 126.47
2026/09/07 02:51:41.063, 1, 100, 109816, 502.14
2026/09/07 02:51:42.065, 0, 0, 7801, 126.44
2026/09/07 02:51:42.068, 1, 100, 109816, 494.14
2026/09/07 02:51:43.071, 0, 0, 7801, 126.49
2026/09/07 02:51:43.074, 1, 100, 109816, 506.44
2026/09/07 02:51:44.076, 0, 0, 7801, 126.43
2026/09/07 02:51:44.079, 1, 100, 109816, 504.43
2026/09/07 02:51:45.082, 0, 0, 7801, 126.47
2026/09/07 02:51:45.085, 1, 100, 109816, 503.77
2026/09/07 02:51:46.088, 0, 0, 7801, 126.39
2026/09/07 02:51:46.091, 1, 100, 109816, 509.58
2026/09/07 02:51:47.094, 0, 0, 7801, 126.42
2026/09/07 02:51:47.097, 1, 100, 109816, 511.17
2026/09/07 02:51:48.100, 0, 0, 7801, 126.52
2026/09/07 02:51:48.105, 1, 95, 109816, 486.40
2026/09/07 02:51:49.107, 0, 0, 7801, 126.51
2026/09/07 02:51:49.110, 1, 100, 109816, 498.67
2026/09/07 02:51:50.112, 0, 0, 7801, 126.54
2026/09/07 02:51:50.115, 1, 100, 109816, 499.80
2026/09/07 02:51:51.117, 0, 0, 7801, 126.47
2026/09/07 02:51:51.120, 1, 100, 109816, 497.56
2026/09/07 02:51:52.123, 0, 0, 7801, 126.53
2026/09/07 02:51:52.126, 1, 100, 109816, 507.49
2026/09/07 02:51:53.129, 0, 0, 7801, 126.45
2026/09/07 02:51:53.132, 1, 100, 109816, 504.89
2026/09/07 02:51:54.134, 0, 0, 7801, 126.52
2026/09/07 02:51:54.137, 1, 100, 109816, 503.44
2026/09/07 02:51:55.139, 0, 0, 7801, 126.44
2026/09/07 02:51:55.141, 1, 100, 109816, 507.73
2026/09/07 02:51:56.143, 0, 0, 7801, 126.56
2026/09/07 02:51:56.147, 1, 100, 109816, 501.09
2026/09/07 02:51:57.150, 0, 0, 7801, 126.47
2026/09/07 02:51:57.153, 1, 100, 109816, 513.24
2026/09/07 02:51:58.156, 0, 0, 7801, 126.49
2026/09/07 02:51:58.159, 1, 100, 109816, 508.05
2026/09/07 02:51:59.163, 0, 0, 7801, 126.47
2026/09/07 02:51:59.166, 1, 100, 109816, 508.53
2026/09/07 02:52:00.168, 0, 0, 7801, 126.54
2026/09/07 02:52:00.171, 1, 100, 109816, 509.53
2026/09/07 02:52:01.173, 0, 0, 7801, 126.56
2026/09/07 02:52:01.176, 1, 100, 109816, 529.57
2026/09/07 02:52:02.178, 0, 0, 7801, 126.60
2026/09/07 02:52:02.182, 1, 74, 109816, 501.85
2026/09/07 02:52:03.185, 0, 0, 7801, 126.63
2026/09/07 02:52:03.188, 1, 100, 109816, 507.11
2026/09/07 02:52:04.190, 0, 0, 7801, 126.51
2026/09/07 02:52:04.194, 1, 100, 109816, 509.65
2026/09/07 02:52:05.197, 0, 0, 7801, 126.64
2026/09/07 02:52:05.199, 1, 100, 109816, 512.82
2026/09/07 02:52:06.202, 0, 0, 7801, 126.52
2026/09/07 02:52:06.204, 1, 100, 109816, 509.64
2026/09/07 02:52:07.206, 0, 0, 7801, 126.59
2026/09/07 02:52:07.209, 1, 5, 109816, 406.55
2026/09/07 02:52:08.211, 0, 0, 7801, 126.55
2026/09/07 02:52:08.213, 1, 100, 109816, 470.78
2026/09/07 02:52:09.216, 0, 0, 7801, 126.60
2026/09/07 02:52:09.218, 1, 100, 109816, 499.44
2026/09/07 02:52:10.220, 0, 0, 7801, 126.51
2026/09/07 02:52:10.223, 1, 53, 109816, 496.27
2026/09/07 02:52:11.226, 0, 0, 7801, 126.55
2026/09/07 02:52:11.229, 1, 100, 109816, 510.46
2026/09/07 02:52:12.231, 0, 0, 7801, 126.55
2026/09/07 02:52:12.233, 1, 100, 109816, 482.93
2026/09/07 02:52:13.235, 0, 0, 7801, 126.57
2026/09/07 02:52:13.238, 1, 100, 109816, 491.16
2026/09/07 02:52:14.240, 0, 0, 7801, 126.60
2026/09/07 02:52:14.243, 1, 51, 109816, 481.45
2026/09/07 02:52:15.246, 0, 0, 7801, 126.55
2026/09/07 02:52:15.249, 1, 100, 109816, 489.78
2026/09/07 02:52:16.251, 0, 0, 7801, 126.63
2026/09/07 02:52:16.254, 1, 100, 109816, 459.00
2026/09/07 02:52:17.256, 0, 0, 7801, 126.54
2026/09/07 02:52:17.261, 1, 98, 109816, 476.62
2026/09/07 02:52:18.263, 0, 0, 7801, 126.58
2026/09/07 02:52:18.266, 1, 100, 109816, 482.53
2026/09/07 02:52:19.268, 0, 0, 7801, 126.54
2026/09/07 02:52:19.270, 1, 100, 109816, 485.06
2026/09/07 02:52:20.273, 0, 0, 7801, 126.61
2026/09/07 02:52:20.276, 1, 99, 109816, 484.64
2026/09/07 02:52:21.278, 0, 0, 7801, 126.56
2026/09/07 02:52:21.281, 1, 100, 109816, 490.83
2026/09/07 02:52:22.283, 0, 0, 7801, 126.61
2026/09/07 02:52:22.286, 1, 99, 109816, 494.24
2026/09/07 02:52:23.289, 0, 0, 7801, 126.57
2026/09/07 02:52:23.291, 1, 100, 109816, 489.48
2026/09/07 02:52:24.294, 0, 0, 7801, 126.63
2026/09/07 02:52:24.296, 1, 100, 109816, 496.99
2026/09/07 02:52:25.299, 0, 0, 7801, 126.60
2026/09/07 02:52:25.302, 1, 100, 109816, 492.39
2026/09/07 02:52:26.304, 0, 0, 7801, 126.63
2026/09/07 02:52:26.307, 1, 100, 109816, 493.24
2026/09/07 02:52:27.310, 0, 0, 7801, 126.65
2026/09/07 02:52:27.312, 1, 99, 109816, 499.26
2026/09/07 02:52:28.314, 0, 0, 7801, 126.54
2026/09/07 02:52:28.316, 1, 100, 109816, 497.18
2026/09/07 02:52:29.318, 0, 0, 7801, 126.65
2026/09/07 02:52:29.320, 1, 100, 109816, 499.12
2026/09/07 02:52:30.323, 0, 0, 7801, 126.56
2026/09/07 02:52:30.325, 1, 99, 109816, 500.67
2026/09/07 02:52:31.327, 0, 0, 7801, 126.62
2026/09/07 02:52:31.329, 1, 100, 109816, 506.45
2026/09/07 02:52:32.332, 0, 0, 7801, 126.54
2026/09/07 02:52:32.334, 1, 100, 109816, 495.05
2026/09/07 02:52:33.336, 0, 0, 7801, 126.69
2026/09/07 02:52:33.339, 1, 100, 109816, 502.86
2026/09/07 02:52:34.341, 0, 0, 7801, 126.60
2026/09/07 02:52:34.343, 1, 100, 109816, 508.54
2026/09/07 02:52:35.345, 0, 0, 7801, 126.62
2026/09/07 02:52:35.348, 1, 100, 109816, 498.45
2026/09/07 02:52:36.350, 0, 0, 7801, 126.65
2026/09/07 02:52:36.353, 1, 100, 109816, 508.92
2026/09/07 02:52:37.355, 0, 0, 7801, 126.61
2026/09/07 02:52:37.358, 1, 100, 109816, 519.46
2026/09/07 02:52:38.360, 0, 0, 7801, 126.61
2026/09/07 02:52:38.363, 1, 100, 109816, 397.60
2026/09/07 02:52:39.365, 0, 0, 7801, 126.68
2026/09/07 02:52:39.367, 1, 96, 109818, 297.25
2026/09/07 02:52:40.369, 0, 0, 7801, 126.69
2026/09/07 02:52:40.372, 1, 100, 109818, 476.77
2026/09/07 02:52:41.374, 0, 0, 7801, 126.57
2026/09/07 02:52:41.379, 1, 100, 109818, 479.75
2026/09/07 02:52:42.382, 0, 0, 7801, 126.62
2026/09/07 02:52:42.385, 1, 100, 109818, 484.28
2026/09/07 02:52:43.387, 0, 0, 7801, 126.62
2026/09/07 02:52:43.390, 1, 100, 109818, 489.59
2026/09/07 02:52:44.392, 0, 0, 7801, 126.64
2026/09/07 02:52:44.395, 1, 100, 109818, 490.16
2026/09/07 02:52:45.396, 0, 0, 7801, 126.58
2026/09/07 02:52:45.398, 1, 57, 109818, 476.71
2026/09/07 02:52:46.400, 0, 0, 7801, 126.68
2026/09/07 02:52:46.403, 1, 95, 109818, 479.82
2026/09/07 02:52:47.405, 0, 0, 7801, 126.61
2026/09/07 02:52:47.407, 1, 100, 109818, 480.64
2026/09/07 02:52:48.411, 0, 0, 7801, 126.61
2026/09/07 02:52:48.414, 1, 100, 109818, 477.39
2026/09/07 02:52:49.416, 0, 0, 7801, 126.56
2026/09/07 02:52:49.418, 1, 100, 109818, 494.05
2026/09/07 02:52:50.420, 0, 0, 7801, 126.62
2026/09/07 02:52:50.424, 1, 100, 109818, 472.43
2026/09/07 02:52:51.426, 0, 0, 7801, 126.59
2026/09/07 02:52:51.429, 1, 100, 109818, 490.54
2026/09/07 02:52:52.431, 0, 0, 7801, 126.55
2026/09/07 02:52:52.434, 1, 100, 109818, 487.64
2026/09/07 02:52:53.436, 0, 0, 7801, 126.64
2026/09/07 02:52:53.439, 1, 100, 109818, 490.05
2026/09/07 02:52:54.442, 0, 0, 7801, 126.57
2026/09/07 02:52:54.445, 1, 100, 109818, 486.37
2026/09/07 02:52:55.447, 0, 0, 7801, 126.58
2026/09/07 02:52:55.450, 1, 100, 109818, 471.30
2026/09/07 02:52:56.452, 0, 0, 7801, 126.57
2026/09/07 02:52:56.455, 1, 100, 109818, 488.56
2026/09/07 02:52:57.457, 0, 0, 7801, 126.55
2026/09/07 02:52:57.459, 1, 100, 109818, 490.03
2026/09/07 02:52:58.462, 0, 0, 7801, 126.61
2026/09/07 02:52:58.465, 1, 99, 109818, 489.21
2026/09/07 02:52:59.467, 0, 0, 7801, 126.60
2026/09/07 02:52:59.469, 1, 100, 109818, 501.55
2026/09/07 02:53:00.472, 0, 0, 7801, 126.64
2026/09/07 02:53:00.475, 1, 100, 109818, 494.06
2026/09/07 02:53:01.477, 0, 0, 7801, 126.58
2026/09/07 02:53:01.480, 1, 100, 109818, 506.77
2026/09/07 02:53:02.482, 0, 0, 7801, 126.59
2026/09/07 02:53:02.485, 1, 100, 109818, 507.43
2026/09/07 02:53:03.487, 0, 0, 7801, 126.55
2026/09/07 02:53:03.490, 1, 100, 109818, 505.81
2026/09/07 02:53:04.492, 0, 0, 7801, 126.65
2026/09/07 02:53:04.495, 1, 100, 109818, 507.61
2026/09/07 02:53:05.498, 0, 0, 7801, 126.53
2026/09/07 02:53:05.502, 1, 100, 109818, 508.67
2026/09/07 02:53:06.505, 0, 0, 7801, 126.63
2026/09/07 02:53:06.508, 1, 99, 109818, 410.70
2026/09/07 02:53:07.510, 0, 0, 7801, 126.58
2026/09/07 02:53:07.513, 1, 100, 109818, 507.38
2026/09/07 02:53:08.515, 0, 0, 7801, 126.63
2026/09/07 02:53:08.518, 1, 100, 109818, 486.84
2026/09/07 02:53:09.520, 0, 0, 7801, 126.57
2026/09/07 02:53:09.522, 1, 100, 109818, 490.11
2026/09/07 02:53:10.524, 0, 0, 7801, 126.57
2026/09/07 02:53:10.528, 1, 100, 109818, 494.32
2026/09/07 02:53:11.531, 0, 0, 7801, 126.60
2026/09/07 02:53:11.533, 1, 100, 109818, 503.87
2026/09/07 02:53:12.535, 0, 0, 7801, 126.59
2026/09/07 02:53:12.538, 1, 100, 109818, 491.67
2026/09/07 02:53:13.540, 0, 0, 7801, 126.57
2026/09/07 02:53:13.542, 1, 100, 109818, 497.47
2026/09/07 02:53:14.545, 0, 0, 7801, 126.57
2026/09/07 02:53:14.547, 1, 100, 109818, 497.55
2026/09/07 02:53:15.550, 0, 0, 7801, 126.66
2026/09/07 02:53:15.552, 1, 100, 109818, 502.93
2026/09/07 02:53:16.554, 0, 0, 7801, 126.58
2026/09/07 02:53:16.556, 1, 100, 109818, 513.02
2026/09/07 02:53:17.559, 0, 0, 7801, 126.63
2026/09/07 02:53:17.562, 1, 100, 109818, 507.32
2026/09/07 02:53:18.564, 0, 0, 7801, 126.61
2026/09/07 02:53:18.566, 1, 100, 109818, 505.61
2026/09/07 02:53:19.569, 0, 0, 7801, 126.61
2026/09/07 02:53:19.571, 1, 100, 109818, 506.01
2026/09/07 02:53:20.574, 0, 0, 7801, 126.56
2026/09/07 02:53:20.577, 1, 100, 109818, 507.39
2026/09/07 02:53:21.580, 0, 0, 7801, 126.60
2026/09/07 02:53:21.583, 1, 100, 109818, 506.69
2026/09/07 02:53:22.585, 0, 0, 7801, 126.57
2026/09/07 02:53:22.588, 1, 100, 109818, 507.46
2026/09/07 02:53:23.590, 0, 0, 7801, 126.61
2026/09/07 02:53:23.592, 1, 100, 109818, 508.65
2026/09/07 02:53:24.594, 0, 0, 7801, 126.69
2026/09/07 02:53:24.597, 1, 100, 109818, 421.86
2026/09/07 02:53:25.599, 0, 0, 7801, 126.57
2026/09/07 02:53:25.601, 1, 100, 109818, 495.32
2026/09/07 02:53:26.604, 0, 0, 7801, 126.71
2026/09/07 02:53:26.606, 1, 100, 109818, 528.78
2026/09/07 02:53:27.609, 0, 0, 7801, 126.59
2026/09/07 02:53:27.613, 1, 100, 109818, 521.74
2026/09/07 02:53:28.617, 0, 0, 7801, 126.69
2026/09/07 02:53:28.619, 1, 100, 109818, 520.50
2026/09/07 02:53:29.622, 0, 0, 7801, 126.54
2026/09/07 02:53:29.626, 1, 100, 109818, 514.75
2026/09/07 02:53:30.630, 0, 0, 7801, 126.66
2026/09/07 02:53:30.633, 1, 100, 109818, 500.39
2026/09/07 02:53:31.637, 0, 0, 7801, 126.61
2026/09/07 02:53:31.640, 1, 100, 109818, 509.31
2026/09/07 02:53:32.647, 0, 0, 7801, 126.71
2026/09/07 02:53:32.649, 1, 100, 109818, 506.97
2026/09/07 02:53:33.651, 0, 0, 7801, 126.69
2026/09/07 02:53:33.654, 1, 100, 109818, 509.52
2026/09/07 02:53:34.657, 0, 0, 7801, 126.63
2026/09/07 02:53:34.660, 1, 100, 109820, 526.18
2026/09/07 02:53:35.663, 0, 0, 7801, 126.72
2026/09/07 02:53:35.665, 1, 100, 109820, 480.17
2026/09/07 02:53:36.669, 0, 0, 7801, 126.65
2026/09/07 02:53:36.672, 1, 100, 109820, 512.61
2026/09/07 02:53:37.674, 0, 0, 7801, 126.68
2026/09/07 02:53:37.677, 1, 100, 109820, 450.07
2026/09/07 02:53:38.680, 0, 0, 7801, 126.64
2026/09/07 02:53:38.683, 1, 100, 109820, 471.21
2026/09/07 02:53:39.685, 0, 0, 7801, 126.66
2026/09/07 02:53:39.688, 1, 100, 109820, 506.45
2026/09/07 02:53:40.690, 0, 0, 7801, 126.65
2026/09/07 02:53:40.693, 1, 100, 109820, 506.18
2026/09/07 02:53:41.696, 0, 0, 7801, 126.71
2026/09/07 02:53:41.698, 1, 100, 109820, 499.27
2026/09/07 02:53:42.700, 0, 0, 7801, 126.68
2026/09/07 02:53:42.703, 1, 50, 109820, 494.41
2026/09/07 02:53:43.706, 0, 0, 7801, 126.69
2026/09/07 02:53:43.708, 1, 100, 109820, 494.66
2026/09/07 02:53:44.711, 0, 0, 7801, 126.65
2026/09/07 02:53:44.714, 1, 100, 109820, 487.07
2026/09/07 02:53:45.716, 0, 0, 7801, 126.67
2026/09/07 02:53:45.718, 1, 100, 109820, 496.03
2026/09/07 02:53:46.721, 0, 0, 7801, 126.70
2026/09/07 02:53:46.724, 1, 100, 109820, 523.37
2026/09/07 02:53:47.725, 0, 0, 7801, 126.67
2026/09/07 02:53:47.728, 1, 98, 109820, 483.99
2026/09/07 02:53:48.731, 0, 0, 7801, 126.72
2026/09/07 02:53:48.734, 1, 100, 109820, 509.52
2026/09/07 02:53:49.736, 0, 0, 7801, 126.68
2026/09/07 02:53:49.738, 1, 100, 109820, 400.63
2026/09/07 02:53:50.740, 0, 0, 7801, 126.69
2026/09/07 02:53:50.742, 1, 100, 109820, 491.98
2026/09/07 02:53:51.744, 0, 0, 7801, 126.67
2026/09/07 02:53:51.746, 1, 100, 109820, 491.76
2026/09/07 02:53:52.748, 0, 0, 7801, 126.70
2026/09/07 02:53:52.751, 1, 99, 109820, 465.12
2026/09/07 02:53:53.753, 0, 0, 7801, 126.69
2026/09/07 02:53:53.755, 1, 100, 109820, 493.93
2026/09/07 02:53:54.757, 0, 0, 7801, 126.72
2026/09/07 02:53:54.760, 1, 100, 109820, 491.18
2026/09/07 02:53:55.762, 0, 0, 7801, 126.72
2026/09/07 02:53:55.765, 1, 100, 109820, 488.92
2026/09/07 02:53:56.767, 0, 0, 7801, 126.71
2026/09/07 02:53:56.769, 1, 99, 109820, 485.21
2026/09/07 02:53:57.772, 0, 0, 7801, 126.68
2026/09/07 02:53:57.774, 1, 100, 109820, 493.55
2026/09/07 02:53:58.776, 0, 0, 7801, 126.67
2026/09/07 02:53:58.779, 1, 100, 109820, 404.96
2026/09/07 02:53:59.782, 0, 0, 7801, 126.75
2026/09/07 02:53:59.784, 1, 100, 109820, 491.72
2026/09/07 02:54:00.786, 0, 0, 7801, 126.65
2026/09/07 02:54:00.789, 1, 100, 109820, 497.87
2026/09/07 02:54:01.791, 0, 0, 7801, 126.73
2026/09/07 02:54:01.794, 1, 100, 109820, 499.38
2026/09/07 02:54:02.796, 0, 0, 7801, 126.67
2026/09/07 02:54:02.798, 1, 99, 109820, 502.38
2026/09/07 02:54:03.800, 0, 0, 7801, 126.68
2026/09/07 02:54:03.803, 1, 100, 109820, 492.12
2026/09/07 02:54:04.805, 0, 0, 7801, 126.71
2026/09/07 02:54:04.807, 1, 100, 109820, 502.70
2026/09/07 02:54:05.809, 0, 0, 7801, 126.66
2026/09/07 02:54:05.812, 1, 100, 109820, 499.40
2026/09/07 02:54:06.815, 0, 0, 7801, 126.76
2026/09/07 02:54:06.817, 1, 100, 109820, 493.81
2026/09/07 02:54:07.820, 0, 0, 7801, 126.68
2026/09/07 02:54:07.822, 1, 100, 109820, 511.90
2026/09/07 02:54:08.824, 0, 0, 7801, 126.69
2026/09/07 02:54:08.826, 1, 100, 109820, 508.11
2026/09/07 02:54:09.828, 0, 0, 7801, 126.65
2026/09/07 02:54:09.831, 1, 100, 109820, 508.60
2026/09/07 02:54:10.833, 0, 0, 7801, 126.71
2026/09/07 02:54:10.836, 1, 100, 109820, 518.53
2026/09/07 02:54:11.838, 0, 0, 7801, 126.65
2026/09/07 02:54:11.841, 1, 100, 109820, 497.69
2026/09/07 02:54:12.843, 0, 0, 7801, 126.76
2026/09/07 02:54:12.845, 1, 100, 109820, 508.12
2026/09/07 02:54:13.848, 0, 0, 7801, 126.68
2026/09/07 02:54:13.851, 1, 100, 109820, 519.26
2026/09/07 02:54:14.853, 0, 0, 7801, 126.70
2026/09/07 02:54:14.855, 1, 99, 109820, 493.96
2026/09/07 02:54:15.858, 0, 0, 7801, 126.74
2026/09/07 02:54:15.860, 1, 100, 109822, 264.45
2026/09/07 02:54:16.862, 0, 0, 7801, 126.68
2026/09/07 02:54:16.864, 1, 100, 109822, 485.21
2026/09/07 02:54:17.866, 0, 0, 7801, 126.73
2026/09/07 02:54:17.868, 1, 100, 109822, 480.07
2026/09/07 02:54:18.871, 0, 0, 7801, 126.66
2026/09/07 02:54:18.873, 1, 100, 109822, 488.87
2026/09/07 02:54:19.875, 0, 0, 7801, 126.28
2026/09/07 02:54:19.878, 1, 100, 109822, 486.42
2026/09/07 02:54:20.880, 0, 0, 7801, 126.22
2026/09/07 02:54:20.882, 1, 100, 109822, 481.34
2026/09/07 02:54:21.885, 0, 0, 7801, 126.23
2026/09/07 02:54:21.887, 1, 70, 109822, 473.07
2026/09/07 02:54:22.890, 0, 0, 7801, 126.16
2026/09/07 02:54:22.892, 1, 100, 109822, 482.72
2026/09/07 02:54:23.895, 0, 0, 7801, 126.20
2026/09/07 02:54:23.898, 1, 99, 109822, 488.38
2026/09/07 02:54:24.899, 0, 0, 7801, 126.24
2026/09/07 02:54:24.902, 1, 100, 109822, 478.64
2026/09/07 02:54:25.903, 0, 0, 7801, 126.18
2026/09/07 02:54:25.906, 1, 100, 109822, 490.05
2026/09/07 02:54:26.908, 0, 0, 7801, 126.23
2026/09/07 02:54:26.910, 1, 100, 109822, 493.67
2026/09/07 02:54:27.913, 0, 0, 7801, 126.17
2026/09/07 02:54:27.916, 1, 100, 109822, 487.80
2026/09/07 02:54:28.918, 0, 0, 7801, 126.19
2026/09/07 02:54:28.920, 1, 100, 109822, 493.78
2026/09/07 02:54:29.922, 0, 0, 7801, 126.16
2026/09/07 02:54:29.924, 1, 100, 109822, 483.88
2026/09/07 02:54:30.926, 0, 0, 7801, 126.24
2026/09/07 02:54:30.929, 1, 100, 109822, 485.93
2026/09/07 02:54:31.931, 0, 0, 7801, 125.66
2026/09/07 02:54:31.933, 1, 100, 109822, 491.33
2026/09/07 02:54:32.936, 0, 0, 7801, 125.48
2026/09/07 02:54:32.938, 1, 100, 109822, 487.52
2026/09/07 02:54:33.941, 0, 0, 7801, 125.52
2026/09/07 02:54:33.943, 1, 100, 109822, 501.12
2026/09/07 02:54:34.945, 0, 0, 7801, 125.57
2026/09/07 02:54:34.948, 1, 100, 109822, 493.74
2026/09/07 02:54:35.949, 0, 0, 7801, 125.52
2026/09/07 02:54:35.952, 1, 100, 109822, 500.44
2026/09/07 02:54:36.954, 0, 0, 7801, 125.40
2026/09/07 02:54:36.956, 1, 100, 109822, 481.61
2026/09/07 02:54:37.959, 0, 0, 7801, 125.56
2026/09/07 02:54:37.961, 1, 100, 109822, 492.49
2026/09/07 02:54:38.963, 0, 0, 7801, 125.49
2026/09/07 02:54:38.966, 1, 100, 109822, 493.81
2026/09/07 02:54:39.968, 0, 0, 7801, 125.52
2026/09/07 02:54:39.971, 1, 100, 109822, 485.70
2026/09/07 02:54:40.973, 0, 0, 7801, 125.51
2026/09/07 02:54:40.976, 1, 99, 109822, 502.59
2026/09/07 02:54:41.978, 0, 0, 7801, 125.54
2026/09/07 02:54:41.981, 1, 100, 109822, 502.12
2026/09/07 02:54:42.983, 0, 0, 7801, 125.49
2026/09/07 02:54:42.985, 1, 100, 109822, 487.92
2026/09/07 02:54:43.988, 0, 0, 7801, 125.55
2026/09/07 02:54:43.990, 1, 99, 109822, 486.76
2026/09/07 02:54:44.993, 0, 0, 7801, 125.50
2026/09/07 02:54:44.995, 1, 100, 109822, 448.50
2026/09/07 02:54:45.999, 0, 0, 7801, 125.50
2026/09/07 02:54:46.002, 1, 100, 109822, 487.81
2026/09/07 02:54:47.004, 0, 0, 7801, 125.48
2026/09/07 02:54:47.006, 1, 100, 109822, 485.96
2026/09/07 02:54:48.008, 0, 0, 7801, 125.46
2026/09/07 02:54:48.010, 1, 100, 109822, 493.54
2026/09/07 02:54:49.013, 0, 0, 7801, 125.50
2026/09/07 02:54:49.015, 1, 100, 109822, 467.62
2026/09/07 02:54:50.017, 0, 0, 7801, 125.47
2026/09/07 02:54:50.019, 1, 99, 109822, 378.63
2026/09/07 02:54:51.021, 0, 0, 7801, 125.53
2026/09/07 02:54:51.023, 1, 100, 109822, 488.30
2026/09/07 02:54:52.025, 0, 0, 7801, 125.43
2026/09/07 02:54:52.028, 1, 0, 109822, 416.25
2026/09/07 02:54:53.030, 0, 0, 7801, 125.48
2026/09/07 02:54:53.032, 1, 99, 109822, 330.85
2026/09/07 02:54:54.034, 0, 0, 7801, 125.44
2026/09/07 02:54:54.037, 1, 100, 109822, 470.35
2026/09/07 02:54:55.039, 0, 0, 7801, 125.52
2026/09/07 02:54:55.042, 1, 100, 109822, 489.53
2026/09/07 02:54:56.044, 0, 0, 7801, 125.47
2026/09/07 02:54:56.046, 1, 89, 109822, 443.33
2026/09/07 02:54:57.048, 0, 0, 7801, 125.49
2026/09/07 02:54:57.050, 1, 100, 109822, 398.77
2026/09/07 02:54:58.052, 0, 0, 7801, 125.47
2026/09/07 02:54:58.055, 1, 100, 109822, 493.18
2026/09/07 02:54:59.057, 0, 0, 7801, 125.47
2026/09/07 02:54:59.059, 1, 100, 109822, 499.80
2026/09/07 02:55:00.061, 0, 0, 7801, 125.47
2026/09/07 02:55:00.064, 1, 100, 109822, 497.17
2026/09/07 02:55:01.066, 0, 0, 7801, 125.48
2026/09/07 02:55:01.068, 1, 100, 109822, 491.43
2026/09/07 02:55:02.070, 0, 0, 7801, 125.56
2026/09/07 02:55:02.073, 1, 100, 109824, 472.64
2026/09/07 02:55:03.075, 0, 0, 7801, 125.46
2026/09/07 02:55:03.078, 1, 100, 109824, 514.96
2026/09/07 02:55:04.080, 0, 0, 7801, 125.47
2026/09/07 02:55:04.082, 1, 100, 109824, 513.83
2026/09/07 02:55:05.085, 0, 0, 7801, 125.42
2026/09/07 02:55:05.087, 1, 100, 109824, 495.97
2026/09/07 02:55:06.089, 0, 0, 7801, 125.53
2026/09/07 02:55:06.092, 1, 100, 109824, 494.05
2026/09/07 02:55:07.094, 0, 0, 7801, 125.46
2026/09/07 02:55:07.096, 1, 99, 109824, 515.92
2026/09/07 02:55:08.099, 0, 0, 7801, 125.43
2026/09/07 02:55:08.101, 1, 99, 109824, 486.78
2026/09/07 02:55:09.103, 0, 0, 7801, 125.43
2026/09/07 02:55:09.105, 1, 100, 109824, 493.89
2026/09/07 02:55:10.108, 0, 0, 7801, 125.44
2026/09/07 02:55:10.110, 1, 48, 109826, 475.92
2026/09/07 02:55:11.112, 0, 0, 7801, 125.41
2026/09/07 02:55:11.114, 1, 100, 109826, 474.84
2026/09/07 02:55:12.116, 0, 0, 7801, 125.44
2026/09/07 02:55:12.118, 1, 99, 109826, 495.37
2026/09/07 02:55:13.120, 0, 0, 7801, 125.43
2026/09/07 02:55:13.122, 1, 100, 109826, 371.66
2026/09/07 02:55:14.124, 0, 0, 7801, 125.46
2026/09/07 02:55:14.126, 1, 99, 109826, 469.52
2026/09/07 02:55:15.128, 0, 0, 7801, 125.47
2026/09/07 02:55:15.130, 1, 100, 109826, 487.32
2026/09/07 02:55:16.132, 0, 0, 7801, 125.40
2026/09/07 02:55:16.134, 1, 99, 109826, 485.87
2026/09/07 02:55:17.136, 0, 0, 7801, 125.44
2026/09/07 02:55:17.138, 1, 100, 109826, 500.83
2026/09/07 02:55:18.141, 0, 0, 7801, 125.41
2026/09/07 02:55:18.144, 1, 100, 109826, 490.04
2026/09/07 02:55:19.147, 0, 0, 7801, 125.49
2026/09/07 02:55:19.149, 1, 100, 109826, 354.65
2026/09/07 02:55:20.152, 0, 0, 7801, 125.41
2026/09/07 02:55:20.160, 1, 100, 109826, 503.62
2026/09/07 02:55:21.175, 0, 0, 7801, 125.43
2026/09/07 02:55:21.178, 1, 96, 109826, 499.71
2026/09/07 02:55:22.179, 0, 0, 7801, 125.42
2026/09/07 02:55:22.183, 1, 100, 109826, 491.13
2026/09/07 02:55:23.186, 0, 0, 7801, 125.40
2026/09/07 02:55:23.188, 1, 100, 109826, 505.47
2026/09/07 02:55:24.190, 0, 0, 7801, 125.42
2026/09/07 02:55:24.194, 1, 99, 109826, 502.69
2026/09/07 02:55:25.197, 0, 0, 7801, 125.44
2026/09/07 02:55:25.199, 1, 100, 109826, 513.53
2026/09/07 02:55:26.201, 0, 0, 7801, 125.49
2026/09/07 02:55:26.204, 1, 100, 109826, 502.24
2026/09/07 02:55:27.207, 0, 0, 7801, 125.33
2026/09/07 02:55:27.210, 1, 98, 109826, 489.53
2026/09/07 02:55:28.212, 0, 0, 7801, 125.43
2026/09/07 02:55:28.215, 1, 100, 109826, 499.41
2026/09/07 02:55:29.218, 0, 0, 7801, 125.35
2026/09/07 02:55:29.221, 1, 48, 109826, 481.65
2026/09/07 02:55:30.223, 0, 0, 7801, 125.40
2026/09/07 02:55:30.225, 1, 100, 109826, 485.28
2026/09/07 02:55:31.227, 0, 0, 7801, 125.36
2026/09/07 02:55:31.230, 1, 100, 109826, 498.25
2026/09/07 02:55:32.232, 0, 0, 7801, 125.47
2026/09/07 02:55:32.235, 1, 100, 109826, 493.91
2026/09/07 02:55:33.236, 0, 0, 7801, 125.40
2026/09/07 02:55:33.239, 1, 100, 109826, 493.44
2026/09/07 02:55:34.241, 0, 0, 7801, 125.41
2026/09/07 02:55:34.244, 1, 100, 109826, 498.87
2026/09/07 02:55:35.246, 0, 0, 7801, 125.39
2026/09/07 02:55:35.248, 1, 99, 109826, 500.18
2026/09/07 02:55:36.250, 0, 0, 7801, 125.41
2026/09/07 02:55:36.252, 1, 76, 109826, 455.11
2026/09/07 02:55:37.255, 0, 0, 7801, 125.43
2026/09/07 02:55:37.257, 1, 100, 109826, 494.58
2026/09/07 02:55:38.259, 0, 0, 7801, 125.36
2026/09/07 02:55:38.262, 1, 100, 109826, 492.99
2026/09/07 02:55:39.263, 0, 0, 7801, 125.48
2026/09/07 02:55:39.266, 1, 98, 109826, 483.13
2026/09/07 02:55:40.268, 0, 0, 7801, 125.35
2026/09/07 02:55:40.271, 1, 100, 109826, 501.89
2026/09/07 02:55:41.272, 0, 0, 7801, 125.43
2026/09/07 02:55:41.275, 1, 100, 109826, 505.19
2026/09/07 02:55:42.277, 0, 0, 7801, 125.38
2026/09/07 02:55:42.281, 1, 100, 109826, 463.10
2026/09/07 02:55:43.283, 0, 0, 7801, 125.43
2026/09/07 02:55:43.285, 1, 99, 109826, 499.84
2026/09/07 02:55:44.288, 0, 0, 7801, 125.33
2026/09/07 02:55:44.290, 1, 100, 109826, 503.95
2026/09/07 02:55:45.293, 0, 0, 7801, 125.48
2026/09/07 02:55:45.295, 1, 99, 109826, 504.91
2026/09/07 02:55:46.297, 0, 0, 7801, 125.41
2026/09/07 02:55:46.299, 1, 99, 109826, 503.50
2026/09/07 02:55:47.301, 0, 0, 7801, 125.42
2026/09/07 02:55:47.304, 1, 100, 109826, 508.53
2026/09/07 02:55:48.306, 0, 0, 7801, 125.42
2026/09/07 02:55:48.309, 1, 100, 109826, 506.66
2026/09/07 02:55:49.311, 0, 0, 7801, 125.40
2026/09/07 02:55:49.314, 1, 100, 109826, 505.34
2026/09/07 02:55:50.316, 0, 0, 7801, 125.38
2026/09/07 02:55:50.319, 1, 97, 109826, 499.82
2026/09/07 02:55:51.322, 0, 0, 7801, 125.40
2026/09/07 02:55:51.324, 1, 100, 109826, 521.67
2026/09/07 02:55:52.326, 0, 0, 7801, 125.47
2026/09/07 02:55:52.329, 1, 98, 109826, 477.25
2026/09/07 02:55:53.331, 0, 0, 7801, 125.40
2026/09/07 02:55:53.333, 1, 97, 109826, 442.07
2026/09/07 02:55:54.336, 0, 0, 7801, 125.40
2026/09/07 02:55:54.338, 1, 100, 109826, 465.24
2026/09/07 02:55:55.340, 0, 0, 7801, 125.39
2026/09/07 02:55:55.343, 1, 98, 109826, 473.74
2026/09/07 02:55:56.345, 0, 0, 7801, 125.43
2026/09/07 02:55:56.347, 1, 100, 109826, 465.89
2026/09/07 02:55:57.350, 0, 0, 7801, 125.35
2026/09/07 02:55:57.352, 1, 81, 109826, 457.59
2026/09/07 02:55:58.354, 0, 0, 7801, 125.44
2026/09/07 02:55:58.359, 1, 100, 109826, 458.80
2026/09/07 02:55:59.361, 0, 0, 7801, 125.43
2026/09/07 02:55:59.364, 1, 99, 109826, 451.63
2026/09/07 02:56:00.366, 0, 0, 7801, 125.40
2026/09/07 02:56:00.368, 1, 100, 109826, 472.99
2026/09/07 02:56:01.370, 0, 0, 7801, 125.39
2026/09/07 02:56:01.372, 1, 100, 109826, 484.83
2026/09/07 02:56:02.375, 0, 0, 7801, 125.36
2026/09/07 02:56:02.377, 1, 100, 109826, 492.30
2026/09/07 02:56:03.380, 0, 0, 7801, 125.44
2026/09/07 02:56:03.382, 1, 99, 109826, 473.34
2026/09/07 02:56:04.384, 0, 0, 7801, 125.39
2026/09/07 02:56:04.387, 1, 100, 109826, 471.92
2026/09/07 02:56:05.389, 0, 0, 7801, 125.46
2026/09/07 02:56:05.391, 1, 100, 109826, 486.53
2026/09/07 02:56:06.394, 0, 0, 7801, 125.38
2026/09/07 02:56:06.396, 1, 100, 109826, 487.57
2026/09/07 02:56:07.398, 0, 0, 7801, 125.41
2026/09/07 02:56:07.401, 1, 100, 109826, 462.65
2026/09/07 02:56:08.403, 0, 0, 7801, 125.46
2026/09/07 02:56:08.406, 1, 6, 109826, 362.32
2026/09/07 02:56:09.408, 0, 0, 7801, 125.44
2026/09/07 02:56:09.410, 1, 99, 109826, 485.13
2026/09/07 02:56:10.412, 0, 0, 7801, 125.40
2026/09/07 02:56:10.415, 1, 100, 109826, 485.24
2026/09/07 02:56:11.417, 0, 0, 7801, 125.43
2026/09/07 02:56:11.421, 1, 96, 109826, 493.61
2026/09/07 02:56:12.423, 0, 0, 7801, 125.41
2026/09/07 02:56:12.426, 1, 99, 109826, 475.33
2026/09/07 02:56:13.428, 0, 0, 7801, 125.38
2026/09/07 02:56:13.431, 1, 99, 109826, 486.60
2026/09/07 02:56:14.433, 0, 0, 7801, 125.42
2026/09/07 02:56:14.436, 1, 100, 109826, 469.65
2026/09/07 02:56:15.438, 0, 0, 7801, 125.42
2026/09/07 02:56:15.441, 1, 100, 109826, 492.78
2026/09/07 02:56:16.443, 0, 0, 7801, 125.51
2026/09/07 02:56:16.446, 1, 100, 109826, 492.56
2026/09/07 02:56:17.448, 0, 0, 7801, 125.38
2026/09/07 02:56:17.451, 1, 100, 109826, 500.12
2026/09/07 02:56:18.453, 0, 0, 7801, 125.46
2026/09/07 02:56:18.458, 1, 100, 109826, 502.46
2026/09/07 02:56:19.460, 0, 0, 7801, 125.44
2026/09/07 02:56:19.463, 1, 100, 109826, 476.76
2026/09/07 02:56:20.465, 0, 0, 7801, 125.39
2026/09/07 02:56:20.468, 1, 100, 109826, 484.43
2026/09/07 02:56:21.470, 0, 0, 7801, 125.40
2026/09/07 02:56:21.473, 1, 100, 109826, 497.65
2026/09/07 02:56:22.475, 0, 0, 7801, 125.42
2026/09/07 02:56:22.478, 1, 100, 109826, 493.14
2026/09/07 02:56:23.480, 0, 0, 7801, 125.43
2026/09/07 02:56:23.482, 1, 94, 109826, 485.23
2026/09/07 02:56:24.484, 0, 0, 7801, 125.39
2026/09/07 02:56:24.486, 1, 100, 109826, 502.17
2026/09/07 02:56:25.488, 0, 0, 7801, 125.42
2026/09/07 02:56:25.490, 1, 99, 109826, 474.73
2026/09/07 02:56:26.492, 0, 0, 7801, 125.35
2026/09/07 02:56:26.495, 1, 100, 109826, 510.94
2026/09/07 02:56:27.497, 0, 0, 7801, 125.38
2026/09/07 02:56:27.499, 1, 98, 109826, 517.87
2026/09/07 02:56:28.502, 0, 0, 7801, 125.34
2026/09/07 02:56:28.504, 1, 100, 109826, 505.07
2026/09/07 02:56:29.507, 0, 0, 7801, 125.44
2026/09/07 02:56:29.509, 1, 100, 109826, 490.58
2026/09/07 02:56:30.511, 0, 0, 7801, 125.38
2026/09/07 02:56:30.514, 1, 100, 109826, 477.31
2026/09/07 02:56:31.517, 0, 0, 7801, 125.38
2026/09/07 02:56:31.520, 1, 100, 109826, 484.12
2026/09/07 02:56:32.522, 0, 0, 7801, 125.40
2026/09/07 02:56:32.524, 1, 100, 109826, 491.48
2026/09/07 02:56:33.527, 0, 0, 7801, 125.49
2026/09/07 02:56:33.529, 1, 77, 109826, 448.56
2026/09/07 02:56:34.531, 0, 0, 7801, 125.45
2026/09/07 02:56:34.534, 1, 90, 109826, 419.60
2026/09/07 02:56:35.536, 0, 0, 7801, 125.38
2026/09/07 02:56:35.541, 1, 100, 109826, 489.48
2026/09/07 02:56:36.543, 0, 0, 7801, 125.44
2026/09/07 02:56:36.546, 1, 100, 109826, 471.97
2026/09/07 02:56:37.548, 0, 0, 7801, 125.36
2026/09/07 02:56:37.551, 1, 100, 109826, 511.59
2026/09/07 02:56:38.553, 0, 0, 7801, 125.46
2026/09/07 02:56:38.556, 1, 100, 109826, 501.99
2026/09/07 02:56:39.558, 0, 0, 7801, 125.31
2026/09/07 02:56:39.561, 1, 100, 109826, 504.09
2026/09/07 02:56:40.563, 0, 0, 7801, 125.46
2026/09/07 02:56:40.566, 1, 100, 109826, 501.76
2026/09/07 02:56:41.568, 0, 0, 7801, 125.39
2026/09/07 02:56:41.570, 1, 100, 109826, 501.73
2026/09/07 02:56:42.572, 0, 0, 7801, 125.42
2026/09/07 02:56:42.575, 1, 100, 109826, 483.34
2026/09/07 02:56:43.577, 0, 0, 7801, 125.45
2026/09/07 02:56:43.581, 1, 100, 109826, 508.32
2026/09/07 02:56:44.583, 0, 0, 7801, 125.40
2026/09/07 02:56:44.586, 1, 99, 109826, 503.87
2026/09/07 02:56:45.588, 0, 0, 7801, 125.45
2026/09/07 02:56:45.590, 1, 100, 109826, 507.25
2026/09/07 02:56:46.592, 0, 0, 7801, 125.39
2026/09/07 02:56:46.594, 1, 100, 109826, 487.12
2026/09/07 02:56:47.597, 0, 0, 7801, 125.45
2026/09/07 02:56:47.599, 1, 100, 109826, 481.75
2026/09/07 02:56:48.602, 0, 0, 7801, 125.34
2026/09/07 02:56:48.605, 1, 100, 109826, 494.23
2026/09/07 02:56:49.607, 0, 0, 7801, 125.48
2026/09/07 02:56:49.610, 1, 98, 109826, 466.50
2026/09/07 02:56:50.614, 0, 0, 7801, 125.47
2026/09/07 02:56:50.616, 1, 100, 109826, 469.20
2026/09/07 02:56:51.618, 0, 0, 7801, 125.47
2026/09/07 02:56:51.621, 1, 100, 109826, 451.00
2026/09/07 02:56:52.624, 0, 0, 7801, 125.40
2026/09/07 02:56:52.626, 1, 100, 109826, 493.27
2026/09/07 02:56:53.629, 0, 0, 7801, 125.46
2026/09/07 02:56:53.632, 1, 100, 109826, 472.12
2026/09/07 02:56:54.636, 0, 0, 7801, 125.46
2026/09/07 02:56:54.639, 1, 100, 109826, 492.81
2026/09/07 02:56:55.641, 0, 0, 7801, 125.41
2026/09/07 02:56:55.645, 1, 99, 109826, 495.41
2026/09/07 02:56:56.648, 0, 0, 7801, 125.49
2026/09/07 02:56:56.651, 1, 98, 109826, 482.32
2026/09/07 02:56:57.653, 0, 0, 7801, 125.46
2026/09/07 02:56:57.656, 1, 100, 109826, 481.76
2026/09/07 02:56:58.659, 0, 0, 7801, 125.54
2026/09/07 02:56:58.661, 1, 100, 109826, 351.05
2026/09/07 02:56:59.664, 0, 0, 7801, 125.45
2026/09/07 02:56:59.666, 1, 100, 109826, 489.71
2026/09/07 02:57:00.668, 0, 0, 7801, 125.52
2026/09/07 02:57:00.671, 1, 100, 109826, 483.14
2026/09/07 02:57:01.674, 0, 0, 7801, 125.44
2026/09/07 02:57:01.676, 1, 99, 109826, 487.13
2026/09/07 02:57:02.678, 0, 0, 7801, 125.46
2026/09/07 02:57:02.681, 1, 99, 109826, 469.86
2026/09/07 02:57:03.684, 0, 0, 7801, 125.46
2026/09/07 02:57:03.686, 1, 99, 109826, 446.84
2026/09/07 02:57:04.688, 0, 0, 7801, 125.50
2026/09/07 02:57:04.691, 1, 100, 109826, 478.07
2026/09/07 02:57:05.694, 0, 0, 7801, 125.42
2026/09/07 02:57:05.696, 1, 100, 109826, 478.00
2026/09/07 02:57:06.699, 0, 0, 7801, 125.45
2026/09/07 02:57:06.701, 1, 100, 109826, 481.27
2026/09/07 02:57:07.704, 0, 0, 7801, 125.50
2026/09/07 02:57:07.707, 1, 99, 109826, 486.62
2026/09/07 02:57:08.709, 0, 0, 7801, 125.43
2026/09/07 02:57:08.711, 1, 69, 109826, 449.60
2026/09/07 02:57:09.714, 0, 0, 7801, 125.42
2026/09/07 02:57:09.716, 1, 100, 109826, 487.60
2026/09/07 02:57:10.718, 0, 0, 7801, 125.40
2026/09/07 02:57:10.720, 1, 99, 109826, 485.89
2026/09/07 02:57:11.723, 0, 0, 7801, 125.47
2026/09/07 02:57:11.725, 1, 100, 109826, 490.21
2026/09/07 02:57:12.728, 0, 0, 7801, 125.43
2026/09/07 02:57:12.731, 1, 99, 109826, 460.28
2026/09/07 02:57:13.733, 0, 0, 7801, 125.45
2026/09/07 02:57:13.736, 1, 100, 109826, 495.14
2026/09/07 02:57:14.738, 0, 0, 7801, 125.42
2026/09/07 02:57:14.740, 1, 99, 109826, 496.46
2026/09/07 02:57:15.743, 0, 0, 7801, 125.49
2026/09/07 02:57:15.745, 1, 100, 109826, 502.09
2026/09/07 02:57:16.748, 0, 0, 7801, 125.47
2026/09/07 02:57:16.750, 1, 99, 109826, 501.77
2026/09/07 02:57:17.752, 0, 0, 7801, 125.46
2026/09/07 02:57:17.755, 1, 93, 109826, 454.15
2026/09/07 02:57:18.757, 0, 0, 7801, 125.47
2026/09/07 02:57:18.760, 1, 71, 109826, 458.83
2026/09/07 02:57:19.762, 0, 0, 7801, 125.41
2026/09/07 02:57:19.764, 1, 100, 109826, 460.60
2026/09/07 02:57:20.766, 0, 0, 7801, 125.51
2026/09/07 02:57:20.768, 1, 1, 109826, 418.02
2026/09/07 02:57:21.770, 0, 0, 7801, 125.39
2026/09/07 02:57:21.773, 1, 99, 109826, 391.14
2026/09/07 02:57:22.775, 0, 0, 7801, 125.46
2026/09/07 02:57:22.778, 1, 100, 109826, 438.90
2026/09/07 02:57:23.780, 0, 0, 7801, 125.41
2026/09/07 02:57:23.782, 1, 82, 109826, 480.25
2026/09/07 02:57:24.785, 0, 0, 7801, 125.46
2026/09/07 02:57:24.788, 1, 100, 109826, 485.98
2026/09/07 02:57:25.792, 0, 0, 7801, 125.42
2026/09/07 02:57:25.794, 1, 99, 109826, 486.46
2026/09/07 02:57:26.796, 0, 0, 7801, 125.47
2026/09/07 02:57:26.798, 1, 100, 109826, 490.58
2026/09/07 02:57:27.800, 0, 0, 7801, 125.37
2026/09/07 02:57:27.802, 1, 99, 109826, 500.36
2026/09/07 02:57:28.804, 0, 0, 7801, 125.44
2026/09/07 02:57:28.807, 1, 100, 109826, 480.19
2026/09/07 02:57:29.809, 0, 0, 7801, 125.44
2026/09/07 02:57:29.812, 1, 100, 109826, 371.48
2026/09/07 02:57:30.814, 0, 0, 7801, 125.39
2026/09/07 02:57:30.816, 1, 100, 109826, 489.41
2026/09/07 02:57:31.819, 0, 0, 7801, 125.49
2026/09/07 02:57:31.821, 1, 29, 109826, 314.99
2026/09/07 02:57:32.824, 0, 0, 7801, 125.38
2026/09/07 02:57:32.826, 1, 100, 109826, 480.68
2026/09/07 02:57:33.829, 0, 0, 7801, 125.42
2026/09/07 02:57:33.831, 1, 100, 109826, 473.49
2026/09/07 02:57:34.834, 0, 0, 7801, 125.34
2026/09/07 02:57:34.836, 1, 98, 109826, 490.68
2026/09/07 02:57:35.838, 0, 0, 7801, 125.43
2026/09/07 02:57:35.841, 1, 100, 109826, 492.91
2026/09/07 02:57:36.843, 0, 0, 7801, 125.37
2026/09/07 02:57:36.846, 1, 100, 109826, 470.80
2026/09/07 02:57:37.849, 0, 0, 7801, 125.43
2026/09/07 02:57:37.852, 1, 98, 109826, 482.72
2026/09/07 02:57:38.854, 0, 0, 7801, 125.37
2026/09/07 02:57:38.856, 1, 100, 109826, 480.53
2026/09/07 02:57:39.859, 0, 0, 7801, 125.42
2026/09/07 02:57:39.861, 1, 100, 109826, 466.23
2026/09/07 02:57:40.863, 0, 0, 7801, 125.29
2026/09/07 02:57:40.866, 1, 98, 109826, 489.23
2026/09/07 02:57:41.868, 0, 0, 7801, 125.43
2026/09/07 02:57:41.870, 1, 100, 109826, 493.04
2026/09/07 02:57:42.872, 0, 0, 7801, 125.38
2026/09/07 02:57:42.875, 1, 100, 109826, 491.52
2026/09/07 02:57:43.877, 0, 0, 7801, 125.36
2026/09/07 02:57:43.879, 1, 49, 109826, 482.90
2026/09/07 02:57:44.882, 0, 0, 7801, 125.38
2026/09/07 02:57:44.884, 1, 100, 109826, 501.61
2026/09/07 02:57:45.886, 0, 0, 7801, 125.34
2026/09/07 02:57:45.889, 1, 100, 109826, 499.61
2026/09/07 02:57:46.891, 0, 0, 7801, 125.37
2026/09/07 02:57:46.894, 1, 100, 109826, 507.18
2026/09/07 02:57:47.896, 0, 0, 7801, 125.28
2026/09/07 02:57:47.898, 1, 100, 109826, 510.23
2026/09/07 02:57:48.900, 0, 0, 7801, 125.41
2026/09/07 02:57:48.903, 1, 100, 109826, 455.79
2026/09/07 02:57:49.905, 0, 0, 7801, 125.35
2026/09/07 02:57:49.908, 1, 100, 109826, 503.53
2026/09/07 02:57:50.910, 0, 0, 7801, 125.38
2026/09/07 02:57:50.912, 1, 100, 109826, 481.01
2026/09/07 02:57:51.915, 0, 0, 7801, 125.33
2026/09/07 02:57:51.917, 1, 100, 109826, 464.22
2026/09/07 02:57:52.919, 0, 0, 7801, 125.37
2026/09/07 02:57:52.921, 1, 100, 109826, 465.71
2026/09/07 02:57:53.923, 0, 0, 7801, 125.32
2026/09/07 02:57:53.925, 1, 100, 109826, 481.57
2026/09/07 02:57:54.927, 0, 0, 7801, 125.32
2026/09/07 02:57:54.929, 1, 100, 109826, 486.57
2026/09/07 02:57:55.931, 0, 0, 7801, 125.41
2026/09/07 02:57:55.933, 1, 100, 109826, 487.73
2026/09/07 02:57:56.935, 0, 0, 7801, 125.33
2026/09/07 02:57:56.938, 1, 100, 109826, 468.65
2026/09/07 02:57:57.940, 0, 0, 7801, 125.39
2026/09/07 02:57:57.942, 1, 100, 109826, 486.15
2026/09/07 02:57:58.944, 0, 0, 7801, 125.35
2026/09/07 02:57:58.947, 1, 100, 109826, 495.23
2026/09/07 02:57:59.949, 0, 0, 7801, 125.33
2026/09/07 02:57:59.952, 1, 99, 109826, 493.62
2026/09/07 02:58:00.954, 0, 0, 7801, 125.32
2026/09/07 02:58:00.957, 1, 100, 109826, 454.09
2026/09/07 02:58:01.959, 0, 0, 7801, 125.46
2026/09/07 02:58:01.961, 1, 98, 109826, 497.26
2026/09/07 02:58:02.963, 0, 0, 7801, 125.35
2026/09/07 02:58:02.965, 1, 99, 109826, 483.74
2026/09/07 02:58:03.967, 0, 0, 7801, 125.36
2026/09/07 02:58:03.969, 1, 100, 109826, 504.21
2026/09/07 02:58:04.971, 0, 0, 7801, 125.33
2026/09/07 02:58:04.973, 1, 99, 109826, 499.92
2026/09/07 02:58:05.975, 0, 0, 7801, 125.38
2026/09/07 02:58:05.977, 1, 100, 109826, 488.79
2026/09/07 02:58:06.980, 0, 0, 7801, 125.36
2026/09/07 02:58:06.982, 1, 100, 109826, 476.22
2026/09/07 02:58:07.984, 0, 0, 7801, 125.38
2026/09/07 02:58:07.987, 1, 100, 109826, 474.18
2026/09/07 02:58:08.989, 0, 0, 7801, 125.44
2026/09/07 02:58:08.991, 1, 98, 109826, 480.48
2026/09/07 02:58:09.993, 0, 0, 7801, 125.33
2026/09/07 02:58:09.996, 1, 100, 109826, 475.14
2026/09/07 02:58:10.999, 0, 0, 7801, 125.37
2026/09/07 02:58:11.001, 1, 100, 109826, 470.84
2026/09/07 02:58:12.004, 0, 0, 7801, 125.28
2026/09/07 02:58:12.006, 1, 100, 109826, 473.06
2026/09/07 02:58:13.008, 0, 0, 7801, 125.40
2026/09/07 02:58:13.011, 1, 100, 109826, 497.04
2026/09/07 02:58:14.013, 0, 0, 7801, 125.34
2026/09/07 02:58:14.016, 1, 100, 109826, 485.75
2026/09/07 02:58:15.018, 0, 0, 7801, 125.35
2026/09/07 02:58:15.020, 1, 98, 109826, 477.94
2026/09/07 02:58:16.022, 0, 0, 7801, 125.33
2026/09/07 02:58:16.025, 1, 100, 109826, 478.96
2026/09/07 02:58:17.027, 0, 0, 7801, 125.35
2026/09/07 02:58:17.030, 1, 100, 109826, 488.51
2026/09/07 02:58:18.032, 0, 0, 7801, 125.41
2026/09/07 02:58:18.034, 1, 98, 109826, 493.49
2026/09/07 02:58:19.037, 0, 0, 7801, 125.38
2026/09/07 02:58:19.040, 1, 100, 109826, 492.86
2026/09/07 02:58:20.042, 0, 0, 7801, 125.40
2026/09/07 02:58:20.044, 1, 97, 109826, 489.93
2026/09/07 02:58:21.046, 0, 0, 7801, 125.33
2026/09/07 02:58:21.049, 1, 100, 109826, 482.97
2026/09/07 02:58:22.050, 0, 0, 7801, 125.33
2026/09/07 02:58:22.053, 1, 100, 109826, 488.36
2026/09/07 02:58:23.056, 0, 0, 7801, 125.32
2026/09/07 02:58:23.059, 1, 100, 109826, 479.89
2026/09/07 02:58:24.061, 0, 0, 7801, 125.34
2026/09/07 02:58:24.063, 1, 99, 109826, 480.47
2026/09/07 02:58:25.065, 0, 0, 7801, 125.36
2026/09/07 02:58:25.067, 1, 100, 109826, 492.65
2026/09/07 02:58:26.070, 0, 0, 7801, 125.44
2026/09/07 02:58:26.073, 1, 100, 109826, 492.94
2026/09/07 02:58:27.077, 0, 0, 7801, 125.28
2026/09/07 02:58:27.080, 1, 100, 109826, 492.42
2026/09/07 02:58:28.084, 0, 0, 7801, 125.40
2026/09/07 02:58:28.086, 1, 100, 109826, 479.49
2026/09/07 02:58:29.089, 0, 0, 7801, 125.36
2026/09/07 02:58:29.091, 1, 100, 109826, 484.64
2026/09/07 02:58:30.093, 0, 0, 7801, 125.34
2026/09/07 02:58:30.096, 1, 100, 109826, 476.67
2026/09/07 02:58:31.098, 0, 0, 7801, 125.39
2026/09/07 02:58:31.100, 1, 100, 109826, 470.51
2026/09/07 02:58:32.102, 0, 0, 7801, 125.32
2026/09/07 02:58:32.104, 1, 100, 109826, 479.96
2026/09/07 02:58:33.106, 0, 0, 7801, 125.41
2026/09/07 02:58:33.109, 1, 98, 109826, 480.68
2026/09/07 02:58:34.111, 0, 0, 7801, 125.32
2026/09/07 02:58:34.113, 1, 100, 109826, 477.95
2026/09/07 02:58:35.115, 0, 0, 7801, 125.43
2026/09/07 02:58:35.118, 1, 100, 109826, 480.23
2026/09/07 02:58:36.120, 0, 0, 7801, 125.32
2026/09/07 02:58:36.122, 1, 100, 109826, 471.97
2026/09/07 02:58:37.124, 0, 0, 7801, 125.42
2026/09/07 02:58:37.126, 1, 97, 109826, 474.01
2026/09/07 02:58:38.128, 0, 0, 7801, 125.34
2026/09/07 02:58:38.130, 1, 97, 109826, 471.35
2026/09/07 02:58:39.132, 0, 0, 7801, 125.43
2026/09/07 02:58:39.134, 1, 98, 109826, 474.67
2026/09/07 02:58:40.136, 0, 0, 7801, 125.35
2026/09/07 02:58:40.139, 1, 100, 109826, 472.45
2026/09/07 02:58:41.140, 0, 0, 7801, 125.37
2026/09/07 02:58:41.143, 1, 100, 109826, 473.28
2026/09/07 02:58:42.145, 0, 0, 7801, 125.36
2026/09/07 02:58:42.147, 1, 100, 109826, 447.97
2026/09/07 02:58:43.150, 0, 0, 7801, 125.37
2026/09/07 02:58:43.152, 1, 100, 109826, 460.20
2026/09/07 02:58:44.154, 0, 0, 7801, 125.34
2026/09/07 02:58:44.156, 1, 99, 109826, 468.71
2026/09/07 02:58:45.159, 0, 0, 7801, 125.28
2026/09/07 02:58:45.161, 1, 100, 109826, 471.78
2026/09/07 02:58:46.163, 0, 0, 7801, 125.46
2026/09/07 02:58:46.166, 1, 100, 109826, 475.34
2026/09/07 02:58:47.168, 0, 0, 7801, 125.33
2026/09/07 02:58:47.171, 1, 100, 109826, 467.93
2026/09/07 02:58:48.173, 0, 0, 7801, 125.39
2026/09/07 02:58:48.176, 1, 100, 109826, 474.36
2026/09/07 02:58:49.179, 0, 0, 7801, 125.35
2026/09/07 02:58:49.181, 1, 100, 109826, 481.86
2026/09/07 02:58:50.183, 0, 0, 7801, 125.41
2026/09/07 02:58:50.186, 1, 100, 109826, 469.12
2026/09/07 02:58:51.189, 0, 0, 7801, 125.36
2026/09/07 02:58:51.191, 1, 99, 109826, 475.98
2026/09/07 02:58:52.193, 0, 0, 7801, 125.35
2026/09/07 02:58:52.195, 1, 98, 109826, 469.84
2026/09/07 02:58:53.198, 0, 0, 7801, 125.32
2026/09/07 02:58:53.201, 1, 98, 109826, 460.56
2026/09/07 02:58:54.203, 0, 0, 7801, 125.32
2026/09/07 02:58:54.205, 1, 100, 109826, 455.48
2026/09/07 02:58:55.207, 0, 0, 7801, 125.32
2026/09/07 02:58:55.210, 1, 99, 109826, 459.12
2026/09/07 02:58:56.211, 0, 0, 7801, 125.29
2026/09/07 02:58:56.213, 1, 100, 109826, 451.42
2026/09/07 02:58:57.218, 0, 0, 7801, 125.43
2026/09/07 02:58:57.220, 1, 100, 109826, 461.02
2026/09/07 02:58:58.222, 0, 0, 7801, 125.31
2026/09/07 02:58:58.225, 1, 89, 109826, 461.23
2026/09/07 02:58:59.226, 0, 0, 7801, 125.37
2026/09/07 02:58:59.229, 1, 100, 109826, 465.09
2026/09/07 02:59:00.231, 0, 0, 7801, 125.32
2026/09/07 02:59:00.233, 1, 98, 109826, 464.83
2026/09/07 02:59:01.235, 0, 0, 7801, 125.29
2026/09/07 02:59:01.238, 1, 96, 109826, 451.03
2026/09/07 02:59:02.239, 0, 0, 7801, 125.24
2026/09/07 02:59:02.242, 1, 100, 109826, 454.24
2026/09/07 02:59:03.244, 0, 0, 7801, 125.29
2026/09/07 02:59:03.246, 1, 97, 109826, 450.85
2026/09/07 02:59:04.248, 0, 0, 7801, 125.38
2026/09/07 02:59:04.258, 1, 98, 109826, 432.44
2026/09/07 02:59:05.261, 0, 0, 7801, 125.32
2026/09/07 02:59:05.264, 1, 100, 109826, 431.78
2026/09/07 02:59:06.266, 0, 0, 7801, 125.35
2026/09/07 02:59:06.269, 1, 100, 109826, 431.66
2026/09/07 02:59:07.271, 0, 0, 7801, 125.34
2026/09/07 02:59:07.273, 1, 100, 109826, 434.41
2026/09/07 02:59:08.276, 0, 0, 7801, 125.39
2026/09/07 02:59:08.282, 1, 100, 109826, 437.66
2026/09/07 02:59:09.284, 0, 0, 7801, 125.30
2026/09/07 02:59:09.286, 1, 100, 109826, 436.82
2026/09/07 02:59:10.289, 0, 0, 7801, 125.40
2026/09/07 02:59:10.292, 1, 96, 109826, 440.45
2026/09/07 02:59:11.294, 0, 0, 7801, 125.36
2026/09/07 02:59:11.296, 1, 96, 109826, 437.23
2026/09/07 02:59:12.298, 0, 0, 7801, 125.30
2026/09/07 02:59:12.301, 1, 96, 109826, 434.41
2026/09/07 02:59:13.303, 0, 0, 7801, 125.25
2026/09/07 02:59:13.306, 1, 97, 109826, 436.88
2026/09/07 02:59:14.308, 0, 0, 7801, 125.32
2026/09/07 02:59:14.310, 1, 100, 109826, 425.40
2026/09/07 02:59:15.313, 0, 0, 7801, 125.35
2026/09/07 02:59:15.315, 1, 98, 109826, 421.57
2026/09/07 02:59:16.317, 0, 0, 7801, 125.30
2026/09/07 02:59:16.320, 1, 99, 109826, 426.13
2026/09/07 02:59:17.322, 0, 0, 7801, 125.35
2026/09/07 02:59:17.324, 1, 100, 109826, 424.84
2026/09/07 02:59:18.326, 0, 0, 7801, 125.30
2026/09/07 02:59:18.328, 1, 99, 109826, 426.16
2026/09/07 02:59:19.330, 0, 0, 7801, 125.31
2026/09/07 02:59:19.333, 1, 100, 109826, 425.38
2026/09/07 02:59:20.334, 0, 0, 7801, 125.29
2026/09/07 02:59:20.336, 1, 98, 109826, 428.33
2026/09/07 02:59:21.338, 0, 0, 7801, 125.38
2026/09/07 02:59:21.341, 1, 98, 109826, 424.64
2026/09/07 02:59:22.343, 0, 0, 7801, 125.25
2026/09/07 02:59:22.347, 1, 82, 109826, 403.13
2026/09/07 02:59:23.350, 0, 0, 7801, 125.29
2026/09/07 02:59:23.353, 1, 98, 109826, 409.06
2026/09/07 02:59:24.355, 0, 0, 7801, 125.26
2026/09/07 02:59:24.357, 1, 100, 109826, 408.79
2026/09/07 02:59:25.359, 0, 0, 7801, 125.29
2026/09/07 02:59:25.362, 1, 0, 109826, 173.56
2026/09/07 02:59:26.364, 0, 0, 7801, 125.29
2026/09/07 02:59:26.366, 1, 0, 109826, 125.78
2026/09/07 02:59:27.368, 0, 0, 7801, 125.28
2026/09/07 02:59:27.370, 1, 0, 109826, 125.22
2026/09/07 02:59:28.371, 0, 0, 7801, 125.34
2026/09/07 02:59:28.374, 1, 0, 109826, 124.92
2026/09/07 02:59:29.376, 0, 0, 7801, 125.22
2026/09/07 02:59:29.379, 1, 0, 109826, 124.51
2026/09/07 02:59:30.381, 0, 0, 7801, 125.25
2026/09/07 02:59:30.383, 1, 0, 109826, 124.26
2026/09/07 02:59:31.386, 0, 0, 7801, 125.18
2026/09/07 02:59:31.388, 1, 0, 109826, 124.01
2026/09/07 02:59:32.390, 0, 0, 7801, 125.21
2026/09/07 02:59:32.393, 1, 0, 109826, 123.66
2026/09/07 02:59:33.395, 0, 0, 7801, 125.14
2026/09/07 02:59:33.398, 1, 0, 109826, 123.49
2026/09/07 02:59:34.400, 0, 0, 7801, 125.16
2026/09/07 02:59:34.402, 1, 0, 109826, 123.29
2026/09/07 02:59:35.404, 0, 0, 7801, 125.03
2026/09/07 02:59:35.406, 1, 0, 109826, 122.98
2026/09/07 02:59:36.409, 0, 0, 7801, 125.01
2026/09/07 02:59:36.411, 1, 0, 109826, 122.88
2026/09/07 02:59:37.413, 0, 0, 7801, 124.99
2026/09/07 02:59:37.416, 1, 0, 109826, 122.67
2026/09/07 02:59:38.418, 0, 0, 7801, 124.91
2026/09/07 02:59:38.420, 1, 0, 109826, 122.42
2026/09/07 02:59:39.422, 0, 0, 7801, 124.89
2026/09/07 02:59:39.425, 1, 0, 109826, 122.33
2026/09/07 02:59:40.428, 0, 0, 7801, 125.38
2026/09/07 02:59:40.430, 1, 0, 109826, 122.13
2026/09/07 02:59:41.432, 0, 0, 7801, 125.46
2026/09/07 02:59:41.435, 1, 0, 109826, 121.87
2026/09/07 02:59:42.437, 0, 0, 7801, 125.36
2026/09/07 02:59:42.439, 1, 0, 109826, 121.80
2026/09/07 02:59:43.442, 0, 0, 7801, 125.32
2026/09/07 02:59:43.444, 1, 0, 109826, 121.65
2026/09/07 02:59:44.446, 0, 0, 7801, 125.25
2026/09/07 02:59:44.449, 1, 0, 109826, 121.39
2026/09/07 02:59:45.452, 0, 0, 7801, 125.28
2026/09/07 02:59:45.454, 1, 0, 109826, 121.31
2026/09/07 02:59:46.456, 0, 0, 7801, 125.20
2026/09/07 02:59:46.459, 1, 0, 109826, 121.25
2026/09/07 02:59:47.461, 0, 0, 7801, 125.17
2026/09/07 02:59:47.463, 1, 0, 109826, 120.61
2026/09/07 02:59:48.466, 0, 0, 7801, 125.08
2026/09/07 02:59:48.468, 1, 0, 109826, 120.23
2026/09/07 02:59:49.470, 0, 0, 7801, 125.00
2026/09/07 02:59:49.473, 1, 0, 109826, 120.08
2026/09/07 02:59:50.475, 0, 0, 7801, 124.95
2026/09/07 02:59:50.477, 1, 0, 109826, 120.01
2026/09/07 02:59:51.479, 0, 0, 7801, 124.90
2026/09/07 02:59:51.482, 1, 0, 109826, 119.89
2026/09/07 02:59:52.484, 0, 0, 7801, 124.87
2026/09/07 02:59:52.486, 1, 0, 109826, 119.70
2026/09/07 02:59:53.489, 0, 0, 7801, 124.78
2026/09/07 02:59:53.491, 1, 0, 109826, 119.63
2026/09/07 02:59:54.493, 0, 0, 7801, 124.76
2026/09/07 02:59:54.496, 1, 0, 109826, 119.56
2026/09/07 02:59:55.498, 0, 0, 7801, 124.64
2026/09/07 02:59:55.502, 1, 0, 109826, 119.46
2026/09/07 02:59:56.506, 0, 0, 7801, 124.61
2026/09/07 02:59:56.509, 1, 0, 109826, 119.29
2026/09/07 02:59:57.511, 0, 0, 7801, 124.43
2026/09/07 02:59:57.513, 1, 0, 109826, 119.17
2026/09/07 02:59:58.515, 0, 0, 7801, 124.56
2026/09/07 02:59:58.517, 1, 0, 109826, 119.14
2026/09/07 02:59:59.519, 0, 0, 7801, 124.65
2026/09/07 02:59:59.522, 1, 0, 109826, 119.04
2026/09/07 03:00:00.524, 0, 0, 7801, 124.88
2026/09/07 03:00:00.528, 1, 0, 109826, 118.88
2026/09/07 03:00:01.531, 0, 0, 7801, 124.80
2026/09/07 03:00:01.534, 1, 0, 109826, 118.80
2026/09/07 03:00:02.537, 0, 0, 7801, 124.76
2026/09/07 03:00:02.539, 1, 0, 109826, 118.78
2026/09/07 03:00:03.541, 0, 0, 7801, 124.68
2026/09/07 03:00:03.544, 1, 0, 109826, 118.68
2026/09/07 03:00:04.545, 0, 0, 7801, 124.65
2026/09/07 03:00:04.548, 1, 0, 109826, 118.51
2026/09/07 03:00:05.551, 0, 0, 7801, 124.61
2026/09/07 03:00:05.554, 1, 0, 109826, 118.47
2026/09/07 03:00:06.556, 0, 0, 7801, 124.53
2026/09/07 03:00:06.559, 1, 0, 109826, 118.42
2026/09/07 03:00:07.562, 0, 0, 7801, 124.47
2026/09/07 03:00:07.569, 1, 0, 109826, 118.36
2026/09/07 03:00:08.572, 0, 0, 7801, 124.41
2026/09/07 03:00:08.575, 1, 0, 109826, 118.28
2026/09/07 03:00:09.577, 0, 0, 7801, 124.34
2026/09/07 03:00:09.579, 1, 0, 109826, 118.20
2026/09/07 03:00:10.582, 0, 0, 7801, 124.29
2026/09/07 03:00:10.584, 1, 0, 109826, 118.16
2026/09/07 03:00:11.586, 0, 64, 16793, 124.44
2026/09/07 03:00:11.588, 1, 0, 109826, 118.10
2026/09/07 03:00:12.590, 0, 0, 32839, 126.03
2026/09/07 03:00:12.592, 1, 61, 109826, 188.13
2026/09/07 03:00:13.595, 0, 100, 35469, 317.85
2026/09/07 03:00:13.597, 1, 64, 109826, 244.41
2026/09/07 03:00:14.602, 0, 52, 35983, 318.74
2026/09/07 03:00:14.604, 1, 60, 109826, 251.50
2026/09/07 03:00:15.606, 0, 100, 40535, 694.12
2026/09/07 03:00:15.617, 1, 66, 109826, 252.83
2026/09/07 03:00:16.622, 0, 36, 40535, 503.81
2026/09/07 03:00:16.625, 1, 64, 109826, 250.24
2026/09/07 03:00:17.627, 0, 100, 41139, 153.17
2026/09/07 03:00:17.630, 1, 62, 109826, 246.52
2026/09/07 03:00:18.633, 0, 23, 41319, 128.29
2026/09/07 03:00:18.636, 1, 61, 109826, 245.07
2026/09/07 03:00:19.639, 0, 31, 41319, 125.96
2026/09/07 03:00:19.642, 1, 59, 109826, 244.32
2026/09/07 03:00:20.646, 0, 26, 41319, 126.09
2026/09/07 03:00:20.648, 1, 63, 109826, 246.32
2026/09/07 03:00:21.650, 0, 20, 41319, 125.99
2026/09/07 03:00:21.652, 1, 58, 109826, 241.08
2026/09/07 03:00:22.655, 0, 26, 41319, 125.74
2026/09/07 03:00:22.658, 1, 56, 109826, 240.20
2026/09/07 03:00:23.661, 0, 0, 43745, 126.57
2026/09/07 03:00:23.665, 1, 57, 109826, 238.01
2026/09/07 03:00:24.667, 0, 0, 32477, 125.30
2026/09/07 03:00:24.670, 1, 55, 109826, 243.06
2026/09/07 03:00:25.673, 0, 0, 31869, 124.90
2026/09/07 03:00:25.676, 1, 56, 109826, 251.60
2026/09/07 03:00:26.678, 0, 100, 31869, 125.21
2026/09/07 03:00:26.679, 1, 59, 109826, 236.90
2026/09/07 03:00:27.681, 0, 100, 31869, 125.85
2026/09/07 03:00:27.684, 1, 61, 109826, 244.09
2026/09/07 03:00:28.686, 0, 0, 11567, 127.53
2026/09/07 03:00:28.688, 1, 62, 109826, 246.68
2026/09/07 03:00:29.690, 0, 50, 36037, 124.88
2026/09/07 03:00:29.693, 1, 68, 109826, 246.69
2026/09/07 03:00:30.695, 0, 100, 36037, 127.39
2026/09/07 03:00:30.698, 1, 59, 109826, 248.19
2026/09/07 03:00:31.700, 0, 20, 36037, 124.58
2026/09/07 03:00:31.703, 1, 61, 109826, 249.49
2026/09/07 03:00:32.705, 0, 7, 43369, 169.85
2026/09/07 03:00:32.708, 1, 64, 109826, 248.96
2026/09/07 03:00:33.710, 0, 71, 86733, 344.32
2026/09/07 03:00:33.713, 1, 60, 109826, 249.19
2026/09/07 03:00:34.715, 0, 9, 86733, 259.69
2026/09/07 03:00:34.717, 1, 63, 109826, 250.92
2026/09/07 03:00:35.719, 0, 9, 86733, 163.65
2026/09/07 03:00:35.722, 1, 59, 109826, 247.93
2026/09/07 03:00:36.723, 0, 9, 86733, 136.96
2026/09/07 03:00:36.726, 1, 59, 109826, 248.76
2026/09/07 03:00:37.728, 0, 33, 86733, 167.11
2026/09/07 03:00:37.731, 1, 60, 109826, 245.87
2026/09/07 03:00:38.734, 0, 100, 91815, 316.51
2026/09/07 03:00:38.736, 1, 65, 109826, 253.81
2026/09/07 03:00:39.739, 0, 41, 91815, 580.31
2026/09/07 03:00:39.741, 1, 60, 109826, 248.19
2026/09/07 03:00:40.743, 0, 76, 91815, 284.94
2026/09/07 03:00:40.746, 1, 62, 109826, 249.61
2026/09/07 03:00:41.748, 0, 47, 92597, 222.66
2026/09/07 03:00:41.751, 1, 52, 109826, 255.32
2026/09/07 03:00:42.753, 0, 100, 92597, 127.79
2026/09/07 03:00:42.755, 1, 58, 109826, 257.56
2026/09/07 03:00:43.758, 0, 28, 92599, 126.63
2026/09/07 03:00:43.761, 1, 53, 109826, 249.47
2026/09/07 03:00:44.763, 0, 28, 92599, 125.45
2026/09/07 03:00:44.765, 1, 54, 109826, 242.89
2026/09/07 03:00:45.768, 0, 26, 92599, 125.79
2026/09/07 03:00:45.771, 1, 52, 109826, 240.85
2026/09/07 03:00:46.773, 0, 28, 92599, 125.68
2026/09/07 03:00:46.776, 1, 50, 109826, 243.11
2026/09/07 03:00:47.778, 0, 6, 95025, 126.57
2026/09/07 03:00:47.781, 1, 54, 109826, 245.15
2026/09/07 03:00:48.783, 0, 0, 95025, 126.67
2026/09/07 03:00:48.786, 1, 54, 109826, 252.48
2026/09/07 03:00:49.788, 0, 0, 36549, 127.85
2026/09/07 03:00:49.791, 1, 54, 109826, 250.10
2026/09/07 03:00:50.793, 0, 0, 35789, 124.43
2026/09/07 03:00:50.803, 1, 54, 109826, 255.37
2026/09/07 03:00:51.810, 0, 34, 11803, 127.60
2026/09/07 03:00:51.812, 1, 55, 109826, 255.27
2026/09/07 03:00:52.814, 0, 100, 36037, 124.80
2026/09/07 03:00:52.817, 1, 58, 109826, 256.73
2026/09/07 03:00:53.819, 0, 0, 36037, 125.32
2026/09/07 03:00:53.821, 1, 0, 109826, 180.78
2026/09/07 03:00:54.824, 0, 11, 36707, 128.23
2026/09/07 03:00:54.826, 1, 1, 110114, 124.35
2026/09/07 03:00:55.828, 0, 0, 36647, 142.63
2026/09/07 03:00:55.830, 1, 41, 109912, 207.64
2026/09/07 03:00:56.833, 0, 0, 35789, 124.24
2026/09/07 03:00:56.836, 1, 52, 109302, 204.69
2026/09/07 03:00:57.838, 0, 0, 35789, 123.99
2026/09/07 03:00:57.840, 1, 56, 109302, 252.59
2026/09/07 03:00:58.842, 0, 66, 16699, 126.95
2026/09/07 03:00:58.844, 1, 57, 109302, 236.13
2026/09/07 03:00:59.846, 0, 0, 32745, 125.68
2026/09/07 03:00:59.849, 1, 62, 109330, 222.56
2026/09/07 03:01:00.851, 0, 100, 35351, 293.10
2026/09/07 03:01:00.854, 1, 57, 109330, 250.45
2026/09/07 03:01:01.856, 0, 100, 35351, 688.83
2026/09/07 03:01:01.859, 1, 59, 109330, 251.58
2026/09/07 03:01:02.862, 0, 96, 40807, 482.31
2026/09/07 03:01:02.864, 1, 58, 109332, 214.04
2026/09/07 03:01:03.866, 0, 41, 40807, 639.33
2026/09/07 03:01:03.868, 1, 64, 109332, 252.20
2026/09/07 03:01:04.871, 0, 100, 40809, 668.03
2026/09/07 03:01:04.873, 1, 57, 109332, 244.60
2026/09/07 03:01:05.875, 0, 100, 40809, 689.34
2026/09/07 03:01:05.877, 1, 61, 109332, 252.75
2026/09/07 03:01:06.879, 0, 100, 40809, 688.31
2026/09/07 03:01:06.882, 1, 46, 109332, 217.52
2026/09/07 03:01:07.884, 0, 100, 40813, 694.83
2026/09/07 03:01:07.887, 1, 60, 109332, 242.38
2026/09/07 03:01:08.889, 0, 100, 41417, 397.10
2026/09/07 03:01:08.891, 1, 52, 109336, 246.54
2026/09/07 03:01:09.894, 0, 100, 41417, 129.46
2026/09/07 03:01:09.896, 1, 61, 109336, 253.07
2026/09/07 03:01:10.898, 0, 49, 41597, 128.10
2026/09/07 03:01:10.902, 1, 51, 109336, 231.34
2026/09/07 03:01:11.904, 0, 48, 41597, 127.26
2026/09/07 03:01:11.907, 1, 53, 109336, 231.69
2026/09/07 03:01:12.910, 0, 0, 44023, 127.06
2026/09/07 03:01:12.913, 1, 56, 109336, 231.20
2026/09/07 03:01:13.915, 0, 0, 32743, 125.43
2026/09/07 03:01:13.917, 1, 61, 109336, 240.38
2026/09/07 03:01:14.920, 0, 0, 31869, 124.78
2026/09/07 03:01:14.923, 1, 56, 109336, 253.89
2026/09/07 03:01:15.925, 0, 7, 31869, 124.65
2026/09/07 03:01:15.927, 1, 65, 109336, 236.78
2026/09/07 03:01:16.928, 0, 92, 11567, 128.24
2026/09/07 03:01:16.931, 1, 61, 109336, 253.77
2026/09/07 03:01:17.933, 0, 0, 36037, 124.62
2026/09/07 03:01:17.936, 1, 56, 109336, 247.80
2026/09/07 03:01:18.938, 0, 100, 36037, 125.86
2026/09/07 03:01:18.940, 1, 63, 109336, 254.28
2026/09/07 03:01:19.942, 0, 22, 36037, 125.77
2026/09/07 03:01:19.945, 1, 65, 109336, 254.25
2026/09/07 03:01:20.947, 0, 20, 36037, 124.21
2026/09/07 03:01:20.950, 1, 63, 109336, 254.47
2026/09/07 03:01:21.953, 0, 22, 36037, 124.54
2026/09/07 03:01:21.955, 1, 61, 109336, 254.23
2026/09/07 03:01:22.957, 0, 22, 36037, 124.49
2026/09/07 03:01:22.960, 1, 59, 109336, 250.84
2026/09/07 03:01:23.962, 0, 23, 36549, 124.37
2026/09/07 03:01:23.964, 1, 60, 109336, 252.83
2026/09/07 03:01:24.966, 0, 50, 42107, 244.23
2026/09/07 03:01:24.968, 1, 58, 109336, 245.12
2026/09/07 03:01:25.970, 0, 9, 81517, 320.67
2026/09/07 03:01:25.973, 1, 62, 109336, 251.27
2026/09/07 03:01:26.976, 0, 29, 81517, 147.88
2026/09/07 03:01:26.978, 1, 60, 109336, 258.75
2026/09/07 03:01:27.981, 0, 8, 81517, 150.82
2026/09/07 03:01:27.984, 1, 63, 109336, 256.81
2026/09/07 03:01:28.986, 0, 18, 81517, 158.80
2026/09/07 03:01:28.988, 1, 64, 109336, 252.60
2026/09/07 03:01:29.990, 0, 16, 90545, 266.51
2026/09/07 03:01:29.993, 1, 61, 109336, 253.27
2026/09/07 03:01:30.995, 0, 94, 90545, 652.56
2026/09/07 03:01:30.998, 1, 61, 109336, 255.55
2026/09/07 03:01:32.000, 0, 64, 90545, 306.15
2026/09/07 03:01:32.002, 1, 67, 109336, 253.80
2026/09/07 03:01:33.003, 0, 30, 90545, 197.28
2026/09/07 03:01:33.006, 1, 63, 109336, 256.75
2026/09/07 03:01:34.008, 0, 16, 90545, 150.58
2026/09/07 03:01:34.011, 1, 64, 109336, 257.38
2026/09/07 03:01:35.013, 0, 98, 90547, 515.71
2026/09/07 03:01:35.016, 1, 60, 109336, 255.42
2026/09/07 03:01:36.018, 0, 9, 90547, 273.14
2026/09/07 03:01:36.021, 1, 64, 109336, 252.29
2026/09/07 03:01:37.023, 0, 31, 90547, 159.90
2026/09/07 03:01:37.025, 1, 62, 109336, 254.76
2026/09/07 03:01:38.027, 0, 9, 90547, 138.31
2026/09/07 03:01:38.030, 1, 64, 109336, 256.91
2026/09/07 03:01:39.032, 0, 33, 90547, 172.52
2026/09/07 03:01:39.034, 1, 63, 109336, 256.40
2026/09/07 03:01:40.036, 0, 100, 90791, 380.36
2026/09/07 03:01:40.038, 1, 65, 109336, 254.98
2026/09/07 03:01:41.040, 0, 100, 90791, 675.41
2026/09/07 03:01:41.043, 1, 62, 109336, 260.84
2026/09/07 03:01:42.045, 0, 9, 90791, 127.27
2026/09/07 03:01:42.048, 1, 62, 109336, 258.15
2026/09/07 03:01:43.050, 0, 24, 90791, 177.21
2026/09/07 03:01:43.052, 1, 63, 109336, 261.99
2026/09/07 03:01:44.054, 0, 9, 90791, 126.14
2026/09/07 03:01:44.056, 1, 62, 109336, 259.85
2026/09/07 03:01:45.059, 0, 35, 90791, 190.58
2026/09/07 03:01:45.061, 1, 63, 109336, 257.17
2026/09/07 03:01:46.064, 0, 100, 90791, 452.07
2026/09/07 03:01:46.066, 1, 65, 109336, 261.34
2026/09/07 03:01:47.068, 0, 9, 90791, 532.31
2026/09/07 03:01:47.071, 1, 65, 109336, 258.19
2026/09/07 03:01:48.073, 0, 7, 90791, 129.24
2026/09/07 03:01:48.076, 1, 59, 109336, 257.73
2026/09/07 03:01:49.078, 0, 8, 90791, 173.04
2026/09/07 03:01:49.081, 1, 63, 109336, 259.23
2026/09/07 03:01:50.083, 0, 33, 90791, 150.12
2026/09/07 03:01:50.085, 1, 66, 109336, 261.27
2026/09/07 03:01:51.087, 0, 88, 90793, 261.48
2026/09/07 03:01:51.090, 1, 66, 109336, 262.43
2026/09/07 03:01:52.093, 0, 32, 91575, 599.84
2026/09/07 03:01:52.096, 1, 62, 109336, 264.45
2026/09/07 03:01:53.098, 0, 100, 91575, 129.62
2026/09/07 03:01:53.101, 1, 64, 109336, 254.01
2026/09/07 03:01:54.103, 0, 46, 91577, 128.38
2026/09/07 03:01:54.109, 1, 49, 109336, 243.94
2026/09/07 03:01:55.111, 0, 50, 91577, 127.74
2026/09/07 03:01:55.117, 1, 48, 109336, 226.79
2026/09/07 03:01:56.122, 0, 0, 94003, 126.80
2026/09/07 03:01:56.124, 1, 47, 109336, 216.37
2026/09/07 03:01:57.127, 0, 100, 94003, 129.71
2026/09/07 03:01:57.130, 1, 59, 109336, 260.52
2026/09/07 03:01:58.132, 0, 87, 37059, 129.12
2026/09/07 03:01:58.134, 1, 64, 109336, 262.32
2026/09/07 03:01:59.136, 0, 1, 35789, 125.25
2026/09/07 03:01:59.139, 1, 62, 109336, 259.78
2026/09/07 03:02:00.142, 0, 0, 35789, 125.00
2026/09/07 03:02:00.145, 1, 57, 109336, 256.82
2026/09/07 03:02:01.147, 0, 33, 11565, 127.87
2026/09/07 03:02:01.150, 1, 55, 109336, 272.40
2026/09/07 03:02:02.152, 0, 0, 36035, 125.43
2026/09/07 03:02:02.155, 1, 63, 109336, 262.33
2026/09/07 03:02:03.158, 0, 100, 36035, 126.60
2026/09/07 03:02:03.160, 1, 44, 109336, 264.96
2026/09/07 03:02:04.162, 0, 0, 36035, 124.71
2026/09/07 03:02:04.166, 1, 3, 109514, 119.19
2026/09/07 03:02:05.169, 0, 5, 36645, 143.21
2026/09/07 03:02:05.171, 1, 71, 110402, 143.12
2026/09/07 03:02:06.173, 0, 1, 36323, 126.25
2026/09/07 03:02:06.177, 1, 0, 109860, 281.35
2026/09/07 03:02:07.181, 0, 10, 35789, 125.20
2026/09/07 03:02:07.183, 1, 58, 109794, 238.19
2026/09/07 03:02:08.186, 0, 100, 16697, 128.35
2026/09/07 03:02:08.190, 1, 61, 109808, 234.60
2026/09/07 03:02:09.194, 0, 0, 32743, 125.07
2026/09/07 03:02:09.196, 1, 63, 109808, 259.14
2026/09/07 03:02:10.199, 0, 42, 34829, 395.72
2026/09/07 03:02:10.201, 1, 63, 109808, 259.89
2026/09/07 03:02:11.203, 0, 78, 36043, 565.36
2026/09/07 03:02:11.206, 1, 65, 109808, 259.75
2026/09/07 03:02:12.209, 0, 100, 36647, 190.92
2026/09/07 03:02:12.213, 1, 61, 109808, 261.92
2026/09/07 03:02:13.216, 0, 100, 36827, 127.55
2026/09/07 03:02:13.218, 1, 67, 109808, 262.50
2026/09/07 03:02:14.221, 0, 45, 36827, 127.36
2026/09/07 03:02:14.225, 1, 49, 109808, 234.83
2026/09/07 03:02:15.229, 0, 52, 36827, 126.88
2026/09/07 03:02:15.231, 1, 45, 109808, 235.12
2026/09/07 03:02:16.235, 0, 0, 39253, 127.67
2026/09/07 03:02:16.238, 1, 59, 109808, 242.07
2026/09/07 03:02:17.240, 0, 0, 32745, 125.08
2026/09/07 03:02:17.243, 1, 63, 109808, 258.36
2026/09/07 03:02:18.246, 0, 0, 31869, 124.91
2026/09/07 03:02:18.248, 1, 65, 109808, 256.96
2026/09/07 03:02:19.251, 0, 100, 31869, 125.28
2026/09/07 03:02:19.254, 1, 59, 109808, 264.85
2026/09/07 03:02:20.255, 0, 100, 11565, 128.26
2026/09/07 03:02:20.258, 1, 65, 109808, 259.45
2026/09/07 03:02:21.260, 0, 30, 36035, 124.81
2026/09/07 03:02:21.263, 1, 61, 109808, 254.32
2026/09/07 03:02:22.265, 0, 100, 36035, 127.30
2026/09/07 03:02:22.267, 1, 58, 109808, 265.50
2026/09/07 03:02:23.270, 0, 0, 36547, 148.82
2026/09/07 03:02:23.273, 1, 61, 109808, 261.48
2026/09/07 03:02:24.275, 0, 11, 46759, 167.22
2026/09/07 03:02:24.277, 1, 63, 109808, 262.15
2026/09/07 03:02:25.279, 0, 21, 49439, 328.88
2026/09/07 03:02:25.282, 1, 62, 109808, 263.17
2026/09/07 03:02:26.284, 0, 66, 49441, 328.97
2026/09/07 03:02:26.286, 1, 61, 109808, 264.68
2026/09/07 03:02:27.288, 0, 35, 49441, 181.92
2026/09/07 03:02:27.290, 1, 65, 109808, 263.67
2026/09/07 03:02:28.292, 0, 19, 49441, 304.49
2026/09/07 03:02:28.294, 1, 63, 109808, 269.60
2026/09/07 03:02:29.296, 0, 100, 50223, 226.05
2026/09/07 03:02:29.298, 1, 64, 109810, 258.33
2026/09/07 03:02:30.301, 0, 100, 50223, 127.82
2026/09/07 03:02:30.304, 1, 62, 109810, 267.03
2026/09/07 03:02:31.306, 0, 47, 50225, 126.81
2026/09/07 03:02:31.310, 1, 48, 109810, 234.31
2026/09/07 03:02:32.312, 0, 47, 50225, 126.61
2026/09/07 03:02:32.316, 1, 57, 109810, 244.02
2026/09/07 03:02:33.319, 0, 100, 52651, 126.91
2026/09/07 03:02:33.322, 1, 65, 109810, 248.41
2026/09/07 03:02:34.324, 0, 0, 52651, 126.03
2026/09/07 03:02:34.326, 1, 64, 109810, 268.71
2026/09/07 03:02:35.330, 0, 2, 35759, 125.46
2026/09/07 03:02:35.333, 1, 60, 109810, 257.46
2026/09/07 03:02:36.335, 0, 73, 7801, 125.33
2026/09/07 03:02:36.338, 1, 61, 109810, 255.24
2026/09/07 03:02:37.340, 0, 0, 36005, 126.43
2026/09/07 03:02:37.343, 1, 62, 109810, 258.05
2026/09/07 03:02:38.345, 0, 43, 36005, 125.88
2026/09/07 03:02:38.347, 1, 0, 109810, 233.43
2026/09/07 03:02:39.350, 0, 0, 36295, 124.11
2026/09/07 03:02:39.352, 1, 1, 109804, 119.56
2026/09/07 03:02:40.354, 0, 7, 36615, 146.77
2026/09/07 03:02:40.357, 1, 94, 110404, 210.19
2026/09/07 03:02:41.359, 0, 0, 36071, 123.44
2026/09/07 03:02:41.361, 1, 55, 110110, 243.86
2026/09/07 03:02:42.364, 0, 100, 35759, 123.81
2026/09/07 03:02:42.366, 1, 61, 109822, 252.30
2026/09/07 03:02:43.369, 0, 100, 16699, 127.80
2026/09/07 03:02:43.371, 1, 60, 109824, 255.99
2026/09/07 03:02:44.373, 0, 0, 32745, 124.03
2026/09/07 03:02:44.375, 1, 63, 109824, 258.31
2026/09/07 03:02:45.377, 0, 76, 35667, 446.77
2026/09/07 03:02:45.380, 1, 62, 109824, 254.37
2026/09/07 03:02:46.382, 0, 88, 36177, 547.73
2026/09/07 03:02:46.385, 1, 62, 109824, 257.21
2026/09/07 03:02:47.387, 0, 100, 36783, 262.98
2026/09/07 03:02:47.390, 1, 61, 109824, 260.69
2026/09/07 03:02:48.392, 0, 100, 36963, 127.11
2026/09/07 03:02:48.395, 1, 55, 109824, 251.39
2026/09/07 03:02:49.396, 0, 48, 36963, 126.76
2026/09/07 03:02:49.400, 1, 43, 109824, 236.22
2026/09/07 03:02:50.402, 0, 46, 36963, 126.99
2026/09/07 03:02:50.405, 1, 53, 109826, 230.58
2026/09/07 03:02:51.407, 0, 0, 39389, 126.14
2026/09/07 03:02:51.410, 1, 63, 109826, 233.69
2026/09/07 03:02:52.413, 0, 0, 32745, 124.59
2026/09/07 03:02:52.415, 1, 61, 109826, 259.26
2026/09/07 03:02:53.418, 0, 0, 31869, 124.44
2026/09/07 03:02:53.421, 1, 60, 109826, 257.30
2026/09/07 03:02:54.423, 0, 100, 31869, 125.02
2026/09/07 03:02:54.426, 1, 62, 109826, 253.13
2026/09/07 03:02:55.429, 0, 56, 36005, 127.75
2026/09/07 03:02:55.431, 1, 60, 109826, 250.79
2026/09/07 03:02:56.433, 0, 93, 36005, 124.54
2026/09/07 03:02:56.436, 1, 62, 109828, 250.99
2026/09/07 03:02:57.439, 0, 100, 36005, 126.86
2026/09/07 03:02:57.442, 1, 64, 109828, 260.44
2026/09/07 03:02:58.443, 0, 0, 43555, 147.12
2026/09/07 03:02:58.446, 1, 62, 109828, 258.44
2026/09/07 03:02:59.448, 0, 14, 46191, 179.49
2026/09/07 03:02:59.451, 1, 60, 109828, 263.09
2026/09/07 03:03:00.453, 0, 9, 48115, 313.67
2026/09/07 03:03:00.456, 1, 63, 109828, 265.33
2026/09/07 03:03:01.458, 0, 15, 48115, 273.68
2026/09/07 03:03:01.461, 1, 64, 109828, 264.34
2026/09/07 03:03:02.463, 0, 10, 61695, 313.31
2026/09/07 03:03:02.466, 1, 64, 109828, 266.01
2026/09/07 03:03:03.468, 0, 9, 61695, 148.22
2026/09/07 03:03:03.471, 1, 63, 109828, 267.39
2026/09/07 03:03:04.474, 0, 91, 62481, 417.95
2026/09/07 03:03:04.477, 1, 64, 109828, 268.45
2026/09/07 03:03:05.479, 0, 100, 62481, 127.77
2026/09/07 03:03:05.482, 1, 66, 109828, 270.58
2026/09/07 03:03:06.485, 0, 44, 62483, 127.14
2026/09/07 03:03:06.489, 1, 51, 109828, 248.51
2026/09/07 03:03:07.491, 0, 44, 62483, 126.43
2026/09/07 03:03:07.494, 1, 45, 109828, 230.51
2026/09/07 03:03:08.498, 0, 45, 64909, 126.39
2026/09/07 03:03:08.501, 1, 26, 109828, 227.51
2026/09/07 03:03:09.503, 0, 100, 64909, 128.37
2026/09/07 03:03:09.506, 1, 62, 109828, 268.68
2026/09/07 03:03:10.509, 0, 1, 37029, 126.01
2026/09/07 03:03:10.512, 1, 61, 109828, 267.74
2026/09/07 03:03:11.516, 0, 0, 35759, 124.12
2026/09/07 03:03:11.518, 1, 64, 109828, 263.63
2026/09/07 03:03:12.520, 0, 73, 11565, 126.70
2026/09/07 03:03:12.522, 1, 65, 109828, 270.81
2026/09/07 03:03:13.524, 0, 0, 36005, 124.71
2026/09/07 03:03:13.527, 1, 65, 109828, 267.67
2026/09/07 03:03:14.529, 0, 0, 36005, 125.65
2026/09/07 03:03:14.531, 1, 37, 109828, 244.80
2026/09/07 03:03:15.533, 0, 1, 36295, 123.85
2026/09/07 03:03:15.555, 1, 0, 109804, 119.69
2026/09/07 03:03:16.558, 0, 0, 36615, 145.17
2026/09/07 03:03:16.561, 1, 88, 110404, 266.48
2026/09/07 03:03:17.564, 0, 1, 35995, 123.69
2026/09/07 03:03:17.566, 1, 55, 109822, 327.01
2026/09/07 03:03:18.569, 0, 100, 35759, 124.31
2026/09/07 03:03:18.572, 1, 62, 109822, 254.78
2026/09/07 03:03:19.574, 0, 0, 7801, 126.00
2026/09/07 03:03:19.577, 1, 42, 109826, 259.34
2026/09/07 03:03:20.580, 0, 0, 7801, 123.61
2026/09/07 03:03:20.583, 1, 61, 109826, 264.91
2026/09/07 03:03:21.586, 0, 0, 7801, 123.58
2026/09/07 03:03:21.589, 1, 63, 109826, 265.13
2026/09/07 03:03:22.591, 0, 0, 7801, 123.59
2026/09/07 03:03:22.593, 1, 60, 109826, 268.92
2026/09/07 03:03:23.596, 0, 100, 16699, 125.26
2026/09/07 03:03:23.598, 1, 61, 109826, 252.11
2026/09/07 03:03:24.600, 0, 0, 32745, 123.80
2026/09/07 03:03:24.602, 1, 63, 109826, 268.12
2026/09/07 03:03:25.605, 0, 100, 40827, 585.71
2026/09/07 03:03:25.609, 1, 64, 109826, 266.37
2026/09/07 03:03:26.612, 0, 98, 42043, 671.68
2026/09/07 03:03:26.614, 1, 61, 109826, 264.00
2026/09/07 03:03:27.616, 0, 100, 42647, 421.31
2026/09/07 03:03:27.619, 1, 64, 109826, 271.20
2026/09/07 03:03:28.622, 0, 100, 42647, 127.54
2026/09/07 03:03:28.624, 1, 64, 109826, 265.73
2026/09/07 03:03:29.625, 0, 44, 42827, 126.99
2026/09/07 03:03:29.630, 1, 49, 109826, 252.49
2026/09/07 03:03:30.634, 0, 51, 42827, 126.95
2026/09/07 03:03:30.637, 1, 45, 109826, 245.01
2026/09/07 03:03:31.640, 0, 87, 45253, 127.24
2026/09/07 03:03:31.644, 1, 55, 109826, 233.76
2026/09/07 03:03:32.646, 0, 29, 33257, 126.00
2026/09/07 03:03:32.649, 1, 60, 109826, 266.43
2026/09/07 03:03:33.652, 0, 23, 31869, 124.50
2026/09/07 03:03:33.654, 1, 60, 109826, 271.46
2026/09/07 03:03:34.656, 0, 0, 31869, 124.10
2026/09/07 03:03:34.662, 1, 59, 109826, 269.76
2026/09/07 03:03:35.664, 0, 100, 8047, 127.00
2026/09/07 03:03:35.668, 1, 66, 109826, 264.97
2026/09/07 03:03:36.671, 0, 0, 36005, 126.14
2026/09/07 03:03:36.674, 1, 64, 109826, 262.04
2026/09/07 03:03:37.676, 0, 91, 36005, 126.23
2026/09/07 03:03:37.679, 1, 63, 109826, 261.58
2026/09/07 03:03:38.681, 0, 20, 36005, 125.39
2026/09/07 03:03:38.684, 1, 61, 109826, 257.83
2026/09/07 03:03:39.686, 0, 1, 63775, 183.88
2026/09/07 03:03:39.692, 1, 61, 109826, 260.32
2026/09/07 03:03:40.693, 0, 9, 79659, 282.76
2026/09/07 03:03:40.696, 1, 61, 109826, 260.09
2026/09/07 03:03:41.698, 0, 15, 80171, 157.90
2026/09/07 03:03:41.701, 1, 60, 109826, 260.02
2026/09/07 03:03:42.704, 0, 9, 80171, 141.78
2026/09/07 03:03:42.706, 1, 60, 109826, 258.86
2026/09/07 03:03:43.708, 0, 25, 80171, 170.74
2026/09/07 03:03:43.710, 1, 62, 109826, 259.23
2026/09/07 03:03:44.713, 0, 100, 91061, 307.05
2026/09/07 03:03:44.715, 1, 60, 109826, 259.71
2026/09/07 03:03:45.718, 0, 25, 92275, 616.63
2026/09/07 03:03:45.720, 1, 55, 109826, 252.14
2026/09/07 03:03:46.723, 0, 80, 92277, 227.29
2026/09/07 03:03:46.725, 1, 61, 109826, 260.38
2026/09/07 03:03:47.727, 0, 13, 92277, 268.81
2026/09/07 03:03:47.729, 1, 58, 109826, 259.32
2026/09/07 03:03:48.732, 0, 100, 93061, 285.40
2026/09/07 03:03:48.734, 1, 58, 109826, 258.33
2026/09/07 03:03:49.737, 0, 100, 93061, 127.33
2026/09/07 03:03:49.739, 1, 63, 109826, 263.06
2026/09/07 03:03:50.742, 0, 44, 93063, 126.57
2026/09/07 03:03:50.748, 1, 47, 109826, 244.68
2026/09/07 03:03:51.750, 0, 50, 93063, 125.64
2026/09/07 03:03:51.755, 1, 44, 109826, 226.41
2026/09/07 03:03:52.757, 0, 79, 95489, 127.05
2026/09/07 03:03:52.760, 1, 58, 109826, 238.41
2026/09/07 03:03:53.762, 0, 0, 95489, 126.43
2026/09/07 03:03:53.765, 1, 64, 109826, 262.97
2026/09/07 03:03:54.767, 0, 1, 36005, 127.63
2026/09/07 03:03:54.770, 1, 60, 109826, 273.54
2026/09/07 03:03:55.772, 0, 16, 35759, 124.43
2026/09/07 03:03:55.775, 1, 61, 109826, 265.59
2026/09/07 03:03:56.776, 0, 9, 36005, 127.49
2026/09/07 03:03:56.779, 1, 63, 109826, 270.52
2026/09/07 03:03:57.782, 0, 100, 36005, 124.88
2026/09/07 03:03:57.784, 1, 64, 109826, 269.39
2026/09/07 03:03:58.786, 0, 0, 36005, 124.93
2026/09/07 03:03:58.789, 1, 0, 109826, 173.93
2026/09/07 03:03:59.791, 0, 5, 36675, 130.12
2026/09/07 03:03:59.793, 1, 53, 110128, 129.01
2026/09/07 03:04:00.796, 0, 0, 36615, 141.79
2026/09/07 03:04:00.798, 1, 71, 110434, 379.58
2026/09/07 03:04:01.801, 0, 0, 35759, 124.09
2026/09/07 03:04:01.803, 1, 63, 109824, 264.51
2026/09/07 03:04:02.805, 0, 36, 7801, 126.50
2026/09/07 03:04:02.808, 1, 62, 109824, 268.26
2026/09/07 03:04:03.811, 0, 0, 7801, 123.78
2026/09/07 03:04:03.813, 1, 60, 109824, 264.37
2026/09/07 03:04:04.816, 0, 0, 7801, 123.67
2026/09/07 03:04:04.819, 1, 62, 109824, 270.83
2026/09/07 03:04:05.821, 0, 0, 7801, 123.71
2026/09/07 03:04:05.824, 1, 62, 109826, 215.94
2026/09/07 03:04:06.826, 0, 0, 7801, 123.56
2026/09/07 03:04:06.829, 1, 59, 109826, 266.19
2026/09/07 03:04:07.832, 0, 0, 7801, 123.04
2026/09/07 03:04:07.835, 1, 59, 109826, 268.12
2026/09/07 03:04:08.838, 0, 0, 7801, 122.77
2026/09/07 03:04:08.840, 1, 61, 109826, 228.09
2026/09/07 03:04:09.844, 0, 0, 7801, 122.60
2026/09/07 03:04:09.846, 1, 60, 109826, 268.92
2026/09/07 03:04:10.849, 0, 0, 7801, 122.73
2026/09/07 03:04:10.852, 1, 62, 109826, 255.64
2026/09/07 03:04:11.854, 0, 0, 7801, 122.77
2026/09/07 03:04:11.857, 1, 64, 109826, 269.86
2026/09/07 03:04:12.859, 0, 0, 7801, 122.59
2026/09/07 03:04:12.862, 1, 63, 109826, 271.64
2026/09/07 03:04:13.864, 0, 0, 7801, 122.55
2026/09/07 03:04:13.867, 1, 63, 109826, 272.73
2026/09/07 03:04:14.869, 0, 0, 7801, 122.57
2026/09/07 03:04:14.872, 1, 63, 109826, 268.31
2026/09/07 03:04:15.874, 0, 0, 7801, 122.56
2026/09/07 03:04:15.877, 1, 62, 109826, 275.63
2026/09/07 03:04:16.879, 0, 0, 7801, 122.43
2026/09/07 03:04:16.881, 1, 63, 109826, 274.56
2026/09/07 03:04:17.883, 0, 0, 7801, 122.08
2026/09/07 03:04:17.886, 1, 64, 109826, 273.02
2026/09/07 03:04:18.889, 0, 0, 7801, 122.08
2026/09/07 03:04:18.891, 1, 61, 109826, 270.99
2026/09/07 03:04:19.893, 0, 0, 7801, 122.04
2026/09/07 03:04:19.896, 1, 60, 109826, 274.72
2026/09/07 03:04:20.898, 0, 0, 7801, 122.07
2026/09/07 03:04:20.900, 1, 62, 109826, 271.00
2026/09/07 03:04:21.903, 0, 0, 7801, 122.29
2026/09/07 03:04:21.905, 1, 62, 109826, 272.90
2026/09/07 03:04:22.908, 0, 0, 7801, 122.41
2026/09/07 03:04:22.910, 1, 64, 109826, 273.47
2026/09/07 03:04:23.912, 0, 0, 7801, 122.57
2026/09/07 03:04:23.915, 1, 62, 109826, 261.83
2026/09/07 03:04:24.917, 0, 0, 7801, 122.27
2026/09/07 03:04:24.920, 1, 59, 109826, 261.56
2026/09/07 03:04:25.922, 0, 100, 32745, 124.31
2026/09/07 03:04:25.925, 1, 63, 109826, 259.75
2026/09/07 03:04:26.927, 0, 0, 33763, 191.00
2026/09/07 03:04:26.930, 1, 58, 109826, 266.49
2026/09/07 03:04:27.932, 0, 0, 33763, 224.80
2026/09/07 03:04:27.935, 1, 62, 109826, 267.48
2026/09/07 03:04:28.937, 0, 99, 33763, 272.67
2026/09/07 03:04:28.939, 1, 64, 109826, 260.15
2026/09/07 03:04:29.941, 0, 0, 33763, 223.68
2026/09/07 03:04:29.944, 1, 60, 109826, 264.85
2026/09/07 03:04:30.946, 0, 0, 33763, 215.23
2026/09/07 03:04:30.948, 1, 59, 109826, 271.48
2026/09/07 03:04:31.950, 0, 2, 33763, 217.14
2026/09/07 03:04:31.952, 1, 65, 109826, 263.21
2026/09/07 03:04:32.954, 0, 0, 33763, 157.42
2026/09/07 03:04:32.956, 1, 63, 109826, 274.79
2026/09/07 03:04:33.959, 0, 45, 33765, 247.18
2026/09/07 03:04:33.961, 1, 62, 109826, 271.51
2026/09/07 03:04:34.963, 0, 100, 37449, 572.12
2026/09/07 03:04:34.966, 1, 62, 109826, 269.02
2026/09/07 03:04:35.968, 0, 0, 38667, 335.75
2026/09/07 03:04:35.970, 1, 66, 109826, 272.82
2026/09/07 03:04:36.973, 0, 35, 38667, 225.63
2026/09/07 03:04:36.975, 1, 62, 109826, 270.22
2026/09/07 03:04:37.978, 0, 18, 38667, 189.67
2026/09/07 03:04:37.980, 1, 58, 109826, 270.99
2026/09/07 03:04:38.982, 0, 0, 38667, 173.20
2026/09/07 03:04:38.985, 1, 63, 109826, 270.96
2026/09/07 03:04:39.987, 0, 79, 38667, 203.08
2026/09/07 03:04:39.989, 1, 61, 109826, 267.99
2026/09/07 03:04:40.991, 0, 0, 38667, 146.49
2026/09/07 03:04:40.994, 1, 61, 109826, 271.20
2026/09/07 03:04:41.996, 0, 0, 38667, 156.21
2026/09/07 03:04:41.999, 1, 64, 109826, 268.19
2026/09/07 03:04:43.002, 0, 0, 38667, 161.57
2026/09/07 03:04:43.005, 1, 65, 109826, 274.90
2026/09/07 03:04:44.010, 0, 0, 38667, 169.62
2026/09/07 03:04:44.013, 1, 61, 109826, 272.60
2026/09/07 03:04:45.015, 0, 0, 38667, 123.68
2026/09/07 03:04:45.018, 1, 60, 109826, 263.26
2026/09/07 03:04:46.021, 0, 0, 38667, 141.94
2026/09/07 03:04:46.024, 1, 65, 109826, 270.51
2026/09/07 03:04:47.026, 0, 0, 38667, 156.17
2026/09/07 03:04:47.029, 1, 60, 109826, 252.30
2026/09/07 03:04:48.031, 0, 0, 38667, 148.83
2026/09/07 03:04:48.034, 1, 56, 109826, 257.07
2026/09/07 03:04:49.036, 0, 99, 38669, 227.71
2026/09/07 03:04:49.039, 1, 58, 109826, 259.86
2026/09/07 03:04:50.041, 0, 56, 38669, 611.07
2026/09/07 03:04:50.044, 1, 66, 109826, 264.60
2026/09/07 03:04:51.047, 0, 100, 39273, 261.86
2026/09/07 03:04:51.050, 1, 65, 109826, 265.56
2026/09/07 03:04:52.052, 0, 100, 39273, 127.41
2026/09/07 03:04:52.054, 1, 61, 109826, 256.73
2026/09/07 03:04:53.056, 0, 48, 39453, 126.73
2026/09/07 03:04:53.059, 1, 53, 109826, 236.00
2026/09/07 03:04:54.062, 0, 51, 39453, 126.79
2026/09/07 03:04:54.065, 1, 49, 109826, 233.70
2026/09/07 03:04:55.069, 0, 0, 41879, 127.05
2026/09/07 03:04:55.072, 1, 56, 109826, 246.79
2026/09/07 03:04:56.074, 0, 0, 32477, 124.91
2026/09/07 03:04:56.076, 1, 60, 109826, 264.66
2026/09/07 03:04:57.078, 0, 0, 31869, 124.28
2026/09/07 03:04:57.081, 1, 61, 109826, 269.36
2026/09/07 03:04:58.083, 0, 100, 31869, 125.59
2026/09/07 03:04:58.085, 1, 59, 109826, 249.36
2026/09/07 03:04:59.087, 0, 0, 36005, 127.01
2026/09/07 03:04:59.089, 1, 58, 109826, 269.67
2026/09/07 03:05:00.092, 0, 100, 36005, 125.06
2026/09/07 03:05:00.095, 1, 63, 109826, 262.57
2026/09/07 03:05:01.097, 0, 22, 36005, 126.34
2026/09/07 03:05:01.099, 1, 61, 109826, 266.29
2026/09/07 03:05:02.101, 0, 21, 36005, 124.09
2026/09/07 03:05:02.103, 1, 67, 109826, 267.67
2026/09/07 03:05:03.105, 0, 9, 57737, 238.39
2026/09/07 03:05:03.108, 1, 62, 109826, 267.31
2026/09/07 03:05:04.111, 0, 9, 58249, 151.44
2026/09/07 03:05:04.113, 1, 61, 109826, 272.95
2026/09/07 03:05:05.115, 0, 32, 64351, 187.13
2026/09/07 03:05:05.118, 1, 62, 109826, 267.18
2026/09/07 03:05:06.120, 0, 10, 65567, 511.51
2026/09/07 03:05:06.122, 1, 63, 109826, 275.19
2026/09/07 03:05:07.124, 0, 9, 65567, 150.10
2026/09/07 03:05:07.128, 1, 63, 109826, 267.87
2026/09/07 03:05:08.130, 0, 100, 65573, 340.96
2026/09/07 03:05:08.133, 1, 63, 109826, 268.43
2026/09/07 03:05:09.135, 0, 10, 65573, 282.55
2026/09/07 03:05:09.138, 1, 64, 109826, 266.32
2026/09/07 03:05:10.140, 0, 23, 65573, 333.68
2026/09/07 03:05:10.143, 1, 60, 109826, 275.88
2026/09/07 03:05:11.146, 0, 10, 65573, 286.70
2026/09/07 03:05:11.148, 1, 62, 109826, 268.43
2026/09/07 03:05:12.150, 0, 63, 66355, 263.75
2026/09/07 03:05:12.153, 1, 63, 109826, 271.21
2026/09/07 03:05:13.155, 0, 100, 66355, 126.84
2026/09/07 03:05:13.158, 1, 64, 109826, 269.74
2026/09/07 03:05:14.160, 0, 46, 66357, 126.23
2026/09/07 03:05:14.162, 1, 53, 109826, 254.12
2026/09/07 03:05:15.165, 0, 46, 66357, 125.82
2026/09/07 03:05:15.169, 1, 39, 109826, 240.33
2026/09/07 03:05:16.171, 0, 43, 68783, 125.58
2026/09/07 03:05:16.176, 1, 26, 109826, 232.29
2026/09/07 03:05:17.180, 0, 0, 68783, 127.63
2026/09/07 03:05:17.183, 1, 60, 109826, 267.93
2026/09/07 03:05:18.186, 0, 0, 37029, 126.14
2026/09/07 03:05:18.191, 1, 61, 109826, 262.44
2026/09/07 03:05:19.196, 0, 0, 35759, 124.28
2026/09/07 03:05:19.198, 1, 62, 109826, 253.95
2026/09/07 03:05:20.201, 0, 100, 11565, 127.22
2026/09/07 03:05:20.204, 1, 59, 109826, 264.04
2026/09/07 03:05:21.206, 0, 0, 36005, 124.50
2026/09/07 03:05:21.208, 1, 64, 109826, 273.37
2026/09/07 03:05:22.211, 0, 0, 36005, 125.79
2026/09/07 03:05:22.213, 1, 0, 109826, 215.30
2026/09/07 03:05:23.215, 0, 0, 36359, 124.16
2026/09/07 03:05:23.218, 1, 0, 109872, 119.92
2026/09/07 03:05:24.221, 0, 0, 36615, 145.97
2026/09/07 03:05:24.224, 1, 87, 110420, 300.51
2026/09/07 03:05:25.226, 0, 0, 36005, 123.78
2026/09/07 03:05:25.229, 1, 61, 109824, 400.28
2026/09/07 03:05:26.231, 0, 100, 35759, 123.41
2026/09/07 03:05:26.234, 1, 57, 109824, 274.16
2026/09/07 03:05:27.238, 0, 100, 16697, 126.09
2026/09/07 03:05:27.438, 1, 57, 109824, 270.74
2026/09/07 03:05:28.440, 0, 26, 32809, 147.99
2026/09/07 03:05:28.443, 1, 59, 109824, 273.66
2026/09/07 03:05:29.446, 0, 58, 36755, 570.47
2026/09/07 03:05:29.449, 1, 58, 109824, 241.65
2026/09/07 03:05:30.451, 0, 100, 38955, 672.91
2026/09/07 03:05:30.453, 1, 65, 109824, 273.41
2026/09/07 03:05:31.455, 0, 100, 40127, 691.68
2026/09/07 03:05:31.457, 1, 63, 109824, 282.03
2026/09/07 03:05:32.459, 0, 100, 40731, 544.11
2026/09/07 03:05:32.462, 1, 61, 109824, 274.97
2026/09/07 03:05:33.465, 0, 100, 40731, 128.46
2026/09/07 03:05:33.468, 1, 65, 109824, 279.03
2026/09/07 03:05:34.470, 0, 46, 40911, 127.43
2026/09/07 03:05:34.473, 1, 50, 109824, 266.46
2026/09/07 03:05:35.475, 0, 52, 40911, 127.12
2026/09/07 03:05:35.478, 1, 51, 109824, 246.65
2026/09/07 03:05:36.480, 0, 86, 43337, 126.85
2026/09/07 03:05:36.482, 1, 43, 109824, 241.66
2026/09/07 03:05:37.484, 0, 0, 33255, 126.75
2026/09/07 03:05:37.486, 1, 59, 109824, 255.99
2026/09/07 03:05:38.488, 0, 57, 32221, 124.47
2026/09/07 03:05:38.491, 1, 59, 109824, 268.04
2026/09/07 03:05:39.494, 0, 0, 31869, 124.69
2026/09/07 03:05:39.497, 1, 61, 109824, 267.77
2026/09/07 03:05:40.498, 0, 100, 31869, 126.41
2026/09/07 03:05:40.501, 1, 54, 109824, 263.54
2026/09/07 03:05:41.505, 0, 0, 36005, 127.31
2026/09/07 03:05:41.508, 1, 62, 109824, 263.93
2026/09/07 03:05:42.510, 0, 100, 36005, 126.15
2026/09/07 03:05:42.513, 1, 61, 109824, 264.11
2026/09/07 03:05:43.515, 0, 23, 36005, 126.29
2026/09/07 03:05:43.518, 1, 62, 109824, 269.14
2026/09/07 03:05:44.520, 0, 23, 36005, 124.57
2026/09/07 03:05:44.523, 1, 66, 109824, 269.82
2026/09/07 03:05:45.525, 0, 30, 45919, 176.14
2026/09/07 03:05:45.528, 1, 59, 109824, 266.90
2026/09/07 03:05:46.532, 0, 33, 47849, 198.42
2026/09/07 03:05:46.534, 1, 62, 109824, 269.78
2026/09/07 03:05:47.536, 0, 9, 49063, 297.94
2026/09/07 03:05:47.538, 1, 61, 109824, 277.65
2026/09/07 03:05:48.540, 0, 9, 82109, 420.36
2026/09/07 03:05:48.542, 1, 61, 109824, 277.03
2026/09/07 03:05:49.544, 0, 34, 82109, 148.58
2026/09/07 03:05:49.547, 1, 60, 109824, 270.41
2026/09/07 03:05:50.549, 0, 10, 82109, 144.28
2026/09/07 03:05:50.551, 1, 62, 109826, 267.90
2026/09/07 03:05:51.553, 0, 28, 82109, 173.79
2026/09/07 03:05:51.556, 1, 64, 109826, 273.34
2026/09/07 03:05:52.558, 0, 100, 82353, 520.29
2026/09/07 03:05:52.560, 1, 64, 109826, 276.03
2026/09/07 03:05:53.562, 0, 10, 113881, 439.71
2026/09/07 03:05:53.565, 1, 62, 109826, 277.56
2026/09/07 03:05:54.567, 0, 14, 113881, 140.23
2026/09/07 03:05:54.569, 1, 62, 109826, 274.62
2026/09/07 03:05:55.572, 0, 10, 113881, 166.00
2026/09/07 03:05:55.574, 1, 64, 109826, 277.78
2026/09/07 03:05:56.576, 0, 31, 113881, 149.92
2026/09/07 03:05:56.579, 1, 64, 109826, 268.80
2026/09/07 03:05:57.581, 0, 62, 113881, 279.80
2026/09/07 03:05:57.583, 1, 64, 109826, 270.72
2026/09/07 03:05:58.585, 0, 7, 114663, 575.34
2026/09/07 03:05:58.591, 1, 62, 109826, 265.67
2026/09/07 03:05:59.593, 0, 100, 114663, 128.75
2026/09/07 03:05:59.595, 1, 61, 109826, 264.13
2026/09/07 03:06:00.598, 0, 42, 114665, 127.56
2026/09/07 03:06:00.601, 1, 45, 109826, 244.41
2026/09/07 03:06:01.603, 0, 41, 114665, 126.83
2026/09/07 03:06:01.608, 1, 51, 109826, 236.37
2026/09/07 03:06:02.613, 0, 0, 117091, 126.50
2026/09/07 03:06:02.615, 1, 46, 109826, 233.30
2026/09/07 03:06:03.617, 0, 100, 117091, 128.99
2026/09/07 03:06:03.620, 1, 60, 109826, 268.19
2026/09/07 03:06:04.623, 0, 35, 37029, 126.77
2026/09/07 03:06:04.625, 1, 61, 109826, 265.39
2026/09/07 03:06:05.627, 0, 0, 36005, 128.31
2026/09/07 03:06:05.630, 1, 60, 109826, 272.17
2026/09/07 03:06:06.634, 0, 100, 35759, 125.15
2026/09/07 03:06:06.636, 1, 64, 109826, 267.11
2026/09/07 03:06:07.639, 0, 0, 36005, 127.34
2026/09/07 03:06:07.642, 1, 59, 109826, 262.33
2026/09/07 03:06:08.645, 0, 100, 36005, 125.84
2026/09/07 03:06:08.648, 1, 65, 109826, 270.58
2026/09/07 03:06:09.651, 0, 0, 36005, 124.75
2026/09/07 03:06:09.653, 1, 0, 109826, 140.67
2026/09/07 03:06:10.655, 0, 5, 36675, 140.52
2026/09/07 03:06:10.658, 1, 80, 110130, 140.05
2026/09/07 03:06:11.660, 0, 0, 36359, 130.56
2026/09/07 03:06:11.663, 1, 20, 110540, 414.13
2026/09/07 03:06:12.665, 0, 0, 35759, 124.45
2026/09/07 03:06:12.667, 1, 65, 110186, 226.08
2026/09/07 03:06:13.670, 0, 0, 7801, 126.88
2026/09/07 03:06:13.673, 1, 61, 110186, 267.95
2026/09/07 03:06:14.674, 0, 0, 7801, 124.10
2026/09/07 03:06:14.677, 1, 60, 110186, 274.29
2026/09/07 03:06:15.679, 0, 0, 7801, 124.07
2026/09/07 03:06:15.681, 1, 60, 110186, 269.13
2026/09/07 03:06:16.683, 0, 0, 7801, 124.00
2026/09/07 03:06:16.685, 1, 65, 110186, 273.47
2026/09/07 03:06:17.687, 0, 0, 7801, 123.99
2026/09/07 03:06:17.690, 1, 67, 110186, 270.48
2026/09/07 03:06:18.692, 0, 0, 7801, 123.85
2026/09/07 03:06:18.694, 1, 63, 110186, 269.27
2026/09/07 03:06:19.697, 0, 0, 7801, 123.86
2026/09/07 03:06:19.699, 1, 65, 110186, 271.76
2026/09/07 03:06:20.702, 0, 0, 7801, 123.81
2026/09/07 03:06:20.704, 1, 63, 110186, 266.65
2026/09/07 03:06:21.706, 0, 0, 7801, 123.78
2026/09/07 03:06:21.708, 1, 60, 110186, 271.62
2026/09/07 03:06:22.711, 0, 0, 7801, 123.74
2026/09/07 03:06:22.714, 1, 58, 110186, 267.38
2026/09/07 03:06:23.716, 0, 0, 7801, 123.71
2026/09/07 03:06:23.718, 1, 61, 110186, 267.93
2026/09/07 03:06:24.722, 0, 0, 7801, 123.65
2026/09/07 03:06:24.725, 1, 55, 110186, 269.19
2026/09/07 03:06:25.727, 0, 0, 7801, 123.62
2026/09/07 03:06:25.730, 1, 0, 110186, 240.50
2026/09/07 03:06:26.732, 0, 0, 7801, 123.61
2026/09/07 03:06:26.735, 1, 57, 110186, 262.60
2026/09/07 03:06:27.737, 0, 0, 8323, 123.57
2026/09/07 03:06:27.740, 1, 57, 110186, 259.83
2026/09/07 03:06:28.743, 0, 0, 32743, 125.62
2026/09/07 03:06:28.746, 1, 61, 110186, 233.29
2026/09/07 03:06:29.749, 0, 62, 35445, 262.15
2026/09/07 03:06:29.752, 1, 64, 110186, 272.70
2026/09/07 03:06:30.755, 0, 67, 37173, 586.65
2026/09/07 03:06:30.758, 1, 61, 110186, 272.10
2026/09/07 03:06:31.760, 0, 100, 40901, 703.35
2026/09/07 03:06:31.763, 1, 66, 110186, 275.79
2026/09/07 03:06:32.765, 0, 100, 40901, 697.45
2026/09/07 03:06:32.767, 1, 65, 110186, 271.19
2026/09/07 03:06:33.770, 0, 100, 41505, 297.65
2026/09/07 03:06:33.772, 1, 61, 110186, 266.37
2026/09/07 03:06:34.774, 0, 100, 41505, 128.45
2026/09/07 03:06:34.779, 1, 62, 110186, 274.19
2026/09/07 03:06:35.783, 0, 50, 41685, 127.58
2026/09/07 03:06:35.787, 1, 45, 110186, 249.04
2026/09/07 03:06:36.789, 0, 48, 41685, 126.85
2026/09/07 03:06:36.797, 1, 52, 110186, 245.26
2026/09/07 03:06:37.800, 0, 0, 44111, 126.34
2026/09/07 03:06:37.803, 1, 63, 110186, 265.40
2026/09/07 03:06:38.806, 0, 27, 32221, 125.46
2026/09/07 03:06:38.809, 1, 67, 110186, 278.70
2026/09/07 03:06:39.811, 0, 0, 31869, 124.61
2026/09/07 03:06:39.814, 1, 66, 110186, 280.57
2026/09/07 03:06:40.817, 0, 100, 31869, 126.05
2026/09/07 03:06:40.820, 1, 63, 110186, 260.64
2026/09/07 03:06:41.823, 0, 0, 36005, 127.40
2026/09/07 03:06:41.825, 1, 63, 110186, 277.10
2026/09/07 03:06:42.828, 0, 100, 36005, 125.73
2026/09/07 03:06:42.831, 1, 62, 110186, 276.58
2026/09/07 03:06:43.833, 0, 20, 36005, 126.37
2026/09/07 03:06:43.836, 1, 64, 110186, 281.83
2026/09/07 03:06:44.838, 0, 21, 36005, 124.40
2026/09/07 03:06:44.840, 1, 64, 110186, 287.25
2026/09/07 03:06:45.843, 0, 22, 43553, 154.16
2026/09/07 03:06:45.845, 1, 64, 110186, 282.91
2026/09/07 03:06:46.848, 0, 35, 46901, 187.49
2026/09/07 03:06:46.851, 1, 62, 110186, 285.15
2026/09/07 03:06:47.853, 0, 10, 55635, 318.78
2026/09/07 03:06:47.857, 1, 63, 110186, 279.59
2026/09/07 03:06:48.859, 0, 100, 95045, 485.59
2026/09/07 03:06:48.861, 1, 65, 110186, 279.69
2026/09/07 03:06:49.864, 0, 10, 95045, 130.91
2026/09/07 03:06:49.866, 1, 64, 110186, 283.16
2026/09/07 03:06:50.868, 0, 27, 95045, 174.29
2026/09/07 03:06:50.871, 1, 64, 110186, 281.67
2026/09/07 03:06:51.873, 0, 9, 95045, 124.80
2026/09/07 03:06:51.875, 1, 57, 110186, 283.48
2026/09/07 03:06:52.878, 0, 37, 95045, 186.29
2026/09/07 03:06:52.881, 1, 65, 110186, 282.84
2026/09/07 03:06:53.883, 0, 100, 95045, 493.96
2026/09/07 03:06:53.886, 1, 65, 110186, 280.61
2026/09/07 03:06:54.888, 0, 9, 95045, 463.52
2026/09/07 03:06:54.891, 1, 67, 110186, 285.89
2026/09/07 03:06:55.893, 0, 16, 95045, 153.52
2026/09/07 03:06:55.896, 1, 63, 110186, 284.02
2026/09/07 03:06:56.898, 0, 10, 95045, 133.77
2026/09/07 03:06:56.901, 1, 63, 110186, 288.41
2026/09/07 03:06:57.903, 0, 100, 95045, 341.05
2026/09/07 03:06:57.905, 1, 66, 110186, 290.72
2026/09/07 03:06:58.908, 0, 100, 95827, 382.23
2026/09/07 03:06:58.912, 1, 66, 110186, 282.51
2026/09/07 03:06:59.915, 0, 100, 95827, 127.66
2026/09/07 03:06:59.918, 1, 61, 110190, 278.78
2026/09/07 03:07:00.920, 0, 50, 95829, 126.70
2026/09/07 03:07:00.925, 1, 47, 110190, 249.21
2026/09/07 03:07:01.927, 0, 43, 95829, 126.08
2026/09/07 03:07:01.929, 1, 45, 110190, 249.00
2026/09/07 03:07:02.932, 0, 98, 98255, 128.24
2026/09/07 03:07:02.935, 1, 64, 110190, 246.83
2026/09/07 03:07:03.938, 0, 0, 98255, 126.49
2026/09/07 03:07:03.941, 1, 59, 110190, 281.91
2026/09/07 03:07:04.943, 0, 0, 36005, 128.31
2026/09/07 03:07:04.945, 1, 0, 110190, 244.40
2026/09/07 03:07:05.948, 0, 0, 35759, 124.75
2026/09/07 03:07:05.950, 1, 65, 110190, 264.86
2026/09/07 03:07:06.952, 0, 77, 36005, 127.65
2026/09/07 03:07:06.955, 1, 62, 110190, 280.15
2026/09/07 03:07:07.958, 0, 100, 36005, 125.27
2026/09/07 03:07:07.960, 1, 60, 110190, 279.83
2026/09/07 03:07:08.962, 0, 0, 36005, 125.18
2026/09/07 03:07:08.965, 1, 0, 110190, 172.52
2026/09/07 03:07:09.967, 0, 5, 36675, 132.44
2026/09/07 03:07:09.969, 1, 75, 110130, 131.22
2026/09/07 03:07:10.972, 0, 0, 36615, 138.72
2026/09/07 03:07:10.975, 1, 83, 110436, 500.71
2026/09/07 03:07:11.977, 0, 0, 35759, 124.39
2026/09/07 03:07:12.002, 1, 3, 109826, 279.15
2026/09/07 03:07:13.009, 0, 0, 7801, 127.04
2026/09/07 03:07:13.011, 1, 64, 109826, 279.19
2026/09/07 03:07:14.014, 0, 0, 7801, 124.02
2026/09/07 03:07:14.016, 1, 60, 109826, 280.35
2026/09/07 03:07:15.018, 0, 0, 7801, 123.95
2026/09/07 03:07:15.021, 1, 63, 109826, 281.03
2026/09/07 03:07:16.023, 0, 0, 7801, 123.88
2026/09/07 03:07:16.026, 1, 61, 109826, 269.33
2026/09/07 03:07:17.028, 0, 0, 7801, 123.96
2026/09/07 03:07:17.030, 1, 62, 109826, 270.98
2026/09/07 03:07:18.032, 0, 0, 7801, 123.84
2026/09/07 03:07:18.034, 1, 58, 109826, 272.09
2026/09/07 03:07:19.036, 0, 0, 7801, 123.88
2026/09/07 03:07:19.038, 1, 61, 109826, 277.73
2026/09/07 03:07:20.041, 0, 0, 7801, 123.77
2026/09/07 03:07:20.043, 1, 63, 109826, 272.71
2026/09/07 03:07:21.045, 0, 0, 7801, 123.76
2026/09/07 03:07:21.048, 1, 63, 109826, 284.98
2026/09/07 03:07:22.051, 0, 0, 7801, 123.67
2026/09/07 03:07:22.054, 1, 57, 109826, 271.94
2026/09/07 03:07:23.056, 0, 0, 7801, 123.67
2026/09/07 03:07:23.059, 1, 62, 109828, 265.21
2026/09/07 03:07:24.061, 0, 0, 7801, 123.62
2026/09/07 03:07:24.064, 1, 60, 109828, 269.76
2026/09/07 03:07:25.067, 0, 0, 7801, 123.65
2026/09/07 03:07:25.069, 1, 30, 109828, 249.19
2026/09/07 03:07:26.072, 0, 0, 7801, 123.55
2026/09/07 03:07:26.076, 1, 58, 109828, 265.78
2026/09/07 03:07:27.083, 0, 0, 7801, 123.59
2026/09/07 03:07:27.085, 1, 57, 109828, 270.58
2026/09/07 03:07:28.087, 0, 0, 7801, 123.53
2026/09/07 03:07:28.093, 1, 61, 109828, 270.33
2026/09/07 03:07:29.095, 0, 0, 7801, 123.52
2026/09/07 03:07:29.097, 1, 64, 109828, 280.21
2026/09/07 03:07:30.099, 0, 0, 7801, 123.47
2026/09/07 03:07:30.102, 1, 64, 109828, 281.67
2026/09/07 03:07:31.104, 0, 0, 7801, 123.50
2026/09/07 03:07:31.106, 1, 66, 109828, 281.96
2026/09/07 03:07:32.108, 0, 0, 7801, 123.43
2026/09/07 03:07:32.111, 1, 61, 109828, 277.47
2026/09/07 03:07:33.113, 0, 0, 7801, 123.47
2026/09/07 03:07:33.115, 1, 59, 109828, 276.87
2026/09/07 03:07:34.118, 0, 0, 7801, 123.41
2026/09/07 03:07:34.120, 1, 64, 109828, 271.54
2026/09/07 03:07:35.123, 0, 0, 7801, 123.39
2026/09/07 03:07:35.125, 1, 64, 109828, 282.65
2026/09/07 03:07:36.127, 0, 0, 7801, 123.38
2026/09/07 03:07:36.130, 1, 62, 109828, 276.88
2026/09/07 03:07:37.132, 0, 42, 32745, 125.36
2026/09/07 03:07:37.134, 1, 63, 109828, 269.43
2026/09/07 03:07:38.136, 0, 0, 32805, 135.83
2026/09/07 03:07:38.139, 1, 59, 109828, 280.78
2026/09/07 03:07:39.142, 0, 2, 35927, 573.87
2026/09/07 03:07:39.145, 1, 63, 109828, 283.40
2026/09/07 03:07:40.148, 0, 100, 40869, 685.48
2026/09/07 03:07:40.151, 1, 66, 109828, 273.16
2026/09/07 03:07:41.154, 0, 95, 40869, 691.26
2026/09/07 03:07:41.157, 1, 65, 109828, 285.68
2026/09/07 03:07:42.159, 0, 65, 40869, 668.62
2026/09/07 03:07:42.161, 1, 0, 109828, 172.40
2026/09/07 03:07:43.163, 0, 100, 41473, 182.46
2026/09/07 03:07:43.166, 1, 61, 109828, 227.30
2026/09/07 03:07:44.169, 0, 100, 41653, 128.10
2026/09/07 03:07:44.175, 1, 61, 109828, 279.71
2026/09/07 03:07:45.178, 0, 49, 41653, 127.19
2026/09/07 03:07:45.180, 1, 43, 109828, 243.03
2026/09/07 03:07:46.183, 0, 42, 41653, 127.08
2026/09/07 03:07:46.186, 1, 59, 109828, 250.81
2026/09/07 03:07:47.189, 0, 0, 44079, 125.96
2026/09/07 03:07:47.191, 1, 62, 109828, 260.81
2026/09/07 03:07:48.193, 0, 0, 32221, 125.25
2026/09/07 03:07:48.197, 1, 56, 109828, 272.27
2026/09/07 03:07:49.201, 0, 0, 31869, 124.65
2026/09/07 03:07:49.204, 1, 64, 109828, 273.60
2026/09/07 03:07:50.206, 0, 100, 31869, 126.17
2026/09/07 03:07:50.209, 1, 65, 109828, 279.89
2026/09/07 03:07:51.211, 0, 0, 36005, 127.22
2026/09/07 03:07:51.214, 1, 29, 109828, 268.92
2026/09/07 03:07:52.216, 0, 100, 36005, 125.86
2026/09/07 03:07:52.219, 1, 62, 109828, 275.65
2026/09/07 03:07:53.223, 0, 20, 36005, 126.23
2026/09/07 03:07:53.225, 1, 65, 109828, 273.92
2026/09/07 03:07:54.227, 0, 18, 36005, 124.37
2026/09/07 03:07:54.230, 1, 62, 109828, 268.96
2026/09/07 03:07:55.232, 0, 7, 36517, 124.36
2026/09/07 03:07:55.234, 1, 64, 109828, 265.23
2026/09/07 03:07:56.237, 0, 17, 44857, 198.18
2026/09/07 03:07:56.239, 1, 66, 109828, 270.78
2026/09/07 03:07:57.241, 0, 9, 88167, 472.67
2026/09/07 03:07:57.244, 1, 62, 109828, 277.01
2026/09/07 03:07:58.246, 0, 10, 88167, 124.61
2026/09/07 03:07:58.249, 1, 64, 109828, 275.05
2026/09/07 03:07:59.251, 0, 9, 88167, 175.21
2026/09/07 03:07:59.253, 1, 64, 109828, 270.70
2026/09/07 03:08:00.255, 0, 9, 88167, 125.60
2026/09/07 03:08:00.258, 1, 39, 109828, 258.73
2026/09/07 03:08:01.260, 0, 23, 88167, 207.20
2026/09/07 03:08:01.263, 1, 65, 109828, 271.83
2026/09/07 03:08:02.265, 0, 100, 90607, 613.75
2026/09/07 03:08:02.269, 1, 64, 109828, 273.67
2026/09/07 03:08:03.271, 0, 9, 90607, 371.15
2026/09/07 03:08:03.273, 1, 62, 109828, 265.55
2026/09/07 03:08:04.276, 0, 20, 90607, 149.50
2026/09/07 03:08:04.279, 1, 60, 109828, 271.89
2026/09/07 03:08:05.281, 0, 9, 90607, 154.90
2026/09/07 03:08:05.284, 1, 65, 109828, 262.21
2026/09/07 03:08:06.287, 0, 28, 90607, 152.52
2026/09/07 03:08:06.289, 1, 61, 109828, 247.01
2026/09/07 03:08:07.292, 0, 100, 90607, 331.89
2026/09/07 03:08:07.294, 1, 61, 109828, 264.33
2026/09/07 03:08:08.296, 0, 10, 90607, 558.70
2026/09/07 03:08:08.299, 1, 62, 109828, 263.74
2026/09/07 03:08:09.302, 0, 95, 90607, 270.77
2026/09/07 03:08:09.304, 1, 63, 109828, 259.31
2026/09/07 03:08:10.306, 0, 100, 91389, 169.69
2026/09/07 03:08:10.309, 1, 59, 109828, 265.28
2026/09/07 03:08:11.311, 0, 40, 91391, 127.89
2026/09/07 03:08:11.314, 1, 47, 109828, 255.77
2026/09/07 03:08:12.316, 0, 41, 91391, 126.85
2026/09/07 03:08:12.321, 1, 48, 109828, 242.61
2026/09/07 03:08:13.327, 0, 50, 91391, 127.46
2026/09/07 03:08:13.338, 1, 42, 109828, 230.25
2026/09/07 03:08:14.350, 0, 100, 93817, 127.86
2026/09/07 03:08:14.352, 1, 57, 109828, 234.94
2026/09/07 03:08:15.354, 0, 0, 93511, 125.50
2026/09/07 03:08:15.357, 1, 66, 109828, 250.51
2026/09/07 03:08:16.359, 0, 0, 35759, 128.29
2026/09/07 03:08:16.361, 1, 60, 109828, 255.27
2026/09/07 03:08:17.363, 0, 100, 7801, 125.99
2026/09/07 03:08:17.365, 1, 60, 109828, 253.54
2026/09/07 03:08:18.367, 0, 0, 36003, 126.23
2026/09/07 03:08:18.370, 1, 58, 109828, 250.46
2026/09/07 03:08:19.372, 0, 100, 36003, 126.07
2026/09/07 03:08:19.374, 1, 59, 109828, 248.28
2026/09/07 03:08:20.376, 0, 0, 36003, 124.30
2026/09/07 03:08:20.379, 1, 0, 109510, 119.53
2026/09/07 03:08:21.381, 0, 5, 36613, 144.36
2026/09/07 03:08:21.383, 1, 79, 109370, 141.77
2026/09/07 03:08:22.385, 0, 0, 36273, 126.78
2026/09/07 03:08:22.388, 1, 6, 110160, 302.20
2026/09/07 03:08:23.391, 0, 0, 35759, 124.36
2026/09/07 03:08:23.393, 1, 60, 109806, 246.27
2026/09/07 03:08:24.395, 0, 0, 7801, 126.73
2026/09/07 03:08:24.398, 1, 37, 109806, 247.97
2026/09/07 03:08:25.400, 0, 0, 7801, 123.98
2026/09/07 03:08:25.403, 1, 60, 109806, 256.53
2026/09/07 03:08:26.405, 0, 0, 7801, 123.95
2026/09/07 03:08:26.408, 1, 65, 109806, 259.18
2026/09/07 03:08:27.410, 0, 0, 7801, 123.90
2026/09/07 03:08:27.412, 1, 64, 109806, 262.82
2026/09/07 03:08:28.415, 0, 100, 16699, 125.83
2026/09/07 03:08:28.487, 1, 62, 109806, 256.16
2026/09/07 03:08:29.490, 0, 60, 35381, 203.66
2026/09/07 03:08:29.492, 1, 62, 109806, 258.34
2026/09/07 03:08:30.494, 0, 64, 35897, 569.91
2026/09/07 03:08:30.497, 1, 62, 109806, 259.00
2026/09/07 03:08:31.500, 0, 100, 40839, 693.44
2026/09/07 03:08:31.504, 1, 61, 109806, 266.95
2026/09/07 03:08:32.506, 0, 100, 40839, 689.60
2026/09/07 03:08:32.508, 1, 63, 109806, 258.57
2026/09/07 03:08:33.510, 0, 86, 41443, 638.73
2026/09/07 03:08:33.512, 1, 60, 109806, 257.44
2026/09/07 03:08:34.515, 0, 100, 41443, 132.91
2026/09/07 03:08:34.517, 1, 65, 109806, 260.04
2026/09/07 03:08:35.519, 0, 49, 41623, 127.72
2026/09/07 03:08:35.525, 1, 49, 109806, 254.73
2026/09/07 03:08:36.530, 0, 50, 41623, 127.29
2026/09/07 03:08:36.533, 1, 54, 109806, 229.56
2026/09/07 03:08:37.536, 0, 25, 44049, 127.19
2026/09/07 03:08:37.538, 1, 37, 109806, 228.31
2026/09/07 03:08:38.540, 0, 0, 39443, 127.01
2026/09/07 03:08:38.543, 1, 58, 109806, 257.94
2026/09/07 03:08:39.545, 0, 27, 31869, 125.83
2026/09/07 03:08:39.548, 1, 58, 109806, 258.89
2026/09/07 03:08:40.550, 0, 0, 31869, 124.69
2026/09/07 03:08:40.559, 1, 8, 109806, 252.96
2026/09/07 03:08:41.575, 0, 100, 31869, 126.85
2026/09/07 03:08:41.578, 1, 62, 109806, 254.65
2026/09/07 03:08:42.580, 0, 0, 36003, 127.05
2026/09/07 03:08:42.583, 1, 62, 109806, 260.58
2026/09/07 03:08:43.585, 0, 100, 36003, 126.29
2026/09/07 03:08:43.587, 1, 63, 109806, 268.18
2026/09/07 03:08:44.590, 0, 23, 36003, 126.33
2026/09/07 03:08:44.592, 1, 60, 109806, 262.87
2026/09/07 03:08:45.595, 0, 23, 36003, 124.62
2026/09/07 03:08:45.598, 1, 61, 109806, 261.56
2026/09/07 03:08:46.600, 0, 19, 36519, 128.42
2026/09/07 03:08:46.602, 1, 62, 109806, 218.68
2026/09/07 03:08:47.604, 0, 9, 45483, 197.81
2026/09/07 03:08:47.614, 1, 64, 109806, 269.79
2026/09/07 03:08:48.622, 0, 10, 87525, 458.78
2026/09/07 03:08:48.624, 1, 64, 109806, 272.01
2026/09/07 03:08:49.626, 0, 10, 87525, 125.42
2026/09/07 03:08:49.630, 1, 62, 109806, 264.27
2026/09/07 03:08:50.634, 0, 10, 87525, 170.48
2026/09/07 03:08:50.637, 1, 65, 109806, 269.63
2026/09/07 03:08:51.639, 0, 10, 87525, 132.49
2026/09/07 03:08:51.643, 1, 65, 109806, 260.19
2026/09/07 03:08:52.646, 0, 30, 91429, 227.18
2026/09/07 03:08:52.648, 1, 60, 109806, 254.83
2026/09/07 03:08:53.650, 0, 97, 91429, 689.19
2026/09/07 03:08:53.653, 1, 61, 109806, 268.63
2026/09/07 03:08:54.655, 0, 10, 91429, 259.98
2026/09/07 03:08:54.659, 1, 60, 109806, 269.36
2026/09/07 03:08:55.661, 0, 28, 91429, 161.23
2026/09/07 03:08:55.664, 1, 62, 109806, 267.84
2026/09/07 03:08:56.666, 0, 10, 91429, 135.60
2026/09/07 03:08:56.669, 1, 61, 109806, 264.43
2026/09/07 03:08:57.671, 0, 29, 91429, 170.44
2026/09/07 03:08:57.674, 1, 62, 109806, 272.91
2026/09/07 03:08:58.676, 0, 100, 91673, 390.31
2026/09/07 03:08:58.679, 1, 63, 109806, 272.28
2026/09/07 03:08:59.681, 0, 10, 91673, 523.49
2026/09/07 03:08:59.684, 1, 62, 109806, 271.46
2026/09/07 03:09:00.686, 0, 100, 91673, 286.28
2026/09/07 03:09:00.689, 1, 62, 109806, 274.27
2026/09/07 03:09:01.690, 0, 100, 92455, 154.98
2026/09/07 03:09:01.693, 1, 63, 109806, 272.67
2026/09/07 03:09:02.696, 0, 47, 92457, 127.48
2026/09/07 03:09:02.699, 1, 57, 109806, 267.86
2026/09/07 03:09:03.700, 0, 46, 92457, 126.99
2026/09/07 03:09:03.703, 1, 46, 109806, 234.51
2026/09/07 03:09:04.705, 0, 52, 92457, 127.21
2026/09/07 03:09:04.709, 1, 45, 109806, 229.62
2026/09/07 03:09:05.714, 0, 100, 94883, 127.87
2026/09/07 03:09:05.717, 1, 38, 109808, 240.41
2026/09/07 03:09:06.720, 0, 0, 94883, 125.86
2026/09/07 03:09:06.722, 1, 61, 109808, 265.92
2026/09/07 03:09:07.725, 0, 28, 35759, 128.38
2026/09/07 03:09:07.727, 1, 60, 109808, 250.76
2026/09/07 03:09:08.729, 0, 59, 11565, 127.35
2026/09/07 03:09:08.732, 1, 64, 109808, 253.37
2026/09/07 03:09:09.733, 0, 0, 36005, 124.96
2026/09/07 03:09:09.736, 1, 61, 109808, 250.22
2026/09/07 03:09:10.738, 0, 0, 36005, 126.20
2026/09/07 03:09:10.741, 1, 0, 109808, 205.95
2026/09/07 03:09:11.743, 0, 0, 36615, 124.32
2026/09/07 03:09:11.745, 1, 1, 110120, 120.43
2026/09/07 03:09:12.747, 0, 0, 36615, 147.74
2026/09/07 03:09:12.750, 1, 0, 110400, 225.52
2026/09/07 03:09:13.752, 0, 0, 36003, 124.30
2026/09/07 03:09:13.754, 1, 63, 109804, 240.24
2026/09/07 03:09:14.756, 0, 100, 32241, 125.36
2026/09/07 03:09:14.758, 1, 63, 109806, 201.49
2026/09/07 03:09:15.761, 0, 0, 7801, 125.86
2026/09/07 03:09:15.763, 1, 64, 109806, 258.56
2026/09/07 03:09:16.765, 0, 0, 7801, 124.02
2026/09/07 03:09:16.767, 1, 65, 109806, 254.65
2026/09/07 03:09:17.768, 0, 0, 7801, 123.93
2026/09/07 03:09:17.771, 1, 53, 109806, 248.53
2026/09/07 03:09:18.774, 0, 0, 7801, 123.91
2026/09/07 03:09:18.776, 1, 64, 109806, 250.60
2026/09/07 03:09:19.778, 0, 0, 7801, 123.82
2026/09/07 03:09:19.780, 1, 64, 109806, 249.58
2026/09/07 03:09:20.782, 0, 0, 7801, 123.84
2026/09/07 03:09:20.784, 1, 63, 109806, 251.37
2026/09/07 03:09:21.787, 0, 100, 16699, 125.46
2026/09/07 03:09:21.790, 1, 61, 109806, 249.23
2026/09/07 03:09:22.793, 0, 0, 32745, 124.01
2026/09/07 03:09:22.796, 1, 57, 109808, 243.76
2026/09/07 03:09:23.798, 0, 88, 35925, 432.91
2026/09/07 03:09:23.801, 1, 33, 109808, 240.28
2026/09/07 03:09:24.803, 0, 87, 36529, 447.64
2026/09/07 03:09:24.806, 1, 62, 109808, 250.73
2026/09/07 03:09:25.809, 0, 100, 36529, 127.18
2026/09/07 03:09:25.811, 1, 62, 109808, 254.91
2026/09/07 03:09:26.813, 0, 49, 36709, 126.13
2026/09/07 03:09:26.816, 1, 57, 109808, 238.82
2026/09/07 03:09:27.819, 0, 46, 36709, 126.60
2026/09/07 03:09:27.823, 1, 48, 109808, 228.49
2026/09/07 03:09:28.825, 0, 47, 39135, 126.32
2026/09/07 03:09:28.828, 1, 64, 109808, 225.92
2026/09/07 03:09:29.830, 0, 0, 33257, 125.15
2026/09/07 03:09:29.832, 1, 67, 109808, 253.54
2026/09/07 03:09:30.834, 0, 5, 31869, 124.29
2026/09/07 03:09:30.837, 1, 65, 109808, 252.56
2026/09/07 03:09:31.839, 0, 0, 31869, 123.80
2026/09/07 03:09:31.841, 1, 63, 109808, 240.88
2026/09/07 03:09:32.844, 0, 100, 11565, 127.86
2026/09/07 03:09:32.846, 1, 58, 109808, 255.57
2026/09/07 03:09:33.847, 0, 0, 36005, 124.54
2026/09/07 03:09:33.850, 1, 56, 109808, 267.34
2026/09/07 03:09:34.853, 0, 100, 36005, 125.79
2026/09/07 03:09:34.856, 1, 66, 109808, 256.02
2026/09/07 03:09:35.858, 0, 8, 36519, 138.44
2026/09/07 03:09:35.860, 1, 54, 109808, 248.03
2026/09/07 03:09:36.862, 0, 12, 46431, 178.19
2026/09/07 03:09:36.865, 1, 61, 109808, 252.08
2026/09/07 03:09:37.867, 0, 21, 49063, 328.44
2026/09/07 03:09:37.869, 1, 61, 109808, 248.37
2026/09/07 03:09:38.871, 0, 51, 49063, 317.45
2026/09/07 03:09:38.873, 1, 60, 109808, 250.53
2026/09/07 03:09:39.876, 0, 88, 49795, 250.20
2026/09/07 03:09:39.878, 1, 65, 109808, 256.73
2026/09/07 03:09:40.880, 0, 100, 50577, 212.56
2026/09/07 03:09:40.882, 1, 64, 109808, 251.75
2026/09/07 03:09:41.884, 0, 93, 50579, 127.08
2026/09/07 03:09:41.887, 1, 60, 109808, 246.23
2026/09/07 03:09:42.890, 0, 45, 50579, 125.90
2026/09/07 03:09:42.893, 1, 47, 109808, 224.41
2026/09/07 03:09:43.898, 0, 43, 50579, 126.04
2026/09/07 03:09:43.901, 1, 49, 109808, 223.27
2026/09/07 03:09:44.902, 0, 100, 53005, 127.26
2026/09/07 03:09:44.905, 1, 64, 109808, 233.44
2026/09/07 03:09:45.907, 0, 0, 53005, 124.89
2026/09/07 03:09:45.911, 1, 63, 109808, 254.84
2026/09/07 03:09:46.914, 0, 25, 35759, 124.76
2026/09/07 03:09:46.917, 1, 61, 109808, 250.96
2026/09/07 03:09:47.919, 0, 100, 35759, 124.22
2026/09/07 03:09:47.921, 1, 61, 109808, 252.33
2026/09/07 03:09:48.923, 0, 100, 11565, 126.58
2026/09/07 03:09:48.926, 1, 62, 109808, 253.51
2026/09/07 03:09:49.928, 0, 0, 36005, 123.88
2026/09/07 03:09:49.930, 1, 61, 109810, 245.77
2026/09/07 03:09:50.932, 0, 0, 36005, 125.33
2026/09/07 03:09:50.934, 1, 0, 109810, 223.86
2026/09/07 03:09:51.936, 0, 0, 36359, 123.55
2026/09/07 03:09:51.938, 1, 3, 109864, 119.31
2026/09/07 03:09:52.941, 0, 0, 36615, 145.97
2026/09/07 03:09:52.943, 1, 53, 110398, 227.73
2026/09/07 03:09:53.945, 0, 0, 36069, 123.56
2026/09/07 03:09:53.948, 1, 0, 109802, 222.75
2026/09/07 03:09:54.966, 0, 100, 35759, 124.27
2026/09/07 03:09:54.969, 1, 63, 109802, 252.85
2026/09/07 03:09:55.971, 0, 0, 7801, 125.49
2026/09/07 03:09:55.979, 1, 66, 109802, 260.06
2026/09/07 03:09:56.981, 0, 0, 7801, 123.30
2026/09/07 03:09:56.983, 1, 63, 109802, 252.21
2026/09/07 03:09:57.986, 0, 0, 7801, 123.35
2026/09/07 03:09:57.988, 1, 66, 109802, 253.74
2026/09/07 03:09:58.992, 0, 0, 7801, 123.23
2026/09/07 03:09:58.994, 1, 64, 109802, 256.33
2026/09/07 03:09:59.996, 0, 0, 7801, 123.24
2026/09/07 03:09:59.999, 1, 62, 109802, 261.17
2026/09/07 03:10:01.001, 0, 0, 7801, 123.17
2026/09/07 03:10:01.004, 1, 63, 109804, 222.41
2026/09/07 03:10:02.006, 0, 0, 7801, 123.17
2026/09/07 03:10:02.008, 1, 63, 109804, 256.58
2026/09/07 03:10:03.011, 0, 0, 7801, 123.07
2026/09/07 03:10:03.013, 1, 49, 109804, 248.47
2026/09/07 03:10:04.016, 0, 0, 7801, 123.11
2026/09/07 03:10:04.018, 1, 63, 109804, 255.69
2026/09/07 03:10:05.021, 0, 0, 7801, 123.08
2026/09/07 03:10:05.024, 1, 60, 109804, 260.12
2026/09/07 03:10:06.026, 0, 0, 7801, 123.06
2026/09/07 03:10:06.028, 1, 63, 109804, 258.21
2026/09/07 03:10:07.030, 0, 0, 7801, 123.04
2026/09/07 03:10:07.033, 1, 60, 109804, 254.69
2026/09/07 03:10:08.035, 0, 0, 7801, 122.97
2026/09/07 03:10:08.038, 1, 65, 109804, 258.86
2026/09/07 03:10:09.040, 0, 0, 7801, 123.00
2026/09/07 03:10:09.043, 1, 62, 109804, 258.92
2026/09/07 03:10:10.045, 0, 0, 7801, 122.94
2026/09/07 03:10:10.047, 1, 64, 109804, 257.28
2026/09/07 03:10:11.049, 0, 0, 7801, 122.95
2026/09/07 03:10:11.052, 1, 60, 109804, 250.25
2026/09/07 03:10:12.054, 0, 0, 7801, 122.86
2026/09/07 03:10:12.056, 1, 64, 109804, 257.77
2026/09/07 03:10:13.059, 0, 0, 7801, 122.95
2026/09/07 03:10:13.061, 1, 63, 109804, 258.41
2026/09/07 03:10:14.063, 0, 0, 7801, 122.86
2026/09/07 03:10:14.066, 1, 55, 109804, 253.85
2026/09/07 03:10:15.068, 0, 0, 7801, 122.82
2026/09/07 03:10:15.071, 1, 57, 109804, 251.04
2026/09/07 03:10:16.074, 0, 0, 8581, 122.95
2026/09/07 03:10:16.076, 1, 59, 109804, 251.14
2026/09/07 03:10:17.079, 0, 0, 32745, 124.81
2026/09/07 03:10:17.081, 1, 58, 109808, 249.12
2026/09/07 03:10:18.083, 0, 82, 35413, 295.65
2026/09/07 03:10:18.086, 1, 59, 109808, 258.21
2026/09/07 03:10:19.088, 0, 100, 40869, 557.42
2026/09/07 03:10:19.090, 1, 58, 109808, 261.14
2026/09/07 03:10:20.093, 0, 100, 40869, 669.90
2026/09/07 03:10:20.096, 1, 59, 109808, 267.48
2026/09/07 03:10:21.098, 0, 100, 41473, 324.52
2026/09/07 03:10:21.101, 1, 58, 109808, 259.80
2026/09/07 03:10:22.104, 0, 100, 41473, 127.51
2026/09/07 03:10:22.106, 1, 62, 109808, 259.70
2026/09/07 03:10:23.108, 0, 48, 41653, 126.39
2026/09/07 03:10:23.111, 1, 49, 109808, 238.09
2026/09/07 03:10:24.114, 0, 47, 41653, 126.28
2026/09/07 03:10:24.118, 1, 50, 109808, 229.80
2026/09/07 03:10:25.120, 0, 0, 44079, 127.54
2026/09/07 03:10:25.123, 1, 60, 109808, 235.26
2026/09/07 03:10:26.126, 0, 0, 33257, 124.28
2026/09/07 03:10:26.128, 1, 60, 109808, 260.27
2026/09/07 03:10:27.131, 0, 0, 31869, 123.92
2026/09/07 03:10:27.134, 1, 61, 109808, 261.08
2026/09/07 03:10:28.137, 0, 100, 31869, 124.12
2026/09/07 03:10:28.139, 1, 64, 109808, 261.92
2026/09/07 03:10:29.141, 0, 100, 11565, 127.62
2026/09/07 03:10:29.196, 1, 58, 109808, 263.90
2026/09/07 03:10:30.198, 0, 90, 36005, 123.87
2026/09/07 03:10:30.201, 1, 66, 109808, 268.77
2026/09/07 03:10:31.204, 0, 100, 36005, 126.49
2026/09/07 03:10:31.206, 1, 62, 109808, 264.89
2026/09/07 03:10:32.209, 0, 23, 36005, 123.69
2026/09/07 03:10:32.211, 1, 60, 109808, 265.85
2026/09/07 03:10:33.220, 0, 7, 44067, 185.12
2026/09/07 03:10:33.223, 1, 65, 109808, 267.39
2026/09/07 03:10:34.226, 0, 96, 87525, 410.49
2026/09/07 03:10:34.228, 1, 64, 109808, 266.44
2026/09/07 03:10:35.230, 0, 9, 87525, 195.53
2026/09/07 03:10:35.233, 1, 46, 109808, 260.18
2026/09/07 03:10:36.235, 0, 31, 87525, 172.65
2026/09/07 03:10:36.238, 1, 62, 109808, 265.76
2026/09/07 03:10:37.240, 0, 10, 87525, 128.75
2026/09/07 03:10:37.243, 1, 62, 109808, 269.17
2026/09/07 03:10:38.245, 0, 35, 87525, 177.45
2026/09/07 03:10:38.247, 1, 62, 109808, 268.27
2026/09/07 03:10:39.249, 0, 100, 91429, 440.43
2026/09/07 03:10:39.252, 1, 65, 109808, 268.58
2026/09/07 03:10:40.254, 0, 27, 91429, 417.60
2026/09/07 03:10:40.256, 1, 62, 109808, 272.75
2026/09/07 03:10:41.259, 0, 21, 91429, 260.29
2026/09/07 03:10:41.262, 1, 63, 109808, 269.49
2026/09/07 03:10:42.264, 0, 100, 92211, 226.83
2026/09/07 03:10:42.266, 1, 64, 109808, 268.42
2026/09/07 03:10:43.268, 0, 100, 92211, 127.32
2026/09/07 03:10:43.271, 1, 64, 109808, 276.13
2026/09/07 03:10:44.273, 0, 44, 92213, 126.68
2026/09/07 03:10:44.276, 1, 43, 109808, 249.40
2026/09/07 03:10:45.282, 0, 45, 92213, 126.07
2026/09/07 03:10:45.284, 1, 55, 109808, 241.55
2026/09/07 03:10:46.287, 0, 63, 94639, 126.47
2026/09/07 03:10:46.290, 1, 60, 109808, 248.17
2026/09/07 03:10:47.292, 0, 0, 94639, 125.40
2026/09/07 03:10:47.295, 1, 62, 109808, 264.56
2026/09/07 03:10:48.298, 0, 1, 36005, 126.72
2026/09/07 03:10:48.301, 1, 63, 109808, 269.58
2026/09/07 03:10:49.304, 0, 0, 35759, 123.28
2026/09/07 03:10:49.307, 1, 61, 109808, 268.52
2026/09/07 03:10:50.310, 0, 29, 36005, 126.32
2026/09/07 03:10:50.313, 1, 63, 109808, 267.40
2026/09/07 03:10:51.316, 0, 13, 36005, 123.72
2026/09/07 03:10:51.318, 1, 61, 109808, 265.07
2026/09/07 03:10:52.321, 0, 0, 36005, 123.92
2026/09/07 03:10:52.323, 1, 0, 109808, 176.02
2026/09/07 03:10:53.326, 0, 7, 36675, 132.00
2026/09/07 03:10:53.328, 1, 72, 110120, 130.21
2026/09/07 03:10:54.332, 0, 0, 36615, 135.15
2026/09/07 03:10:54.334, 1, 85, 110428, 451.20
2026/09/07 03:10:55.336, 0, 0, 35759, 123.10
2026/09/07 03:10:55.338, 1, 61, 109818, 216.44
2026/09/07 03:10:56.340, 0, 0, 7801, 125.39
2026/09/07 03:10:56.343, 1, 61, 109818, 267.01
2026/09/07 03:10:57.346, 0, 0, 7801, 122.78
2026/09/07 03:10:57.349, 1, 64, 109818, 270.93
2026/09/07 03:10:58.351, 0, 0, 7801, 122.66
2026/09/07 03:10:58.354, 1, 60, 109818, 270.14
2026/09/07 03:10:59.357, 0, 0, 7801, 122.69
2026/09/07 03:10:59.359, 1, 61, 109818, 272.54
2026/09/07 03:11:00.361, 0, 0, 7801, 122.65
2026/09/07 03:11:00.363, 1, 60, 109818, 271.95
2026/09/07 03:11:01.366, 0, 0, 7801, 122.61
2026/09/07 03:11:01.368, 1, 64, 109818, 273.90
2026/09/07 03:11:02.370, 0, 0, 7801, 122.59
2026/09/07 03:11:02.372, 1, 60, 109818, 276.57
2026/09/07 03:11:03.374, 0, 0, 7801, 122.53
2026/09/07 03:11:03.377, 1, 56, 109818, 272.71
2026/09/07 03:11:04.379, 0, 0, 7801, 122.52
2026/09/07 03:11:04.382, 1, 61, 109818, 271.45
2026/09/07 03:11:05.385, 0, 0, 7801, 122.45
2026/09/07 03:11:05.387, 1, 64, 109818, 269.94
2026/09/07 03:11:06.389, 0, 0, 7801, 122.52
2026/09/07 03:11:06.392, 1, 64, 109818, 273.74
2026/09/07 03:11:07.394, 0, 0, 7801, 122.40
2026/09/07 03:11:07.396, 1, 63, 109818, 270.96
2026/09/07 03:11:08.398, 0, 0, 7801, 122.47
2026/09/07 03:11:08.400, 1, 55, 109818, 269.69
2026/09/07 03:11:09.402, 0, 0, 7801, 122.40
2026/09/07 03:11:09.404, 1, 63, 109818, 264.37
2026/09/07 03:11:10.407, 0, 0, 7801, 122.35
2026/09/07 03:11:10.409, 1, 63, 109818, 264.03
2026/09/07 03:11:11.411, 0, 0, 7801, 122.39
2026/09/07 03:11:11.414, 1, 61, 109818, 263.60
2026/09/07 03:11:12.417, 0, 0, 7801, 122.33
2026/09/07 03:11:12.419, 1, 64, 109818, 260.93
2026/09/07 03:11:13.423, 0, 0, 7801, 122.37
2026/09/07 03:11:13.426, 1, 62, 109820, 266.77
2026/09/07 03:11:14.429, 0, 0, 7801, 122.26
2026/09/07 03:11:14.431, 1, 61, 109820, 259.75
2026/09/07 03:11:15.434, 0, 0, 7801, 122.34
2026/09/07 03:11:15.437, 1, 59, 109820, 264.23
2026/09/07 03:11:16.439, 0, 0, 7801, 122.26
2026/09/07 03:11:16.441, 1, 60, 109820, 262.22
2026/09/07 03:11:17.443, 0, 0, 7801, 122.28
2026/09/07 03:11:17.446, 1, 58, 109820, 262.36
2026/09/07 03:11:18.449, 0, 0, 7801, 122.25
2026/09/07 03:11:18.451, 1, 59, 109820, 265.33
2026/09/07 03:11:19.454, 0, 0, 7801, 122.18
2026/09/07 03:11:19.456, 1, 59, 109820, 263.01
2026/09/07 03:11:20.458, 0, 0, 7801, 122.25
2026/09/07 03:11:20.460, 1, 65, 109820, 271.29
2026/09/07 03:11:21.462, 0, 0, 7801, 122.15
2026/09/07 03:11:21.464, 1, 65, 109820, 270.62
2026/09/07 03:11:22.466, 0, 0, 7801, 122.15
2026/09/07 03:11:22.468, 1, 64, 109820, 269.76
2026/09/07 03:11:23.470, 0, 0, 7801, 122.14
2026/09/07 03:11:23.472, 1, 61, 109820, 269.84
2026/09/07 03:11:24.474, 0, 0, 7801, 122.10
2026/09/07 03:11:24.476, 1, 61, 109820, 268.95
2026/09/07 03:11:25.479, 0, 0, 7801, 122.20
2026/09/07 03:11:25.481, 1, 61, 109820, 271.75
2026/09/07 03:11:26.484, 0, 0, 7801, 122.13
2026/09/07 03:11:26.486, 1, 61, 109820, 261.98
2026/09/07 03:11:27.488, 0, 0, 7801, 122.14
2026/09/07 03:11:27.491, 1, 62, 109820, 262.54
2026/09/07 03:11:28.493, 0, 0, 7801, 122.05
2026/09/07 03:11:28.495, 1, 63, 109820, 275.25
2026/09/07 03:11:29.498, 0, 0, 7801, 122.09
2026/09/07 03:11:29.500, 1, 62, 109820, 273.15
2026/09/07 03:11:30.503, 0, 0, 7801, 122.12
2026/09/07 03:11:30.506, 1, 60, 109820, 273.15
2026/09/07 03:11:31.510, 0, 0, 7801, 122.07
2026/09/07 03:11:31.512, 1, 61, 109820, 277.39
2026/09/07 03:11:32.514, 0, 0, 7801, 122.10
2026/09/07 03:11:32.516, 1, 63, 109820, 273.92
2026/09/07 03:11:33.518, 0, 0, 7801, 122.05
2026/09/07 03:11:33.520, 1, 62, 109820, 274.25
2026/09/07 03:11:34.522, 0, 0, 7801, 122.07
2026/09/07 03:11:34.525, 1, 66, 109820, 277.09
2026/09/07 03:11:35.528, 0, 0, 7801, 122.03
2026/09/07 03:11:35.531, 1, 64, 109820, 277.24
2026/09/07 03:11:36.534, 0, 0, 7801, 122.06
2026/09/07 03:11:36.537, 1, 65, 109820, 275.29
2026/09/07 03:11:37.539, 0, 0, 7801, 122.09
2026/09/07 03:11:37.542, 1, 64, 109820, 276.52
2026/09/07 03:11:38.544, 0, 0, 7801, 122.02
2026/09/07 03:11:38.546, 1, 64, 109820, 274.46
2026/09/07 03:11:39.549, 0, 0, 7801, 122.00
2026/09/07 03:11:39.552, 1, 60, 109820, 273.75
2026/09/07 03:11:40.554, 0, 0, 7801, 121.95
2026/09/07 03:11:40.556, 1, 59, 109820, 278.57
2026/09/07 03:11:41.560, 0, 0, 7801, 121.99
2026/09/07 03:11:41.562, 1, 62, 109820, 278.08
2026/09/07 03:11:42.564, 0, 0, 7801, 122.02
2026/09/07 03:11:42.566, 1, 65, 109820, 275.43
2026/09/07 03:11:43.568, 0, 0, 7801, 122.01
2026/09/07 03:11:43.571, 1, 64, 109820, 275.45
2026/09/07 03:11:44.573, 0, 0, 7801, 122.04
2026/09/07 03:11:44.576, 1, 60, 109820, 270.14
2026/09/07 03:11:45.578, 0, 0, 7801, 121.97
2026/09/07 03:11:45.581, 1, 59, 109820, 274.12
2026/09/07 03:11:46.583, 0, 0, 7801, 121.99
2026/09/07 03:11:46.585, 1, 61, 109820, 274.88
2026/09/07 03:11:47.588, 0, 0, 7801, 121.99
2026/09/07 03:11:47.590, 1, 57, 109820, 265.90
2026/09/07 03:11:48.593, 0, 0, 7801, 121.94
2026/09/07 03:11:48.596, 1, 62, 109820, 274.76
2026/09/07 03:11:49.598, 0, 0, 7801, 121.98
2026/09/07 03:11:49.601, 1, 60, 109820, 269.96
2026/09/07 03:11:50.604, 0, 0, 7801, 121.94
2026/09/07 03:11:50.607, 1, 62, 109820, 276.29
2026/09/07 03:11:51.610, 0, 0, 7801, 121.99
2026/09/07 03:11:51.614, 1, 60, 109820, 273.45
2026/09/07 03:11:52.618, 0, 0, 7801, 121.97
2026/09/07 03:11:52.621, 1, 59, 109820, 277.03
2026/09/07 03:11:53.624, 0, 0, 7801, 121.94
2026/09/07 03:11:53.629, 1, 63, 109820, 277.09
2026/09/07 03:11:54.631, 0, 0, 7801, 121.96
2026/09/07 03:11:54.634, 1, 58, 109820, 280.30
2026/09/07 03:11:55.636, 0, 0, 7801, 121.95
2026/09/07 03:11:55.639, 1, 62, 109820, 284.70
2026/09/07 03:11:56.642, 0, 0, 7801, 121.96
2026/09/07 03:11:56.645, 1, 62, 109820, 280.15
2026/09/07 03:11:57.647, 0, 0, 7801, 121.90
2026/09/07 03:11:57.650, 1, 65, 109820, 276.70
2026/09/07 03:11:58.654, 0, 0, 7801, 121.95
2026/09/07 03:11:58.657, 1, 56, 109820, 279.90
2026/09/07 03:11:59.659, 0, 0, 7801, 121.96
2026/09/07 03:11:59.661, 1, 62, 109820, 274.86
2026/09/07 03:12:00.664, 0, 0, 7801, 121.92
2026/09/07 03:12:00.667, 1, 61, 109820, 277.83
2026/09/07 03:12:01.669, 0, 0, 7801, 121.90
2026/09/07 03:12:01.672, 1, 63, 109820, 283.30
2026/09/07 03:12:02.676, 0, 100, 16699, 123.40
2026/09/07 03:12:02.678, 1, 66, 109820, 271.09
2026/09/07 03:12:03.681, 0, 0, 32745, 122.54
2026/09/07 03:12:03.684, 1, 60, 109820, 270.11
2026/09/07 03:12:04.686, 0, 100, 35861, 453.25
2026/09/07 03:12:04.689, 1, 60, 109820, 278.87
2026/09/07 03:12:05.692, 0, 94, 37595, 562.19
2026/09/07 03:12:05.695, 1, 64, 109820, 281.31
2026/09/07 03:12:06.698, 0, 100, 41323, 694.90
2026/09/07 03:12:06.701, 1, 65, 109820, 277.13
2026/09/07 03:12:07.703, 0, 62, 41323, 604.76
2026/09/07 03:12:07.706, 1, 64, 109820, 281.90
2026/09/07 03:12:08.709, 0, 100, 41927, 343.76
2026/09/07 03:12:08.711, 1, 60, 109820, 282.58
2026/09/07 03:12:09.713, 0, 100, 41927, 127.73
2026/09/07 03:12:09.715, 1, 60, 109820, 287.91
2026/09/07 03:12:10.718, 0, 49, 42107, 126.62
2026/09/07 03:12:10.721, 1, 50, 109820, 262.49
2026/09/07 03:12:11.723, 0, 45, 42107, 126.41
2026/09/07 03:12:11.731, 1, 48, 109820, 250.23
2026/09/07 03:12:12.735, 0, 0, 44533, 126.97
2026/09/07 03:12:12.737, 1, 58, 109820, 261.98
2026/09/07 03:12:13.740, 0, 1, 32745, 124.50
2026/09/07 03:12:13.742, 1, 61, 109820, 278.42
2026/09/07 03:12:14.745, 0, 0, 31869, 124.14
2026/09/07 03:12:14.748, 1, 64, 109820, 286.56
2026/09/07 03:12:15.750, 0, 100, 31869, 124.42
2026/09/07 03:12:15.753, 1, 59, 109820, 278.99
2026/09/07 03:12:16.757, 0, 100, 11565, 127.37
2026/09/07 03:12:16.848, 1, 57, 109820, 276.75
2026/09/07 03:12:17.851, 0, 9, 36005, 124.16
2026/09/07 03:12:17.853, 1, 66, 109820, 289.48
2026/09/07 03:12:18.856, 0, 100, 36005, 126.61
2026/09/07 03:12:18.859, 1, 61, 109820, 289.16
2026/09/07 03:12:19.862, 0, 21, 36005, 123.86
2026/09/07 03:12:19.865, 1, 63, 109820, 286.55
2026/09/07 03:12:20.867, 0, 22, 36005, 123.77
2026/09/07 03:12:20.870, 1, 61, 109820, 293.88
2026/09/07 03:12:21.873, 0, 23, 43337, 174.15
2026/09/07 03:12:21.876, 1, 62, 109820, 285.51
2026/09/07 03:12:22.879, 0, 9, 66395, 362.11
2026/09/07 03:12:22.883, 1, 63, 109820, 286.40
2026/09/07 03:12:23.886, 0, 9, 66395, 148.23
2026/09/07 03:12:23.888, 1, 63, 109820, 277.66
2026/09/07 03:12:24.891, 0, 39, 66401, 259.33
2026/09/07 03:12:24.893, 1, 60, 109820, 285.81
2026/09/07 03:12:25.896, 0, 10, 105811, 515.82
2026/09/07 03:12:25.898, 1, 62, 109820, 284.53
2026/09/07 03:12:26.901, 0, 10, 105811, 128.74
2026/09/07 03:12:26.903, 1, 68, 109820, 271.23
2026/09/07 03:12:27.906, 0, 9, 105811, 170.34
2026/09/07 03:12:27.909, 1, 63, 109820, 282.75
2026/09/07 03:12:28.911, 0, 13, 105811, 141.91
2026/09/07 03:12:28.913, 1, 68, 109820, 279.41
2026/09/07 03:12:29.916, 0, 21, 105811, 218.99
2026/09/07 03:12:29.918, 1, 63, 109820, 283.33
2026/09/07 03:12:30.921, 0, 100, 105811, 691.24
2026/09/07 03:12:30.924, 1, 62, 109820, 276.03
2026/09/07 03:12:31.926, 0, 10, 105811, 192.39
2026/09/07 03:12:31.928, 1, 68, 109820, 284.51
2026/09/07 03:12:32.930, 0, 23, 105811, 350.22
2026/09/07 03:12:32.933, 1, 69, 109820, 284.52
2026/09/07 03:12:33.934, 0, 19, 105811, 258.61
2026/09/07 03:12:33.937, 1, 64, 109820, 284.63
2026/09/07 03:12:34.938, 0, 67, 106593, 296.31
2026/09/07 03:12:34.941, 1, 63, 109820, 279.61
2026/09/07 03:12:35.942, 0, 100, 106593, 127.81
2026/09/07 03:12:35.944, 1, 59, 109820, 277.26
2026/09/07 03:12:36.946, 0, 49, 106595, 127.15
2026/09/07 03:12:36.950, 1, 53, 109820, 257.25
2026/09/07 03:12:37.951, 0, 44, 106595, 126.71
2026/09/07 03:12:37.955, 1, 44, 109820, 241.39
2026/09/07 03:12:38.959, 0, 97, 109021, 126.43
2026/09/07 03:12:38.961, 1, 51, 109820, 235.35
2026/09/07 03:12:39.964, 0, 100, 109021, 128.34
2026/09/07 03:12:39.966, 1, 60, 109820, 271.07
2026/09/07 03:12:40.968, 0, 84, 37029, 128.67
2026/09/07 03:12:40.972, 1, 63, 109820, 271.03
2026/09/07 03:12:41.974, 0, 0, 35759, 124.22
2026/09/07 03:12:41.976, 1, 61, 109820, 281.50
2026/09/07 03:12:42.979, 0, 100, 11565, 127.25
2026/09/07 03:12:42.981, 1, 63, 109820, 262.55
2026/09/07 03:12:43.984, 0, 37, 36005, 124.62
2026/09/07 03:12:43.986, 1, 62, 109820, 277.96
2026/09/07 03:12:44.989, 0, 0, 36005, 125.37
2026/09/07 03:12:44.991, 1, 0, 109820, 203.52
2026/09/07 03:12:45.994, 0, 0, 36615, 124.05
2026/09/07 03:12:45.996, 1, 0, 110120, 120.02
2026/09/07 03:12:46.999, 0, 0, 36615, 146.26
2026/09/07 03:12:47.001, 1, 87, 110414, 307.21
2026/09/07 03:12:48.003, 0, 0, 36293, 123.91
2026/09/07 03:12:48.006, 1, 0, 109884, 363.84
2026/09/07 03:12:49.009, 0, 46, 35759, 124.36
2026/09/07 03:12:49.011, 1, 62, 109818, 247.28
2026/09/07 03:12:50.014, 0, 0, 7801, 126.22
2026/09/07 03:12:50.016, 1, 62, 109818, 277.74
2026/09/07 03:12:51.018, 0, 0, 7801, 123.67
2026/09/07 03:12:51.020, 1, 62, 109818, 279.89
2026/09/07 03:12:52.022, 0, 0, 7801, 123.67
2026/09/07 03:12:52.025, 1, 63, 109818, 282.43
2026/09/07 03:12:53.027, 0, 0, 7801, 123.57
2026/09/07 03:12:53.030, 1, 60, 109818, 277.17
2026/09/07 03:12:54.032, 0, 0, 7801, 123.56
2026/09/07 03:12:54.035, 1, 66, 109818, 272.53
2026/09/07 03:12:55.038, 0, 0, 7801, 123.50
2026/09/07 03:12:55.041, 1, 65, 109818, 268.20
2026/09/07 03:12:56.043, 0, 0, 7801, 123.48
2026/09/07 03:12:56.045, 1, 62, 109818, 274.50
2026/09/07 03:12:57.048, 0, 0, 7801, 123.52
2026/09/07 03:12:57.050, 1, 60, 109818, 272.64
2026/09/07 03:12:58.053, 0, 0, 7801, 123.43
2026/09/07 03:12:58.055, 1, 63, 109818, 274.38
2026/09/07 03:12:59.057, 0, 0, 7801, 123.46
2026/09/07 03:12:59.060, 1, 66, 109818, 272.23
2026/09/07 03:13:00.063, 0, 0, 7801, 123.32
2026/09/07 03:13:00.066, 1, 63, 109818, 271.82
2026/09/07 03:13:01.068, 0, 0, 7801, 123.34
2026/09/07 03:13:01.071, 1, 61, 109818, 276.99
2026/09/07 03:13:02.073, 0, 0, 7801, 123.33
2026/09/07 03:13:02.076, 1, 64, 109818, 274.17
2026/09/07 03:13:03.078, 0, 0, 7801, 123.32
2026/09/07 03:13:03.081, 1, 63, 109818, 275.98
2026/09/07 03:13:04.083, 0, 0, 7801, 123.34
2026/09/07 03:13:04.085, 1, 64, 109820, 264.27
2026/09/07 03:13:05.087, 0, 0, 7801, 123.25
2026/09/07 03:13:05.090, 1, 62, 109820, 271.54
2026/09/07 03:13:06.092, 0, 0, 7801, 123.27
2026/09/07 03:13:06.094, 1, 64, 109820, 263.71
2026/09/07 03:13:07.097, 0, 0, 7801, 123.22
2026/09/07 03:13:07.099, 1, 61, 109820, 260.46
2026/09/07 03:13:08.101, 0, 0, 7801, 123.20
2026/09/07 03:13:08.103, 1, 65, 109820, 268.78
2026/09/07 03:13:09.105, 0, 0, 7801, 123.19
2026/09/07 03:13:09.108, 1, 63, 109820, 260.21
2026/09/07 03:13:10.110, 0, 0, 7801, 123.20
2026/09/07 03:13:10.112, 1, 64, 109820, 266.95
2026/09/07 03:13:11.114, 0, 0, 7801, 123.18
2026/09/07 03:13:11.116, 1, 59, 109820, 265.33
2026/09/07 03:13:12.118, 0, 0, 7801, 123.12
2026/09/07 03:13:12.121, 1, 67, 109820, 260.48
2026/09/07 03:13:13.123, 0, 0, 7801, 123.13
2026/09/07 03:13:13.125, 1, 58, 109820, 261.39
2026/09/07 03:13:14.127, 0, 0, 7801, 123.09
2026/09/07 03:13:14.130, 1, 64, 109820, 255.20
2026/09/07 03:13:15.132, 0, 0, 7801, 123.10
2026/09/07 03:13:15.134, 1, 64, 109820, 258.42
2026/09/07 03:13:16.136, 0, 0, 7801, 123.06
2026/09/07 03:13:16.138, 1, 63, 109820, 268.29
2026/09/07 03:13:17.140, 0, 0, 7801, 123.09
2026/09/07 03:13:17.143, 1, 64, 109820, 265.55
2026/09/07 03:13:18.145, 0, 0, 7801, 123.03
2026/09/07 03:13:18.149, 1, 63, 109820, 266.00
2026/09/07 03:13:19.152, 0, 0, 7801, 123.04
2026/09/07 03:13:19.155, 1, 62, 109820, 266.56
2026/09/07 03:13:20.157, 0, 0, 7801, 123.00
2026/09/07 03:13:20.159, 1, 65, 109820, 265.06
2026/09/07 03:13:21.161, 0, 0, 7801, 122.97
2026/09/07 03:13:21.164, 1, 64, 109820, 268.38
2026/09/07 03:13:22.166, 0, 0, 7801, 123.03
2026/09/07 03:13:22.169, 1, 65, 109820, 267.02
2026/09/07 03:13:23.172, 0, 0, 7801, 123.00
2026/09/07 03:13:23.175, 1, 62, 109820, 262.87
2026/09/07 03:13:24.178, 0, 0, 7801, 122.98
2026/09/07 03:13:24.180, 1, 61, 109820, 267.41
2026/09/07 03:13:25.182, 0, 0, 7801, 122.93
2026/09/07 03:13:25.184, 1, 61, 109820, 269.45
2026/09/07 03:13:26.186, 0, 100, 16699, 124.43
2026/09/07 03:13:26.190, 1, 65, 109820, 260.40
2026/09/07 03:13:27.192, 0, 0, 32745, 123.48
2026/09/07 03:13:27.195, 1, 64, 109820, 255.76
2026/09/07 03:13:28.197, 0, 96, 35351, 588.72
2026/09/07 03:13:28.201, 1, 64, 109820, 252.69
2026/09/07 03:13:29.203, 0, 96, 40805, 586.28
2026/09/07 03:13:29.206, 1, 65, 109820, 261.19
2026/09/07 03:13:30.208, 0, 100, 40805, 692.74
2026/09/07 03:13:30.210, 1, 61, 109820, 254.61
2026/09/07 03:13:31.214, 0, 100, 40805, 692.38
2026/09/07 03:13:31.216, 1, 62, 109820, 249.57
2026/09/07 03:13:32.218, 0, 100, 40809, 693.33
2026/09/07 03:13:32.222, 1, 60, 109820, 256.71
2026/09/07 03:13:33.225, 0, 100, 41413, 556.15
2026/09/07 03:13:33.227, 1, 60, 109820, 257.51
2026/09/07 03:13:34.230, 0, 100, 41413, 128.68
2026/09/07 03:13:34.232, 1, 62, 109820, 260.57
2026/09/07 03:13:35.235, 0, 51, 41593, 127.65
2026/09/07 03:13:35.240, 1, 48, 109820, 248.18
2026/09/07 03:13:36.243, 0, 47, 41593, 127.44
2026/09/07 03:13:36.247, 1, 53, 109820, 229.45
2026/09/07 03:13:37.252, 0, 88, 44019, 127.10
2026/09/07 03:13:37.255, 1, 67, 109820, 243.06
2026/09/07 03:13:38.257, 0, 0, 33257, 127.42
2026/09/07 03:13:38.260, 1, 63, 109820, 256.29
2026/09/07 03:13:39.262, 0, 61, 32221, 124.82
2026/09/07 03:13:39.265, 1, 64, 109820, 258.88
2026/09/07 03:13:40.267, 0, 0, 31869, 124.61
2026/09/07 03:13:40.269, 1, 57, 109820, 253.09
2026/09/07 03:13:41.271, 0, 100, 31869, 126.14
2026/09/07 03:13:41.275, 1, 64, 109820, 261.11
2026/09/07 03:13:42.277, 0, 26, 36005, 127.43
2026/09/07 03:13:42.280, 1, 62, 109820, 260.35
2026/09/07 03:13:43.283, 0, 100, 36005, 125.70
2026/09/07 03:13:43.286, 1, 60, 109820, 262.39
2026/09/07 03:13:44.288, 0, 20, 36005, 126.51
2026/09/07 03:13:44.290, 1, 61, 109820, 264.67
2026/09/07 03:13:45.292, 0, 22, 36005, 124.36
2026/09/07 03:13:45.295, 1, 65, 109820, 261.37
2026/09/07 03:13:46.298, 0, 21, 36005, 124.33
2026/09/07 03:13:46.301, 1, 59, 109820, 260.29
2026/09/07 03:13:47.303, 0, 20, 36005, 124.28
2026/09/07 03:13:47.306, 1, 59, 109820, 263.73
2026/09/07 03:13:48.308, 0, 18, 43339, 176.20
2026/09/07 03:13:48.311, 1, 64, 109820, 262.00
2026/09/07 03:13:49.313, 0, 87, 86405, 465.65
2026/09/07 03:13:49.316, 1, 62, 109820, 266.14
2026/09/07 03:13:50.320, 0, 9, 86405, 125.02
2026/09/07 03:13:50.322, 1, 61, 109820, 260.59
2026/09/07 03:13:51.325, 0, 29, 86405, 174.89
2026/09/07 03:13:51.327, 1, 59, 109820, 255.92
2026/09/07 03:13:52.329, 0, 10, 86405, 124.66
2026/09/07 03:13:52.332, 1, 64, 109820, 265.43
2026/09/07 03:13:53.334, 0, 23, 86405, 199.51
2026/09/07 03:13:53.336, 1, 63, 109820, 267.78
2026/09/07 03:13:54.337, 0, 100, 90309, 532.67
2026/09/07 03:13:54.340, 1, 64, 109820, 255.71
2026/09/07 03:13:55.342, 0, 9, 90309, 496.59
2026/09/07 03:13:55.345, 1, 62, 109820, 261.21
2026/09/07 03:13:56.347, 0, 9, 90309, 129.78
2026/09/07 03:13:56.350, 1, 62, 109820, 259.95
2026/09/07 03:13:57.352, 0, 9, 90309, 171.40
2026/09/07 03:13:57.355, 1, 61, 109820, 259.98
2026/09/07 03:13:58.357, 0, 35, 90309, 142.91
2026/09/07 03:13:58.359, 1, 63, 109820, 257.36
2026/09/07 03:13:59.361, 0, 47, 90553, 262.28
2026/09/07 03:13:59.364, 1, 60, 109820, 266.38
2026/09/07 03:14:00.365, 0, 89, 90553, 677.20
2026/09/07 03:14:00.368, 1, 62, 109820, 266.96
2026/09/07 03:14:01.371, 0, 9, 90553, 147.27
2026/09/07 03:14:01.373, 1, 63, 109820, 263.75
2026/09/07 03:14:02.376, 0, 10, 90555, 512.90
2026/09/07 03:14:02.379, 1, 62, 109820, 263.53
2026/09/07 03:14:03.381, 0, 10, 90555, 126.12
2026/09/07 03:14:03.383, 1, 64, 109820, 263.71
2026/09/07 03:14:04.385, 0, 10, 90555, 171.04
2026/09/07 03:14:04.387, 1, 60, 109820, 269.11
2026/09/07 03:14:05.389, 0, 13, 90555, 129.20
2026/09/07 03:14:05.392, 1, 61, 109820, 266.96
2026/09/07 03:14:06.394, 0, 33, 90555, 205.37
2026/09/07 03:14:06.397, 1, 65, 109820, 269.63
2026/09/07 03:14:07.399, 0, 100, 90555, 587.39
2026/09/07 03:14:07.401, 1, 65, 109820, 271.60
2026/09/07 03:14:08.403, 0, 100, 91337, 218.80
2026/09/07 03:14:08.406, 1, 67, 109820, 267.80
2026/09/07 03:14:09.408, 0, 45, 91339, 128.26
2026/09/07 03:14:09.411, 1, 60, 109820, 256.26
2026/09/07 03:14:10.414, 0, 41, 91339, 127.07
2026/09/07 03:14:10.422, 1, 44, 109820, 232.61
2026/09/07 03:14:11.425, 0, 44, 91339, 126.70
2026/09/07 03:14:11.434, 1, 48, 109820, 231.75
2026/09/07 03:14:12.438, 0, 100, 93765, 128.12
2026/09/07 03:14:12.440, 1, 58, 109820, 241.49
2026/09/07 03:14:13.442, 0, 0, 93765, 126.06
2026/09/07 03:14:13.445, 1, 61, 109820, 265.17
2026/09/07 03:14:14.447, 0, 0, 36005, 128.22
2026/09/07 03:14:14.449, 1, 63, 109820, 268.48
2026/09/07 03:14:15.451, 0, 100, 35759, 124.93
2026/09/07 03:14:15.458, 1, 58, 109820, 261.45
2026/09/07 03:14:16.460, 0, 50, 11565, 126.59
2026/09/07 03:14:16.463, 1, 64, 109820, 269.47
2026/09/07 03:14:17.465, 0, 0, 36005, 126.29
2026/09/07 03:14:17.468, 1, 58, 109820, 268.17
2026/09/07 03:14:18.470, 0, 0, 36005, 125.94
2026/09/07 03:14:18.473, 1, 0, 109820, 225.67
2026/09/07 03:14:19.475, 0, 1, 36359, 124.30
2026/09/07 03:14:19.477, 1, 4, 109866, 119.89
2026/09/07 03:14:20.478, 0, 0, 36615, 146.09
2026/09/07 03:14:20.482, 1, 60, 110400, 224.23
2026/09/07 03:14:21.484, 0, 0, 36005, 124.32
2026/09/07 03:14:21.488, 1, 59, 109804, 251.49
2026/09/07 03:14:22.490, 0, 100, 35759, 124.93
2026/09/07 03:14:22.492, 1, 60, 109804, 256.53
2026/09/07 03:14:23.495, 0, 100, 16699, 127.53
2026/09/07 03:14:23.707, 1, 63, 109804, 223.52
2026/09/07 03:14:24.711, 0, 0, 35507, 147.37
2026/09/07 03:14:24.713, 1, 63, 109804, 257.27
2026/09/07 03:14:25.716, 0, 100, 40827, 626.83
2026/09/07 03:14:25.718, 1, 65, 109804, 263.30
2026/09/07 03:14:26.721, 0, 100, 42041, 668.07
2026/09/07 03:14:26.724, 1, 66, 109804, 260.64
2026/09/07 03:14:27.726, 0, 74, 42049, 673.82
2026/09/07 03:14:27.728, 1, 64, 109804, 264.10
2026/09/07 03:14:28.731, 0, 100, 42653, 173.94
2026/09/07 03:14:28.735, 1, 61, 109804, 255.17
2026/09/07 03:14:29.737, 0, 85, 42833, 128.65
2026/09/07 03:14:29.744, 1, 52, 109804, 260.75
2026/09/07 03:14:30.747, 0, 45, 42833, 127.50
2026/09/07 03:14:30.752, 1, 54, 109804, 236.21
2026/09/07 03:14:31.755, 0, 48, 42833, 127.42
2026/09/07 03:14:31.762, 1, 51, 109804, 232.76
2026/09/07 03:14:32.767, 0, 0, 45259, 127.03
2026/09/07 03:14:32.770, 1, 61, 109804, 253.08
2026/09/07 03:14:33.772, 0, 0, 32745, 125.55
2026/09/07 03:14:33.775, 1, 62, 109804, 262.09
2026/09/07 03:14:34.778, 0, 0, 31869, 124.90
2026/09/07 03:14:34.780, 1, 62, 109804, 268.73
2026/09/07 03:14:35.783, 0, 99, 31869, 125.21
2026/09/07 03:14:35.786, 1, 60, 109808, 263.38
2026/09/07 03:14:36.788, 0, 100, 36005, 128.40
2026/09/07 03:14:36.790, 1, 64, 109808, 248.17
2026/09/07 03:14:37.792, 0, 100, 36005, 125.35
2026/09/07 03:14:37.795, 1, 63, 109808, 271.52
2026/09/07 03:14:38.796, 0, 21, 36005, 126.91
2026/09/07 03:14:38.799, 1, 64, 109808, 273.75
2026/09/07 03:14:39.801, 0, 22, 36005, 124.01
2026/09/07 03:14:39.806, 1, 61, 109808, 262.55
2026/09/07 03:14:40.807, 0, 100, 79659, 323.76
2026/09/07 03:14:40.810, 1, 62, 109808, 262.99
2026/09/07 03:14:41.812, 0, 9, 79659, 150.60
2026/09/07 03:14:41.814, 1, 63, 109808, 269.24
2026/09/07 03:14:42.816, 0, 21, 80171, 175.06
2026/09/07 03:14:42.818, 1, 63, 109808, 268.08
2026/09/07 03:14:43.820, 0, 9, 80171, 128.17
2026/09/07 03:14:43.823, 1, 61, 109808, 265.07
2026/09/07 03:14:44.825, 0, 25, 80171, 167.86
2026/09/07 03:14:44.827, 1, 64, 109808, 262.71
2026/09/07 03:14:45.829, 0, 100, 91061, 400.92
2026/09/07 03:14:45.832, 1, 51, 109808, 261.33
2026/09/07 03:14:46.834, 0, 25, 92275, 490.82
2026/09/07 03:14:46.836, 1, 66, 109808, 267.80
2026/09/07 03:14:47.838, 0, 23, 92277, 365.05
2026/09/07 03:14:47.841, 1, 64, 109808, 269.90
2026/09/07 03:14:48.844, 0, 9, 92277, 143.23
2026/09/07 03:14:48.846, 1, 66, 109808, 268.33
2026/09/07 03:14:49.848, 0, 100, 92283, 384.44
2026/09/07 03:14:49.851, 1, 65, 109808, 270.92
2026/09/07 03:14:50.853, 0, 25, 92283, 194.75
2026/09/07 03:14:50.855, 1, 65, 109808, 265.66
2026/09/07 03:14:51.857, 0, 100, 93065, 291.62
2026/09/07 03:14:51.859, 1, 53, 109808, 249.95
2026/09/07 03:14:52.861, 0, 100, 93065, 127.48
2026/09/07 03:14:52.864, 1, 62, 109808, 267.23
2026/09/07 03:14:53.867, 0, 43, 93067, 127.14
2026/09/07 03:14:53.873, 1, 44, 109808, 240.71
2026/09/07 03:14:54.877, 0, 45, 93067, 126.91
2026/09/07 03:14:54.882, 1, 49, 109808, 237.64
2026/09/07 03:14:55.884, 0, 100, 95493, 128.60
2026/09/07 03:14:55.887, 1, 57, 109808, 241.35
2026/09/07 03:14:56.890, 0, 0, 95493, 126.29
2026/09/07 03:14:56.893, 1, 59, 109808, 268.97
2026/09/07 03:14:57.895, 0, 1, 36005, 128.24
2026/09/07 03:14:57.897, 1, 58, 109808, 267.08
2026/09/07 03:14:58.900, 0, 100, 32241, 125.49
2026/09/07 03:14:58.902, 1, 58, 109808, 263.82
2026/09/07 03:14:59.905, 0, 0, 36005, 126.72
2026/09/07 03:14:59.908, 1, 58, 109808, 271.57
2026/09/07 03:15:00.911, 0, 100, 36005, 125.96
2026/09/07 03:15:00.914, 1, 60, 109808, 265.90
2026/09/07 03:15:01.915, 0, 0, 36005, 124.17
2026/09/07 03:15:01.918, 1, 0, 109512, 120.48
2026/09/07 03:15:02.920, 0, 7, 36615, 143.72
2026/09/07 03:15:02.923, 1, 61, 110398, 145.56
2026/09/07 03:15:03.925, 0, 0, 36359, 125.71
2026/09/07 03:15:03.927, 1, 0, 110172, 443.40
2026/09/07 03:15:04.930, 0, 0, 35759, 124.20
2026/09/07 03:15:04.933, 1, 59, 109818, 247.60
2026/09/07 03:15:05.936, 0, 100, 35759, 125.11
2026/09/07 03:15:05.939, 1, 59, 109818, 266.87
2026/09/07 03:15:06.942, 0, 100, 16699, 127.47
2026/09/07 03:15:06.944, 1, 66, 109818, 273.90
2026/09/07 03:15:07.946, 0, 0, 32745, 124.30
2026/09/07 03:15:07.948, 1, 60, 109818, 254.55
2026/09/07 03:15:08.950, 0, 43, 35961, 479.40
2026/09/07 03:15:08.952, 1, 64, 109818, 271.18
2026/09/07 03:15:09.954, 0, 100, 40903, 691.53
2026/09/07 03:15:09.956, 1, 62, 109818, 267.66
2026/09/07 03:15:10.958, 0, 35, 40903, 564.26
2026/09/07 03:15:10.960, 1, 63, 109818, 262.83
2026/09/07 03:15:11.962, 0, 100, 41507, 148.87
2026/09/07 03:15:11.965, 1, 60, 109818, 261.52
2026/09/07 03:15:12.966, 0, 100, 41687, 128.20
2026/09/07 03:15:12.969, 1, 49, 109818, 262.34
2026/09/07 03:15:13.975, 0, 48, 41687, 127.30
2026/09/07 03:15:13.979, 1, 54, 109818, 244.64
2026/09/07 03:15:14.981, 0, 41, 41687, 126.74
2026/09/07 03:15:14.987, 1, 53, 109818, 249.79
2026/09/07 03:15:15.994, 0, 0, 44113, 127.18
2026/09/07 03:15:15.997, 1, 65, 109818, 251.65
2026/09/07 03:15:16.999, 0, 24, 31869, 125.40
2026/09/07 03:15:17.001, 1, 62, 109818, 249.65
2026/09/07 03:15:18.003, 0, 0, 31869, 124.43
2026/09/07 03:15:18.006, 1, 62, 109818, 260.74
2026/09/07 03:15:19.007, 0, 100, 31869, 126.62
2026/09/07 03:15:19.010, 1, 63, 109818, 256.74
2026/09/07 03:15:20.012, 0, 0, 36005, 126.69
2026/09/07 03:15:20.014, 1, 66, 109818, 264.07
2026/09/07 03:15:21.017, 0, 56, 36005, 126.25
2026/09/07 03:15:21.020, 1, 65, 109818, 260.97
2026/09/07 03:15:22.022, 0, 23, 36005, 125.79
2026/09/07 03:15:22.024, 1, 64, 109818, 261.77
2026/09/07 03:15:23.027, 0, 10, 36517, 146.40
2026/09/07 03:15:23.030, 1, 55, 109818, 255.56
2026/09/07 03:15:24.032, 0, 30, 46429, 179.10
2026/09/07 03:15:24.034, 1, 60, 109818, 258.12
2026/09/07 03:15:25.037, 0, 9, 88473, 469.57
2026/09/07 03:15:25.039, 1, 59, 109818, 254.99
2026/09/07 03:15:26.041, 0, 9, 88473, 125.02
2026/09/07 03:15:26.044, 1, 61, 109818, 258.33
2026/09/07 03:15:27.046, 0, 9, 88473, 175.80
2026/09/07 03:15:27.048, 1, 65, 109818, 259.32
2026/09/07 03:15:28.050, 0, 16, 88473, 132.01
2026/09/07 03:15:28.052, 1, 63, 109818, 254.24
2026/09/07 03:15:29.054, 0, 21, 89693, 203.82
2026/09/07 03:15:29.057, 1, 61, 109818, 258.91
2026/09/07 03:15:30.058, 0, 100, 91157, 608.16
2026/09/07 03:15:30.061, 1, 59, 109818, 258.05
2026/09/07 03:15:31.063, 0, 35, 91157, 222.24
2026/09/07 03:15:31.066, 1, 64, 109818, 253.42
2026/09/07 03:15:32.068, 0, 41, 91157, 333.88
2026/09/07 03:15:32.070, 1, 62, 109818, 266.15
2026/09/07 03:15:33.073, 0, 100, 91939, 153.41
2026/09/07 03:15:33.075, 1, 59, 109818, 255.61
2026/09/07 03:15:34.077, 0, 42, 91941, 126.78
2026/09/07 03:15:34.079, 1, 51, 109818, 253.47
2026/09/07 03:15:35.082, 0, 44, 91941, 126.74
2026/09/07 03:15:35.087, 1, 56, 109820, 223.71
2026/09/07 03:15:36.089, 0, 43, 91941, 126.22
2026/09/07 03:15:36.094, 1, 50, 109820, 232.84
2026/09/07 03:15:37.100, 0, 100, 94367, 128.64
2026/09/07 03:15:37.117, 1, 65, 109822, 245.52
2026/09/07 03:15:38.119, 0, 0, 37541, 127.19
2026/09/07 03:15:38.122, 1, 62, 109822, 263.56
2026/09/07 03:15:39.125, 0, 2, 35759, 126.46
2026/09/07 03:15:39.128, 1, 57, 109822, 261.07
2026/09/07 03:15:40.130, 0, 100, 35759, 124.82
2026/09/07 03:15:40.132, 1, 61, 109822, 255.74
2026/09/07 03:15:41.134, 0, 88, 11565, 127.07
2026/09/07 03:15:41.136, 1, 64, 109822, 252.10
2026/09/07 03:15:42.138, 0, 0, 36005, 124.53
2026/09/07 03:15:42.140, 1, 56, 109822, 259.26
2026/09/07 03:15:43.143, 0, 0, 36005, 125.58
2026/09/07 03:15:43.145, 1, 0, 109822, 206.61
2026/09/07 03:15:44.147, 0, 0, 36675, 125.76
2026/09/07 03:15:44.150, 1, 0, 110120, 122.35
2026/09/07 03:15:45.153, 0, 0, 36615, 143.01
2026/09/07 03:15:45.156, 1, 100, 110428, 305.66
2026/09/07 03:15:46.158, 0, 24, 35759, 124.16
2026/09/07 03:15:46.161, 1, 59, 109818, 235.01
2026/09/07 03:15:47.163, 0, 67, 16699, 126.89
2026/09/07 03:15:47.166, 1, 63, 109818, 261.88
2026/09/07 03:15:48.168, 0, 0, 32745, 125.51
2026/09/07 03:15:48.171, 1, 66, 109818, 264.96
2026/09/07 03:15:49.174, 0, 99, 34371, 365.49
2026/09/07 03:15:49.176, 1, 62, 109818, 264.68
2026/09/07 03:15:50.178, 0, 100, 37911, 581.98
2026/09/07 03:15:50.180, 1, 66, 109818, 272.21
2026/09/07 03:15:51.183, 0, 100, 37911, 691.23
2026/09/07 03:15:51.186, 1, 64, 109818, 257.90
2026/09/07 03:15:52.189, 0, 100, 37911, 666.29
2026/09/07 03:15:52.191, 1, 63, 109818, 266.17
2026/09/07 03:15:53.197, 0, 100, 38515, 186.28
2026/09/07 03:15:53.199, 1, 61, 109818, 268.44
2026/09/07 03:15:54.202, 0, 100, 38695, 128.29
2026/09/07 03:15:54.209, 1, 66, 109818, 266.26
2026/09/07 03:15:55.212, 0, 50, 38695, 127.57
2026/09/07 03:15:55.215, 1, 54, 109818, 243.89
2026/09/07 03:15:56.217, 0, 49, 38695, 127.08
2026/09/07 03:15:56.219, 1, 53, 109820, 236.79
2026/09/07 03:15:57.225, 0, 0, 41121, 127.09
2026/09/07 03:15:57.228, 1, 54, 109820, 236.85
2026/09/07 03:15:58.230, 0, 0, 32745, 125.10
2026/09/07 03:15:58.231, 1, 60, 109820, 249.89
2026/09/07 03:15:59.233, 0, 0, 31869, 124.86
2026/09/07 03:15:59.236, 1, 56, 109820, 250.80
2026/09/07 03:16:00.240, 0, 59, 31869, 124.71
2026/09/07 03:16:00.242, 1, 60, 109820, 254.97
2026/09/07 03:16:01.244, 0, 84, 11565, 128.41
2026/09/07 03:16:01.247, 1, 59, 109820, 253.99
2026/09/07 03:16:02.251, 0, 0, 36005, 124.73
2026/09/07 03:16:02.253, 1, 61, 109820, 254.70
2026/09/07 03:16:03.254, 0, 100, 36005, 127.10
2026/09/07 03:16:03.258, 1, 62, 109820, 254.98
2026/09/07 03:16:04.262, 0, 21, 36005, 125.19
2026/09/07 03:16:04.264, 1, 59, 109820, 254.56
2026/09/07 03:16:05.266, 0, 19, 36005, 124.36
2026/09/07 03:16:05.270, 1, 60, 109820, 254.86
2026/09/07 03:16:06.271, 0, 9, 46219, 175.69
2026/09/07 03:16:06.274, 1, 59, 109820, 241.40
2026/09/07 03:16:07.277, 0, 24, 48197, 160.57
2026/09/07 03:16:07.279, 1, 48, 109820, 237.90
2026/09/07 03:16:08.280, 0, 9, 75481, 396.84
2026/09/07 03:16:08.283, 1, 51, 109820, 229.24
2026/09/07 03:16:09.285, 0, 22, 75481, 142.41
2026/09/07 03:16:09.288, 1, 53, 109820, 231.49
2026/09/07 03:16:10.290, 0, 9, 75481, 136.78
2026/09/07 03:16:10.292, 1, 58, 109820, 235.96
2026/09/07 03:16:11.294, 0, 52, 75481, 226.90
2026/09/07 03:16:11.297, 1, 59, 109820, 242.25
2026/09/07 03:16:12.300, 0, 9, 75481, 579.60
2026/09/07 03:16:12.302, 1, 59, 109820, 241.85
2026/09/07 03:16:13.304, 0, 35, 75481, 157.36
2026/09/07 03:16:13.306, 1, 59, 109820, 252.37
2026/09/07 03:16:14.309, 0, 23, 75481, 141.95
2026/09/07 03:16:14.311, 1, 58, 109820, 250.96
2026/09/07 03:16:15.313, 0, 100, 75481, 433.99
2026/09/07 03:16:15.315, 1, 59, 109820, 246.78
2026/09/07 03:16:16.317, 0, 9, 75481, 275.53
2026/09/07 03:16:16.388, 1, 61, 109820, 248.69
2026/09/07 03:16:17.390, 0, 9, 75481, 148.71
2026/09/07 03:16:17.392, 1, 54, 109820, 251.83
2026/09/07 03:16:18.395, 0, 21, 75481, 177.57
2026/09/07 03:16:18.397, 1, 57, 109820, 254.22
2026/09/07 03:16:19.399, 0, 10, 75481, 461.04
2026/09/07 03:16:19.401, 1, 57, 109820, 257.86
2026/09/07 03:16:20.403, 0, 100, 76263, 197.74
2026/09/07 03:16:20.406, 1, 51, 109820, 246.15
2026/09/07 03:16:21.408, 0, 100, 76263, 127.01
2026/09/07 03:16:21.412, 1, 55, 109820, 255.59
2026/09/07 03:16:22.414, 0, 39, 76265, 126.65
2026/09/07 03:16:22.417, 1, 43, 109820, 236.82
2026/09/07 03:16:23.422, 0, 41, 76265, 127.36
2026/09/07 03:16:23.425, 1, 43, 109820, 226.13
2026/09/07 03:16:24.431, 0, 100, 78691, 127.67
2026/09/07 03:16:24.435, 1, 51, 109820, 226.68
2026/09/07 03:16:25.438, 0, 0, 78691, 126.36
2026/09/07 03:16:25.441, 1, 60, 109820, 256.00
2026/09/07 03:16:26.444, 0, 2, 35759, 127.13
2026/09/07 03:16:26.447, 1, 57, 109820, 256.55
2026/09/07 03:16:27.449, 0, 73, 31945, 125.55
2026/09/07 03:16:27.451, 1, 54, 109820, 254.90
2026/09/07 03:16:28.453, 0, 0, 36005, 126.52
2026/09/07 03:16:28.455, 1, 54, 109822, 252.12
2026/09/07 03:16:29.457, 0, 1, 36005, 126.00
2026/09/07 03:16:29.459, 1, 53, 109822, 238.18
2026/09/07 03:16:30.461, 0, 0, 36293, 124.11
2026/09/07 03:16:30.463, 1, 1, 109798, 119.23
2026/09/07 03:16:31.466, 0, 6, 36615, 147.79
2026/09/07 03:16:31.468, 1, 63, 108946, 146.06
2026/09/07 03:16:32.470, 0, 0, 36071, 124.63
2026/09/07 03:16:32.472, 1, 0, 108648, 176.52
2026/09/07 03:16:33.474, 0, 4, 35759, 124.26
2026/09/07 03:16:33.477, 1, 58, 108360, 239.16
2026/09/07 03:16:34.479, 0, 0, 7801, 126.50
2026/09/07 03:16:34.481, 1, 56, 108360, 254.60
2026/09/07 03:16:35.483, 0, 0, 7801, 123.84
2026/09/07 03:16:35.486, 1, 54, 108360, 250.84
2026/09/07 03:16:36.488, 0, 0, 7801, 123.78
2026/09/07 03:16:36.490, 1, 54, 108360, 245.21
2026/09/07 03:16:37.492, 0, 0, 7801, 123.70
2026/09/07 03:16:37.494, 1, 52, 108360, 248.71
2026/09/07 03:16:38.496, 0, 0, 7801, 123.63
2026/09/07 03:16:38.499, 1, 55, 108360, 247.36
2026/09/07 03:16:39.501, 0, 0, 7801, 123.65
2026/09/07 03:16:39.503, 1, 54, 108360, 251.96
2026/09/07 03:16:40.505, 0, 100, 16699, 124.40
2026/09/07 03:16:40.507, 1, 23, 108390, 175.86
2026/09/07 03:16:41.510, 0, 0, 32745, 124.65
2026/09/07 03:16:41.512, 1, 30, 108438, 238.67
2026/09/07 03:16:42.514, 0, 11, 34531, 242.77
2026/09/07 03:16:42.516, 1, 65, 108438, 252.48
2026/09/07 03:16:43.518, 0, 35, 35747, 484.30
2026/09/07 03:16:43.521, 1, 60, 108438, 249.19
2026/09/07 03:16:44.523, 0, 100, 36351, 131.40
2026/09/07 03:16:44.525, 1, 61, 108438, 248.55
2026/09/07 03:16:45.528, 0, 51, 36531, 126.66
2026/09/07 03:16:45.530, 1, 47, 108438, 241.46
2026/09/07 03:16:46.533, 0, 51, 36531, 126.04
2026/09/07 03:16:46.539, 1, 44, 108438, 219.63
2026/09/07 03:16:47.542, 0, 48, 36531, 126.20
2026/09/07 03:16:47.550, 1, 51, 108438, 219.45
2026/09/07 03:16:48.554, 0, 0, 38957, 125.46
2026/09/07 03:16:48.557, 1, 65, 108438, 235.73
2026/09/07 03:16:49.558, 0, 0, 32221, 124.32
2026/09/07 03:16:49.561, 1, 60, 108438, 242.38
2026/09/07 03:16:50.563, 0, 0, 31869, 123.70
2026/09/07 03:16:50.565, 1, 61, 108438, 242.89
2026/09/07 03:16:51.568, 0, 100, 31869, 125.71
2026/09/07 03:16:51.570, 1, 63, 108438, 241.26
2026/09/07 03:16:52.572, 0, 0, 36005, 126.26
2026/09/07 03:16:52.575, 1, 60, 108438, 249.73
2026/09/07 03:16:53.578, 0, 100, 36005, 125.35
2026/09/07 03:16:53.581, 1, 62, 108438, 238.70
2026/09/07 03:16:54.584, 0, 20, 36005, 125.35
2026/09/07 03:16:54.586, 1, 58, 108438, 242.11
2026/09/07 03:16:55.588, 0, 9, 44309, 194.73
2026/09/07 03:16:55.591, 1, 30, 108438, 207.75
2026/09/07 03:16:56.593, 0, 7, 55241, 316.13
2026/09/07 03:16:56.596, 1, 0, 108440, 205.76
2026/09/07 03:16:57.598, 0, 90, 55241, 297.93
2026/09/07 03:16:57.600, 1, 48, 108442, 245.75
2026/09/07 03:16:58.603, 0, 100, 56023, 184.54
2026/09/07 03:16:58.606, 1, 58, 108442, 245.23
2026/09/07 03:16:59.608, 0, 100, 56023, 127.05
2026/09/07 03:16:59.611, 1, 60, 108442, 250.42
2026/09/07 03:17:00.615, 0, 44, 56025, 126.44
2026/09/07 03:17:00.620, 1, 51, 108442, 237.07
2026/09/07 03:17:01.622, 0, 45, 56025, 125.65
2026/09/07 03:17:01.625, 1, 52, 108442, 220.66
2026/09/07 03:17:02.629, 0, 86, 58451, 127.51
2026/09/07 03:17:02.632, 1, 60, 108442, 225.26
2026/09/07 03:17:03.634, 0, 23, 58451, 125.71
2026/09/07 03:17:03.638, 1, 58, 108442, 253.67
2026/09/07 03:17:04.640, 0, 0, 36005, 124.92
2026/09/07 03:17:04.642, 1, 58, 108442, 251.45
2026/09/07 03:17:05.645, 0, 0, 35759, 123.64
2026/09/07 03:17:05.648, 1, 59, 108442, 247.22
2026/09/07 03:17:06.650, 0, 68, 11565, 126.61
2026/09/07 03:17:06.653, 1, 62, 108442, 251.01
2026/09/07 03:17:07.656, 0, 0, 36005, 123.82
2026/09/07 03:17:07.658, 1, 59, 108442, 253.44
2026/09/07 03:17:08.661, 0, 0, 36005, 125.11
2026/09/07 03:17:08.663, 1, 0, 108442, 208.92
2026/09/07 03:17:09.666, 0, 0, 36359, 123.38
2026/09/07 03:17:09.670, 1, 1, 109866, 118.56
2026/09/07 03:17:10.674, 0, 0, 36615, 143.63
2026/09/07 03:17:10.677, 1, 0, 110402, 218.63
2026/09/07 03:17:11.678, 0, 15, 35759, 123.44
2026/09/07 03:17:11.681, 1, 59, 109806, 198.10
2026/09/07 03:17:12.683, 0, 100, 35759, 123.79
2026/09/07 03:17:12.685, 1, 63, 109806, 246.46
2026/09/07 03:17:13.687, 0, 41, 8639, 125.99
2026/09/07 03:17:13.690, 1, 35, 109808, 246.77
2026/09/07 03:17:14.692, 0, 0, 32745, 125.11
2026/09/07 03:17:14.694, 1, 62, 109808, 259.06
2026/09/07 03:17:15.696, 0, 57, 33779, 313.45
2026/09/07 03:17:15.698, 1, 62, 109808, 255.36
2026/09/07 03:17:16.701, 0, 100, 37349, 579.33
2026/09/07 03:17:16.704, 1, 64, 109808, 259.77
2026/09/07 03:17:17.706, 0, 66, 37349, 584.52
2026/09/07 03:17:17.708, 1, 58, 109808, 262.53
2026/09/07 03:17:18.711, 0, 100, 37953, 231.60
2026/09/07 03:17:18.713, 1, 63, 109808, 256.23
2026/09/07 03:17:19.715, 0, 100, 37953, 126.85
2026/09/07 03:17:19.717, 1, 65, 109808, 257.54
2026/09/07 03:17:20.720, 0, 52, 38133, 126.72
2026/09/07 03:17:20.723, 1, 44, 109808, 241.25
2026/09/07 03:17:21.725, 0, 51, 38133, 126.20
2026/09/07 03:17:21.730, 1, 53, 109808, 239.58
2026/09/07 03:17:22.732, 0, 0, 40559, 126.18
2026/09/07 03:17:22.735, 1, 59, 109808, 241.48
2026/09/07 03:17:23.737, 0, 0, 32745, 124.27
2026/09/07 03:17:23.739, 1, 61, 109808, 261.00
2026/09/07 03:17:24.742, 0, 0, 31869, 123.95
2026/09/07 03:17:24.745, 1, 49, 109808, 253.17
2026/09/07 03:17:25.747, 0, 2, 31869, 123.69
2026/09/07 03:17:25.750, 1, 60, 109808, 253.92
2026/09/07 03:17:26.752, 0, 71, 11565, 127.61
2026/09/07 03:17:26.754, 1, 59, 109808, 249.58
2026/09/07 03:17:27.756, 0, 0, 36005, 124.14
2026/09/07 03:17:27.759, 1, 56, 109808, 257.57
2026/09/07 03:17:28.762, 0, 100, 36005, 126.02
2026/09/07 03:17:28.766, 1, 60, 109808, 259.87
2026/09/07 03:17:29.769, 0, 22, 36005, 124.36
2026/09/07 03:17:29.772, 1, 63, 109808, 255.40
2026/09/07 03:17:30.774, 0, 16, 52285, 210.34
2026/09/07 03:17:30.776, 1, 61, 109808, 256.83
2026/09/07 03:17:31.779, 0, 9, 52797, 144.34
2026/09/07 03:17:31.781, 1, 59, 109808, 254.11
2026/09/07 03:17:32.784, 0, 100, 57921, 384.30
2026/09/07 03:17:32.786, 1, 62, 109808, 256.78
2026/09/07 03:17:33.789, 0, 16, 71989, 250.89
2026/09/07 03:17:33.791, 1, 61, 109808, 247.91
2026/09/07 03:17:34.793, 0, 37, 71989, 157.19
2026/09/07 03:17:34.795, 1, 64, 109808, 258.11
2026/09/07 03:17:35.798, 0, 4, 71989, 433.29
2026/09/07 03:17:35.801, 1, 60, 109808, 258.61
2026/09/07 03:17:36.803, 0, 46, 71989, 320.66
2026/09/07 03:17:36.806, 1, 59, 109808, 257.72
2026/09/07 03:17:37.808, 0, 83, 71989, 269.89
2026/09/07 03:17:37.810, 1, 60, 109808, 257.54
2026/09/07 03:17:38.812, 0, 54, 72591, 251.63
2026/09/07 03:17:38.815, 1, 57, 109808, 260.86
2026/09/07 03:17:39.818, 0, 100, 72771, 127.90
2026/09/07 03:17:39.820, 1, 60, 109808, 257.74
2026/09/07 03:17:40.822, 0, 51, 72773, 126.80
2026/09/07 03:17:40.826, 1, 54, 109808, 252.76
2026/09/07 03:17:41.828, 0, 44, 72773, 126.33
2026/09/07 03:17:41.831, 1, 42, 109808, 227.97
2026/09/07 03:17:42.834, 0, 4, 75199, 125.92
2026/09/07 03:17:42.837, 1, 38, 109808, 226.64
2026/09/07 03:17:43.839, 0, 100, 75199, 128.52
2026/09/07 03:17:43.842, 1, 62, 109808, 258.55
2026/09/07 03:17:44.844, 0, 73, 37029, 126.46
2026/09/07 03:17:44.847, 1, 62, 109808, 263.95
2026/09/07 03:17:45.850, 0, 0, 35759, 123.83
2026/09/07 03:17:45.852, 1, 56, 109808, 259.28
2026/09/07 03:17:46.855, 0, 100, 11565, 126.93
2026/09/07 03:17:46.857, 1, 60, 109808, 262.04
2026/09/07 03:17:47.859, 0, 57, 36005, 124.19
2026/09/07 03:17:47.862, 1, 59, 109808, 263.41
2026/09/07 03:17:48.865, 0, 0, 36005, 124.89
2026/09/07 03:17:48.868, 1, 0, 109808, 190.28
2026/09/07 03:17:49.870, 0, 0, 36675, 125.95
2026/09/07 03:17:49.872, 1, 0, 110122, 122.73
2026/09/07 03:17:50.874, 0, 0, 36615, 143.49
2026/09/07 03:17:50.877, 1, 84, 110430, 381.98
2026/09/07 03:17:51.879, 0, 24, 35759, 123.68
2026/09/07 03:17:51.882, 1, 62, 109820, 255.64
2026/09/07 03:17:52.885, 0, 66, 7801, 126.09
2026/09/07 03:17:52.888, 1, 0, 109820, 188.79
2026/09/07 03:17:53.891, 0, 0, 7801, 124.00
2026/09/07 03:17:53.894, 1, 61, 109820, 206.41
2026/09/07 03:17:54.896, 0, 0, 7801, 123.24
2026/09/07 03:17:54.899, 1, 63, 109820, 270.72
2026/09/07 03:17:55.901, 0, 0, 7801, 123.35
2026/09/07 03:17:55.904, 1, 65, 109820, 272.73
2026/09/07 03:17:56.907, 0, 0, 7801, 123.24
2026/09/07 03:17:56.910, 1, 66, 109820, 274.08
2026/09/07 03:17:57.913, 0, 0, 7801, 123.26
2026/09/07 03:17:57.916, 1, 61, 109820, 271.04
2026/09/07 03:17:58.918, 0, 0, 7801, 123.16
2026/09/07 03:17:58.920, 1, 62, 109820, 270.96
2026/09/07 03:17:59.923, 0, 0, 7801, 123.15
2026/09/07 03:17:59.925, 1, 63, 109822, 273.32
2026/09/07 03:18:00.928, 0, 0, 7801, 123.18
2026/09/07 03:18:00.930, 1, 67, 109822, 262.35
2026/09/07 03:18:01.933, 0, 0, 7801, 123.11
2026/09/07 03:18:01.935, 1, 62, 109822, 264.21
2026/09/07 03:18:02.937, 0, 0, 7801, 123.09
2026/09/07 03:18:02.940, 1, 60, 109822, 265.77
2026/09/07 03:18:03.942, 0, 0, 7801, 123.08
2026/09/07 03:18:03.944, 1, 61, 109822, 266.81
2026/09/07 03:18:04.946, 0, 0, 7801, 123.06
2026/09/07 03:18:04.949, 1, 60, 109822, 262.68
2026/09/07 03:18:05.951, 0, 0, 7801, 123.03
2026/09/07 03:18:05.953, 1, 60, 109822, 254.75
2026/09/07 03:18:06.955, 0, 0, 7801, 123.03
2026/09/07 03:18:06.958, 1, 61, 109822, 262.63
2026/09/07 03:18:07.960, 0, 0, 7801, 123.00
2026/09/07 03:18:07.962, 1, 62, 109822, 256.74
2026/09/07 03:18:08.965, 0, 0, 7801, 123.01
2026/09/07 03:18:08.967, 1, 65, 109822, 266.82
2026/09/07 03:18:09.969, 0, 0, 7801, 122.92
2026/09/07 03:18:09.971, 1, 61, 109822, 252.73
2026/09/07 03:18:10.973, 0, 0, 7801, 122.95
2026/09/07 03:18:10.975, 1, 61, 109822, 259.55
2026/09/07 03:18:11.977, 0, 0, 7801, 122.93
2026/09/07 03:18:11.979, 1, 59, 109822, 262.06
2026/09/07 03:18:12.981, 0, 0, 7801, 122.91
2026/09/07 03:18:12.983, 1, 59, 109822, 264.58
2026/09/07 03:18:13.986, 0, 0, 7801, 122.94
2026/09/07 03:18:13.988, 1, 63, 109822, 258.68
2026/09/07 03:18:14.991, 0, 0, 7801, 122.88
2026/09/07 03:18:14.993, 1, 62, 109822, 268.41
2026/09/07 03:18:15.996, 0, 0, 7801, 122.57
2026/09/07 03:18:15.999, 1, 56, 109824, 267.28
2026/09/07 03:18:17.001, 0, 0, 7801, 122.19
2026/09/07 03:18:17.003, 1, 62, 109824, 260.53
2026/09/07 03:18:18.005, 0, 0, 7801, 122.22
2026/09/07 03:18:18.007, 1, 66, 109824, 267.56
2026/09/07 03:18:19.008, 0, 0, 7801, 122.25
2026/09/07 03:18:19.011, 1, 66, 109824, 265.45
2026/09/07 03:18:20.013, 0, 0, 7801, 122.17
2026/09/07 03:18:20.015, 1, 60, 109824, 267.42
2026/09/07 03:18:21.017, 0, 0, 7801, 122.19
2026/09/07 03:18:21.021, 1, 65, 109824, 267.88
2026/09/07 03:18:22.023, 0, 0, 7801, 122.17
2026/09/07 03:18:22.026, 1, 64, 109824, 257.92
2026/09/07 03:18:23.028, 0, 0, 7801, 122.13
2026/09/07 03:18:23.031, 1, 65, 109824, 263.50
2026/09/07 03:18:24.033, 0, 0, 7801, 122.12
2026/09/07 03:18:24.035, 1, 62, 109824, 255.92
2026/09/07 03:18:25.037, 0, 77, 16699, 122.86
2026/09/07 03:18:25.040, 1, 50, 109824, 257.19
2026/09/07 03:18:26.042, 0, 0, 32745, 123.46
2026/09/07 03:18:26.044, 1, 60, 109824, 270.19
2026/09/07 03:18:27.047, 0, 97, 33773, 361.11
2026/09/07 03:18:27.049, 1, 60, 109824, 263.40
2026/09/07 03:18:28.052, 0, 86, 36643, 559.81
2026/09/07 03:18:28.055, 1, 65, 109824, 270.06
2026/09/07 03:18:29.058, 0, 100, 36643, 663.95
2026/09/07 03:18:29.062, 1, 62, 109824, 258.05
2026/09/07 03:18:30.081, 0, 100, 37247, 208.55
2026/09/07 03:18:30.083, 1, 63, 109824, 262.41
2026/09/07 03:18:31.086, 0, 92, 37427, 127.10
2026/09/07 03:18:31.088, 1, 62, 109824, 271.86
2026/09/07 03:18:32.090, 0, 45, 37427, 126.11
2026/09/07 03:18:32.092, 1, 47, 109824, 255.41
2026/09/07 03:18:33.094, 0, 44, 37427, 125.98
2026/09/07 03:18:33.097, 1, 48, 109824, 240.81
2026/09/07 03:18:34.099, 0, 0, 39853, 124.57
2026/09/07 03:18:34.102, 1, 61, 109824, 244.58
2026/09/07 03:18:35.104, 0, 0, 32743, 123.40
2026/09/07 03:18:35.107, 1, 63, 109824, 272.71
2026/09/07 03:18:36.109, 0, 0, 31869, 123.20
2026/09/07 03:18:36.111, 1, 65, 109824, 271.70
2026/09/07 03:18:37.113, 0, 100, 31869, 124.42
2026/09/07 03:18:37.116, 1, 64, 109824, 263.70
2026/09/07 03:18:38.117, 0, 0, 36005, 126.11
2026/09/07 03:18:38.120, 1, 60, 109824, 266.27
2026/09/07 03:18:39.122, 0, 100, 36005, 123.99
2026/09/07 03:18:39.124, 1, 64, 109824, 265.29
2026/09/07 03:18:40.126, 0, 21, 36005, 125.05
2026/09/07 03:18:40.128, 1, 63, 109824, 274.75
2026/09/07 03:18:41.130, 0, 22, 36005, 122.90
2026/09/07 03:18:41.132, 1, 65, 109824, 273.62
2026/09/07 03:18:42.134, 0, 11, 44065, 179.38
2026/09/07 03:18:42.136, 1, 64, 109824, 275.78
2026/09/07 03:18:43.138, 0, 9, 55873, 326.26
2026/09/07 03:18:43.141, 1, 61, 109824, 261.27
2026/09/07 03:18:44.143, 0, 94, 55875, 275.46
2026/09/07 03:18:44.145, 1, 63, 109824, 276.04
2026/09/07 03:18:45.147, 0, 18, 71395, 264.36
2026/09/07 03:18:45.149, 1, 64, 109824, 272.03
2026/09/07 03:18:46.152, 0, 34, 71395, 158.38
2026/09/07 03:18:46.156, 1, 64, 109824, 278.57
2026/09/07 03:18:47.158, 0, 68, 71399, 510.75
2026/09/07 03:18:47.161, 1, 57, 109824, 280.30
2026/09/07 03:18:48.163, 0, 9, 71399, 146.03
2026/09/07 03:18:48.167, 1, 61, 109824, 271.10
2026/09/07 03:18:49.169, 0, 100, 71399, 354.41
2026/09/07 03:18:49.172, 1, 66, 109824, 280.41
2026/09/07 03:18:50.174, 0, 57, 71399, 285.20
2026/09/07 03:18:50.177, 1, 65, 109824, 270.72
2026/09/07 03:18:51.179, 0, 100, 72181, 151.10
2026/09/07 03:18:51.182, 1, 60, 109824, 270.30
2026/09/07 03:18:52.184, 0, 46, 72183, 127.16
2026/09/07 03:18:52.188, 1, 54, 109824, 262.20
2026/09/07 03:18:53.190, 0, 46, 72183, 126.03
2026/09/07 03:18:53.193, 1, 41, 109824, 242.38
2026/09/07 03:18:54.195, 0, 38, 72183, 126.08
2026/09/07 03:18:54.202, 1, 47, 109824, 239.59
2026/09/07 03:18:55.207, 0, 100, 74609, 127.18
2026/09/07 03:18:55.209, 1, 62, 109824, 255.05
2026/09/07 03:18:56.211, 0, 0, 60861, 124.88
2026/09/07 03:18:56.213, 1, 61, 109824, 275.42
2026/09/07 03:18:57.219, 0, 9, 35759, 126.09
2026/09/07 03:18:57.221, 1, 61, 109824, 274.66
2026/09/07 03:18:58.223, 0, 60, 11565, 126.55
2026/09/07 03:18:58.225, 1, 64, 109824, 272.49
2026/09/07 03:18:59.227, 0, 0, 36005, 124.21
2026/09/07 03:18:59.231, 1, 61, 109824, 279.10
2026/09/07 03:19:00.234, 0, 0, 36005, 125.35
2026/09/07 03:19:00.236, 1, 0, 109824, 234.70
2026/09/07 03:19:01.238, 0, 0, 36295, 123.57
2026/09/07 03:19:01.251, 1, 0, 109794, 119.13
2026/09/07 03:19:02.253, 0, 4, 36615, 144.80
2026/09/07 03:19:02.255, 1, 65, 110392, 236.54
2026/09/07 03:19:03.257, 0, 1, 36071, 123.54
2026/09/07 03:19:03.260, 1, 1, 110062, 433.15
2026/09/07 03:19:04.263, 0, 19, 35759, 124.08
2026/09/07 03:19:04.265, 1, 58, 109810, 289.61
2026/09/07 03:19:05.267, 0, 0, 7801, 125.88
2026/09/07 03:19:05.270, 1, 62, 109810, 279.66
2026/09/07 03:19:06.272, 0, 0, 7801, 123.34
2026/09/07 03:19:06.274, 1, 65, 109810, 275.66
2026/09/07 03:19:07.276, 0, 0, 7801, 123.33
2026/09/07 03:19:07.279, 1, 61, 109810, 283.78
2026/09/07 03:19:08.281, 0, 0, 7801, 123.29
2026/09/07 03:19:08.288, 1, 63, 109810, 281.41
2026/09/07 03:19:09.290, 0, 0, 7801, 123.29
2026/09/07 03:19:09.293, 1, 63, 109810, 281.99
2026/09/07 03:19:10.295, 0, 0, 7801, 123.26
2026/09/07 03:19:10.298, 1, 58, 109810, 281.95
2026/09/07 03:19:11.302, 0, 0, 7801, 123.25
2026/09/07 03:19:11.304, 1, 61, 109810, 269.65
2026/09/07 03:19:12.306, 0, 0, 7801, 123.22
2026/09/07 03:19:12.309, 1, 64, 109812, 260.12
2026/09/07 03:19:13.310, 0, 0, 7801, 123.20
2026/09/07 03:19:13.313, 1, 60, 109812, 277.46
2026/09/07 03:19:14.316, 0, 0, 7801, 123.13
2026/09/07 03:19:14.319, 1, 62, 109812, 277.06
2026/09/07 03:19:15.322, 0, 0, 7801, 122.73
2026/09/07 03:19:15.325, 1, 62, 109812, 274.65
2026/09/07 03:19:16.328, 0, 0, 7801, 122.51
2026/09/07 03:19:16.330, 1, 60, 109812, 275.31
2026/09/07 03:19:17.332, 0, 0, 7801, 122.50
2026/09/07 03:19:17.337, 1, 62, 109812, 278.99
2026/09/07 03:19:18.341, 0, 0, 7801, 122.50
2026/09/07 03:19:18.343, 1, 63, 109812, 275.55
2026/09/07 03:19:19.345, 0, 0, 7801, 122.42
2026/09/07 03:19:19.351, 1, 65, 109812, 276.07
2026/09/07 03:19:20.356, 0, 0, 7801, 122.48
2026/09/07 03:19:20.358, 1, 65, 109812, 280.96
2026/09/07 03:19:21.360, 0, 0, 7801, 122.40
2026/09/07 03:19:21.362, 1, 64, 109812, 270.52
2026/09/07 03:19:22.364, 0, 0, 7801, 122.45
2026/09/07 03:19:22.367, 1, 60, 109812, 277.65
2026/09/07 03:19:23.370, 0, 0, 7801, 122.32
2026/09/07 03:19:23.375, 1, 60, 109812, 277.21
2026/09/07 03:19:24.378, 0, 0, 7801, 122.42
2026/09/07 03:19:24.381, 1, 62, 109812, 267.47
2026/09/07 03:19:25.383, 0, 0, 7801, 122.39
2026/09/07 03:19:25.385, 1, 67, 109812, 269.69
2026/09/07 03:19:26.387, 0, 0, 7801, 122.33
2026/09/07 03:19:26.389, 1, 64, 109812, 267.81
2026/09/07 03:19:27.391, 0, 0, 7801, 122.38
2026/09/07 03:19:27.395, 1, 62, 109812, 281.10
2026/09/07 03:19:28.401, 0, 0, 7801, 122.36
2026/09/07 03:19:28.404, 1, 61, 109812, 276.63
2026/09/07 03:19:29.406, 0, 0, 7801, 122.30
2026/09/07 03:19:29.408, 1, 64, 109812, 274.27
2026/09/07 03:19:30.410, 0, 0, 7801, 122.31
2026/09/07 03:19:30.412, 1, 61, 109812, 279.30
2026/09/07 03:19:31.414, 0, 0, 7801, 122.25
2026/09/07 03:19:31.417, 1, 63, 109812, 278.42
2026/09/07 03:19:32.419, 0, 0, 7801, 122.27
2026/09/07 03:19:32.421, 1, 59, 109812, 272.06
2026/09/07 03:19:33.423, 0, 0, 7801, 122.25
2026/09/07 03:19:33.426, 1, 66, 109812, 276.60
2026/09/07 03:19:34.428, 0, 0, 7801, 122.30
2026/09/07 03:19:34.430, 1, 60, 109812, 272.89
2026/09/07 03:19:35.432, 0, 0, 7801, 122.25
2026/09/07 03:19:35.435, 1, 62, 109812, 259.82
2026/09/07 03:19:36.438, 0, 0, 7801, 122.26
2026/09/07 03:19:36.440, 1, 62, 109812, 254.90
2026/09/07 03:19:37.442, 0, 0, 7801, 122.27
2026/09/07 03:19:37.445, 1, 65, 109812, 255.60
2026/09/07 03:19:38.447, 0, 0, 7801, 122.18
2026/09/07 03:19:38.449, 1, 60, 109812, 254.52
2026/09/07 03:19:39.451, 0, 0, 7801, 122.26
2026/09/07 03:19:39.453, 1, 62, 109812, 254.40
2026/09/07 03:19:40.455, 0, 0, 7801, 122.20
2026/09/07 03:19:40.458, 1, 46, 109812, 252.74
2026/09/07 03:19:41.460, 0, 0, 7801, 122.25
2026/09/07 03:19:41.462, 1, 56, 109812, 256.76
2026/09/07 03:19:42.464, 0, 0, 7801, 122.20
2026/09/07 03:19:42.466, 1, 58, 109812, 266.67
2026/09/07 03:19:43.468, 0, 0, 7801, 122.19
2026/09/07 03:19:43.474, 1, 51, 109812, 257.65
2026/09/07 03:19:44.476, 0, 0, 7801, 122.21
2026/09/07 03:19:44.478, 1, 56, 109812, 257.44
2026/09/07 03:19:45.481, 0, 0, 7801, 122.14
2026/09/07 03:19:45.483, 1, 55, 109812, 260.26
2026/09/07 03:19:46.485, 0, 0, 7801, 122.25
2026/09/07 03:19:46.487, 1, 57, 109812, 263.98
2026/09/07 03:19:47.490, 0, 0, 7801, 122.10
2026/09/07 03:19:47.492, 1, 57, 109812, 260.68
2026/09/07 03:19:48.495, 0, 0, 7801, 122.17
2026/09/07 03:19:48.497, 1, 55, 109812, 259.14
2026/09/07 03:19:49.499, 0, 0, 7801, 122.14
2026/09/07 03:19:49.501, 1, 55, 109812, 261.98
2026/09/07 03:19:50.504, 0, 0, 7801, 122.14
2026/09/07 03:19:50.506, 1, 56, 109812, 264.82
2026/09/07 03:19:51.508, 0, 0, 7801, 122.16
2026/09/07 03:19:51.510, 1, 58, 109812, 261.22
2026/09/07 03:19:52.512, 0, 0, 7801, 122.11
2026/09/07 03:19:52.515, 1, 59, 109812, 263.85
2026/09/07 03:19:53.517, 0, 100, 16697, 123.03
2026/09/07 03:19:53.519, 1, 62, 109812, 254.30
2026/09/07 03:19:54.521, 0, 0, 32743, 123.29
2026/09/07 03:19:54.524, 1, 52, 109812, 247.68
2026/09/07 03:19:55.525, 0, 98, 35447, 439.36
2026/09/07 03:19:55.528, 1, 61, 109812, 252.20
2026/09/07 03:19:56.529, 0, 47, 37175, 466.77
2026/09/07 03:19:56.532, 1, 62, 109812, 250.93
2026/09/07 03:19:57.534, 0, 100, 40903, 692.42
2026/09/07 03:19:57.536, 1, 62, 109812, 253.10
2026/09/07 03:19:58.538, 0, 100, 40903, 697.11
2026/09/07 03:19:58.540, 1, 65, 109812, 254.01
2026/09/07 03:19:59.542, 0, 100, 41507, 401.98
2026/09/07 03:19:59.545, 1, 59, 109812, 244.76
2026/09/07 03:20:00.547, 0, 100, 41507, 127.88
2026/09/07 03:20:00.549, 1, 63, 109812, 245.06
2026/09/07 03:20:01.551, 0, 50, 41687, 126.94
2026/09/07 03:20:01.553, 1, 47, 109812, 230.40
2026/09/07 03:20:02.556, 0, 46, 41687, 127.20
2026/09/07 03:20:02.558, 1, 47, 109812, 221.05
2026/09/07 03:20:03.560, 0, 0, 44113, 127.26
2026/09/07 03:20:03.563, 1, 63, 109812, 230.72
2026/09/07 03:20:04.565, 0, 0, 32743, 124.40
2026/09/07 03:20:04.568, 1, 60, 109812, 249.69
2026/09/07 03:20:05.570, 0, 0, 31869, 123.81
2026/09/07 03:20:05.572, 1, 63, 109812, 246.73
2026/09/07 03:20:06.574, 0, 100, 31869, 123.96
2026/09/07 03:20:06.576, 1, 63, 109812, 249.21
2026/09/07 03:20:07.578, 0, 100, 31869, 125.20
2026/09/07 03:20:07.581, 1, 62, 109812, 248.04
2026/09/07 03:20:08.582, 0, 69, 11565, 127.01
2026/09/07 03:20:08.585, 1, 63, 109812, 250.65
2026/09/07 03:20:09.587, 0, 0, 36005, 124.18
2026/09/07 03:20:09.589, 1, 61, 109812, 255.34
2026/09/07 03:20:10.591, 0, 100, 36005, 126.40
2026/09/07 03:20:10.594, 1, 60, 109812, 251.76
2026/09/07 03:20:11.596, 0, 20, 36005, 124.71
2026/09/07 03:20:11.598, 1, 55, 109812, 251.47
2026/09/07 03:20:12.601, 0, 21, 36005, 123.85
2026/09/07 03:20:12.603, 1, 58, 109812, 260.09
2026/09/07 03:20:13.605, 0, 7, 46729, 175.50
2026/09/07 03:20:13.608, 1, 60, 109812, 266.08
2026/09/07 03:20:14.610, 0, 96, 49409, 285.34
2026/09/07 03:20:14.613, 1, 54, 109812, 265.49
2026/09/07 03:20:15.614, 0, 99, 88819, 362.82
2026/09/07 03:20:15.617, 1, 57, 109812, 255.39
2026/09/07 03:20:16.620, 0, 9, 88819, 190.76
2026/09/07 03:20:16.623, 1, 55, 109812, 261.05
2026/09/07 03:20:17.625, 0, 15, 88819, 169.54
2026/09/07 03:20:17.629, 1, 56, 109812, 261.18
2026/09/07 03:20:18.632, 0, 10, 88819, 129.60
2026/09/07 03:20:18.634, 1, 56, 109812, 260.96
2026/09/07 03:20:19.636, 0, 27, 88819, 178.04
2026/09/07 03:20:19.639, 1, 63, 109812, 248.55
2026/09/07 03:20:20.641, 0, 100, 90527, 399.08
2026/09/07 03:20:20.643, 1, 63, 109812, 218.10
2026/09/07 03:20:21.645, 0, 100, 90527, 632.70
2026/09/07 03:20:21.647, 1, 65, 109812, 254.53
2026/09/07 03:20:22.649, 0, 9, 90527, 125.20
2026/09/07 03:20:22.651, 1, 64, 109812, 254.24
2026/09/07 03:20:23.654, 0, 22, 90527, 172.02
2026/09/07 03:20:23.656, 1, 57, 109812, 253.39
2026/09/07 03:20:24.658, 0, 9, 90527, 124.85
2026/09/07 03:20:24.660, 1, 65, 109812, 257.82
2026/09/07 03:20:25.663, 0, 34, 90527, 194.61
2026/09/07 03:20:25.665, 1, 64, 109812, 253.73
2026/09/07 03:20:26.667, 0, 100, 90527, 499.16
2026/09/07 03:20:26.669, 1, 63, 109812, 261.86
2026/09/07 03:20:27.672, 0, 100, 91309, 362.86
2026/09/07 03:20:27.674, 1, 62, 109812, 258.15
2026/09/07 03:20:28.677, 0, 100, 91309, 128.00
2026/09/07 03:20:28.679, 1, 62, 109812, 256.90
2026/09/07 03:20:29.681, 0, 46, 91311, 126.80
2026/09/07 03:20:29.683, 1, 42, 109812, 228.74
2026/09/07 03:20:30.687, 0, 45, 91311, 126.38
2026/09/07 03:20:30.690, 1, 41, 109812, 228.26
2026/09/07 03:20:31.693, 0, 42, 93737, 128.73
2026/09/07 03:20:31.696, 1, 62, 109812, 228.48
2026/09/07 03:20:32.698, 0, 0, 93737, 126.45
2026/09/07 03:20:32.700, 1, 62, 109812, 255.30
2026/09/07 03:20:33.703, 0, 0, 36005, 127.58
2026/09/07 03:20:33.706, 1, 58, 109812, 257.28
2026/09/07 03:20:34.708, 0, 0, 35759, 124.23
2026/09/07 03:20:34.711, 1, 62, 109812, 256.99
2026/09/07 03:20:35.713, 0, 100, 36005, 127.58
2026/09/07 03:20:35.716, 1, 64, 109812, 244.21
2026/09/07 03:20:36.724, 0, 100, 36005, 124.92
2026/09/07 03:20:36.726, 1, 65, 109812, 255.30
2026/09/07 03:20:37.728, 0, 0, 36005, 124.76
2026/09/07 03:20:37.730, 1, 0, 109812, 167.62
2026/09/07 03:20:38.733, 0, 7, 36675, 133.02
2026/09/07 03:20:38.735, 1, 44, 110112, 128.22
2026/09/07 03:20:39.737, 0, 0, 36615, 136.88
2026/09/07 03:20:39.740, 1, 1, 110410, 293.51
2026/09/07 03:20:40.742, 0, 0, 35759, 124.03
2026/09/07 03:20:40.744, 1, 62, 109800, 247.35
2026/09/07 03:20:41.746, 0, 59, 31945, 125.17
2026/09/07 03:20:41.749, 1, 67, 109800, 255.04
2026/09/07 03:20:42.751, 0, 0, 16697, 127.24
2026/09/07 03:20:42.768, 1, 61, 109800, 222.73
2026/09/07 03:20:43.770, 0, 51, 34431, 177.00
2026/09/07 03:20:43.772, 1, 59, 109800, 258.62
2026/09/07 03:20:44.774, 0, 64, 37169, 545.34
2026/09/07 03:20:44.777, 1, 62, 109800, 265.83
2026/09/07 03:20:45.779, 0, 100, 40897, 687.18
2026/09/07 03:20:45.781, 1, 62, 109800, 266.69
2026/09/07 03:20:46.783, 0, 16, 41501, 508.93
2026/09/07 03:20:46.785, 1, 57, 109800, 260.51
2026/09/07 03:20:47.787, 0, 100, 41501, 128.75
2026/09/07 03:20:47.790, 1, 56, 109800, 262.40
2026/09/07 03:20:48.792, 0, 48, 41681, 127.39
2026/09/07 03:20:48.795, 1, 52, 109800, 248.81
2026/09/07 03:20:49.797, 0, 46, 41681, 126.97
2026/09/07 03:20:49.800, 1, 48, 109800, 230.78
2026/09/07 03:20:50.802, 0, 0, 44107, 126.28
2026/09/07 03:20:50.805, 1, 39, 109800, 227.11
2026/09/07 03:20:51.807, 0, 3, 33255, 125.60
2026/09/07 03:20:51.810, 1, 59, 109800, 253.12
2026/09/07 03:20:52.812, 0, 4, 31869, 124.69
2026/09/07 03:20:52.814, 1, 61, 109800, 246.46
2026/09/07 03:20:53.816, 0, 0, 31869, 124.17
2026/09/07 03:20:53.818, 1, 60, 109800, 251.26
2026/09/07 03:20:54.822, 0, 94, 11565, 127.88
2026/09/07 03:20:54.825, 1, 62, 109800, 245.51
2026/09/07 03:20:55.827, 0, 0, 36005, 125.11
2026/09/07 03:20:55.829, 1, 62, 109800, 248.47
2026/09/07 03:20:56.831, 0, 100, 36005, 126.41
2026/09/07 03:20:56.833, 1, 59, 109800, 250.45
2026/09/07 03:20:57.835, 0, 20, 36005, 125.18
2026/09/07 03:20:57.838, 1, 58, 109800, 247.53
2026/09/07 03:20:58.841, 0, 0, 36005, 123.99
2026/09/07 03:20:58.843, 1, 62, 109800, 252.76
2026/09/07 03:20:59.845, 0, 9, 43793, 167.47
2026/09/07 03:20:59.847, 1, 62, 109800, 249.70
2026/09/07 03:21:00.849, 0, 78, 48755, 276.06
2026/09/07 03:21:00.854, 1, 63, 109800, 246.35
2026/09/07 03:21:01.856, 0, 30, 48755, 269.03
2026/09/07 03:21:01.858, 1, 60, 109800, 245.08
2026/09/07 03:21:02.861, 0, 10, 88165, 367.17
2026/09/07 03:21:02.863, 1, 60, 109800, 243.75
2026/09/07 03:21:03.865, 0, 26, 88165, 142.75
2026/09/07 03:21:03.867, 1, 58, 109800, 251.04
2026/09/07 03:21:04.868, 0, 10, 88165, 156.98
2026/09/07 03:21:04.871, 1, 62, 109800, 250.51
2026/09/07 03:21:05.873, 0, 18, 88165, 145.34
2026/09/07 03:21:05.876, 1, 59, 109800, 247.81
2026/09/07 03:21:06.878, 0, 37, 90605, 223.18
2026/09/07 03:21:06.881, 1, 65, 109800, 248.04
2026/09/07 03:21:07.883, 0, 100, 90605, 640.13
2026/09/07 03:21:07.885, 1, 62, 109800, 247.37
2026/09/07 03:21:08.887, 0, 65, 90605, 250.55
2026/09/07 03:21:08.889, 1, 58, 109800, 247.63
2026/09/07 03:21:09.891, 0, 100, 91387, 144.49
2026/09/07 03:21:09.894, 1, 62, 109800, 244.88
2026/09/07 03:21:10.896, 0, 100, 91389, 127.76
2026/09/07 03:21:10.900, 1, 50, 109802, 234.61
2026/09/07 03:21:11.902, 0, 51, 91389, 126.53
2026/09/07 03:21:11.908, 1, 52, 109802, 223.29
2026/09/07 03:21:12.912, 0, 48, 91389, 126.26
2026/09/07 03:21:12.919, 1, 48, 109802, 220.41
2026/09/07 03:21:13.925, 0, 100, 93815, 126.58
2026/09/07 03:21:13.928, 1, 63, 109802, 237.94
2026/09/07 03:21:14.930, 0, 0, 37029, 125.23
2026/09/07 03:21:14.932, 1, 61, 109802, 251.25
2026/09/07 03:21:15.934, 0, 0, 35995, 127.52
2026/09/07 03:21:15.937, 1, 61, 109802, 249.88
2026/09/07 03:21:16.938, 0, 100, 32241, 124.82
2026/09/07 03:21:16.941, 1, 63, 109802, 249.99
2026/09/07 03:21:17.943, 0, 0, 36005, 126.51
2026/09/07 03:21:17.945, 1, 62, 109802, 247.16
2026/09/07 03:21:18.947, 0, 100, 36005, 125.64
2026/09/07 03:21:18.949, 1, 62, 109802, 251.27
2026/09/07 03:21:19.951, 0, 0, 36005, 123.75
2026/09/07 03:21:19.953, 1, 0, 109502, 123.58
2026/09/07 03:21:20.955, 0, 5, 36675, 143.67
2026/09/07 03:21:20.957, 1, 79, 110112, 142.77
2026/09/07 03:21:21.959, 0, 0, 36359, 126.09
2026/09/07 03:21:21.962, 1, 58, 110150, 266.95
2026/09/07 03:21:22.963, 0, 0, 35759, 123.91
2026/09/07 03:21:22.967, 1, 61, 109796, 227.49
2026/09/07 03:21:23.969, 0, 0, 7801, 126.46
2026/09/07 03:21:23.971, 1, 62, 109796, 249.45
2026/09/07 03:21:24.974, 0, 0, 7801, 123.51
2026/09/07 03:21:24.976, 1, 64, 109796, 248.70
2026/09/07 03:21:25.978, 0, 0, 7801, 123.57
2026/09/07 03:21:25.981, 1, 59, 109798, 245.13
2026/09/07 03:21:26.982, 0, 0, 7801, 123.44
2026/09/07 03:21:26.984, 1, 60, 109798, 250.02
2026/09/07 03:21:27.986, 0, 0, 7801, 123.41
2026/09/07 03:21:27.989, 1, 56, 109798, 245.33
2026/09/07 03:21:28.991, 0, 0, 7801, 123.37
2026/09/07 03:21:28.994, 1, 64, 109798, 243.67
2026/09/07 03:21:29.996, 0, 0, 7801, 123.34
2026/09/07 03:21:29.998, 1, 60, 109798, 247.34
2026/09/07 03:21:31.000, 0, 0, 7801, 123.29
2026/09/07 03:21:31.003, 1, 52, 109798, 245.80
2026/09/07 03:21:32.005, 0, 0, 7801, 123.32
2026/09/07 03:21:32.008, 1, 63, 109798, 247.28
2026/09/07 03:21:33.010, 0, 0, 7801, 123.25
2026/09/07 03:21:33.012, 1, 61, 109798, 250.85
2026/09/07 03:21:34.014, 0, 100, 16697, 125.21
2026/09/07 03:21:34.204, 1, 60, 109798, 242.16
2026/09/07 03:21:35.207, 0, 8, 35351, 162.17
2026/09/07 03:21:35.210, 1, 62, 109798, 249.74
2026/09/07 03:21:36.212, 0, 75, 38251, 559.39
2026/09/07 03:21:36.215, 1, 66, 109798, 250.65
2026/09/07 03:21:37.217, 0, 100, 40809, 699.00
2026/09/07 03:21:37.234, 1, 63, 109798, 250.76
2026/09/07 03:21:38.236, 0, 20, 41413, 539.74
2026/09/07 03:21:38.238, 1, 62, 109798, 244.63
2026/09/07 03:21:39.241, 0, 100, 41413, 127.56
2026/09/07 03:21:39.243, 1, 59, 109798, 250.52
2026/09/07 03:21:40.248, 0, 45, 41593, 126.80
2026/09/07 03:21:40.252, 1, 47, 109798, 245.96
2026/09/07 03:21:41.256, 0, 48, 41593, 126.51
2026/09/07 03:21:41.263, 1, 45, 109798, 236.00
2026/09/07 03:21:42.266, 0, 0, 44019, 126.07
2026/09/07 03:21:42.269, 1, 37, 109798, 226.12
2026/09/07 03:21:43.271, 0, 0, 33257, 126.09
2026/09/07 03:21:43.274, 1, 66, 109798, 247.92
2026/09/07 03:21:44.276, 0, 11, 31869, 124.31
2026/09/07 03:21:44.277, 1, 62, 109798, 253.49
2026/09/07 03:21:45.280, 0, 0, 31869, 123.83
2026/09/07 03:21:45.282, 1, 64, 109798, 256.70
2026/09/07 03:21:46.284, 0, 100, 11565, 127.95
2026/09/07 03:21:46.287, 1, 60, 109798, 246.47
2026/09/07 03:21:47.289, 0, 0, 36005, 124.38
2026/09/07 03:21:47.291, 1, 63, 109798, 255.87
2026/09/07 03:21:48.294, 0, 100, 36005, 126.11
2026/09/07 03:21:48.296, 1, 63, 109798, 254.74
2026/09/07 03:21:49.298, 0, 22, 36005, 125.01
2026/09/07 03:21:49.301, 1, 61, 109798, 253.89
2026/09/07 03:21:50.303, 0, 20, 36517, 123.90
2026/09/07 03:21:50.305, 1, 63, 109798, 255.07
2026/09/07 03:21:51.307, 0, 19, 45041, 197.67
2026/09/07 03:21:51.309, 1, 63, 109798, 253.02
2026/09/07 03:21:52.312, 0, 21, 87131, 457.03
2026/09/07 03:21:52.314, 1, 61, 109798, 255.74
2026/09/07 03:21:53.316, 0, 9, 87131, 124.50
2026/09/07 03:21:53.319, 1, 63, 109798, 256.53
2026/09/07 03:21:54.322, 0, 9, 87131, 177.13
2026/09/07 03:21:54.324, 1, 62, 109798, 254.38
2026/09/07 03:21:55.327, 0, 8, 87131, 125.12
2026/09/07 03:21:55.330, 1, 61, 109798, 256.12
2026/09/07 03:21:56.332, 0, 37, 87131, 202.77
2026/09/07 03:21:56.334, 1, 65, 109798, 256.32
2026/09/07 03:21:57.337, 0, 100, 90303, 558.49
2026/09/07 03:21:57.339, 1, 60, 109798, 255.83
2026/09/07 03:21:58.342, 0, 10, 90303, 300.04
2026/09/07 03:21:58.344, 1, 64, 109798, 249.25
2026/09/07 03:21:59.346, 0, 10, 90303, 342.16
2026/09/07 03:21:59.350, 1, 61, 109798, 255.81
2026/09/07 03:22:00.354, 0, 38, 91087, 271.40
2026/09/07 03:22:00.356, 1, 62, 109816, 242.20
2026/09/07 03:22:01.358, 0, 100, 91087, 127.76
2026/09/07 03:22:01.366, 1, 59, 109816, 256.51
2026/09/07 03:22:02.369, 0, 47, 91089, 126.92
2026/09/07 03:22:02.371, 1, 44, 109816, 233.94
2026/09/07 03:22:03.373, 0, 49, 91089, 126.43
2026/09/07 03:22:03.376, 1, 48, 109816, 229.66
2026/09/07 03:22:04.378, 0, 67, 93515, 126.18
2026/09/07 03:22:04.380, 1, 39, 109816, 227.90
2026/09/07 03:22:05.382, 0, 8, 93515, 128.04
2026/09/07 03:22:05.384, 1, 63, 109816, 249.31
2026/09/07 03:22:06.387, 0, 0, 36517, 127.57
2026/09/07 03:22:06.389, 1, 61, 109816, 252.62
2026/09/07 03:22:07.392, 0, 5, 35759, 124.05
2026/09/07 03:22:07.396, 1, 61, 109816, 260.44
2026/09/07 03:22:08.398, 0, 100, 11565, 127.19
2026/09/07 03:22:08.465, 1, 62, 109816, 261.22
2026/09/07 03:22:09.467, 0, 47, 36005, 124.29
2026/09/07 03:22:09.470, 1, 62, 109816, 260.72
2026/09/07 03:22:10.472, 0, 0, 36005, 125.01
2026/09/07 03:22:10.474, 1, 0, 109816, 198.25
2026/09/07 03:22:11.476, 0, 0, 36675, 126.52
2026/09/07 03:22:11.478, 1, 0, 110112, 120.46
2026/09/07 03:22:12.480, 0, 0, 36615, 142.66
2026/09/07 03:22:12.482, 1, 66, 110406, 305.27
2026/09/07 03:22:13.485, 0, 0, 35759, 123.79
2026/09/07 03:22:13.487, 1, 63, 109810, 219.79
2026/09/07 03:22:14.490, 0, 62, 7801, 126.27
2026/09/07 03:22:14.492, 1, 63, 109810, 264.71
2026/09/07 03:22:15.494, 0, 0, 7801, 123.52
2026/09/07 03:22:15.496, 1, 65, 109812, 266.54
2026/09/07 03:22:16.498, 0, 0, 7801, 123.50
2026/09/07 03:22:16.500, 1, 63, 109812, 255.21
2026/09/07 03:22:17.502, 0, 57, 16699, 123.80
2026/09/07 03:22:17.505, 1, 32, 109812, 262.07
2026/09/07 03:22:18.507, 0, 0, 32745, 125.12
2026/09/07 03:22:18.509, 1, 63, 109812, 266.49
2026/09/07 03:22:19.511, 0, 66, 32811, 262.69
2026/09/07 03:22:19.513, 1, 63, 109812, 261.97
2026/09/07 03:22:20.515, 0, 74, 36011, 525.32
2026/09/07 03:22:20.517, 1, 65, 109812, 262.24
2026/09/07 03:22:21.519, 0, 100, 36615, 304.97
2026/09/07 03:22:21.522, 1, 62, 109812, 264.46
2026/09/07 03:22:22.524, 0, 100, 36615, 127.41
2026/09/07 03:22:22.526, 1, 62, 109812, 261.73
2026/09/07 03:22:23.528, 0, 49, 36795, 126.63
2026/09/07 03:22:23.536, 1, 49, 109812, 247.12
2026/09/07 03:22:24.541, 0, 45, 36795, 126.62
2026/09/07 03:22:24.548, 1, 42, 109812, 233.52
2026/09/07 03:22:25.550, 0, 82, 39221, 126.67
2026/09/07 03:22:25.553, 1, 61, 109812, 239.32
2026/09/07 03:22:26.555, 0, 6, 33257, 124.24
2026/09/07 03:22:26.558, 1, 60, 109812, 265.46
2026/09/07 03:22:27.561, 0, 35, 31869, 124.01
2026/09/07 03:22:27.564, 1, 68, 109812, 265.20
2026/09/07 03:22:28.566, 0, 0, 31869, 123.56
2026/09/07 03:22:28.568, 1, 62, 109812, 266.48
2026/09/07 03:22:29.570, 0, 100, 11565, 127.53
2026/09/07 03:22:29.572, 1, 65, 109812, 266.19
2026/09/07 03:22:30.574, 0, 0, 36005, 124.04
2026/09/07 03:22:30.576, 1, 65, 109812, 271.15
2026/09/07 03:22:31.579, 0, 100, 36005, 126.34
2026/09/07 03:22:31.582, 1, 60, 109812, 266.03
2026/09/07 03:22:32.584, 0, 5, 36005, 124.32
2026/09/07 03:22:32.586, 1, 64, 109812, 270.84
2026/09/07 03:22:33.588, 0, 20, 46731, 192.15
2026/09/07 03:22:33.592, 1, 62, 109812, 268.50
2026/09/07 03:22:34.594, 0, 36, 49411, 334.82
2026/09/07 03:22:34.597, 1, 60, 109812, 270.61
2026/09/07 03:22:35.599, 0, 10, 49411, 330.39
2026/09/07 03:22:35.602, 1, 66, 109812, 270.26
2026/09/07 03:22:36.606, 0, 100, 49411, 236.27
2026/09/07 03:22:36.608, 1, 62, 109812, 272.09
2026/09/07 03:22:37.610, 0, 62, 50013, 279.87
2026/09/07 03:22:37.613, 1, 62, 109812, 267.93
2026/09/07 03:22:38.615, 0, 100, 50193, 127.25
2026/09/07 03:22:38.618, 1, 64, 109812, 264.53
2026/09/07 03:22:39.620, 0, 49, 50195, 126.44
2026/09/07 03:22:39.625, 1, 51, 109812, 263.07
2026/09/07 03:22:40.628, 0, 41, 50195, 126.66
2026/09/07 03:22:40.631, 1, 50, 109812, 233.99
2026/09/07 03:22:41.638, 0, 43, 52621, 125.69
2026/09/07 03:22:41.641, 1, 61, 109812, 229.65
2026/09/07 03:22:42.643, 0, 100, 52621, 127.33
2026/09/07 03:22:42.646, 1, 64, 109812, 271.59
2026/09/07 03:22:43.648, 0, 0, 36517, 124.83
2026/09/07 03:22:43.651, 1, 63, 109812, 273.07
2026/09/07 03:22:44.653, 0, 0, 35759, 123.72
2026/09/07 03:22:44.656, 1, 60, 109812, 272.45
2026/09/07 03:22:45.658, 0, 100, 11565, 126.58
2026/09/07 03:22:45.660, 1, 68, 109812, 266.41
2026/09/07 03:22:46.662, 0, 0, 36005, 123.91
2026/09/07 03:22:46.665, 1, 64, 109812, 268.39
2026/09/07 03:22:47.668, 0, 0, 36005, 125.23
2026/09/07 03:22:47.670, 1, 0, 109812, 203.61
2026/09/07 03:22:48.673, 0, 1, 36675, 123.65
2026/09/07 03:22:48.675, 1, 0, 110114, 120.37
2026/09/07 03:22:49.677, 0, 0, 36615, 141.56
2026/09/07 03:22:49.680, 1, 100, 110406, 375.23
2026/09/07 03:22:50.683, 0, 26, 35759, 123.64
2026/09/07 03:22:50.686, 1, 60, 109798, 262.87
2026/09/07 03:22:51.688, 0, 64, 7801, 126.06
2026/09/07 03:22:51.691, 1, 61, 109798, 276.15
2026/09/07 03:22:52.694, 0, 0, 7801, 123.33
2026/09/07 03:22:52.696, 1, 64, 109798, 274.30
2026/09/07 03:22:53.698, 0, 0, 7801, 123.27
2026/09/07 03:22:53.701, 1, 62, 109798, 277.44
2026/09/07 03:22:54.703, 0, 0, 7801, 123.23
2026/09/07 03:22:54.707, 1, 63, 109798, 263.94
2026/09/07 03:22:55.709, 0, 0, 7801, 123.21
2026/09/07 03:22:55.712, 1, 67, 109798, 264.26
2026/09/07 03:22:56.715, 0, 0, 7801, 123.15
2026/09/07 03:22:56.717, 1, 61, 109798, 261.45
2026/09/07 03:22:57.719, 0, 0, 7801, 123.21
2026/09/07 03:22:57.722, 1, 64, 109798, 265.40
2026/09/07 03:22:58.723, 0, 0, 7801, 123.08
2026/09/07 03:22:58.725, 1, 66, 109798, 263.66
2026/09/07 03:22:59.728, 0, 0, 7801, 123.11
2026/09/07 03:22:59.730, 1, 63, 109798, 264.51
2026/09/07 03:23:00.732, 0, 0, 7801, 123.07
2026/09/07 03:23:00.733, 1, 67, 109798, 266.78
2026/09/07 03:23:01.735, 0, 0, 7801, 123.06
2026/09/07 03:23:01.738, 1, 66, 109798, 261.83
2026/09/07 03:23:02.741, 0, 0, 7801, 123.11
2026/09/07 03:23:02.743, 1, 65, 109798, 263.26
2026/09/07 03:23:03.745, 0, 0, 7801, 123.03
2026/09/07 03:23:03.748, 1, 63, 109798, 266.40
2026/09/07 03:23:04.750, 0, 0, 7801, 123.06
2026/09/07 03:23:04.752, 1, 65, 109798, 265.06
2026/09/07 03:23:05.754, 0, 0, 7801, 122.97
2026/09/07 03:23:05.756, 1, 65, 109798, 264.38
2026/09/07 03:23:06.758, 0, 0, 7801, 123.01
2026/09/07 03:23:06.760, 1, 64, 109798, 268.21
2026/09/07 03:23:07.763, 0, 0, 7801, 122.97
2026/09/07 03:23:07.766, 1, 66, 109798, 270.80
2026/09/07 03:23:08.769, 0, 0, 7801, 122.97
2026/09/07 03:23:08.772, 1, 62, 109798, 267.22
2026/09/07 03:23:09.774, 0, 0, 7801, 122.96
2026/09/07 03:23:09.777, 1, 63, 109798, 269.52
2026/09/07 03:23:10.778, 0, 0, 7801, 122.94
2026/09/07 03:23:10.781, 1, 65, 109798, 267.32
2026/09/07 03:23:11.783, 0, 0, 7801, 122.96
2026/09/07 03:23:11.786, 1, 64, 109798, 266.12
2026/09/07 03:23:12.788, 0, 0, 7801, 122.89
2026/09/07 03:23:12.791, 1, 61, 109798, 261.35
2026/09/07 03:23:13.793, 0, 0, 7801, 122.87
2026/09/07 03:23:13.796, 1, 61, 109798, 262.15
2026/09/07 03:23:14.798, 0, 0, 7801, 122.87
2026/09/07 03:23:14.800, 1, 62, 109798, 266.36
2026/09/07 03:23:15.803, 0, 0, 7801, 122.89
2026/09/07 03:23:15.806, 1, 64, 109798, 263.39
2026/09/07 03:23:16.808, 0, 0, 7801, 122.91
2026/09/07 03:23:16.810, 1, 64, 109798, 265.07
2026/09/07 03:23:17.812, 0, 0, 7801, 122.81
2026/09/07 03:23:17.814, 1, 58, 109798, 264.13
2026/09/07 03:23:18.816, 0, 0, 7801, 122.85
2026/09/07 03:23:18.819, 1, 63, 109798, 267.26
2026/09/07 03:23:19.822, 0, 0, 7801, 122.79
2026/09/07 03:23:19.824, 1, 62, 109798, 265.75
2026/09/07 03:23:20.826, 0, 0, 7801, 122.83
2026/09/07 03:23:20.828, 1, 66, 109798, 267.05
2026/09/07 03:23:21.831, 0, 0, 7801, 122.82
2026/09/07 03:23:21.833, 1, 67, 109798, 269.23
2026/09/07 03:23:22.835, 0, 0, 7801, 122.74
2026/09/07 03:23:22.838, 1, 64, 109798, 270.74
2026/09/07 03:23:23.840, 0, 0, 7801, 122.76
2026/09/07 03:23:23.842, 1, 66, 109798, 264.74
2026/09/07 03:23:24.845, 0, 0, 7801, 122.72
2026/09/07 03:23:24.848, 1, 62, 109798, 269.45
2026/09/07 03:23:25.849, 0, 0, 7801, 122.76
2026/09/07 03:23:25.852, 1, 63, 109798, 263.56
2026/09/07 03:23:26.854, 0, 0, 7801, 122.32
2026/09/07 03:23:26.856, 1, 60, 109798, 267.47
2026/09/07 03:23:27.859, 0, 0, 7801, 122.11
2026/09/07 03:23:27.861, 1, 62, 109798, 270.29
2026/09/07 03:23:28.864, 0, 0, 7801, 122.14
2026/09/07 03:23:28.866, 1, 64, 109798, 266.99
2026/09/07 03:23:29.868, 0, 0, 7801, 122.04
2026/09/07 03:23:29.870, 1, 59, 109798, 273.48
2026/09/07 03:23:30.872, 0, 0, 7801, 122.13
2026/09/07 03:23:30.875, 1, 58, 109798, 265.29
2026/09/07 03:23:31.877, 0, 0, 7801, 122.07
2026/09/07 03:23:31.879, 1, 63, 109798, 270.74
2026/09/07 03:23:32.881, 0, 0, 7801, 122.12
2026/09/07 03:23:32.883, 1, 64, 109798, 274.96
2026/09/07 03:23:33.885, 0, 0, 7801, 122.09
2026/09/07 03:23:33.888, 1, 64, 109798, 267.86
2026/09/07 03:23:34.890, 0, 0, 7801, 122.10
2026/09/07 03:23:34.893, 1, 64, 109798, 267.56
2026/09/07 03:23:35.896, 0, 0, 7801, 122.07
2026/09/07 03:23:35.899, 1, 58, 109798, 269.27
2026/09/07 03:23:36.902, 0, 0, 7801, 122.04
2026/09/07 03:23:36.904, 1, 61, 109798, 272.84
2026/09/07 03:23:37.907, 0, 0, 7801, 122.06
2026/09/07 03:23:37.910, 1, 63, 109798, 265.66
2026/09/07 03:23:38.912, 0, 0, 7801, 122.02
2026/09/07 03:23:38.915, 1, 60, 109798, 273.02
2026/09/07 03:23:39.918, 0, 0, 7801, 122.03
2026/09/07 03:23:39.920, 1, 59, 109798, 271.03
2026/09/07 03:23:40.923, 0, 0, 7801, 122.03
2026/09/07 03:23:40.926, 1, 62, 109798, 267.12
2026/09/07 03:23:41.928, 0, 0, 7801, 122.04
2026/09/07 03:23:41.931, 1, 62, 109798, 261.97
2026/09/07 03:23:42.933, 0, 0, 7801, 122.08
2026/09/07 03:23:42.936, 1, 64, 109798, 270.93
2026/09/07 03:23:43.939, 0, 0, 7801, 121.99
2026/09/07 03:23:43.941, 1, 63, 109798, 269.96
2026/09/07 03:23:44.943, 0, 0, 7801, 122.02
2026/09/07 03:23:44.946, 1, 62, 109798, 268.85
2026/09/07 03:23:45.948, 0, 0, 7801, 122.00
2026/09/07 03:23:45.951, 1, 65, 109798, 271.42
2026/09/07 03:23:46.953, 0, 0, 7801, 122.04
2026/09/07 03:23:46.956, 1, 62, 109798, 268.09
2026/09/07 03:23:47.958, 0, 0, 7801, 122.03
2026/09/07 03:23:47.960, 1, 60, 109798, 275.26
2026/09/07 03:23:48.962, 0, 0, 7801, 121.96
2026/09/07 03:23:48.964, 1, 59, 109798, 275.34
2026/09/07 03:23:49.966, 0, 0, 7801, 122.04
2026/09/07 03:23:49.969, 1, 59, 109798, 268.87
2026/09/07 03:23:50.972, 0, 0, 7801, 122.04
2026/09/07 03:23:50.975, 1, 59, 109798, 271.27
2026/09/07 03:23:51.977, 0, 0, 7801, 121.99
2026/09/07 03:23:51.980, 1, 58, 109798, 270.07
2026/09/07 03:23:52.982, 0, 0, 7801, 122.03
2026/09/07 03:23:52.985, 1, 56, 109798, 267.01
2026/09/07 03:23:53.987, 0, 0, 7801, 121.96
2026/09/07 03:23:53.990, 1, 62, 109798, 270.36
2026/09/07 03:23:54.992, 0, 0, 7801, 122.00
2026/09/07 03:23:54.995, 1, 60, 109798, 267.56
2026/09/07 03:23:55.997, 0, 0, 7801, 121.97
2026/09/07 03:23:55.999, 1, 59, 109798, 275.57
2026/09/07 03:23:57.002, 0, 0, 7801, 121.96
2026/09/07 03:23:57.005, 1, 55, 109798, 275.51
2026/09/07 03:23:58.007, 0, 100, 16699, 123.51
2026/09/07 03:23:58.009, 1, 0, 109798, 184.48
2026/09/07 03:23:59.011, 0, 0, 32745, 122.46
2026/09/07 03:23:59.013, 1, 0, 109798, 119.85
2026/09/07 03:24:00.015, 0, 100, 35491, 536.07
2026/09/07 03:24:00.017, 1, 0, 109798, 119.21
2026/09/07 03:24:01.019, 0, 83, 37221, 543.59
2026/09/07 03:24:01.022, 1, 0, 109798, 119.03
2026/09/07 03:24:02.024, 0, 100, 40949, 662.52
2026/09/07 03:24:02.026, 1, 0, 109798, 118.85
2026/09/07 03:24:03.029, 0, 100, 40949, 696.47
2026/09/07 03:24:03.031, 1, 0, 109798, 118.69
2026/09/07 03:24:04.033, 0, 97, 40949, 693.86
2026/09/07 03:24:04.036, 1, 0, 109798, 118.18
2026/09/07 03:24:05.038, 0, 100, 40949, 688.57
2026/09/07 03:24:05.040, 1, 0, 109798, 117.90
2026/09/07 03:24:06.042, 0, 100, 41553, 227.96
2026/09/07 03:24:06.044, 1, 0, 109798, 117.95
2026/09/07 03:24:07.046, 0, 80, 41733, 128.15
2026/09/07 03:24:07.049, 1, 0, 109798, 117.86
2026/09/07 03:24:08.055, 0, 52, 41733, 126.67
2026/09/07 03:24:08.057, 1, 0, 109798, 117.74
2026/09/07 03:24:09.060, 0, 44, 41733, 126.77
2026/09/07 03:24:09.062, 1, 0, 109798, 117.68
2026/09/07 03:24:10.064, 0, 0, 44159, 127.12
2026/09/07 03:24:10.066, 1, 0, 109798, 117.62
2026/09/07 03:24:11.068, 0, 2, 32477, 125.14
2026/09/07 03:24:11.071, 1, 0, 109798, 117.59
2026/09/07 03:24:12.073, 0, 0, 31869, 124.57
2026/09/07 03:24:12.076, 1, 0, 109798, 117.54
2026/09/07 03:24:13.079, 0, 100, 31869, 125.75
2026/09/07 03:24:13.081, 1, 0, 109798, 117.40
2026/09/07 03:24:14.084, 0, 0, 36005, 127.06
2026/09/07 03:24:14.086, 1, 0, 109798, 117.32
2026/09/07 03:24:15.089, 0, 100, 36005, 124.79
2026/09/07 03:24:15.091, 1, 0, 109798, 117.25
2026/09/07 03:24:16.093, 0, 39, 36005, 126.65
2026/09/07 03:24:16.096, 1, 0, 109798, 117.25
2026/09/07 03:24:17.098, 0, 21, 36005, 124.17
2026/09/07 03:24:17.101, 1, 0, 109798, 117.24
2026/09/07 03:24:18.104, 0, 21, 36005, 123.99
2026/09/07 03:24:18.106, 1, 0, 109798, 117.14
2026/09/07 03:24:19.111, 0, 21, 36005, 123.95
2026/09/07 03:24:19.114, 1, 0, 109798, 117.04
2026/09/07 03:24:20.118, 0, 10, 41871, 173.48
2026/09/07 03:24:20.120, 1, 0, 109798, 117.02
2026/09/07 03:24:21.123, 0, 22, 52263, 296.61
2026/09/07 03:24:21.125, 1, 0, 109798, 116.95
2026/09/07 03:24:22.128, 0, 82, 52265, 337.62
2026/09/07 03:24:22.131, 1, 0, 109798, 116.84
2026/09/07 03:24:23.133, 0, 73, 52265, 253.62
2026/09/07 03:24:23.136, 1, 0, 109798, 116.85
2026/09/07 03:24:24.137, 0, 9, 91675, 351.94
2026/09/07 03:24:24.140, 1, 0, 109798, 116.85
2026/09/07 03:24:25.142, 0, 37, 91675, 157.16
2026/09/07 03:24:25.144, 1, 0, 109798, 116.79
2026/09/07 03:24:26.147, 0, 8, 91675, 142.73
2026/09/07 03:24:26.150, 1, 0, 109798, 116.76
2026/09/07 03:24:27.152, 0, 27, 91675, 170.72
2026/09/07 03:24:27.154, 1, 0, 109798, 116.67
2026/09/07 03:24:28.157, 0, 100, 91675, 365.57
2026/09/07 03:24:28.159, 1, 0, 109798, 116.63
2026/09/07 03:24:29.162, 0, 100, 91675, 654.04
2026/09/07 03:24:29.164, 1, 0, 109798, 116.50
2026/09/07 03:24:30.167, 0, 9, 91675, 125.29
2026/09/07 03:24:30.169, 1, 0, 109798, 116.59
2026/09/07 03:24:31.172, 0, 29, 91675, 172.62
2026/09/07 03:24:31.174, 1, 0, 109798, 116.55
2026/09/07 03:24:32.177, 0, 10, 91675, 124.70
2026/09/07 03:24:32.180, 1, 0, 109798, 116.54
2026/09/07 03:24:33.182, 0, 24, 91675, 202.78
2026/09/07 03:24:33.185, 1, 0, 109798, 116.48
2026/09/07 03:24:34.187, 0, 100, 91675, 575.93
2026/09/07 03:24:34.190, 1, 0, 109798, 116.32
2026/09/07 03:24:35.193, 0, 10, 91675, 432.18
2026/09/07 03:24:35.195, 1, 0, 109798, 116.38
2026/09/07 03:24:36.197, 0, 10, 91675, 134.13
2026/09/07 03:24:36.200, 1, 0, 109798, 116.44
2026/09/07 03:24:37.203, 0, 9, 91675, 167.41
2026/09/07 03:24:37.206, 1, 0, 109798, 116.36
2026/09/07 03:24:38.208, 0, 35, 91675, 151.96
2026/09/07 03:24:38.210, 1, 0, 109798, 116.36
2026/09/07 03:24:39.213, 0, 100, 91675, 337.15
2026/09/07 03:24:39.215, 1, 0, 109798, 116.33
2026/09/07 03:24:40.217, 0, 100, 92457, 515.38
2026/09/07 03:24:40.220, 1, 0, 109798, 116.25
2026/09/07 03:24:41.222, 0, 100, 92457, 128.04
2026/09/07 03:24:41.226, 1, 0, 109798, 116.25
2026/09/07 03:24:42.229, 0, 45, 92459, 126.83
2026/09/07 03:24:42.232, 1, 0, 109798, 116.19
2026/09/07 03:24:43.234, 0, 42, 92459, 126.55
2026/09/07 03:24:43.238, 1, 0, 109798, 116.19
2026/09/07 03:24:44.241, 0, 96, 94885, 126.43
2026/09/07 03:24:44.243, 1, 0, 109798, 116.14
2026/09/07 03:24:45.245, 0, 100, 94885, 127.74
2026/09/07 03:24:45.249, 1, 0, 109798, 116.15
2026/09/07 03:24:46.253, 0, 0, 36519, 127.56
2026/09/07 03:24:46.256, 1, 0, 109798, 116.17
2026/09/07 03:24:47.258, 0, 0, 35759, 123.82
2026/09/07 03:24:47.264, 1, 0, 109798, 116.12
2026/09/07 03:24:48.267, 0, 100, 35759, 124.33
2026/09/07 03:24:48.269, 1, 0, 109798, 116.08
2026/09/07 03:24:49.271, 0, 100, 11567, 126.52
2026/09/07 03:24:49.354, 1, 0, 109798, 116.08
2026/09/07 03:24:50.356, 0, 0, 36007, 123.86
2026/09/07 03:24:50.358, 1, 0, 109798, 116.08
2026/09/07 03:24:51.360, 0, 2, 36677, 130.11
2026/09/07 03:24:51.365, 1, 36, 110114, 122.08
2026/09/07 03:24:52.368, 0, 0, 36617, 140.62
2026/09/07 03:24:52.371, 1, 0, 108900, 137.75
2026/09/07 03:24:53.373, 0, 1, 35759, 123.62
2026/09/07 03:24:53.376, 1, 0, 108290, 116.27
2026/09/07 03:24:54.378, 0, 100, 8049, 124.61
2026/09/07 03:24:54.384, 1, 0, 108290, 116.10
2026/09/07 03:24:55.386, 0, 0, 36007, 125.39
2026/09/07 03:24:55.388, 1, 0, 108290, 116.07
2026/09/07 03:24:56.391, 0, 31, 36519, 124.85
2026/09/07 03:24:56.393, 1, 0, 108290, 116.02
2026/09/07 03:24:57.395, 0, 46, 36519, 123.88
2026/09/07 03:24:57.398, 1, 0, 108290, 115.97
2026/09/07 03:24:58.400, 0, 100, 36527, 124.02
2026/09/07 03:24:58.402, 1, 0, 108290, 115.94
2026/09/07 03:24:59.405, 0, 0, 36533, 123.70
2026/09/07 03:24:59.407, 1, 0, 108290, 115.93
2026/09/07 03:25:00.409, 0, 0, 36533, 122.87
2026/09/07 03:25:00.412, 1, 0, 108290, 115.91
2026/09/07 03:25:01.416, 0, 0, 36533, 122.80
2026/09/07 03:25:01.419, 1, 0, 108290, 115.88
2026/09/07 03:25:02.423, 0, 0, 36533, 122.79
2026/09/07 03:25:02.426, 1, 0, 108290, 115.86
2026/09/07 03:25:03.429, 0, 0, 36533, 122.67
2026/09/07 03:25:03.432, 1, 0, 108290, 115.83
2026/09/07 03:25:04.435, 0, 0, 36533, 122.60
2026/09/07 03:25:04.438, 1, 0, 108290, 115.84
2026/09/07 03:25:05.440, 0, 0, 36533, 122.54
2026/09/07 03:25:05.443, 1, 0, 108290, 115.81
2026/09/07 03:25:06.445, 0, 0, 36533, 122.58
2026/09/07 03:25:06.448, 1, 0, 108290, 115.82
2026/09/07 03:25:07.451, 0, 0, 36533, 122.47
2026/09/07 03:25:07.453, 1, 0, 108290, 115.75
2026/09/07 03:25:08.456, 0, 0, 36533, 122.45
2026/09/07 03:25:08.459, 1, 0, 108290, 115.74
2026/09/07 03:25:09.463, 0, 0, 36533, 122.34
2026/09/07 03:25:09.467, 1, 0, 108290, 115.71
2026/09/07 03:25:10.471, 0, 0, 36533, 122.30
2026/09/07 03:25:10.474, 1, 0, 108290, 115.70
2026/09/07 03:25:11.478, 0, 0, 36533, 122.27
2026/09/07 03:25:11.481, 1, 0, 108290, 115.70
2026/09/07 03:25:12.484, 0, 0, 36533, 122.21
2026/09/07 03:25:12.487, 1, 0, 108290, 115.71
2026/09/07 03:25:13.490, 0, 0, 36533, 122.21
2026/09/07 03:25:13.493, 1, 0, 108290, 115.67
2026/09/07 03:25:14.497, 0, 0, 36533, 122.14
2026/09/07 03:25:14.500, 1, 0, 108290, 115.69
2026/09/07 03:25:15.504, 0, 0, 36533, 122.16
2026/09/07 03:25:15.506, 1, 0, 108290, 115.63
2026/09/07 03:25:16.508, 0, 0, 36533, 122.07
2026/09/07 03:25:16.510, 1, 0, 108290, 115.68
2026/09/07 03:25:17.512, 0, 0, 36533, 122.05
2026/09/07 03:25:17.515, 1, 0, 108290, 115.65
2026/09/07 03:25:18.517, 0, 0, 36533, 122.05
2026/09/07 03:25:18.519, 1, 0, 108290, 115.63
2026/09/07 03:25:19.522, 0, 0, 36533, 121.94
2026/09/07 03:25:19.524, 1, 0, 108290, 115.60
2026/09/07 03:25:20.527, 0, 0, 36533, 122.03
2026/09/07 03:25:20.529, 1, 0, 108290, 115.62
2026/09/07 03:25:21.532, 0, 0, 36533, 121.89
2026/09/07 03:25:21.535, 1, 0, 108290, 115.58
2026/09/07 03:25:22.538, 0, 0, 36533, 121.93
2026/09/07 03:25:22.541, 1, 0, 108290, 115.59
2026/09/07 03:25:23.543, 0, 0, 36533, 121.89
2026/09/07 03:25:23.546, 1, 0, 108290, 115.57
2026/09/07 03:25:24.548, 0, 0, 36533, 121.84
2026/09/07 03:25:24.552, 1, 0, 108290, 115.54
2026/09/07 03:25:25.555, 0, 0, 36533, 121.83
2026/09/07 03:25:25.558, 1, 0, 108290, 115.57
2026/09/07 03:25:26.561, 0, 0, 36533, 121.77
2026/09/07 03:25:26.564, 1, 0, 108290, 115.53
2026/09/07 03:25:27.567, 0, 0, 36533, 121.76
2026/09/07 03:25:27.570, 1, 0, 108290, 115.50
2026/09/07 03:25:28.574, 0, 0, 36533, 121.73
2026/09/07 03:25:28.577, 1, 0, 108290, 115.51
2026/09/07 03:25:29.580, 0, 0, 36533, 121.67
2026/09/07 03:25:29.582, 1, 0, 108290, 115.46
2026/09/07 03:25:30.585, 0, 0, 36533, 121.52
2026/09/07 03:25:30.587, 1, 0, 108290, 115.51
2026/09/07 03:25:31.589, 0, 0, 36533, 121.04
2026/09/07 03:25:31.593, 1, 0, 108290, 115.50
2026/09/07 03:25:32.596, 0, 0, 36533, 121.04
2026/09/07 03:25:32.598, 1, 0, 108290, 115.50
2026/09/07 03:25:33.600, 0, 0, 36533, 120.99
2026/09/07 03:25:33.603, 1, 0, 108290, 115.51
2026/09/07 03:25:34.607, 0, 0, 36533, 120.96
2026/09/07 03:25:34.609, 1, 0, 108290, 115.48
2026/09/07 03:25:35.612, 0, 0, 36533, 120.91
2026/09/07 03:25:35.615, 1, 0, 108290, 115.45
2026/09/07 03:25:36.618, 0, 0, 36533, 120.93
2026/09/07 03:25:36.621, 1, 0, 108290, 115.44
2026/09/07 03:25:37.624, 0, 0, 36533, 120.92
2026/09/07 03:25:37.627, 1, 0, 108290, 115.43
2026/09/07 03:25:38.630, 0, 0, 36533, 120.92
2026/09/07 03:25:38.632, 1, 0, 108290, 115.42
2026/09/07 03:25:39.634, 0, 0, 36533, 120.83
2026/09/07 03:25:39.637, 1, 0, 108290, 115.39
2026/09/07 03:25:40.639, 0, 0, 36533, 120.85
2026/09/07 03:25:40.642, 1, 0, 108290, 115.40
2026/09/07 03:25:41.645, 0, 0, 36533, 120.81
2026/09/07 03:25:41.647, 1, 0, 108290, 115.39
2026/09/07 03:25:42.649, 0, 0, 36533, 120.78
2026/09/07 03:25:42.652, 1, 0, 108290, 115.35
2026/09/07 03:25:43.655, 0, 0, 36533, 120.82
2026/09/07 03:25:43.657, 1, 0, 108290, 115.37
2026/09/07 03:25:44.660, 0, 0, 36533, 120.73
2026/09/07 03:25:44.663, 1, 0, 108290, 115.35
2026/09/07 03:25:45.667, 0, 0, 36533, 120.71
2026/09/07 03:25:45.669, 1, 0, 108290, 115.33
2026/09/07 03:25:46.672, 0, 0, 36533, 120.71
2026/09/07 03:25:46.675, 1, 0, 108290, 115.37
2026/09/07 03:25:47.678, 0, 0, 36533, 120.65
2026/09/07 03:25:47.680, 1, 0, 108290, 115.33
2026/09/07 03:25:48.683, 0, 0, 36533, 120.65
2026/09/07 03:25:48.686, 1, 0, 108290, 115.31
2026/09/07 03:25:49.688, 0, 0, 36533, 120.69
2026/09/07 03:25:49.691, 1, 0, 108290, 115.26
2026/09/07 03:25:50.693, 0, 0, 36533, 120.65
2026/09/07 03:25:50.697, 1, 0, 108290, 115.29
2026/09/07 03:25:51.700, 0, 0, 36533, 120.64
2026/09/07 03:25:51.703, 1, 0, 108290, 115.30
2026/09/07 03:25:52.706, 0, 0, 36533, 120.61
2026/09/07 03:25:52.710, 1, 0, 108290, 115.28
2026/09/07 03:25:53.712, 0, 0, 36533, 120.60
2026/09/07 03:25:53.714, 1, 0, 108290, 115.28
2026/09/07 03:25:54.716, 0, 0, 36533, 120.59
2026/09/07 03:25:54.719, 1, 0, 108290, 115.28
2026/09/07 03:25:55.722, 0, 0, 36533, 120.54
2026/09/07 03:25:55.726, 1, 0, 108290, 115.25
2026/09/07 03:25:56.729, 0, 0, 36533, 120.56
2026/09/07 03:25:56.732, 1, 0, 108290, 115.28
2026/09/07 03:25:57.734, 0, 0, 36533, 120.55
2026/09/07 03:25:57.736, 1, 0, 108290, 115.24
2026/09/07 03:25:58.739, 0, 0, 36533, 120.50
2026/09/07 03:25:58.742, 1, 0, 108290, 115.25
2026/09/07 03:25:59.745, 0, 0, 36533, 120.53
2026/09/07 03:25:59.749, 1, 0, 108290, 115.25
2026/09/07 03:26:00.752, 0, 0, 36533, 120.47
2026/09/07 03:26:00.755, 1, 0, 108290, 115.24
2026/09/07 03:26:01.757, 0, 0, 36533, 120.46
2026/09/07 03:26:01.760, 1, 0, 108290, 115.23
2026/09/07 03:26:02.763, 0, 0, 36533, 120.47
2026/09/07 03:26:02.766, 1, 0, 108290, 115.24
2026/09/07 03:26:03.768, 0, 0, 36533, 120.44
2026/09/07 03:26:03.770, 1, 0, 108290, 115.22
2026/09/07 03:26:04.773, 0, 0, 36533, 120.44
2026/09/07 03:26:04.776, 1, 0, 108290, 115.23
2026/09/07 03:26:05.778, 0, 0, 36533, 120.62
2026/09/07 03:26:05.780, 1, 0, 108290, 115.23
2026/09/07 03:26:06.783, 0, 3, 36533, 120.79
2026/09/07 03:26:06.785, 1, 0, 108290, 115.22
2026/09/07 03:26:07.787, 0, 3, 36533, 120.58
2026/09/07 03:26:07.790, 1, 0, 108290, 115.22
2026/09/07 03:26:08.792, 0, 0, 36533, 120.61
2026/09/07 03:26:08.796, 1, 0, 108290, 115.21
2026/09/07 03:26:09.798, 0, 13, 36533, 120.65
2026/09/07 03:26:09.801, 1, 0, 108290, 115.19
2026/09/07 03:26:10.802, 0, 0, 36533, 120.49
2026/09/07 03:26:10.805, 1, 0, 108290, 115.16
2026/09/07 03:26:11.808, 0, 0, 36533, 120.60
2026/09/07 03:26:11.811, 1, 0, 108290, 115.19
2026/09/07 03:26:12.813, 0, 23, 36533, 120.64
2026/09/07 03:26:12.816, 1, 0, 108290, 115.19
2026/09/07 03:26:13.819, 0, 0, 36533, 120.42
2026/09/07 03:26:13.821, 1, 0, 108290, 115.21
2026/09/07 03:26:14.824, 0, 0, 36533, 120.62
2026/09/07 03:26:14.827, 1, 0, 108290, 115.19
2026/09/07 03:26:15.829, 0, 24, 36533, 120.52
2026/09/07 03:26:15.832, 1, 0, 108290, 115.19
2026/09/07 03:26:16.834, 0, 0, 36533, 120.48
2026/09/07 03:26:16.837, 1, 0, 108290, 115.17
2026/09/07 03:26:17.839, 0, 0, 36533, 120.52
2026/09/07 03:26:17.841, 1, 0, 108290, 115.15
2026/09/07 03:26:18.845, 0, 0, 36533, 120.57
2026/09/07 03:26:18.848, 1, 0, 108290, 115.16
2026/09/07 03:26:19.850, 0, 9, 36533, 120.43
2026/09/07 03:26:19.853, 1, 0, 108290, 115.21
2026/09/07 03:26:20.856, 0, 0, 36533, 120.50
2026/09/07 03:26:20.859, 1, 0, 108290, 115.13
2026/09/07 03:26:21.862, 0, 0, 36533, 120.75
2026/09/07 03:26:21.865, 1, 0, 108290, 115.16
2026/09/07 03:26:22.868, 0, 6, 36533, 120.53
2026/09/07 03:26:22.871, 1, 0, 108290, 115.14
2026/09/07 03:26:23.874, 0, 11, 36533, 120.61
2026/09/07 03:26:23.877, 1, 0, 108290, 115.09
2026/09/07 03:26:24.880, 0, 0, 36533, 120.42
2026/09/07 03:26:24.883, 1, 0, 108290, 115.08
2026/09/07 03:26:25.886, 0, 16, 36533, 120.56
2026/09/07 03:26:25.888, 1, 0, 108290, 115.12
2026/09/07 03:26:26.890, 0, 0, 36533, 120.57
2026/09/07 03:26:26.893, 1, 0, 108290, 115.08
2026/09/07 03:26:27.896, 0, 0, 36533, 120.27
2026/09/07 03:26:27.898, 1, 0, 108290, 115.12
2026/09/07 03:26:28.901, 0, 0, 36533, 120.27
2026/09/07 03:26:28.903, 1, 0, 108290, 115.14
2026/09/07 03:26:29.905, 0, 1, 36527, 120.29
2026/09/07 03:26:29.909, 1, 0, 108290, 115.11
2026/09/07 03:26:30.911, 0, 29, 35759, 120.29
2026/09/07 03:26:30.914, 1, 0, 108290, 115.11
2026/09/07 03:26:31.916, 0, 92, 7813, 121.28
2026/09/07 03:26:31.923, 1, 0, 108290, 115.10
2026/09/07 03:26:32.926, 0, 0, 32747, 123.76
2026/09/07 03:26:32.929, 1, 0, 108290, 115.09
2026/09/07 03:26:33.932, 0, 0, 33259, 120.13
2026/09/07 03:26:33.935, 1, 0, 108290, 115.08
2026/09/07 03:26:34.938, 0, 54, 33259, 121.14
2026/09/07 03:26:34.943, 1, 0, 108290, 115.05
2026/09/07 03:26:35.949, 0, 37, 33259, 121.33
2026/09/07 03:26:35.952, 1, 0, 108290, 115.04
2026/09/07 03:26:36.955, 0, 0, 33265, 120.86
2026/09/07 03:26:36.958, 1, 0, 108290, 115.06
2026/09/07 03:26:37.960, 0, 0, 33265, 120.17
2026/09/07 03:26:37.963, 1, 0, 108290, 115.04
2026/09/07 03:26:38.965, 0, 0, 33265, 120.11
2026/09/07 03:26:38.975, 1, 0, 108290, 115.04
2026/09/07 03:26:39.985, 0, 0, 33265, 120.11
2026/09/07 03:26:39.989, 1, 0, 108290, 115.01
2026/09/07 03:26:40.992, 0, 0, 33265, 120.10
2026/09/07 03:26:40.995, 1, 0, 108290, 115.06
2026/09/07 03:26:41.998, 0, 0, 33265, 120.10
2026/09/07 03:26:42.008, 1, 0, 108290, 115.02
2026/09/07 03:26:43.019, 0, 0, 33265, 120.00
2026/09/07 03:26:43.022, 1, 0, 108290, 115.02
2026/09/07 03:26:44.027, 0, 0, 33265, 120.02
2026/09/07 03:26:44.038, 1, 0, 108290, 115.00
2026/09/07 03:26:45.046, 0, 0, 33265, 120.07
2026/09/07 03:26:45.055, 1, 0, 108290, 115.04
2026/09/07 03:26:46.064, 0, 0, 33265, 120.10
2026/09/07 03:26:46.066, 1, 0, 108290, 115.05
2026/09/07 03:26:47.069, 0, 0, 33265, 120.05
2026/09/07 03:26:47.072, 1, 0, 108290, 115.07
2026/09/07 03:26:48.075, 0, 0, 33265, 120.06
2026/09/07 03:26:48.078, 1, 0, 108290, 115.00
2026/09/07 03:26:49.081, 0, 0, 33265, 120.04
2026/09/07 03:26:49.083, 1, 0, 108290, 115.01
2026/09/07 03:26:50.086, 0, 0, 33265, 120.01
2026/09/07 03:26:50.089, 1, 0, 108290, 115.02
2026/09/07 03:26:51.092, 0, 0, 33265, 120.01
2026/09/07 03:26:51.095, 1, 0, 108290, 115.00
2026/09/07 03:26:52.099, 0, 0, 33265, 120.06
2026/09/07 03:26:52.101, 1, 0, 108290, 114.98
2026/09/07 03:26:53.103, 0, 0, 33265, 120.04
2026/09/07 03:26:53.105, 1, 0, 108290, 114.98
2026/09/07 03:26:54.109, 0, 0, 33265, 119.98
2026/09/07 03:26:54.112, 1, 0, 108290, 114.98
2026/09/07 03:26:55.115, 0, 0, 33265, 119.99
2026/09/07 03:26:55.118, 1, 0, 108290, 115.02
2026/09/07 03:26:56.120, 0, 0, 33265, 119.99
2026/09/07 03:26:56.123, 1, 0, 108290, 115.00
2026/09/07 03:26:57.126, 0, 0, 33265, 119.93
2026/09/07 03:26:57.137, 1, 0, 108290, 114.99
2026/09/07 03:26:58.154, 0, 0, 33265, 119.92
2026/09/07 03:26:58.158, 1, 0, 108290, 115.01
2026/09/07 03:26:59.162, 0, 0, 33265, 119.96
2026/09/07 03:26:59.168, 1, 0, 108290, 114.97
2026/09/07 03:27:00.173, 0, 0, 33265, 119.92
2026/09/07 03:27:00.176, 1, 0, 108290, 115.03
2026/09/07 03:27:01.179, 0, 0, 33265, 119.92
2026/09/07 03:27:01.182, 1, 0, 108290, 115.04
2026/09/07 03:27:02.184, 0, 0, 33265, 119.94
2026/09/07 03:27:02.187, 1, 0, 108290, 114.99
2026/09/07 03:27:03.189, 0, 0, 33265, 119.95
2026/09/07 03:27:03.191, 1, 0, 108290, 114.99
2026/09/07 03:27:04.194, 0, 0, 33265, 119.91
2026/09/07 03:27:04.196, 1, 0, 108290, 115.01
2026/09/07 03:27:05.199, 0, 0, 33265, 119.89
2026/09/07 03:27:05.202, 1, 0, 108290, 114.96
2026/09/07 03:27:06.204, 0, 0, 33265, 119.94
2026/09/07 03:27:06.206, 1, 0, 108290, 115.01
2026/09/07 03:27:07.209, 0, 0, 33265, 119.87
2026/09/07 03:27:07.213, 1, 0, 108290, 114.96
2026/09/07 03:27:08.216, 0, 0, 33265, 119.89
2026/09/07 03:27:08.218, 1, 0, 108290, 114.96
2026/09/07 03:27:09.221, 0, 0, 33265, 119.88
2026/09/07 03:27:09.224, 1, 0, 108290, 114.98
2026/09/07 03:27:10.226, 0, 0, 33265, 119.92
2026/09/07 03:27:10.229, 1, 0, 108290, 114.98
2026/09/07 03:27:11.232, 0, 0, 33265, 119.85
2026/09/07 03:27:11.236, 1, 0, 108290, 114.98
2026/09/07 03:27:12.239, 0, 0, 33265, 119.92
2026/09/07 03:27:12.243, 1, 0, 108290, 114.95
2026/09/07 03:27:13.246, 0, 0, 33265, 119.87
2026/09/07 03:27:13.249, 1, 0, 108290, 114.96
2026/09/07 03:27:14.252, 0, 0, 33265, 119.85
2026/09/07 03:27:14.255, 1, 0, 108290, 114.99
2026/09/07 03:27:15.258, 0, 0, 33265, 119.85
2026/09/07 03:27:15.262, 1, 0, 108290, 114.98
2026/09/07 03:27:16.266, 0, 0, 33265, 119.86
2026/09/07 03:27:16.270, 1, 0, 108290, 114.97
2026/09/07 03:27:17.273, 0, 0, 33265, 119.87
2026/09/07 03:27:17.276, 1, 0, 108290, 114.95
2026/09/07 03:27:18.278, 0, 0, 33265, 119.82
2026/09/07 03:27:18.280, 1, 0, 108290, 114.98
2026/09/07 03:27:19.283, 0, 0, 33265, 119.83
2026/09/07 03:27:19.286, 1, 0, 108290, 114.95
2026/09/07 03:27:20.291, 0, 0, 33265, 119.83
2026/09/07 03:27:20.294, 1, 0, 108290, 114.96
2026/09/07 03:27:21.297, 0, 0, 33265, 119.85
2026/09/07 03:27:21.300, 1, 0, 108290, 114.95
2026/09/07 03:27:22.302, 0, 0, 33265, 119.83
2026/09/07 03:27:22.305, 1, 0, 108290, 114.93
2026/09/07 03:27:23.309, 0, 0, 33265, 119.86
2026/09/07 03:27:23.311, 1, 0, 108290, 114.94
2026/09/07 03:27:24.314, 0, 0, 33265, 119.80
2026/09/07 03:27:24.317, 1, 0, 108290, 114.94
2026/09/07 03:27:25.320, 0, 0, 33265, 119.81
2026/09/07 03:27:25.323, 1, 0, 108290, 114.99
2026/09/07 03:27:26.326, 0, 0, 33265, 119.83
2026/09/07 03:27:26.328, 1, 0, 108290, 114.95
2026/09/07 03:27:27.331, 0, 0, 33265, 119.78
2026/09/07 03:27:27.336, 1, 0, 108290, 114.92
2026/09/07 03:27:28.340, 0, 0, 33265, 119.82
2026/09/07 03:27:28.344, 1, 0, 108290, 114.97
2026/09/07 03:27:29.346, 0, 0, 33265, 119.81
2026/09/07 03:27:29.350, 1, 0, 108290, 114.97
2026/09/07 03:27:30.354, 0, 0, 33265, 119.78
2026/09/07 03:27:30.357, 1, 0, 108290, 114.96
2026/09/07 03:27:31.361, 0, 0, 33265, 119.79
2026/09/07 03:27:31.363, 1, 0, 108290, 114.97
2026/09/07 03:27:32.366, 0, 0, 33265, 119.80
2026/09/07 03:27:32.369, 1, 0, 108290, 114.93
2026/09/07 03:27:33.374, 0, 0, 33265, 119.79
2026/09/07 03:27:33.376, 1, 0, 108290, 114.94
2026/09/07 03:27:34.379, 0, 0, 33265, 119.76
2026/09/07 03:27:34.386, 1, 0, 108290, 114.88
2026/09/07 03:27:35.390, 0, 0, 33265, 119.79
2026/09/07 03:27:35.393, 1, 0, 108290, 114.88
2026/09/07 03:27:36.396, 0, 0, 33265, 119.75
2026/09/07 03:27:36.399, 1, 0, 108290, 114.91
2026/09/07 03:27:37.402, 0, 0, 33265, 119.79
2026/09/07 03:27:37.404, 1, 0, 108290, 114.93
2026/09/07 03:27:38.408, 0, 0, 33265, 119.76
2026/09/07 03:27:38.411, 1, 0, 108290, 114.94
2026/09/07 03:27:39.414, 0, 0, 33265, 119.69
2026/09/07 03:27:39.417, 1, 0, 108290, 114.93
2026/09/07 03:27:40.420, 0, 0, 33265, 119.78
2026/09/07 03:27:40.422, 1, 0, 108290, 114.94
2026/09/07 03:27:41.425, 0, 0, 33265, 119.82
2026/09/07 03:27:41.428, 1, 0, 108290, 114.95
2026/09/07 03:27:42.431, 0, 0, 33265, 119.75
2026/09/07 03:27:42.434, 1, 0, 108290, 114.91
2026/09/07 03:27:43.437, 0, 0, 33265, 119.74
2026/09/07 03:27:43.440, 1, 0, 108290, 114.92
2026/09/07 03:27:44.443, 0, 0, 33265, 119.78
2026/09/07 03:27:44.445, 1, 0, 108290, 114.94
2026/09/07 03:27:45.448, 0, 0, 33265, 119.79
2026/09/07 03:27:45.451, 1, 0, 108290, 114.92
2026/09/07 03:27:46.455, 0, 0, 33265, 119.70
2026/09/07 03:27:46.457, 1, 0, 108290, 114.88
2026/09/07 03:27:47.459, 0, 0, 33265, 119.75
2026/09/07 03:27:47.462, 1, 0, 108290, 114.88
2026/09/07 03:27:48.464, 0, 0, 33265, 119.76
2026/09/07 03:27:48.468, 1, 0, 108290, 114.91
2026/09/07 03:27:49.471, 0, 0, 33265, 119.75
2026/09/07 03:27:49.473, 1, 0, 108290, 114.93
2026/09/07 03:27:50.475, 0, 0, 33265, 119.73
2026/09/07 03:27:50.478, 1, 0, 108290, 114.91
2026/09/07 03:27:51.480, 0, 0, 33265, 119.74
2026/09/07 03:27:51.483, 1, 0, 108290, 114.92
2026/09/07 03:27:52.485, 0, 5, 33259, 119.79
2026/09/07 03:27:52.505, 1, 0, 108290, 114.95
2026/09/07 03:27:53.507, 0, 0, 31869, 120.11
2026/09/07 03:27:53.510, 1, 0, 108290, 114.94
2026/09/07 03:27:54.513, 0, 0, 31869, 119.69
2026/09/07 03:27:54.516, 1, 0, 108290, 114.95
2026/09/07 03:27:55.518, 0, 0, 31869, 119.71
2026/09/07 03:27:55.521, 1, 0, 108290, 114.92
2026/09/07 03:27:56.523, 0, 100, 31869, 120.48
2026/09/07 03:27:56.525, 1, 0, 108290, 114.93
2026/09/07 03:27:57.528, 0, 0, 7801, 122.93
2026/09/07 03:27:57.531, 1, 100, 109422, 199.55
2026/09/07 03:27:58.533, 0, 0, 7801, 119.51
2026/09/07 03:27:58.536, 1, 100, 109422, 399.15
2026/09/07 03:27:59.539, 0, 0, 7801, 119.59
2026/09/07 03:27:59.542, 1, 100, 109422, 402.53
2026/09/07 03:28:00.545, 0, 0, 7801, 119.56
2026/09/07 03:28:00.548, 1, 100, 109422, 404.94
2026/09/07 03:28:01.550, 0, 0, 7801, 119.55
2026/09/07 03:28:01.553, 1, 79, 109422, 366.80
2026/09/07 03:28:02.556, 0, 0, 7801, 119.54
2026/09/07 03:28:02.559, 1, 80, 109422, 368.12
2026/09/07 03:28:03.562, 0, 0, 7801, 119.53
2026/09/07 03:28:03.564, 1, 100, 109422, 416.25
2026/09/07 03:28:04.566, 0, 0, 7801, 119.58
2026/09/07 03:28:04.569, 1, 100, 109422, 420.07
2026/09/07 03:28:05.571, 0, 0, 7801, 119.54
2026/09/07 03:28:05.573, 1, 100, 109422, 428.01
2026/09/07 03:28:06.575, 0, 0, 7801, 119.61
2026/09/07 03:28:06.578, 1, 100, 109422, 425.61
2026/09/07 03:28:07.580, 0, 0, 7801, 119.59
2026/09/07 03:28:10.203, 1, 100, 109422, 437.87
2026/09/07 03:28:11.206, 0, 0, 7801, 119.67
2026/09/07 03:28:11.209, 1, 99, 109422, 439.91
2026/09/07 03:28:12.211, 0, 0, 7801, 119.67
2026/09/07 03:28:12.214, 1, 100, 109422, 442.33
2026/09/07 03:28:13.216, 0, 0, 7801, 119.72
2026/09/07 03:28:13.218, 1, 100, 109422, 427.63
2026/09/07 03:28:14.221, 0, 0, 7801, 119.76
2026/09/07 03:28:14.223, 1, 100, 109422, 442.16
2026/09/07 03:28:15.225, 0, 0, 7801, 119.75
2026/09/07 03:28:15.228, 1, 99, 109422, 446.98
2026/09/07 03:28:16.232, 0, 0, 7801, 119.76
2026/09/07 03:28:18.888, 1, 99, 109422, 461.90
2026/09/07 03:28:19.895, 0, 0, 7801, 119.91
2026/09/07 03:28:19.897, 1, 99, 109422, 466.07
2026/09/07 03:28:20.900, 0, 0, 7801, 119.91
2026/09/07 03:28:20.910, 1, 74, 109422, 433.71
2026/09/07 03:28:21.918, 0, 0, 7801, 119.91
2026/09/07 03:28:21.921, 1, 100, 109422, 420.23
2026/09/07 03:28:22.924, 0, 0, 7801, 120.04
2026/09/07 03:28:22.940, 1, 90, 109422, 429.33
2026/09/07 03:28:23.944, 0, 0, 7801, 120.10
2026/09/07 03:28:23.947, 1, 100, 109422, 442.65
2026/09/07 03:28:24.950, 0, 0, 7801, 120.01
2026/09/07 03:28:24.952, 1, 98, 109422, 474.39
2026/09/07 03:28:25.955, 0, 0, 7801, 120.07
2026/09/07 03:28:25.958, 1, 99, 109422, 471.48
2026/09/07 03:28:26.960, 0, 0, 7801, 120.13
2026/09/07 03:28:26.963, 1, 98, 109422, 480.74
2026/09/07 03:28:27.967, 0, 0, 7801, 120.16
2026/09/07 03:28:27.972, 1, 100, 109422, 480.05
2026/09/07 03:28:28.974, 0, 0, 7801, 120.22
2026/09/07 03:28:28.976, 1, 100, 109422, 480.74
2026/09/07 03:28:29.979, 0, 0, 7801, 120.28
2026/09/07 03:28:29.982, 1, 100, 109422, 481.75
2026/09/07 03:28:30.983, 0, 0, 7801, 120.31
2026/09/07 03:28:30.986, 1, 99, 109422, 492.16
2026/09/07 03:28:31.991, 0, 0, 7801, 120.35
2026/09/07 03:28:31.994, 1, 100, 109422, 493.49
2026/09/07 03:28:32.999, 0, 0, 7801, 120.38
2026/09/07 03:28:33.002, 1, 100, 109422, 494.01
2026/09/07 03:28:34.004, 0, 0, 7801, 120.44
2026/09/07 03:28:34.062, 1, 100, 109422, 494.67
2026/09/07 03:28:35.064, 0, 0, 7801, 120.48
2026/09/07 03:28:35.067, 1, 100, 109422, 500.16
2026/09/07 03:28:36.069, 0, 0, 7801, 120.55
2026/09/07 03:28:36.072, 1, 100, 109422, 497.11
2026/09/07 03:28:37.075, 0, 0, 7801, 120.60
2026/09/07 03:28:37.078, 1, 100, 109422, 495.93
2026/09/07 03:28:38.080, 0, 0, 7801, 120.60
2026/09/07 03:28:38.083, 1, 100, 109422, 501.87
2026/09/07 03:28:39.086, 0, 0, 7801, 120.67
2026/09/07 03:28:39.088, 1, 100, 109422, 513.35
2026/09/07 03:28:40.090, 0, 0, 7801, 120.71
2026/09/07 03:28:40.093, 1, 100, 109422, 507.60
2026/09/07 03:28:41.094, 0, 0, 7801, 120.80
2026/09/07 03:28:41.097, 1, 100, 109422, 509.14
2026/09/07 03:28:42.100, 0, 0, 7801, 120.84
2026/09/07 03:28:42.103, 1, 100, 109422, 507.39
2026/09/07 03:28:43.105, 0, 0, 7801, 120.89
2026/09/07 03:28:43.108, 1, 100, 109422, 517.45
2026/09/07 03:28:44.112, 0, 0, 7801, 120.87
2026/09/07 03:28:44.115, 1, 100, 109422, 515.16
2026/09/07 03:28:45.117, 0, 0, 7801, 120.94
2026/09/07 03:28:45.121, 1, 100, 109422, 517.76
2026/09/07 03:28:46.124, 0, 0, 7801, 120.99
2026/09/07 03:28:46.127, 1, 100, 109422, 526.37
2026/09/07 03:28:47.129, 0, 0, 7801, 121.07
2026/09/07 03:28:47.132, 1, 100, 109422, 515.14
2026/09/07 03:28:48.135, 0, 0, 7801, 121.08
2026/09/07 03:28:48.138, 1, 100, 109422, 520.56
2026/09/07 03:28:49.141, 0, 0, 7801, 121.20
2026/09/07 03:28:49.146, 1, 87, 109422, 504.26
2026/09/07 03:28:50.148, 0, 0, 7801, 121.26
2026/09/07 03:28:50.151, 1, 100, 109424, 489.51
2026/09/07 03:28:51.154, 0, 0, 7801, 121.29
2026/09/07 03:28:51.157, 1, 100, 109424, 501.05
2026/09/07 03:28:52.159, 0, 0, 7801, 121.24
2026/09/07 03:28:52.166, 1, 100, 109424, 505.85
2026/09/07 03:28:53.173, 0, 0, 7801, 121.35
2026/09/07 03:28:53.177, 1, 86, 109424, 465.21
2026/09/07 03:28:54.181, 0, 0, 7801, 121.43
2026/09/07 03:28:54.184, 1, 100, 109424, 506.35
2026/09/07 03:28:55.186, 0, 0, 7801, 121.49
2026/09/07 03:28:55.193, 1, 91, 109424, 456.43
2026/09/07 03:28:56.260, 0, 0, 7801, 121.59
2026/09/07 03:28:56.262, 1, 100, 109424, 431.54
2026/09/07 03:28:57.265, 0, 0, 7801, 121.54
2026/09/07 03:28:57.270, 1, 97, 109424, 504.89
2026/09/07 03:28:58.272, 0, 0, 7801, 121.57
2026/09/07 03:28:58.275, 1, 99, 109424, 467.92
2026/09/07 03:28:59.278, 0, 0, 7801, 121.67
2026/09/07 03:28:59.281, 1, 100, 109424, 457.19
2026/09/07 03:29:00.282, 0, 0, 7801, 121.71
2026/09/07 03:29:00.285, 1, 100, 109424, 483.42
2026/09/07 03:29:01.287, 0, 0, 7801, 121.75
2026/09/07 03:29:01.290, 1, 100, 109424, 487.28
2026/09/07 03:29:02.293, 0, 0, 7801, 121.80
2026/09/07 03:29:02.295, 1, 98, 109424, 479.07
2026/09/07 03:29:03.300, 0, 0, 7801, 121.89
2026/09/07 03:29:03.303, 1, 100, 109424, 498.82
2026/09/07 03:29:04.305, 0, 0, 7801, 121.88
2026/09/07 03:29:04.307, 1, 100, 109424, 505.96
2026/09/07 03:29:05.309, 0, 0, 7801, 121.92
2026/09/07 03:29:05.312, 1, 100, 109424, 513.67
2026/09/07 03:29:06.314, 0, 0, 7801, 122.05
2026/09/07 03:29:06.317, 1, 100, 109424, 503.54
2026/09/07 03:29:07.319, 0, 0, 7801, 122.04
2026/09/07 03:29:07.322, 1, 100, 109424, 494.92
2026/09/07 03:29:08.325, 0, 0, 7801, 122.07
2026/09/07 03:29:08.328, 1, 66, 109424, 493.90
2026/09/07 03:29:09.330, 0, 0, 7801, 122.11
2026/09/07 03:29:09.333, 1, 99, 109424, 511.12
2026/09/07 03:29:10.337, 0, 0, 7801, 122.13
2026/09/07 03:29:10.339, 1, 100, 109424, 515.87
2026/09/07 03:29:11.341, 0, 0, 7801, 122.20
2026/09/07 03:29:11.345, 1, 99, 109424, 514.96
2026/09/07 03:29:12.347, 0, 0, 7801, 122.24
2026/09/07 03:29:12.350, 1, 98, 109424, 517.31
2026/09/07 03:29:13.352, 0, 0, 7801, 122.26
2026/09/07 03:29:13.355, 1, 100, 109424, 512.99
2026/09/07 03:29:14.359, 0, 0, 7801, 122.29
2026/09/07 03:29:14.362, 1, 100, 109424, 510.25
2026/09/07 03:29:15.364, 0, 0, 7801, 122.41
2026/09/07 03:29:15.368, 1, 100, 109424, 517.98
2026/09/07 03:29:16.370, 0, 0, 7801, 122.34
2026/09/07 03:29:16.372, 1, 100, 109424, 508.17
2026/09/07 03:29:17.375, 0, 0, 7801, 122.49
2026/09/07 03:29:17.377, 1, 100, 109424, 509.09
2026/09/07 03:29:18.379, 0, 0, 7801, 122.48
2026/09/07 03:29:18.382, 1, 100, 109424, 508.05
2026/09/07 03:29:19.384, 0, 0, 7801, 122.58
2026/09/07 03:29:19.387, 1, 100, 109424, 512.59
2026/09/07 03:29:20.390, 0, 0, 7801, 122.57
2026/09/07 03:29:20.393, 1, 100, 109424, 509.51
2026/09/07 03:29:21.394, 0, 0, 7801, 122.65
2026/09/07 03:29:21.397, 1, 100, 109424, 499.17
2026/09/07 03:29:22.399, 0, 0, 7801, 122.67
2026/09/07 03:29:22.401, 1, 99, 109424, 523.70
2026/09/07 03:29:23.404, 0, 0, 7801, 122.39
2026/09/07 03:29:23.406, 1, 100, 109424, 527.78
2026/09/07 03:29:24.408, 0, 0, 7801, 122.48
2026/09/07 03:29:24.411, 1, 100, 109424, 525.26
2026/09/07 03:29:25.415, 0, 0, 7801, 122.80
2026/09/07 03:29:25.419, 1, 99, 109424, 529.15
2026/09/07 03:29:26.422, 0, 0, 7801, 122.64
2026/09/07 03:29:26.425, 1, 100, 109424, 535.25
2026/09/07 03:29:27.427, 0, 0, 7801, 122.48
2026/09/07 03:29:27.430, 1, 100, 109424, 527.24
2026/09/07 03:29:28.436, 0, 0, 7801, 122.77
2026/09/07 03:29:28.439, 1, 7, 109712, 363.67
2026/09/07 03:29:29.442, 0, 0, 7801, 122.95
2026/09/07 03:29:29.445, 1, 100, 109712, 392.80
2026/09/07 03:29:30.447, 0, 0, 7801, 122.88
2026/09/07 03:29:30.450, 1, 100, 109712, 468.62
2026/09/07 03:29:31.453, 0, 0, 7801, 122.81
2026/09/07 03:29:31.455, 1, 100, 109712, 473.33
2026/09/07 03:29:32.458, 0, 0, 7801, 122.97
2026/09/07 03:29:32.461, 1, 98, 109712, 476.79
2026/09/07 03:29:33.464, 0, 0, 7801, 122.99
2026/09/07 03:29:33.467, 1, 98, 109714, 466.71
2026/09/07 03:29:34.469, 0, 0, 7801, 123.03
2026/09/07 03:29:34.472, 1, 100, 109718, 431.64
2026/09/07 03:29:35.474, 0, 0, 7801, 122.98
2026/09/07 03:29:35.477, 1, 98, 109718, 470.18
2026/09/07 03:29:36.479, 0, 0, 7801, 123.05
2026/09/07 03:29:36.482, 1, 100, 109718, 461.52
2026/09/07 03:29:37.484, 0, 0, 7801, 123.09
2026/09/07 03:29:37.487, 1, 100, 109718, 464.67
2026/09/07 03:29:38.490, 0, 0, 7801, 123.10
2026/09/07 03:29:38.493, 1, 100, 109718, 462.74
2026/09/07 03:29:39.496, 0, 0, 7801, 123.27
2026/09/07 03:29:39.499, 1, 100, 109718, 468.68
2026/09/07 03:29:40.501, 0, 0, 7801, 123.23
2026/09/07 03:29:40.503, 1, 99, 109718, 447.91
2026/09/07 03:29:41.505, 0, 0, 7801, 123.28
2026/09/07 03:29:41.508, 1, 99, 109718, 476.00
2026/09/07 03:29:42.510, 0, 0, 7801, 123.35
2026/09/07 03:29:42.513, 1, 99, 109718, 465.50
2026/09/07 03:29:43.515, 0, 0, 7801, 123.37
2026/09/07 03:29:43.517, 1, 95, 109718, 469.35
2026/09/07 03:29:44.520, 0, 0, 7801, 123.37
2026/09/07 03:29:44.522, 1, 100, 109718, 479.75
2026/09/07 03:29:45.524, 0, 0, 7801, 123.48
2026/09/07 03:29:45.528, 1, 98, 109718, 476.37
2026/09/07 03:29:46.530, 0, 0, 7801, 123.47
2026/09/07 03:29:46.533, 1, 100, 109718, 453.78
2026/09/07 03:29:47.536, 0, 0, 7801, 123.29
2026/09/07 03:29:47.538, 1, 100, 109718, 471.39
2026/09/07 03:29:48.541, 0, 0, 7801, 123.47
2026/09/07 03:29:48.543, 1, 100, 109718, 465.91
2026/09/07 03:29:49.546, 0, 0, 7801, 123.49
2026/09/07 03:29:49.549, 1, 99, 109718, 466.18
2026/09/07 03:29:50.551, 0, 0, 7801, 123.47
2026/09/07 03:29:50.554, 1, 100, 109718, 471.40
2026/09/07 03:29:51.556, 0, 0, 7801, 123.62
2026/09/07 03:29:51.558, 1, 45, 109718, 452.39
2026/09/07 03:29:52.561, 0, 0, 7801, 123.43
2026/09/07 03:29:52.564, 1, 100, 109718, 469.54
2026/09/07 03:29:53.567, 0, 0, 7801, 123.54
2026/09/07 03:29:53.571, 1, 99, 109718, 472.68
2026/09/07 03:29:54.573, 0, 0, 7801, 124.28
2026/09/07 03:29:54.576, 1, 100, 109718, 476.94
2026/09/07 03:29:55.578, 0, 0, 7801, 124.35
2026/09/07 03:29:55.582, 1, 100, 109718, 482.00
2026/09/07 03:29:56.585, 0, 0, 7801, 124.41
2026/09/07 03:29:56.587, 1, 100, 109718, 476.39
2026/09/07 03:29:57.589, 0, 0, 7801, 124.31
2026/09/07 03:29:57.601, 1, 99, 109718, 485.51
2026/09/07 03:29:58.605, 0, 0, 7801, 124.45
2026/09/07 03:29:58.607, 1, 98, 109718, 465.37
2026/09/07 03:29:59.609, 0, 0, 7801, 124.38
2026/09/07 03:29:59.612, 1, 100, 109718, 476.06
2026/09/07 03:30:00.614, 0, 0, 7801, 124.48
2026/09/07 03:30:00.617, 1, 100, 109718, 486.92
2026/09/07 03:30:01.619, 0, 0, 7801, 124.50
2026/09/07 03:30:01.622, 1, 100, 109718, 481.73
2026/09/07 03:30:02.625, 0, 0, 7801, 124.48
2026/09/07 03:30:02.630, 1, 100, 109718, 485.49
2026/09/07 03:30:03.632, 0, 0, 7801, 124.58
2026/09/07 03:30:03.636, 1, 100, 109718, 479.85
2026/09/07 03:30:04.638, 0, 0, 7801, 124.52
2026/09/07 03:30:04.642, 1, 99, 109718, 487.56
2026/09/07 03:30:05.646, 0, 0, 7801, 124.63
2026/09/07 03:30:05.648, 1, 100, 109718, 489.18
2026/09/07 03:30:06.651, 0, 0, 7801, 124.58
2026/09/07 03:30:06.654, 1, 100, 109718, 465.51
2026/09/07 03:30:07.658, 0, 0, 7801, 124.58
2026/09/07 03:30:07.661, 1, 97, 109718, 482.74
2026/09/07 03:30:08.663, 0, 0, 7801, 124.65
2026/09/07 03:30:08.665, 1, 100, 109718, 473.29
2026/09/07 03:30:09.668, 0, 0, 7801, 124.61
2026/09/07 03:30:09.670, 1, 100, 109718, 478.47
2026/09/07 03:30:10.673, 0, 0, 7801, 124.63
2026/09/07 03:30:10.675, 1, 100, 109718, 477.69
2026/09/07 03:30:11.678, 0, 0, 7801, 124.66
2026/09/07 03:30:11.682, 1, 100, 109718, 492.12
2026/09/07 03:30:12.684, 0, 0, 7801, 124.68
2026/09/07 03:30:12.686, 1, 100, 109718, 490.23
2026/09/07 03:30:13.689, 0, 0, 7801, 124.75
2026/09/07 03:30:13.692, 1, 100, 109718, 488.98
2026/09/07 03:30:14.694, 0, 0, 7801, 124.74
2026/09/07 03:30:14.697, 1, 100, 109718, 490.56
2026/09/07 03:30:15.700, 0, 0, 7801, 124.78
2026/09/07 03:30:15.703, 1, 100, 109718, 493.42
2026/09/07 03:30:16.705, 0, 0, 7801, 124.84
2026/09/07 03:30:16.709, 1, 98, 109718, 471.61
2026/09/07 03:30:17.712, 0, 0, 7801, 124.76
2026/09/07 03:30:17.716, 1, 100, 109718, 490.83
2026/09/07 03:30:18.722, 0, 0, 7801, 124.85
2026/09/07 03:30:18.724, 1, 100, 109718, 495.42
2026/09/07 03:30:19.726, 0, 0, 7801, 124.88
2026/09/07 03:30:19.729, 1, 100, 109718, 483.66
2026/09/07 03:30:20.732, 0, 0, 7801, 124.86
2026/09/07 03:30:20.735, 1, 48, 109718, 468.87
2026/09/07 03:30:21.736, 0, 0, 7801, 124.93
2026/09/07 03:30:21.738, 1, 100, 109718, 494.63
2026/09/07 03:30:22.741, 0, 0, 7801, 124.89
2026/09/07 03:30:22.743, 1, 100, 109718, 483.73
2026/09/07 03:30:23.745, 0, 0, 7801, 124.96
2026/09/07 03:30:23.748, 1, 100, 109718, 489.06
2026/09/07 03:30:24.750, 0, 0, 7801, 124.92
2026/09/07 03:30:24.753, 1, 100, 109718, 473.28
2026/09/07 03:30:25.756, 0, 0, 7801, 125.03
2026/09/07 03:30:25.758, 1, 100, 109718, 487.38
2026/09/07 03:30:26.760, 0, 0, 7801, 125.03
2026/09/07 03:30:26.763, 1, 100, 109718, 486.68
2026/09/07 03:30:27.765, 0, 0, 7801, 124.98
2026/09/07 03:30:27.768, 1, 100, 109718, 490.69
2026/09/07 03:30:28.770, 0, 0, 7801, 125.08
2026/09/07 03:30:28.772, 1, 100, 109718, 486.83
2026/09/07 03:30:29.774, 0, 0, 7801, 125.01
2026/09/07 03:30:29.777, 1, 100, 109718, 484.91
2026/09/07 03:30:30.782, 0, 0, 7801, 125.06
2026/09/07 03:30:30.784, 1, 100, 109718, 498.63
2026/09/07 03:30:31.787, 0, 0, 7801, 125.08
2026/09/07 03:30:31.790, 1, 99, 109718, 493.15
2026/09/07 03:30:32.792, 0, 0, 7801, 125.07
2026/09/07 03:30:32.795, 1, 100, 109718, 488.07
2026/09/07 03:30:33.797, 0, 0, 7801, 125.18
2026/09/07 03:30:33.799, 1, 100, 109718, 499.80
2026/09/07 03:30:34.801, 0, 0, 7801, 125.14
2026/09/07 03:30:34.804, 1, 0, 109718, 408.36
2026/09/07 03:30:35.806, 0, 0, 7801, 125.11
2026/09/07 03:30:35.810, 1, 100, 109718, 495.81
2026/09/07 03:30:36.812, 0, 0, 7801, 125.16
2026/09/07 03:30:36.814, 1, 100, 109718, 478.23
2026/09/07 03:30:37.816, 0, 0, 7801, 125.15
2026/09/07 03:30:37.818, 1, 100, 109718, 496.32
2026/09/07 03:30:38.820, 0, 0, 7801, 125.21
2026/09/07 03:30:38.823, 1, 100, 109718, 488.54
2026/09/07 03:30:39.825, 0, 0, 7801, 125.24
2026/09/07 03:30:39.828, 1, 99, 109718, 479.73
2026/09/07 03:30:40.830, 0, 0, 7801, 125.29
2026/09/07 03:30:40.833, 1, 100, 109718, 489.05
2026/09/07 03:30:41.837, 0, 0, 7801, 125.24
2026/09/07 03:30:41.840, 1, 100, 109718, 495.28
2026/09/07 03:30:42.842, 0, 0, 7801, 125.29
2026/09/07 03:30:42.844, 1, 100, 109718, 389.02
2026/09/07 03:30:43.847, 0, 0, 7801, 125.24
2026/09/07 03:30:43.849, 1, 100, 109718, 494.39
2026/09/07 03:30:44.852, 0, 0, 7801, 125.33
2026/09/07 03:30:44.854, 1, 100, 109718, 494.46
2026/09/07 03:30:45.857, 0, 0, 7801, 125.31
2026/09/07 03:30:45.859, 1, 100, 109718, 496.77
2026/09/07 03:30:46.863, 0, 0, 7801, 125.36
2026/09/07 03:30:46.866, 1, 100, 109718, 495.81
2026/09/07 03:30:47.868, 0, 0, 7801, 125.34
2026/09/07 03:30:47.871, 1, 100, 109718, 490.05
2026/09/07 03:30:48.873, 0, 0, 7801, 125.37
2026/09/07 03:30:48.876, 1, 100, 109718, 502.14
2026/09/07 03:30:49.879, 0, 0, 7801, 125.42
2026/09/07 03:30:49.881, 1, 100, 109718, 487.55
2026/09/07 03:30:50.883, 0, 0, 7801, 125.34
2026/09/07 03:30:56.737, 1, 98, 109718, 498.81
2026/09/07 03:30:57.741, 0, 0, 7801, 125.01
2026/09/07 03:30:57.744, 1, 100, 109718, 503.31
2026/09/07 03:30:58.748, 0, 0, 7801, 125.06
2026/09/07 03:30:58.752, 1, 99, 109718, 495.06
2026/09/07 03:30:59.754, 0, 0, 7801, 125.02
2026/09/07 03:30:59.757, 1, 100, 109718, 499.90
2026/09/07 03:31:00.760, 0, 0, 7801, 125.04
2026/09/07 03:31:00.765, 1, 100, 109718, 504.15
2026/09/07 03:31:01.768, 0, 0, 7801, 125.04
2026/09/07 03:31:01.771, 1, 100, 109718, 486.60
2026/09/07 03:31:02.774, 0, 0, 7801, 125.06
2026/09/07 03:31:02.777, 1, 100, 109738, 458.07
2026/09/07 03:31:03.780, 0, 0, 7801, 125.05
2026/09/07 03:31:03.783, 1, 100, 109738, 488.87
2026/09/07 03:31:04.785, 0, 0, 7801, 125.11
2026/09/07 03:31:04.788, 1, 87, 109738, 491.18
2026/09/07 03:31:05.789, 0, 0, 7801, 125.13
2026/09/07 03:31:05.792, 1, 88, 109738, 489.90
2026/09/07 03:31:06.794, 0, 0, 7801, 125.13
2026/09/07 03:31:06.797, 1, 100, 109738, 488.54
2026/09/07 03:31:07.799, 0, 0, 7801, 125.07
2026/09/07 03:31:07.802, 1, 100, 109738, 460.16
2026/09/07 03:31:08.804, 0, 0, 7801, 125.07
2026/09/07 03:31:08.807, 1, 99, 109738, 480.36
2026/09/07 03:31:09.810, 0, 0, 7801, 125.17
2026/09/07 03:31:09.812, 1, 100, 109738, 488.33
2026/09/07 03:31:10.814, 0, 0, 7801, 125.12
2026/09/07 03:31:10.817, 1, 98, 109738, 487.06
2026/09/07 03:31:11.819, 0, 0, 7801, 125.16
2026/09/07 03:31:11.822, 1, 100, 109738, 494.28
2026/09/07 03:31:12.824, 0, 0, 7801, 125.12
2026/09/07 03:31:12.827, 1, 100, 109738, 492.53
2026/09/07 03:31:13.829, 0, 0, 7801, 125.17
2026/09/07 03:31:13.831, 1, 100, 109738, 461.77
2026/09/07 03:31:14.834, 0, 0, 7801, 125.16
2026/09/07 03:31:14.836, 1, 98, 109738, 466.07
2026/09/07 03:31:15.839, 0, 0, 7801, 125.23
2026/09/07 03:31:15.842, 1, 100, 109738, 478.55
2026/09/07 03:31:16.844, 0, 0, 7801, 125.20
2026/09/07 03:31:16.846, 1, 100, 109738, 477.38
2026/09/07 03:31:17.848, 0, 0, 7801, 125.21
2026/09/07 03:31:17.851, 1, 100, 109738, 483.74
2026/09/07 03:31:18.853, 0, 0, 7801, 125.23
2026/09/07 03:31:18.855, 1, 100, 109738, 481.61
2026/09/07 03:31:19.858, 0, 0, 7801, 125.24
2026/09/07 03:31:20.163, 1, 100, 109738, 477.92
2026/09/07 03:31:21.168, 0, 0, 7801, 125.30
2026/09/07 03:31:21.175, 1, 99, 109738, 479.59
2026/09/07 03:31:22.177, 0, 0, 7801, 125.23
2026/09/07 03:31:22.234, 1, 99, 109738, 486.56
2026/09/07 03:31:23.240, 0, 0, 7801, 125.35
2026/09/07 03:31:23.244, 1, 100, 109738, 470.05
2026/09/07 03:31:24.246, 0, 0, 7801, 125.28
2026/09/07 03:31:24.248, 1, 100, 109738, 481.73
2026/09/07 03:31:25.250, 0, 0, 7801, 125.28
2026/09/07 03:31:25.255, 1, 99, 109738, 485.92
2026/09/07 03:31:26.257, 0, 0, 7801, 125.35
2026/09/07 03:31:26.262, 1, 94, 109738, 490.50
2026/09/07 03:31:27.263, 0, 0, 7801, 125.37
2026/09/07 03:31:27.267, 1, 100, 109738, 481.89
2026/09/07 03:31:28.269, 0, 0, 7801, 125.29
2026/09/07 03:31:28.273, 1, 100, 109738, 487.18
2026/09/07 03:31:29.275, 0, 0, 7801, 125.36
2026/09/07 03:31:29.278, 1, 98, 109738, 495.42
2026/09/07 03:31:30.280, 0, 0, 7801, 125.33
2026/09/07 03:31:30.283, 1, 100, 109738, 485.57
2026/09/07 03:31:31.285, 0, 0, 7801, 125.42
2026/09/07 03:31:31.287, 1, 100, 109738, 488.25
2026/09/07 03:31:32.290, 0, 0, 7801, 125.34
2026/09/07 03:31:32.293, 1, 99, 109738, 502.14
2026/09/07 03:31:33.295, 0, 0, 7801, 125.35
2026/09/07 03:31:33.298, 1, 100, 109738, 496.78
2026/09/07 03:31:34.301, 0, 0, 7801, 125.35
2026/09/07 03:31:34.304, 1, 100, 109738, 492.84
2026/09/07 03:31:35.307, 0, 0, 7801, 125.40
2026/09/07 03:31:35.310, 1, 98, 109738, 502.96
2026/09/07 03:31:36.312, 0, 0, 7801, 125.40
2026/09/07 03:31:36.315, 1, 100, 109738, 495.82
2026/09/07 03:31:37.317, 0, 0, 7801, 125.39
2026/09/07 03:31:37.321, 1, 100, 109738, 498.76
2026/09/07 03:31:38.325, 0, 0, 7801, 125.39
2026/09/07 03:31:38.329, 1, 100, 109738, 494.03
2026/09/07 03:31:39.332, 0, 0, 7801, 125.42
2026/09/07 03:31:39.336, 1, 100, 109738, 499.33
2026/09/07 03:31:40.343, 0, 0, 7801, 125.59
2026/09/07 03:31:40.346, 1, 99, 109738, 499.36
2026/09/07 03:31:41.348, 0, 0, 7801, 125.44
2026/09/07 03:31:41.352, 1, 100, 109740, 488.58
2026/09/07 03:31:42.355, 0, 0, 7801, 125.50
2026/09/07 03:31:42.358, 1, 100, 109740, 496.87
2026/09/07 03:31:43.361, 0, 0, 7801, 125.50
2026/09/07 03:31:43.364, 1, 100, 109740, 489.68
2026/09/07 03:31:44.366, 0, 0, 7801, 125.52
2026/09/07 03:31:44.368, 1, 97, 109740, 507.99
2026/09/07 03:31:45.370, 0, 0, 7801, 125.49
2026/09/07 03:31:45.373, 1, 100, 109740, 511.59
2026/09/07 03:31:46.376, 0, 0, 7801, 125.50
2026/09/07 03:31:46.379, 1, 99, 109740, 500.22
2026/09/07 03:31:47.381, 0, 0, 7801, 125.58
2026/09/07 03:31:47.385, 1, 100, 109740, 514.66
2026/09/07 03:31:48.387, 0, 0, 7801, 125.55
2026/09/07 03:31:48.390, 1, 100, 109740, 507.95
2026/09/07 03:31:49.392, 0, 0, 7801, 125.53
2026/09/07 03:31:49.395, 1, 100, 109740, 508.87
2026/09/07 03:31:50.396, 0, 0, 7801, 125.58
2026/09/07 03:31:50.399, 1, 100, 109740, 518.20
2026/09/07 03:31:51.401, 0, 0, 7801, 125.53
2026/09/07 03:31:51.403, 1, 100, 109740, 508.92
2026/09/07 03:31:52.405, 0, 0, 7801, 125.56
2026/09/07 03:31:52.407, 1, 100, 109740, 488.08
2026/09/07 03:31:53.409, 0, 0, 7801, 125.54
2026/09/07 03:31:53.412, 1, 100, 109740, 502.26
2026/09/07 03:31:54.414, 0, 0, 7801, 125.65
2026/09/07 03:31:54.416, 1, 100, 109740, 508.04
2026/09/07 03:31:55.418, 0, 0, 7801, 125.61
2026/09/07 03:31:55.421, 1, 100, 109740, 508.96
2026/09/07 03:31:56.423, 0, 0, 7801, 125.66
2026/09/07 03:31:56.425, 1, 50, 109740, 499.70
2026/09/07 03:31:57.427, 0, 0, 7801, 125.60
2026/09/07 03:31:57.429, 1, 100, 109740, 507.14
2026/09/07 03:31:58.431, 0, 0, 7801, 125.68
2026/09/07 03:31:58.434, 1, 96, 109740, 480.28
2026/09/07 03:31:59.437, 0, 0, 7801, 125.65
2026/09/07 03:31:59.439, 1, 100, 109740, 505.20
2026/09/07 03:32:00.441, 0, 0, 7801, 125.67
2026/09/07 03:32:00.445, 1, 100, 109740, 484.79
2026/09/07 03:32:01.447, 0, 0, 7801, 125.65
2026/09/07 03:32:01.453, 1, 78, 109740, 461.08
2026/09/07 03:32:02.460, 0, 0, 7801, 125.68
2026/09/07 03:32:02.463, 1, 100, 109740, 510.73
2026/09/07 03:32:03.465, 0, 0, 7801, 125.63
2026/09/07 03:32:03.467, 1, 100, 109740, 493.19
2026/09/07 03:32:04.470, 0, 0, 7801, 125.75
2026/09/07 03:32:04.472, 1, 100, 109740, 505.30
2026/09/07 03:32:05.474, 0, 0, 7801, 125.64
2026/09/07 03:32:05.476, 1, 100, 109740, 505.06
2026/09/07 03:32:06.479, 0, 0, 7801, 125.78
2026/09/07 03:32:06.481, 1, 100, 109740, 501.30
2026/09/07 03:32:07.484, 0, 0, 7801, 125.72
2026/09/07 03:32:07.486, 1, 100, 109740, 515.81
2026/09/07 03:32:08.488, 0, 0, 7801, 125.77
2026/09/07 03:32:08.490, 1, 100, 109740, 478.23
2026/09/07 03:32:09.492, 0, 0, 7801, 125.69
2026/09/07 03:32:09.495, 1, 100, 109740, 496.13
2026/09/07 03:32:10.496, 0, 0, 7801, 125.69
2026/09/07 03:32:10.498, 1, 100, 109740, 505.50
2026/09/07 03:32:11.501, 0, 0, 7801, 125.79
2026/09/07 03:32:11.503, 1, 100, 109740, 472.46
2026/09/07 03:32:12.506, 0, 0, 7801, 125.83
2026/09/07 03:32:12.508, 1, 16, 109740, 467.89
2026/09/07 03:32:13.511, 0, 0, 7801, 125.74
2026/09/07 03:32:13.513, 1, 100, 109740, 418.24
2026/09/07 03:32:14.515, 0, 0, 7801, 125.81
2026/09/07 03:32:14.517, 1, 100, 109740, 497.37
2026/09/07 03:32:15.519, 0, 0, 7801, 125.74
2026/09/07 03:32:15.521, 1, 100, 109740, 515.34
2026/09/07 03:32:16.523, 0, 0, 7801, 125.82
2026/09/07 03:32:16.525, 1, 100, 109740, 473.34
2026/09/07 03:32:17.527, 0, 0, 7801, 125.81
2026/09/07 03:32:17.530, 1, 100, 109740, 490.76
2026/09/07 03:32:18.532, 0, 0, 7801, 125.84
2026/09/07 03:32:18.534, 1, 100, 109740, 506.11
2026/09/07 03:32:19.535, 0, 0, 7801, 125.79
2026/09/07 03:32:19.537, 1, 100, 109740, 493.05
2026/09/07 03:32:20.539, 0, 0, 7801, 125.89
2026/09/07 03:32:20.542, 1, 98, 109740, 491.33
2026/09/07 03:32:21.544, 0, 0, 7801, 125.78
2026/09/07 03:32:21.546, 1, 100, 109740, 503.48
2026/09/07 03:32:22.548, 0, 0, 7801, 125.83
2026/09/07 03:32:22.550, 1, 100, 109740, 497.11
2026/09/07 03:32:23.553, 0, 0, 7801, 125.83
2026/09/07 03:32:23.555, 1, 100, 109740, 505.28
2026/09/07 03:32:24.557, 0, 0, 7801, 125.92
2026/09/07 03:32:24.560, 1, 100, 109740, 502.94
2026/09/07 03:32:25.562, 0, 0, 7801, 125.85
2026/09/07 03:32:25.565, 1, 98, 109740, 514.42
2026/09/07 03:32:26.567, 0, 0, 7801, 125.93
2026/09/07 03:32:26.570, 1, 100, 109740, 478.00
2026/09/07 03:32:27.573, 0, 0, 7801, 125.86
2026/09/07 03:32:27.575, 1, 100, 109740, 510.40
2026/09/07 03:32:28.577, 0, 0, 7801, 125.87
2026/09/07 03:32:28.580, 1, 100, 109740, 516.58
2026/09/07 03:32:29.582, 0, 0, 7801, 125.83
2026/09/07 03:32:29.584, 1, 100, 109740, 505.29
2026/09/07 03:32:30.586, 0, 0, 7801, 125.93
2026/09/07 03:32:30.589, 1, 100, 109740, 508.17
2026/09/07 03:32:31.592, 0, 0, 7801, 125.89
2026/09/07 03:32:31.594, 1, 100, 109740, 513.99
2026/09/07 03:32:32.596, 0, 0, 7801, 125.94
2026/09/07 03:32:32.599, 1, 100, 109740, 515.16
2026/09/07 03:32:33.602, 0, 0, 7801, 125.92
2026/09/07 03:32:33.606, 1, 100, 109740, 509.14
2026/09/07 03:32:34.609, 0, 0, 7801, 125.93
2026/09/07 03:32:34.615, 1, 100, 109740, 515.99
2026/09/07 03:32:35.618, 0, 0, 7801, 125.87
2026/09/07 03:32:35.622, 1, 100, 109740, 511.84
2026/09/07 03:32:36.625, 0, 0, 7801, 125.98
2026/09/07 03:32:36.627, 1, 100, 109740, 513.33
2026/09/07 03:32:37.630, 0, 0, 7801, 125.92
2026/09/07 03:32:37.633, 1, 100, 109740, 517.90
2026/09/07 03:32:38.636, 0, 0, 7801, 126.00
2026/09/07 03:32:38.639, 1, 100, 109740, 461.35
2026/09/07 03:32:39.641, 0, 0, 7801, 125.94
2026/09/07 03:32:39.644, 1, 100, 109740, 500.77
2026/09/07 03:32:40.646, 0, 0, 7801, 125.97
2026/09/07 03:32:40.648, 1, 100, 109740, 498.51
2026/09/07 03:32:41.650, 0, 0, 7801, 125.96
2026/09/07 03:32:41.652, 1, 100, 109740, 494.07
2026/09/07 03:32:42.654, 0, 0, 7801, 125.98
2026/09/07 03:32:42.657, 1, 100, 109740, 501.02
2026/09/07 03:32:43.659, 0, 0, 7801, 125.97
2026/09/07 03:32:43.661, 1, 100, 109740, 506.43
2026/09/07 03:32:44.663, 0, 0, 7801, 126.00
2026/09/07 03:32:44.666, 1, 100, 109740, 476.85
2026/09/07 03:32:45.668, 0, 0, 7801, 125.97
2026/09/07 03:32:45.670, 1, 100, 109740, 492.69
2026/09/07 03:32:46.672, 0, 0, 7801, 125.96
2026/09/07 03:32:46.674, 1, 100, 109740, 479.98
2026/09/07 03:32:47.676, 0, 0, 7801, 125.94
2026/09/07 03:32:47.678, 1, 100, 109740, 478.03
2026/09/07 03:32:48.680, 0, 0, 7801, 125.99
2026/09/07 03:32:48.683, 1, 100, 109740, 486.14
2026/09/07 03:32:49.685, 0, 0, 7801, 126.02
2026/09/07 03:32:49.688, 1, 100, 109740, 496.27
2026/09/07 03:32:50.690, 0, 0, 7801, 126.02
2026/09/07 03:32:50.693, 1, 99, 109740, 462.15
2026/09/07 03:32:51.703, 0, 0, 7801, 126.07
2026/09/07 03:32:51.706, 1, 99, 109740, 482.88
2026/09/07 03:32:52.708, 0, 0, 7801, 126.00
2026/09/07 03:32:52.710, 1, 100, 109740, 483.79
2026/09/07 03:32:53.712, 0, 0, 7801, 125.99
2026/09/07 03:32:53.714, 1, 98, 109740, 486.51
2026/09/07 03:32:54.716, 0, 0, 7801, 126.01
2026/09/07 03:32:54.719, 1, 100, 109740, 490.29
2026/09/07 03:32:55.721, 0, 0, 7801, 126.06
2026/09/07 03:32:55.723, 1, 100, 109740, 485.46
2026/09/07 03:32:56.727, 0, 0, 7801, 126.03
2026/09/07 03:32:56.729, 1, 100, 109740, 492.58
2026/09/07 03:32:57.732, 0, 0, 7801, 126.08
2026/09/07 03:32:57.734, 1, 100, 109740, 492.90
2026/09/07 03:32:58.736, 0, 0, 7801, 125.99
2026/09/07 03:32:58.739, 1, 99, 109740, 496.08
2026/09/07 03:32:59.741, 0, 0, 7801, 126.03
2026/09/07 03:32:59.743, 1, 99, 109740, 465.92
2026/09/07 03:33:00.746, 0, 0, 7801, 126.02
2026/09/07 03:33:00.748, 1, 100, 109740, 488.10
2026/09/07 03:33:01.750, 0, 0, 7801, 126.09
2026/09/07 03:33:01.753, 1, 100, 109740, 488.17
2026/09/07 03:33:02.754, 0, 0, 7801, 126.00
2026/09/07 03:33:02.756, 1, 100, 109740, 484.45
2026/09/07 03:33:03.758, 0, 0, 7801, 126.10
2026/09/07 03:33:03.761, 1, 100, 109740, 506.56
2026/09/07 03:33:04.763, 0, 0, 7801, 126.04
2026/09/07 03:33:04.765, 1, 100, 109740, 501.40
2026/09/07 03:33:05.770, 0, 0, 7801, 126.06
2026/09/07 03:33:05.772, 1, 100, 109740, 490.02
2026/09/07 03:33:06.773, 0, 0, 7801, 126.06
2026/09/07 03:33:06.776, 1, 100, 109740, 497.38
2026/09/07 03:33:07.778, 0, 0, 7801, 126.08
2026/09/07 03:33:07.780, 1, 100, 109740, 498.97
2026/09/07 03:33:08.782, 0, 0, 7801, 126.07
2026/09/07 03:33:08.784, 1, 100, 109740, 498.93
2026/09/07 03:33:09.786, 0, 0, 7801, 126.09
2026/09/07 03:33:09.789, 1, 100, 109740, 507.08
2026/09/07 03:33:10.792, 0, 0, 7801, 126.13
2026/09/07 03:33:10.794, 1, 100, 109740, 507.34
2026/09/07 03:33:11.798, 0, 0, 7801, 126.13
2026/09/07 03:33:11.800, 1, 100, 109740, 507.62
2026/09/07 03:33:12.802, 0, 0, 7801, 126.07
2026/09/07 03:33:12.805, 1, 100, 109740, 504.03
2026/09/07 03:33:13.807, 0, 0, 7801, 126.10
2026/09/07 03:33:13.809, 1, 100, 109740, 515.80
2026/09/07 03:33:14.811, 0, 0, 7801, 126.16
2026/09/07 03:33:14.814, 1, 100, 109742, 472.30
2026/09/07 03:33:15.816, 0, 0, 7801, 126.08
2026/09/07 03:33:15.819, 1, 100, 109742, 479.58
2026/09/07 03:33:16.821, 0, 0, 7801, 126.11
2026/09/07 03:33:16.823, 1, 100, 109742, 496.98
2026/09/07 03:33:17.825, 0, 0, 7801, 126.07
2026/09/07 03:33:17.828, 1, 100, 109742, 479.23
2026/09/07 03:33:18.832, 0, 0, 7801, 126.10
2026/09/07 03:33:18.834, 1, 100, 109742, 485.03
2026/09/07 03:33:19.836, 0, 0, 7801, 126.07
2026/09/07 03:33:19.841, 1, 100, 109742, 493.52
2026/09/07 03:33:20.844, 0, 0, 7801, 126.21
2026/09/07 03:33:20.847, 1, 100, 109742, 494.09
2026/09/07 03:33:21.849, 0, 0, 7801, 126.07
2026/09/07 03:33:21.852, 1, 100, 109742, 486.58
2026/09/07 03:33:22.856, 0, 0, 7801, 126.13
2026/09/07 03:33:22.859, 1, 100, 109742, 505.79
2026/09/07 03:33:23.861, 0, 0, 7801, 126.09
2026/09/07 03:33:23.864, 1, 100, 109742, 494.29
2026/09/07 03:33:24.866, 0, 0, 7801, 126.14
2026/09/07 03:33:24.868, 1, 100, 109742, 499.81
2026/09/07 03:33:25.870, 0, 0, 7801, 126.13
2026/09/07 03:33:25.873, 1, 100, 109742, 506.21
2026/09/07 03:33:26.876, 0, 0, 7801, 126.14
2026/09/07 03:33:26.878, 1, 100, 109742, 511.20
2026/09/07 03:33:27.881, 0, 0, 7801, 126.15
2026/09/07 03:33:27.883, 1, 100, 109742, 504.13
2026/09/07 03:33:28.885, 0, 0, 7801, 126.17
2026/09/07 03:33:28.888, 1, 100, 109742, 512.66
2026/09/07 03:33:29.890, 0, 0, 7801, 126.15
2026/09/07 03:33:29.892, 1, 100, 109742, 514.85
2026/09/07 03:33:30.894, 0, 0, 7801, 126.14
2026/09/07 03:33:30.896, 1, 100, 109742, 523.32
2026/09/07 03:33:31.898, 0, 0, 7801, 126.16
2026/09/07 03:33:31.901, 1, 100, 109742, 513.31
2026/09/07 03:33:32.903, 0, 0, 7801, 126.14
2026/09/07 03:33:32.905, 1, 100, 109742, 515.16
2026/09/07 03:33:33.907, 0, 0, 7801, 126.24
2026/09/07 03:33:33.910, 1, 100, 109742, 472.54
2026/09/07 03:33:34.912, 0, 0, 7801, 126.19
2026/09/07 03:33:34.915, 1, 100, 109742, 477.51
2026/09/07 03:33:35.917, 0, 0, 7801, 126.23
2026/09/07 03:33:35.920, 1, 100, 109742, 506.85
2026/09/07 03:33:36.922, 0, 0, 7801, 126.07
2026/09/07 03:33:36.925, 1, 100, 109742, 506.66
2026/09/07 03:33:37.928, 0, 0, 7801, 126.21
2026/09/07 03:33:37.930, 1, 100, 109742, 509.87
2026/09/07 03:33:38.933, 0, 0, 7801, 126.18
2026/09/07 03:33:38.936, 1, 100, 109742, 484.40
2026/09/07 03:33:39.939, 0, 0, 7801, 126.24
2026/09/07 03:33:39.942, 1, 100, 109742, 515.52
2026/09/07 03:33:40.944, 0, 0, 7801, 126.19
2026/09/07 03:33:40.947, 1, 70, 109742, 468.67
2026/09/07 03:33:41.950, 0, 0, 7801, 126.23
2026/09/07 03:33:41.952, 1, 100, 109742, 506.16
2026/09/07 03:33:42.954, 0, 0, 7801, 126.23
2026/09/07 03:33:42.957, 1, 93, 109742, 481.05
2026/09/07 03:33:43.958, 0, 0, 7801, 126.23
2026/09/07 03:33:43.961, 1, 100, 109742, 497.01
2026/09/07 03:33:44.963, 0, 0, 7801, 126.23
2026/09/07 03:33:44.965, 1, 100, 109742, 493.11
2026/09/07 03:33:45.967, 0, 0, 7801, 126.21
2026/09/07 03:33:45.970, 1, 99, 109742, 484.51
2026/09/07 03:33:46.972, 0, 0, 7801, 126.27
2026/09/07 03:33:46.974, 1, 19, 109742, 444.00
2026/09/07 03:33:47.976, 0, 0, 7801, 126.23
2026/09/07 03:33:47.979, 1, 100, 109742, 448.95
2026/09/07 03:33:48.981, 0, 0, 7801, 126.21
2026/09/07 03:33:48.984, 1, 99, 109742, 490.40
2026/09/07 03:33:49.986, 0, 0, 7801, 126.19
2026/09/07 03:33:49.989, 1, 99, 109742, 481.91
2026/09/07 03:33:50.991, 0, 0, 7801, 126.31
2026/09/07 03:33:50.993, 1, 100, 109742, 484.43
2026/09/07 03:33:51.996, 0, 0, 7801, 126.20
2026/09/07 03:33:51.998, 1, 100, 109742, 497.09
2026/09/07 03:33:53.000, 0, 0, 7801, 126.29
2026/09/07 03:33:53.004, 1, 100, 109742, 487.20
2026/09/07 03:33:54.008, 0, 0, 7801, 126.27
2026/09/07 03:33:54.010, 1, 100, 109742, 482.00
2026/09/07 03:33:55.013, 0, 0, 7801, 126.27
2026/09/07 03:33:55.015, 1, 100, 109742, 497.34
2026/09/07 03:33:56.017, 0, 0, 7801, 126.23
2026/09/07 03:33:56.020, 1, 100, 109742, 497.75
2026/09/07 03:33:57.023, 0, 0, 7801, 126.25
2026/09/07 03:33:57.025, 1, 100, 109742, 492.99
2026/09/07 03:33:58.028, 0, 0, 7801, 126.26
2026/09/07 03:33:58.030, 1, 100, 109742, 496.92
2026/09/07 03:33:59.033, 0, 0, 7801, 126.19
2026/09/07 03:33:59.035, 1, 100, 109742, 511.48
2026/09/07 03:34:00.038, 0, 0, 7801, 126.34
2026/09/07 03:34:00.040, 1, 100, 109742, 468.96
2026/09/07 03:34:01.042, 0, 0, 7801, 126.24
2026/09/07 03:34:01.045, 1, 100, 109742, 493.24
2026/09/07 03:34:02.047, 0, 0, 7801, 126.23
2026/09/07 03:34:02.050, 1, 100, 109742, 504.73
2026/09/07 03:34:03.052, 0, 0, 7801, 126.29
2026/09/07 03:34:03.057, 1, 100, 109742, 499.11
2026/09/07 03:34:04.059, 0, 0, 7801, 126.36
2026/09/07 03:34:04.061, 1, 100, 109742, 502.62
2026/09/07 03:34:05.063, 0, 0, 7801, 126.23
2026/09/07 03:34:05.066, 1, 50, 109742, 496.41
2026/09/07 03:34:06.068, 0, 0, 7801, 126.35
2026/09/07 03:34:06.070, 1, 100, 109742, 499.43
2026/09/07 03:34:07.073, 0, 0, 7801, 126.27
2026/09/07 03:34:07.075, 1, 100, 109742, 505.80
2026/09/07 03:34:08.077, 0, 0, 7801, 126.28
2026/09/07 03:34:08.080, 1, 100, 109742, 507.63
2026/09/07 03:34:09.082, 0, 0, 7801, 126.27
2026/09/07 03:34:09.086, 1, 100, 109742, 509.56
2026/09/07 03:34:10.089, 0, 0, 7801, 126.31
2026/09/07 03:34:10.091, 1, 100, 109742, 509.14
2026/09/07 03:34:11.094, 0, 0, 7801, 126.33
2026/09/07 03:34:11.096, 1, 100, 109742, 510.43
2026/09/07 03:34:12.098, 0, 0, 7801, 126.27
2026/09/07 03:34:12.101, 1, 99, 109742, 493.00
2026/09/07 03:34:13.103, 0, 0, 7801, 126.32
2026/09/07 03:34:13.106, 1, 100, 109742, 497.07
2026/09/07 03:34:14.108, 0, 0, 7801, 126.23
2026/09/07 03:34:14.110, 1, 100, 109742, 501.94
2026/09/07 03:34:15.112, 0, 0, 7801, 126.26
2026/09/07 03:34:15.115, 1, 100, 109742, 503.91
2026/09/07 03:34:16.117, 0, 0, 7801, 126.29
2026/09/07 03:34:16.119, 1, 100, 109742, 501.95
2026/09/07 03:34:17.121, 0, 0, 7801, 126.37
2026/09/07 03:34:17.123, 1, 100, 109742, 505.69
2026/09/07 03:34:18.125, 0, 0, 7801, 126.27
2026/09/07 03:34:18.128, 1, 100, 109742, 512.53
2026/09/07 03:34:19.130, 0, 0, 7801, 126.30
2026/09/07 03:34:19.132, 1, 100, 109742, 488.56
2026/09/07 03:34:20.134, 0, 0, 7801, 126.28
2026/09/07 03:34:20.136, 1, 100, 109742, 472.08
2026/09/07 03:34:21.138, 0, 0, 7801, 126.29
2026/09/07 03:34:21.141, 1, 100, 109742, 472.48
2026/09/07 03:34:22.142, 0, 0, 7801, 126.29
2026/09/07 03:34:22.145, 1, 100, 109742, 478.94
2026/09/07 03:34:23.147, 0, 0, 7801, 126.28
2026/09/07 03:34:23.150, 1, 100, 109742, 487.89
2026/09/07 03:34:24.152, 0, 0, 7801, 126.29
2026/09/07 03:34:24.155, 1, 100, 109742, 471.06
2026/09/07 03:34:25.157, 0, 0, 7801, 126.24
2026/09/07 03:34:25.160, 1, 100, 109742, 483.59
2026/09/07 03:34:26.162, 0, 0, 7801, 126.27
2026/09/07 03:34:26.164, 1, 100, 109742, 482.83
2026/09/07 03:34:27.167, 0, 0, 7801, 126.20
2026/09/07 03:34:27.169, 1, 100, 109742, 489.36
2026/09/07 03:34:28.172, 0, 0, 7801, 126.32
2026/09/07 03:34:28.175, 1, 99, 109742, 490.46
2026/09/07 03:34:29.177, 0, 0, 7801, 126.18
2026/09/07 03:34:29.179, 1, 100, 109742, 483.62
2026/09/07 03:34:30.181, 0, 0, 7801, 126.27
2026/09/07 03:34:30.184, 1, 100, 109742, 495.98
2026/09/07 03:34:31.186, 0, 0, 7801, 126.08
2026/09/07 03:34:31.188, 1, 100, 109742, 495.35
2026/09/07 03:34:32.190, 0, 0, 7801, 126.05
2026/09/07 03:34:32.193, 1, 100, 109742, 467.01
2026/09/07 03:34:33.195, 0, 0, 7801, 126.26
2026/09/07 03:34:33.197, 1, 100, 109742, 494.92
2026/09/07 03:34:34.199, 0, 0, 7801, 126.28
2026/09/07 03:34:34.202, 1, 100, 109742, 487.74
2026/09/07 03:34:35.204, 0, 0, 7801, 126.04
2026/09/07 03:34:35.207, 1, 100, 109742, 488.43
2026/09/07 03:34:36.209, 0, 0, 7801, 125.99
2026/09/07 03:34:36.212, 1, 100, 109742, 489.40
2026/09/07 03:34:37.214, 0, 0, 7801, 126.19
2026/09/07 03:34:37.217, 1, 100, 109742, 496.34
2026/09/07 03:34:38.218, 0, 0, 7801, 126.14
2026/09/07 03:34:38.221, 1, 100, 109742, 498.35
2026/09/07 03:34:39.222, 0, 0, 7801, 126.08
2026/09/07 03:34:39.225, 1, 100, 109742, 489.10
2026/09/07 03:34:40.227, 0, 0, 7801, 125.97
2026/09/07 03:34:40.229, 1, 100, 109742, 487.90
2026/09/07 03:34:41.231, 0, 0, 7801, 126.05
2026/09/07 03:34:41.234, 1, 100, 109742, 501.25
2026/09/07 03:34:42.236, 0, 0, 7801, 126.20
2026/09/07 03:34:42.239, 1, 100, 109742, 492.29
2026/09/07 03:34:43.241, 0, 0, 7801, 126.17
2026/09/07 03:34:43.244, 1, 100, 109742, 502.56
2026/09/07 03:34:44.247, 0, 0, 7801, 126.13
2026/09/07 03:34:44.250, 1, 100, 109742, 510.90
2026/09/07 03:34:45.252, 0, 0, 7801, 126.21
2026/09/07 03:34:45.254, 1, 100, 109744, 481.71
2026/09/07 03:34:46.256, 0, 0, 7801, 126.27
2026/09/07 03:34:46.259, 1, 100, 109744, 513.81
2026/09/07 03:34:47.261, 0, 0, 7801, 126.21
2026/09/07 03:34:47.265, 1, 100, 109744, 516.23
2026/09/07 03:34:48.268, 0, 0, 7801, 126.35
2026/09/07 03:34:48.270, 1, 100, 109744, 514.30
2026/09/07 03:34:49.272, 0, 0, 7801, 126.27
2026/09/07 03:34:49.275, 1, 100, 109744, 510.85
2026/09/07 03:34:50.277, 0, 0, 7801, 126.30
2026/09/07 03:34:50.279, 1, 100, 109744, 521.03
2026/09/07 03:34:51.281, 0, 0, 7801, 126.27
2026/09/07 03:34:51.283, 1, 100, 109744, 508.72
2026/09/07 03:34:52.285, 0, 0, 7801, 126.34
2026/09/07 03:34:52.290, 1, 100, 109744, 488.31
2026/09/07 03:34:53.292, 0, 0, 7801, 126.31
2026/09/07 03:34:53.294, 1, 100, 109744, 501.39
2026/09/07 03:34:54.296, 0, 0, 7801, 126.33
2026/09/07 03:34:54.300, 1, 100, 109744, 508.00
2026/09/07 03:34:55.303, 0, 0, 7801, 126.32
2026/09/07 03:34:55.305, 1, 100, 109744, 514.37
2026/09/07 03:34:56.307, 0, 0, 7801, 126.26
2026/09/07 03:34:56.309, 1, 100, 109744, 508.86
2026/09/07 03:34:57.311, 0, 0, 7801, 126.21
2026/09/07 03:34:57.313, 1, 100, 109744, 492.95
2026/09/07 03:34:58.315, 0, 0, 7801, 126.20
2026/09/07 03:34:58.317, 1, 100, 109744, 516.57
2026/09/07 03:34:59.318, 0, 0, 7801, 126.24
2026/09/07 03:34:59.322, 1, 100, 109744, 509.11
2026/09/07 03:35:00.325, 0, 0, 7801, 126.24
2026/09/07 03:35:00.328, 1, 100, 109744, 486.73
2026/09/07 03:35:01.330, 0, 0, 7801, 126.24
2026/09/07 03:35:01.333, 1, 100, 109744, 501.23
2026/09/07 03:35:02.336, 0, 0, 7801, 126.10
2026/09/07 03:35:02.339, 1, 100, 109744, 502.30
2026/09/07 03:35:03.342, 0, 0, 7801, 126.04
2026/09/07 03:35:03.345, 1, 100, 109744, 495.81
2026/09/07 03:35:04.349, 0, 0, 7801, 126.09
2026/09/07 03:35:04.353, 1, 100, 109744, 514.31
2026/09/07 03:35:05.357, 0, 0, 7801, 126.06
2026/09/07 03:35:05.359, 1, 100, 109744, 523.84
2026/09/07 03:35:06.362, 0, 0, 7801, 126.23
2026/09/07 03:35:06.364, 1, 100, 109744, 521.93
2026/09/07 03:35:07.368, 0, 0, 7801, 125.77
2026/09/07 03:35:07.370, 1, 54, 109744, 491.33
2026/09/07 03:35:08.372, 0, 0, 7801, 125.51
2026/09/07 03:35:08.376, 1, 100, 109744, 502.35
2026/09/07 03:35:09.378, 0, 0, 7801, 125.41
2026/09/07 03:35:09.380, 1, 100, 109744, 486.88
2026/09/07 03:35:10.382, 0, 0, 7801, 125.50
2026/09/07 03:35:10.384, 1, 100, 109744, 502.66
2026/09/07 03:35:11.386, 0, 0, 7801, 125.58
2026/09/07 03:35:11.389, 1, 100, 109744, 496.74
2026/09/07 03:35:12.391, 0, 0, 7801, 125.80
2026/09/07 03:35:12.393, 1, 100, 109744, 506.86
2026/09/07 03:35:13.395, 0, 0, 7801, 125.48
2026/09/07 03:35:13.397, 1, 100, 109744, 508.12
2026/09/07 03:35:14.400, 0, 0, 7801, 125.46
2026/09/07 03:35:14.403, 1, 100, 109744, 512.68
2026/09/07 03:35:15.405, 0, 0, 7801, 125.51
2026/09/07 03:35:15.407, 1, 100, 109744, 456.71
2026/09/07 03:35:16.409, 0, 0, 7801, 125.74
2026/09/07 03:35:16.411, 1, 100, 109744, 505.96
2026/09/07 03:35:17.413, 0, 0, 7801, 125.80
2026/09/07 03:35:17.415, 1, 100, 109744, 480.55
2026/09/07 03:35:18.416, 0, 0, 7801, 125.78
2026/09/07 03:35:18.419, 1, 100, 109744, 491.47
2026/09/07 03:35:19.420, 0, 0, 7801, 125.71
2026/09/07 03:35:19.423, 1, 100, 109744, 501.14
2026/09/07 03:35:20.426, 0, 0, 7801, 125.55
2026/09/07 03:35:20.428, 1, 100, 109744, 468.68
2026/09/07 03:35:21.430, 0, 0, 7801, 125.55
2026/09/07 03:35:21.433, 1, 100, 109744, 489.82
2026/09/07 03:35:22.435, 0, 0, 7801, 125.48
2026/09/07 03:35:22.438, 1, 100, 109744, 501.77
2026/09/07 03:35:23.440, 0, 0, 7801, 125.48
2026/09/07 03:35:23.442, 1, 100, 109744, 497.72
2026/09/07 03:35:24.444, 0, 0, 7801, 125.50
2026/09/07 03:35:24.447, 1, 100, 109744, 490.72
2026/09/07 03:35:25.449, 0, 0, 7801, 125.47
2026/09/07 03:35:25.451, 1, 100, 109744, 494.36
2026/09/07 03:35:26.453, 0, 0, 7801, 125.53
2026/09/07 03:35:26.456, 1, 100, 109744, 495.81
2026/09/07 03:35:27.457, 0, 0, 7801, 125.48
2026/09/07 03:35:27.460, 1, 100, 109744, 501.98
2026/09/07 03:35:28.462, 0, 0, 7801, 125.76
2026/09/07 03:35:28.465, 1, 100, 109744, 503.90
2026/09/07 03:35:29.466, 0, 0, 7801, 126.10
2026/09/07 03:35:29.469, 1, 100, 109744, 506.54
2026/09/07 03:35:30.471, 0, 0, 7801, 126.21
2026/09/07 03:35:30.473, 1, 100, 109744, 507.90
2026/09/07 03:35:31.476, 0, 0, 7801, 126.23
2026/09/07 03:35:31.478, 1, 100, 109744, 503.83
2026/09/07 03:35:32.480, 0, 0, 7801, 126.20
2026/09/07 03:35:32.483, 1, 100, 109744, 510.16
2026/09/07 03:35:33.485, 0, 0, 7801, 126.23
2026/09/07 03:35:33.487, 1, 100, 109744, 515.33
2026/09/07 03:35:34.489, 0, 0, 7801, 126.19
2026/09/07 03:35:34.491, 1, 100, 109744, 503.56
2026/09/07 03:35:35.493, 0, 0, 7801, 126.17
2026/09/07 03:35:35.495, 1, 100, 109744, 527.43
2026/09/07 03:35:36.497, 0, 0, 7801, 126.15
2026/09/07 03:35:36.500, 1, 100, 109744, 513.47
2026/09/07 03:35:37.502, 0, 0, 7801, 126.26
2026/09/07 03:35:37.504, 1, 100, 109744, 503.18
2026/09/07 03:35:38.507, 0, 0, 7801, 126.19
2026/09/07 03:35:38.509, 1, 100, 109744, 493.43
2026/09/07 03:35:39.511, 0, 0, 7801, 126.22
2026/09/07 03:35:39.513, 1, 100, 109744, 509.51
2026/09/07 03:35:40.515, 0, 0, 7801, 126.25
2026/09/07 03:35:40.517, 1, 100, 109744, 501.22
2026/09/07 03:35:41.519, 0, 0, 7801, 126.25
2026/09/07 03:35:41.522, 1, 100, 109744, 520.25
2026/09/07 03:35:42.524, 0, 0, 7801, 126.22
2026/09/07 03:35:42.526, 1, 100, 109744, 519.11
2026/09/07 03:35:43.528, 0, 0, 7801, 126.20
2026/09/07 03:35:43.530, 1, 100, 109744, 515.69
2026/09/07 03:35:44.533, 0, 0, 7801, 126.24
2026/09/07 03:35:44.535, 1, 100, 109744, 532.12
2026/09/07 03:35:45.537, 0, 0, 7801, 126.22
2026/09/07 03:35:45.539, 1, 100, 109744, 522.01
2026/09/07 03:35:46.545, 0, 0, 7801, 126.28
2026/09/07 03:35:46.548, 1, 100, 109744, 483.51
2026/09/07 03:35:47.550, 0, 0, 7801, 126.24
2026/09/07 03:35:47.553, 1, 100, 109744, 524.46
2026/09/07 03:35:48.555, 0, 0, 7801, 126.22
2026/09/07 03:35:48.557, 1, 100, 109744, 517.95
2026/09/07 03:35:49.559, 0, 0, 7801, 126.34
2026/09/07 03:35:49.561, 1, 100, 109744, 516.07
2026/09/07 03:35:50.564, 0, 0, 7801, 126.22
2026/09/07 03:35:50.565, 1, 100, 109744, 527.59
2026/09/07 03:35:51.568, 0, 0, 7801, 126.30
2026/09/07 03:35:51.570, 1, 100, 109744, 504.22
2026/09/07 03:35:52.573, 0, 0, 7801, 126.30
2026/09/07 03:35:52.576, 1, 100, 109744, 500.17
2026/09/07 03:35:53.579, 0, 0, 7801, 126.23
2026/09/07 03:35:53.582, 1, 100, 109744, 506.22
2026/09/07 03:35:54.584, 0, 0, 7801, 126.28
2026/09/07 03:35:54.590, 1, 100, 109744, 476.36
2026/09/07 03:35:55.593, 0, 0, 7801, 126.32
2026/09/07 03:35:55.595, 1, 100, 109744, 488.16
2026/09/07 03:35:56.597, 0, 0, 7801, 126.43
2026/09/07 03:35:56.600, 1, 100, 109744, 502.02
2026/09/07 03:35:57.602, 0, 0, 7801, 126.29
2026/09/07 03:35:57.604, 1, 100, 109744, 476.34
2026/09/07 03:35:58.606, 0, 0, 7801, 126.37
2026/09/07 03:35:58.610, 1, 100, 109744, 483.57
2026/09/07 03:35:59.612, 0, 0, 7801, 126.51
2026/09/07 03:35:59.614, 1, 60, 109744, 456.55
2026/09/07 03:36:00.616, 0, 0, 7801, 126.67
2026/09/07 03:36:00.618, 1, 100, 109744, 483.35
2026/09/07 03:36:01.621, 0, 0, 7801, 126.60
2026/09/07 03:36:01.624, 1, 99, 109744, 486.80
2026/09/07 03:36:02.627, 0, 0, 7801, 126.61
2026/09/07 03:36:02.631, 1, 63, 109744, 432.78
2026/09/07 03:36:03.638, 0, 0, 7801, 126.68
2026/09/07 03:36:03.642, 1, 99, 109744, 469.54
2026/09/07 03:36:04.645, 0, 0, 7801, 126.65
2026/09/07 03:36:04.652, 1, 100, 109744, 463.69
2026/09/07 03:36:05.654, 0, 0, 7801, 126.71
2026/09/07 03:36:05.656, 1, 100, 109744, 487.07
2026/09/07 03:36:06.658, 0, 0, 7801, 126.64
2026/09/07 03:36:06.661, 1, 100, 109744, 491.73
2026/09/07 03:36:07.663, 0, 0, 7801, 126.63
2026/09/07 03:36:07.665, 1, 97, 109744, 469.80
2026/09/07 03:36:08.668, 0, 0, 7801, 126.49
2026/09/07 03:36:08.671, 1, 50, 109744, 480.67
2026/09/07 03:36:09.675, 0, 0, 7801, 126.38
2026/09/07 03:36:09.678, 1, 100, 109744, 492.10
2026/09/07 03:36:10.681, 0, 0, 7801, 126.43
2026/09/07 03:36:10.683, 1, 100, 109744, 494.08
2026/09/07 03:36:11.685, 0, 0, 7801, 126.36
2026/09/07 03:36:11.688, 1, 100, 109744, 498.79
2026/09/07 03:36:12.698, 0, 0, 7801, 126.43
2026/09/07 03:36:12.700, 1, 100, 109744, 498.67
2026/09/07 03:36:13.702, 0, 0, 7801, 126.38
2026/09/07 03:36:13.705, 1, 100, 109744, 502.84
2026/09/07 03:36:14.707, 0, 0, 7801, 126.41
2026/09/07 03:36:14.709, 1, 100, 109744, 497.20
2026/09/07 03:36:15.713, 0, 0, 7801, 126.47
2026/09/07 03:36:15.718, 1, 100, 109744, 505.26
2026/09/07 03:36:16.721, 0, 0, 7801, 126.41
2026/09/07 03:36:16.725, 1, 100, 109744, 496.01
2026/09/07 03:36:17.727, 0, 0, 7801, 126.43
2026/09/07 03:36:17.730, 1, 62, 109744, 483.07
2026/09/07 03:36:18.733, 0, 0, 7801, 126.40
2026/09/07 03:36:18.736, 1, 72, 109744, 462.62
2026/09/07 03:36:19.739, 0, 0, 7801, 126.48
2026/09/07 03:36:19.741, 1, 98, 109744, 498.77
2026/09/07 03:36:20.743, 0, 0, 7801, 126.69
2026/09/07 03:36:20.746, 1, 100, 109746, 469.18
2026/09/07 03:36:21.748, 0, 0, 7801, 126.71
2026/09/07 03:36:21.750, 1, 100, 109746, 500.24
2026/09/07 03:36:22.752, 0, 0, 7801, 126.63
2026/09/07 03:36:22.755, 1, 100, 109746, 504.07
2026/09/07 03:36:23.757, 0, 0, 7801, 126.53
2026/09/07 03:36:23.760, 1, 100, 109746, 508.78
2026/09/07 03:36:24.762, 0, 0, 7801, 126.57
2026/09/07 03:36:24.764, 1, 100, 109746, 513.79
2026/09/07 03:36:25.766, 0, 0, 7801, 126.58
2026/09/07 03:36:25.769, 1, 100, 109746, 509.48
2026/09/07 03:36:26.771, 0, 0, 7801, 126.53
2026/09/07 03:36:26.773, 1, 100, 109746, 515.13
2026/09/07 03:36:27.776, 0, 0, 7801, 126.64
2026/09/07 03:36:27.778, 1, 100, 109746, 494.35
2026/09/07 03:36:28.781, 0, 0, 7801, 126.50
2026/09/07 03:36:28.783, 1, 100, 109746, 497.67
2026/09/07 03:36:29.786, 0, 0, 7801, 126.57
2026/09/07 03:36:29.788, 1, 100, 109746, 505.88
2026/09/07 03:36:30.790, 0, 0, 7801, 126.57
2026/09/07 03:36:30.793, 1, 100, 109746, 508.12
2026/09/07 03:36:31.795, 0, 0, 7801, 126.52
2026/09/07 03:36:31.798, 1, 100, 109746, 511.56
2026/09/07 03:36:32.799, 0, 0, 7801, 126.46
2026/09/07 03:36:32.802, 1, 99, 109746, 507.12
2026/09/07 03:36:33.805, 0, 0, 7801, 126.33
2026/09/07 03:36:33.809, 1, 100, 109746, 506.28
2026/09/07 03:36:34.812, 0, 0, 7801, 126.53
2026/09/07 03:36:34.814, 1, 100, 109746, 516.00
2026/09/07 03:36:35.816, 0, 0, 7801, 126.50
2026/09/07 03:36:35.819, 1, 100, 109746, 480.67
2026/09/07 03:36:36.821, 0, 0, 7801, 126.47
2026/09/07 03:36:36.823, 1, 96, 109746, 476.94
2026/09/07 03:36:37.825, 0, 0, 7801, 126.42
2026/09/07 03:36:37.828, 1, 100, 109746, 508.21
2026/09/07 03:36:38.830, 0, 0, 7801, 126.41
2026/09/07 03:36:38.832, 1, 100, 109746, 503.92
2026/09/07 03:36:39.835, 0, 0, 7801, 126.45
2026/09/07 03:36:39.837, 1, 100, 109746, 508.52
2026/09/07 03:36:40.839, 0, 0, 7801, 126.39
2026/09/07 03:36:40.842, 1, 51, 109746, 479.75
2026/09/07 03:36:41.844, 0, 0, 7801, 126.37
2026/09/07 03:36:41.847, 1, 100, 109746, 510.18
2026/09/07 03:36:42.849, 0, 0, 7801, 126.37
2026/09/07 03:36:42.852, 1, 100, 109746, 511.30
2026/09/07 03:36:43.856, 0, 0, 7801, 126.41
2026/09/07 03:36:43.858, 1, 100, 109746, 504.54
2026/09/07 03:36:44.860, 0, 0, 7801, 126.43
2026/09/07 03:36:44.862, 1, 78, 109746, 489.74
2026/09/07 03:36:45.865, 0, 0, 7801, 126.30
2026/09/07 03:36:45.867, 1, 100, 109746, 508.17
2026/09/07 03:36:46.869, 0, 0, 7801, 126.24
2026/09/07 03:36:46.872, 1, 100, 109746, 502.30
2026/09/07 03:36:47.874, 0, 0, 7801, 126.21
2026/09/07 03:36:47.876, 1, 97, 109746, 511.90
2026/09/07 03:36:48.880, 0, 0, 7801, 126.22
2026/09/07 03:36:48.882, 1, 100, 109746, 508.09
2026/09/07 03:36:49.884, 0, 0, 7801, 126.37
2026/09/07 03:36:49.886, 1, 100, 109746, 450.00
2026/09/07 03:36:50.888, 0, 0, 7801, 126.30
2026/09/07 03:36:50.891, 1, 100, 109746, 490.23
2026/09/07 03:36:51.893, 0, 0, 7801, 126.35
2026/09/07 03:36:51.895, 1, 100, 109746, 467.50
2026/09/07 03:36:52.897, 0, 0, 7801, 126.39
2026/09/07 03:36:52.900, 1, 100, 109746, 493.86
2026/09/07 03:36:53.902, 0, 0, 7801, 126.44
2026/09/07 03:36:53.904, 1, 51, 109746, 474.98
2026/09/07 03:36:54.906, 0, 0, 7801, 126.49
2026/09/07 03:36:54.908, 1, 99, 109746, 437.61
2026/09/07 03:36:55.910, 0, 0, 7801, 126.33
2026/09/07 03:36:55.913, 1, 100, 109746, 484.16
2026/09/07 03:36:56.915, 0, 0, 7801, 126.46
2026/09/07 03:36:56.918, 1, 97, 109746, 486.78
2026/09/07 03:36:57.920, 0, 0, 7801, 126.36
2026/09/07 03:36:57.922, 1, 100, 109746, 476.26
2026/09/07 03:36:58.924, 0, 0, 7801, 126.29
2026/09/07 03:36:58.927, 1, 100, 109746, 456.06
2026/09/07 03:36:59.930, 0, 0, 7801, 126.45
2026/09/07 03:36:59.932, 1, 99, 109746, 454.77
2026/09/07 03:37:00.934, 0, 0, 7801, 126.48
2026/09/07 03:37:00.938, 1, 100, 109748, 461.90
2026/09/07 03:37:01.941, 0, 0, 7801, 126.41
2026/09/07 03:37:01.943, 1, 100, 109748, 461.91
2026/09/07 03:37:02.948, 0, 0, 7801, 126.33
2026/09/07 03:37:02.951, 1, 100, 109748, 481.18
2026/09/07 03:37:03.954, 0, 0, 7801, 126.27
2026/09/07 03:37:03.956, 1, 98, 109748, 453.83
2026/09/07 03:37:04.958, 0, 0, 7801, 126.29
2026/09/07 03:37:04.960, 1, 100, 109748, 464.37
2026/09/07 03:37:05.962, 0, 0, 7801, 126.30
2026/09/07 03:37:05.965, 1, 100, 109748, 487.55
2026/09/07 03:37:06.967, 0, 0, 7801, 126.33
2026/09/07 03:37:06.970, 1, 70, 109748, 445.63
2026/09/07 03:37:07.972, 0, 0, 7801, 126.46
2026/09/07 03:37:07.974, 1, 100, 109748, 472.30
2026/09/07 03:37:08.976, 0, 0, 7801, 126.26
2026/09/07 03:37:08.979, 1, 100, 109748, 494.03
2026/09/07 03:37:09.981, 0, 0, 7801, 126.49
2026/09/07 03:37:09.984, 1, 100, 109748, 504.13
2026/09/07 03:37:10.986, 0, 0, 7801, 126.59
2026/09/07 03:37:10.989, 1, 98, 109748, 485.28
2026/09/07 03:37:11.992, 0, 0, 7801, 126.32
2026/09/07 03:37:11.995, 1, 100, 109748, 513.49
2026/09/07 03:37:12.998, 0, 0, 7801, 126.41
2026/09/07 03:37:13.000, 1, 100, 109748, 446.00
2026/09/07 03:37:14.003, 0, 0, 7801, 126.22
2026/09/07 03:37:14.006, 1, 100, 109748, 470.59
2026/09/07 03:37:15.008, 0, 0, 7801, 126.22
2026/09/07 03:37:15.011, 1, 99, 109748, 483.82
2026/09/07 03:37:16.014, 0, 0, 7801, 126.36
2026/09/07 03:37:16.017, 1, 99, 109748, 449.00
2026/09/07 03:37:17.019, 0, 0, 7801, 126.36
2026/09/07 03:37:17.021, 1, 100, 109748, 492.30
2026/09/07 03:37:18.024, 0, 0, 7801, 126.33
2026/09/07 03:37:18.027, 1, 100, 109748, 491.02
2026/09/07 03:37:19.029, 0, 0, 7801, 126.26
2026/09/07 03:37:19.033, 1, 99, 109748, 473.65
2026/09/07 03:37:20.035, 0, 0, 7801, 126.27
2026/09/07 03:37:20.038, 1, 55, 109748, 454.38
2026/09/07 03:37:21.040, 0, 0, 7801, 126.38
2026/09/07 03:37:21.043, 1, 82, 109748, 489.05
2026/09/07 03:37:22.045, 0, 0, 7801, 126.24
2026/09/07 03:37:22.048, 1, 99, 109748, 475.76
2026/09/07 03:37:23.050, 0, 0, 7801, 126.43
2026/09/07 03:37:23.052, 1, 100, 109748, 515.19
2026/09/07 03:37:24.055, 0, 0, 7801, 126.47
2026/09/07 03:37:24.057, 1, 100, 109748, 513.61
2026/09/07 03:37:25.060, 0, 0, 7801, 126.33
2026/09/07 03:37:25.063, 1, 100, 109748, 485.66
2026/09/07 03:37:26.068, 0, 0, 7801, 126.26
2026/09/07 03:37:26.070, 1, 97, 109748, 488.67
2026/09/07 03:37:27.073, 0, 0, 7801, 126.33
2026/09/07 03:37:27.075, 1, 100, 109748, 515.08
2026/09/07 03:37:28.077, 0, 0, 7801, 126.23
2026/09/07 03:37:28.080, 1, 99, 109748, 511.96
2026/09/07 03:37:29.083, 0, 0, 7801, 126.40
2026/09/07 03:37:29.085, 1, 100, 109748, 501.97
2026/09/07 03:37:30.091, 0, 0, 7801, 126.32
2026/09/07 03:37:30.093, 1, 100, 109748, 492.38
2026/09/07 03:37:31.095, 0, 0, 7801, 126.27
2026/09/07 03:37:31.097, 1, 100, 109748, 484.77
2026/09/07 03:37:32.100, 0, 0, 7801, 126.12
2026/09/07 03:37:32.103, 1, 98, 109748, 520.11
2026/09/07 03:37:33.105, 0, 0, 7801, 126.06
2026/09/07 03:37:33.107, 1, 100, 109748, 515.59
2026/09/07 03:37:34.109, 0, 0, 7801, 126.17
2026/09/07 03:37:34.112, 1, 100, 109748, 515.68
2026/09/07 03:37:35.114, 0, 0, 7801, 126.09
2026/09/07 03:37:35.117, 1, 82, 109748, 510.67
2026/09/07 03:37:36.119, 0, 0, 7801, 126.10
2026/09/07 03:37:36.121, 1, 100, 109748, 497.25
2026/09/07 03:37:37.123, 0, 0, 7801, 126.24
2026/09/07 03:37:37.126, 1, 95, 109748, 489.51
2026/09/07 03:37:38.129, 0, 0, 7801, 126.24
2026/09/07 03:37:38.131, 1, 100, 109748, 483.73
2026/09/07 03:37:39.133, 0, 0, 7801, 126.21
2026/09/07 03:37:39.135, 1, 100, 109748, 470.74
2026/09/07 03:37:40.138, 0, 0, 7801, 126.11
2026/09/07 03:37:40.140, 1, 92, 109748, 494.37
2026/09/07 03:37:41.143, 0, 0, 7801, 126.04
2026/09/07 03:37:41.145, 1, 100, 109748, 507.98
2026/09/07 03:37:42.147, 0, 0, 7801, 126.06
2026/09/07 03:37:42.149, 1, 100, 109748, 472.31
2026/09/07 03:37:43.151, 0, 0, 7801, 126.11
2026/09/07 03:37:43.154, 1, 98, 109748, 468.28
2026/09/07 03:37:44.155, 0, 0, 7801, 126.30
2026/09/07 03:37:44.158, 1, 100, 109748, 498.85
2026/09/07 03:37:45.160, 0, 0, 7801, 126.27
2026/09/07 03:37:45.163, 1, 98, 109748, 504.00
2026/09/07 03:37:46.165, 0, 0, 7801, 126.09
2026/09/07 03:37:46.167, 1, 100, 109748, 502.94
2026/09/07 03:37:47.169, 0, 0, 7801, 125.99
2026/09/07 03:37:47.171, 1, 97, 109748, 487.50
2026/09/07 03:37:48.174, 0, 0, 7801, 125.91
2026/09/07 03:37:48.186, 1, 100, 109748, 511.70
2026/09/07 03:37:49.189, 0, 0, 7801, 125.81
2026/09/07 03:37:49.191, 1, 100, 109748, 489.05
2026/09/07 03:37:50.192, 0, 0, 7801, 125.83
2026/09/07 03:37:50.195, 1, 100, 109748, 511.77
2026/09/07 03:37:51.197, 0, 0, 7801, 125.98
2026/09/07 03:37:51.200, 1, 100, 109748, 493.08
2026/09/07 03:37:52.202, 0, 0, 7801, 126.02
2026/09/07 03:37:52.204, 1, 47, 109748, 484.12
2026/09/07 03:37:53.207, 0, 0, 7801, 126.07
2026/09/07 03:37:53.210, 1, 49, 109748, 447.49
2026/09/07 03:37:54.212, 0, 0, 7801, 126.00
2026/09/07 03:37:54.214, 1, 41, 109748, 468.15
2026/09/07 03:37:55.217, 0, 0, 7801, 125.87
2026/09/07 03:37:55.219, 1, 100, 109748, 443.66
2026/09/07 03:37:56.221, 0, 0, 7801, 125.84
2026/09/07 03:37:56.224, 1, 59, 109748, 456.30
2026/09/07 03:37:57.226, 0, 0, 7801, 125.83
2026/09/07 03:37:57.229, 1, 69, 109748, 466.14
2026/09/07 03:37:58.233, 0, 0, 7801, 125.88
2026/09/07 03:37:58.235, 1, 100, 109748, 469.15
2026/09/07 03:37:59.237, 0, 0, 7801, 125.93
2026/09/07 03:37:59.241, 1, 99, 109748, 441.06
2026/09/07 03:38:00.244, 0, 0, 7801, 125.70
2026/09/07 03:38:00.246, 1, 100, 109748, 433.60
2026/09/07 03:38:01.248, 0, 0, 7801, 125.68
2026/09/07 03:38:01.251, 1, 100, 109748, 432.22
2026/09/07 03:38:02.253, 0, 0, 7801, 125.62
2026/09/07 03:38:02.255, 1, 100, 109748, 466.00
2026/09/07 03:38:03.257, 0, 0, 7801, 125.60
2026/09/07 03:38:03.261, 1, 100, 109748, 426.22
2026/09/07 03:38:04.264, 0, 0, 7801, 125.71
2026/09/07 03:38:04.269, 1, 99, 109748, 430.39
2026/09/07 03:38:05.272, 0, 0, 7801, 125.75
2026/09/07 03:38:05.274, 1, 100, 109748, 408.93
2026/09/07 03:38:06.278, 0, 0, 7801, 125.77
2026/09/07 03:38:06.280, 1, 100, 109748, 444.98
2026/09/07 03:38:07.282, 0, 0, 7801, 125.76
2026/09/07 03:38:07.285, 1, 48, 109748, 449.71
2026/09/07 03:38:08.287, 0, 0, 7801, 125.64
2026/09/07 03:38:08.290, 1, 50, 109748, 414.22
2026/09/07 03:38:09.292, 0, 0, 7801, 125.67
2026/09/07 03:38:09.294, 1, 100, 109748, 450.92
2026/09/07 03:38:10.298, 0, 0, 7801, 125.62
2026/09/07 03:38:10.300, 1, 100, 109748, 430.73
2026/09/07 03:38:11.302, 0, 0, 7801, 125.80
2026/09/07 03:38:11.306, 1, 99, 109748, 460.71
2026/09/07 03:38:12.309, 0, 0, 7801, 125.84
2026/09/07 03:38:12.311, 1, 100, 109748, 447.55
2026/09/07 03:38:13.313, 0, 0, 7801, 125.79
2026/09/07 03:38:13.320, 1, 58, 109748, 433.30
2026/09/07 03:38:14.323, 0, 0, 7801, 125.68
2026/09/07 03:38:14.325, 1, 99, 109748, 441.68
2026/09/07 03:38:15.328, 0, 0, 7801, 125.61
2026/09/07 03:38:15.331, 1, 100, 109748, 466.57
2026/09/07 03:38:16.336, 0, 0, 7801, 125.62
2026/09/07 03:38:16.340, 1, 100, 109748, 468.65
2026/09/07 03:38:17.343, 0, 0, 7801, 125.68
2026/09/07 03:38:17.345, 1, 100, 109748, 465.39
2026/09/07 03:38:18.347, 0, 0, 7801, 125.64
2026/09/07 03:38:18.349, 1, 100, 109748, 462.40
2026/09/07 03:38:19.355, 0, 0, 7801, 125.59
2026/09/07 03:38:19.359, 1, 100, 109748, 465.19
2026/09/07 03:38:20.362, 0, 0, 7801, 125.58
2026/09/07 03:38:20.366, 1, 100, 109748, 468.16
2026/09/07 03:38:21.369, 0, 0, 7801, 125.59
2026/09/07 03:38:21.373, 1, 100, 109748, 463.59
2026/09/07 03:38:22.376, 0, 0, 7801, 125.36
2026/09/07 03:38:22.378, 1, 100, 109748, 470.47
2026/09/07 03:38:23.380, 0, 0, 7801, 125.05
2026/09/07 03:38:23.383, 1, 100, 109748, 443.96
2026/09/07 03:38:24.385, 0, 0, 7801, 124.90
2026/09/07 03:38:24.387, 1, 100, 109748, 462.89
2026/09/07 03:38:25.389, 0, 0, 7801, 124.74
2026/09/07 03:38:25.392, 1, 100, 109748, 461.05
2026/09/07 03:38:26.394, 0, 0, 7801, 124.62
2026/09/07 03:38:26.396, 1, 100, 109748, 478.44
2026/09/07 03:38:27.398, 0, 0, 7801, 124.65
2026/09/07 03:38:27.401, 1, 100, 109748, 459.95
2026/09/07 03:38:28.404, 0, 0, 7801, 125.20
2026/09/07 03:38:28.406, 1, 94, 109748, 458.20
2026/09/07 03:38:29.408, 0, 0, 7801, 125.10
2026/09/07 03:38:29.410, 1, 100, 109748, 468.14
2026/09/07 03:38:30.412, 0, 0, 7801, 124.89
2026/09/07 03:38:30.415, 1, 100, 109748, 465.61
2026/09/07 03:38:31.417, 0, 0, 7801, 124.95
2026/09/07 03:38:31.420, 1, 100, 109748, 459.76
2026/09/07 03:38:32.422, 0, 0, 7801, 124.75
2026/09/07 03:38:32.425, 1, 99, 109748, 474.32
2026/09/07 03:38:33.427, 0, 0, 7801, 124.62
2026/09/07 03:38:33.429, 1, 97, 109748, 472.07
2026/09/07 03:38:34.431, 0, 0, 7801, 124.48
2026/09/07 03:38:34.434, 1, 93, 109748, 474.02
2026/09/07 03:38:35.436, 0, 0, 7801, 124.37
2026/09/07 03:38:35.438, 1, 99, 109748, 469.18
2026/09/07 03:38:36.440, 0, 0, 7801, 124.26
2026/09/07 03:38:36.442, 1, 99, 109748, 463.01
2026/09/07 03:38:37.445, 0, 0, 7801, 124.25
2026/09/07 03:38:37.447, 1, 100, 109748, 455.01
2026/09/07 03:38:38.449, 0, 0, 7801, 124.05
2026/09/07 03:38:38.451, 1, 98, 109748, 458.53
2026/09/07 03:38:39.453, 0, 0, 7801, 124.11
2026/09/07 03:38:39.456, 1, 100, 109748, 461.18
2026/09/07 03:38:40.458, 0, 0, 7801, 124.02
2026/09/07 03:38:40.461, 1, 98, 109748, 467.53
2026/09/07 03:38:41.463, 0, 0, 7801, 124.07
2026/09/07 03:38:41.465, 1, 100, 109748, 472.85
2026/09/07 03:38:42.468, 0, 0, 7801, 124.08
2026/09/07 03:38:42.470, 1, 98, 109748, 469.38
2026/09/07 03:38:43.472, 0, 0, 7801, 123.93
2026/09/07 03:38:43.474, 1, 100, 109748, 454.92
2026/09/07 03:38:44.477, 0, 0, 7801, 124.12
2026/09/07 03:38:44.479, 1, 98, 109748, 454.65
2026/09/07 03:38:45.481, 0, 0, 7801, 124.14
2026/09/07 03:38:45.484, 1, 97, 109748, 452.30
2026/09/07 03:38:46.486, 0, 0, 7801, 124.09
2026/09/07 03:38:46.489, 1, 100, 109748, 462.18
2026/09/07 03:38:47.491, 0, 0, 7801, 124.07
2026/09/07 03:38:47.494, 1, 98, 109748, 463.55
2026/09/07 03:38:48.496, 0, 0, 7801, 123.98
2026/09/07 03:38:48.498, 1, 100, 109748, 440.45
2026/09/07 03:38:49.500, 0, 0, 7801, 124.05
2026/09/07 03:38:49.503, 1, 98, 109748, 451.02
2026/09/07 03:38:50.505, 0, 0, 7801, 124.11
2026/09/07 03:38:50.507, 1, 98, 109748, 445.60
2026/09/07 03:38:51.510, 0, 0, 7801, 124.04
2026/09/07 03:38:51.513, 1, 98, 109748, 449.37
2026/09/07 03:38:52.515, 0, 0, 7801, 124.07
2026/09/07 03:38:52.517, 1, 100, 109748, 454.92
2026/09/07 03:38:53.519, 0, 0, 7801, 124.09
2026/09/07 03:38:53.522, 1, 97, 109748, 454.53
2026/09/07 03:38:54.524, 0, 0, 7801, 124.09
2026/09/07 03:38:54.527, 1, 98, 109748, 455.94
2026/09/07 03:38:55.529, 0, 0, 7801, 124.18
2026/09/07 03:38:55.532, 1, 100, 109748, 451.15
2026/09/07 03:38:56.534, 0, 0, 7801, 124.16
2026/09/07 03:38:56.537, 1, 99, 109748, 454.54
2026/09/07 03:38:57.539, 0, 0, 7801, 124.20
2026/09/07 03:38:57.542, 1, 99, 109748, 458.56
2026/09/07 03:38:58.544, 0, 0, 7801, 124.21
2026/09/07 03:38:58.547, 1, 100, 109748, 455.96
2026/09/07 03:38:59.550, 0, 0, 7801, 124.17
2026/09/07 03:38:59.552, 1, 95, 109748, 453.95
2026/09/07 03:39:00.554, 0, 0, 7801, 124.29
2026/09/07 03:39:00.557, 1, 98, 109748, 456.97
2026/09/07 03:39:01.559, 0, 0, 7801, 124.56
2026/09/07 03:39:01.561, 1, 100, 109748, 460.79
2026/09/07 03:39:02.564, 0, 0, 7801, 124.78
2026/09/07 03:39:02.567, 1, 98, 109748, 461.33
2026/09/07 03:39:03.572, 0, 0, 7801, 124.78
2026/09/07 03:39:03.574, 1, 100, 109748, 460.51
2026/09/07 03:39:04.576, 0, 0, 7801, 124.79
2026/09/07 03:39:04.580, 1, 100, 109748, 450.87
2026/09/07 03:39:05.582, 0, 0, 7801, 124.79
2026/09/07 03:39:05.585, 1, 100, 109748, 452.27
2026/09/07 03:39:06.587, 0, 0, 7801, 124.82
2026/09/07 03:39:06.591, 1, 100, 109748, 452.14
2026/09/07 03:39:07.594, 0, 0, 7801, 124.80
2026/09/07 03:39:07.596, 1, 98, 109748, 443.24
2026/09/07 03:39:08.598, 0, 0, 7801, 124.85
2026/09/07 03:39:08.602, 1, 98, 109748, 450.38
2026/09/07 03:39:09.604, 0, 0, 7801, 124.82
2026/09/07 03:39:09.608, 1, 99, 109748, 449.61
2026/09/07 03:39:10.609, 0, 0, 7801, 124.82
2026/09/07 03:39:10.613, 1, 97, 109748, 457.91
2026/09/07 03:39:11.615, 0, 0, 7801, 124.82
2026/09/07 03:39:11.618, 1, 97, 109748, 451.67
2026/09/07 03:39:12.620, 0, 0, 7801, 124.84
2026/09/07 03:39:12.623, 1, 99, 109748, 448.22
2026/09/07 03:39:13.625, 0, 0, 7801, 124.85
2026/09/07 03:39:13.628, 1, 99, 109748, 439.77
2026/09/07 03:39:14.630, 0, 0, 7801, 124.78
2026/09/07 03:39:14.632, 1, 99, 109748, 443.93
2026/09/07 03:39:15.634, 0, 0, 7801, 124.82
2026/09/07 03:39:15.638, 1, 98, 109748, 419.88
2026/09/07 03:39:16.640, 0, 0, 7801, 124.82
2026/09/07 03:39:16.644, 1, 100, 109748, 423.05
2026/09/07 03:39:17.646, 0, 0, 7801, 124.97
2026/09/07 03:39:17.649, 1, 99, 109748, 422.91
2026/09/07 03:39:18.652, 0, 0, 7801, 124.78
2026/09/07 03:39:18.654, 1, 100, 109748, 422.16
2026/09/07 03:39:19.656, 0, 0, 7801, 124.79
2026/09/07 03:39:19.658, 1, 97, 109748, 412.85
2026/09/07 03:39:20.660, 0, 0, 7801, 124.81
2026/09/07 03:39:20.663, 1, 100, 109748, 403.41
2026/09/07 03:39:21.665, 0, 0, 7801, 124.82
2026/09/07 03:39:21.668, 1, 0, 109748, 133.03
2026/09/07 03:39:22.670, 0, 0, 7801, 124.90
2026/09/07 03:39:22.769, 1, 0, 109748, 123.26
2026/09/07 03:39:23.771, 0, 0, 7801, 124.82
2026/09/07 03:39:23.774, 1, 0, 109748, 122.70
2026/09/07 03:39:24.776, 0, 0, 7801, 124.84
2026/09/07 03:39:24.778, 1, 0, 109748, 122.43
2026/09/07 03:39:25.780, 0, 0, 7801, 124.87
2026/09/07 03:39:25.786, 1, 0, 109748, 122.16
2026/09/07 03:39:26.791, 0, 0, 7801, 124.84
2026/09/07 03:39:26.794, 1, 0, 109748, 121.79
2026/09/07 03:39:27.796, 0, 0, 7801, 124.85
2026/09/07 03:39:27.802, 1, 0, 109748, 121.75
2026/09/07 03:39:28.804, 0, 0, 7801, 124.87
2026/09/07 03:39:28.806, 1, 0, 109748, 121.50
2026/09/07 03:39:29.808, 0, 0, 7801, 124.74
2026/09/07 03:39:29.811, 1, 0, 109748, 121.30
2026/09/07 03:39:30.813, 0, 0, 7801, 124.86
2026/09/07 03:39:30.817, 1, 0, 109748, 121.27
2026/09/07 03:39:31.821, 0, 0, 7801, 124.79
2026/09/07 03:39:31.823, 1, 0, 109748, 121.03
2026/09/07 03:39:32.825, 0, 0, 7801, 124.86
2026/09/07 03:39:32.828, 1, 0, 109748, 120.92
2026/09/07 03:39:33.830, 0, 0, 7801, 124.81
2026/09/07 03:39:33.833, 1, 0, 109748, 120.88
2026/09/07 03:39:34.835, 0, 0, 7801, 124.80
2026/09/07 03:39:34.837, 1, 0, 109748, 120.72
2026/09/07 03:39:35.839, 0, 0, 7801, 124.79
2026/09/07 03:39:35.842, 1, 0, 109748, 120.54
2026/09/07 03:39:36.843, 0, 0, 7801, 124.72
2026/09/07 03:39:36.846, 1, 0, 109748, 120.49
2026/09/07 03:39:37.848, 0, 0, 7801, 124.72
2026/09/07 03:39:37.851, 1, 0, 109748, 120.29
2026/09/07 03:39:38.854, 0, 0, 7801, 124.70
2026/09/07 03:39:38.856, 1, 0, 109748, 120.18
2026/09/07 03:39:39.859, 0, 0, 7801, 124.64
2026/09/07 03:39:39.861, 1, 0, 109748, 120.15
2026/09/07 03:39:40.863, 0, 0, 7801, 124.64
2026/09/07 03:39:40.866, 1, 0, 109748, 119.98
2026/09/07 03:39:41.868, 0, 0, 7801, 124.55
2026/09/07 03:39:41.871, 1, 0, 109748, 119.83
2026/09/07 03:39:42.873, 0, 0, 7801, 124.55
2026/09/07 03:39:42.876, 1, 0, 109748, 119.82
2026/09/07 03:39:43.878, 0, 0, 7801, 124.51
2026/09/07 03:39:43.881, 1, 0, 109748, 119.71
2026/09/07 03:39:44.883, 0, 0, 7801, 124.45
2026/09/07 03:39:44.885, 1, 0, 109748, 119.51
2026/09/07 03:39:45.888, 0, 0, 7801, 124.50
2026/09/07 03:39:45.890, 1, 0, 109748, 119.39
2026/09/07 03:39:46.892, 0, 0, 7801, 124.36
2026/09/07 03:39:46.894, 1, 0, 109748, 119.40
2026/09/07 03:39:47.896, 0, 0, 7801, 124.32
2026/09/07 03:39:47.899, 1, 0, 109748, 119.31
2026/09/07 03:39:48.902, 0, 0, 7801, 124.26
2026/09/07 03:39:48.904, 1, 0, 109748, 119.11
2026/09/07 03:39:49.906, 0, 0, 7801, 124.20
2026/09/07 03:39:49.909, 1, 0, 109748, 118.99
2026/09/07 03:39:50.911, 0, 0, 7801, 124.19
2026/09/07 03:39:50.914, 1, 0, 109748, 118.95
2026/09/07 03:39:51.917, 0, 0, 7801, 124.00
2026/09/07 03:39:51.920, 1, 0, 109748, 118.85
2026/09/07 03:39:52.922, 0, 0, 7801, 124.00
2026/09/07 03:39:52.924, 1, 0, 109748, 118.64
2026/09/07 03:39:53.926, 0, 0, 7801, 123.92
2026/09/07 03:39:53.928, 1, 0, 109748, 117.86
2026/09/07 03:39:54.931, 0, 0, 7801, 123.84
2026/09/07 03:39:54.934, 1, 0, 109748, 117.86
2026/09/07 03:39:55.937, 0, 0, 7801, 123.79
2026/09/07 03:39:55.940, 1, 0, 109748, 117.79
2026/09/07 03:39:56.941, 0, 0, 7801, 123.56
2026/09/07 03:39:56.945, 1, 0, 109748, 117.55
2026/09/07 03:39:57.947, 0, 0, 7801, 123.45
2026/09/07 03:39:57.949, 1, 0, 109748, 117.32
2026/09/07 03:39:58.951, 0, 0, 7801, 123.33
2026/09/07 03:39:58.953, 1, 0, 109748, 117.24
2026/09/07 03:39:59.956, 0, 0, 7801, 123.17
2026/09/07 03:39:59.958, 1, 0, 109748, 117.11
2026/09/07 03:40:00.959, 0, 0, 7801, 123.08
2026/09/07 03:40:00.961, 1, 0, 109748, 116.97
2026/09/07 03:40:01.963, 0, 0, 7801, 122.95
2026/09/07 03:40:01.966, 1, 0, 109748, 116.81
2026/09/07 03:40:02.968, 0, 0, 7801, 122.91
2026/09/07 03:40:02.970, 1, 0, 109748, 116.75
2026/09/07 03:40:03.973, 0, 0, 7801, 122.74
2026/09/07 03:40:03.978, 1, 0, 109748, 116.65
2026/09/07 03:40:04.980, 0, 0, 7801, 122.65
2026/09/07 03:40:04.983, 1, 0, 109748, 116.57
2026/09/07 03:40:05.985, 0, 0, 7801, 122.62
2026/09/07 03:40:05.988, 1, 0, 109748, 116.40
2026/09/07 03:40:06.990, 0, 0, 7801, 122.43
2026/09/07 03:40:06.992, 1, 0, 109748, 116.28
2026/09/07 03:40:07.994, 0, 0, 7801, 122.36
2026/09/07 03:40:07.997, 1, 0, 109748, 116.23
2026/09/07 03:40:08.999, 0, 0, 7801, 122.24
2026/09/07 03:40:09.003, 1, 0, 109748, 116.20
2026/09/07 03:40:10.005, 0, 0, 7801, 122.24
2026/09/07 03:40:10.007, 1, 0, 109748, 116.11
2026/09/07 03:40:11.010, 0, 0, 7801, 122.13
2026/09/07 03:40:11.014, 1, 0, 109748, 116.07
2026/09/07 03:40:12.017, 0, 0, 7801, 122.02
2026/09/07 03:40:12.019, 1, 0, 109748, 115.91
2026/09/07 03:40:13.021, 0, 0, 7801, 121.98
2026/09/07 03:40:13.024, 1, 0, 109748, 115.87
2026/09/07 03:40:14.026, 0, 0, 7801, 121.88
2026/09/07 03:40:14.029, 1, 0, 109748, 115.82
2026/09/07 03:40:15.031, 0, 0, 7801, 121.84
2026/09/07 03:40:15.034, 1, 0, 109748, 115.82
2026/09/07 03:40:16.036, 0, 0, 7801, 121.76
2026/09/07 03:40:16.039, 1, 0, 109748, 115.73
2026/09/07 03:40:17.041, 0, 0, 7801, 121.77
2026/09/07 03:40:17.043, 1, 0, 109748, 115.71
2026/09/07 03:40:18.046, 0, 0, 7801, 121.61
2026/09/07 03:40:18.048, 1, 0, 109748, 115.61
2026/09/07 03:40:19.051, 0, 0, 7801, 121.57
2026/09/07 03:40:19.055, 1, 0, 109748, 115.53
2026/09/07 03:40:20.057, 0, 0, 7801, 121.51
2026/09/07 03:40:20.060, 1, 0, 109748, 115.53
2026/09/07 03:40:21.062, 0, 0, 7801, 121.50
2026/09/07 03:40:21.065, 1, 0, 109748, 115.49
2026/09/07 03:40:22.068, 0, 0, 7801, 121.47
2026/09/07 03:40:22.070, 1, 0, 109748, 115.44
2026/09/07 03:40:23.072, 0, 0, 7801, 121.37
2026/09/07 03:40:23.075, 1, 0, 109748, 115.39
2026/09/07 03:40:24.077, 0, 0, 7801, 121.34
2026/09/07 03:40:24.079, 1, 0, 109748, 115.35
2026/09/07 03:40:25.082, 0, 0, 7801, 121.26
2026/09/07 03:40:25.084, 1, 0, 109748, 115.30
2026/09/07 03:40:26.086, 0, 0, 7801, 120.72
2026/09/07 03:40:26.089, 1, 0, 109748, 115.24
2026/09/07 03:40:27.091, 0, 0, 7801, 120.54
2026/09/07 03:40:27.094, 1, 0, 109748, 115.25
2026/09/07 03:40:28.096, 0, 0, 7801, 120.54
2026/09/07 03:40:28.098, 1, 0, 109748, 115.24
2026/09/07 03:40:29.101, 0, 0, 7801, 120.49
2026/09/07 03:40:29.103, 1, 0, 109748, 115.28
2026/09/07 03:40:30.105, 0, 0, 7801, 120.59
2026/09/07 03:40:30.108, 1, 0, 109748, 115.40
2026/09/07 03:40:31.110, 0, 0, 7801, 120.58
2026/09/07 03:40:31.112, 1, 0, 109748, 115.42
2026/09/07 03:40:32.115, 0, 0, 7801, 120.55
2026/09/07 03:40:32.117, 1, 0, 109748, 115.40
2026/09/07 03:40:33.119, 0, 0, 7801, 120.60
2026/09/07 03:40:33.122, 1, 0, 109748, 115.40
2026/09/07 03:40:34.124, 0, 0, 7801, 120.66
2026/09/07 03:40:34.127, 1, 0, 109748, 115.41
2026/09/07 03:40:35.130, 0, 0, 7801, 120.55
2026/09/07 03:40:35.132, 1, 0, 109748, 115.41
2026/09/07 03:40:36.134, 0, 0, 7801, 120.54
2026/09/07 03:40:36.137, 1, 0, 109748, 115.34
2026/09/07 03:40:37.140, 0, 0, 7801, 120.49
2026/09/07 03:40:37.142, 1, 0, 109748, 115.29
2026/09/07 03:40:38.144, 0, 0, 7801, 120.50
2026/09/07 03:40:38.146, 1, 0, 109748, 115.27
2026/09/07 03:40:39.148, 0, 0, 7801, 120.51
2026/09/07 03:40:39.151, 1, 0, 109748, 115.34
2026/09/07 03:40:40.153, 0, 0, 7801, 120.50
2026/09/07 03:40:40.156, 1, 0, 109748, 115.36
2026/09/07 03:40:41.158, 0, 0, 7801, 120.56
2026/09/07 03:40:41.160, 1, 0, 109748, 115.34
2026/09/07 03:40:42.163, 0, 0, 7801, 120.52
2026/09/07 03:40:42.165, 1, 0, 109748, 115.37
2026/09/07 03:40:43.168, 0, 0, 7801, 120.52
2026/09/07 03:40:43.171, 1, 0, 109748, 115.32
2026/09/07 03:40:44.173, 0, 0, 7801, 120.52
2026/09/07 03:40:44.188, 1, 0, 109748, 115.32
2026/09/07 03:40:45.192, 0, 0, 7801, 120.49
2026/09/07 03:40:45.194, 1, 0, 109748, 115.35
2026/09/07 03:40:46.197, 0, 0, 7801, 120.55
2026/09/07 03:40:46.201, 1, 0, 109748, 115.37
2026/09/07 03:40:47.207, 0, 0, 7801, 120.49
2026/09/07 03:40:47.210, 1, 0, 109748, 115.36
2026/09/07 03:40:48.212, 0, 0, 7801, 120.52
2026/09/07 03:40:48.215, 1, 0, 109748, 115.34
2026/09/07 03:40:49.217, 0, 0, 7801, 120.52
2026/09/07 03:40:49.220, 1, 0, 109748, 115.35
2026/09/07 03:40:50.222, 0, 0, 7801, 120.46
2026/09/07 03:40:50.225, 1, 0, 109748, 115.22
2026/09/07 03:40:51.227, 0, 0, 7801, 120.39
2026/09/07 03:40:51.230, 1, 0, 109748, 115.21
2026/09/07 03:40:52.234, 0, 0, 7801, 120.43
2026/09/07 03:40:52.236, 1, 0, 109748, 115.22
2026/09/07 03:40:53.238, 0, 0, 7801, 120.38
2026/09/07 03:40:53.240, 1, 0, 109748, 115.21
2026/09/07 03:40:54.243, 0, 0, 7801, 120.41
2026/09/07 03:40:54.245, 1, 0, 109748, 115.17
2026/09/07 03:40:55.247, 0, 0, 7801, 120.38
2026/09/07 03:40:55.250, 1, 0, 109748, 115.21
2026/09/07 03:40:56.254, 0, 0, 7801, 120.39
2026/09/07 03:40:56.257, 1, 0, 109748, 115.15
2026/09/07 03:40:57.258, 0, 0, 7801, 120.35
2026/09/07 03:40:57.261, 1, 0, 109748, 115.14
2026/09/07 03:40:58.263, 0, 0, 7801, 120.40
2026/09/07 03:40:58.266, 1, 0, 109748, 115.17
2026/09/07 03:40:59.268, 0, 0, 7801, 120.36
2026/09/07 03:40:59.271, 1, 0, 109748, 115.18
2026/09/07 03:41:00.273, 0, 0, 7801, 120.40
2026/09/07 03:41:00.275, 1, 0, 109748, 115.19
2026/09/07 03:41:01.277, 0, 0, 7801, 120.35
2026/09/07 03:41:01.280, 1, 0, 109748, 115.21
2026/09/07 03:41:02.282, 0, 0, 7801, 120.38
2026/09/07 03:41:02.285, 1, 0, 109748, 115.20
2026/09/07 03:41:03.286, 0, 0, 7801, 120.36
2026/09/07 03:41:03.289, 1, 0, 109748, 115.15
2026/09/07 03:41:04.293, 0, 0, 7801, 120.36
2026/09/07 03:41:04.295, 1, 0, 109748, 115.16
2026/09/07 03:41:05.297, 0, 0, 7801, 120.38
2026/09/07 03:41:05.300, 1, 0, 109748, 115.19
2026/09/07 03:41:06.302, 0, 0, 7801, 120.37
2026/09/07 03:41:06.305, 1, 0, 109748, 115.18
2026/09/07 03:41:07.307, 0, 0, 7801, 120.35
2026/09/07 03:41:07.310, 1, 0, 109748, 115.15
2026/09/07 03:41:08.312, 0, 0, 7801, 120.38
2026/09/07 03:41:08.315, 1, 0, 109748, 115.17
2026/09/07 03:41:09.317, 0, 0, 7801, 120.36
2026/09/07 03:41:09.320, 1, 0, 109748, 115.14
2026/09/07 03:41:10.322, 0, 0, 7801, 120.36
2026/09/07 03:41:10.325, 1, 0, 109748, 115.18
2026/09/07 03:41:11.327, 0, 0, 7801, 120.36
2026/09/07 03:41:11.329, 1, 0, 109748, 115.15
2026/09/07 03:41:12.331, 0, 0, 7801, 120.34
2026/09/07 03:41:12.334, 1, 0, 109748, 115.14
2026/09/07 03:41:13.337, 0, 0, 7801, 120.37
2026/09/07 03:41:13.339, 1, 0, 109748, 115.13
2026/09/07 03:41:14.342, 0, 0, 7801, 120.34
2026/09/07 03:41:14.344, 1, 0, 109748, 115.12
2026/09/07 03:41:15.346, 0, 0, 7801, 120.35
2026/09/07 03:41:15.349, 1, 0, 109748, 115.13
2026/09/07 03:41:16.352, 0, 0, 7801, 120.27
2026/09/07 03:41:16.355, 1, 0, 109748, 115.13
2026/09/07 03:41:17.358, 0, 0, 7801, 120.36
2026/09/07 03:41:17.361, 1, 0, 109748, 115.12
2026/09/07 03:41:18.362, 0, 0, 7801, 120.27
2026/09/07 03:41:18.366, 1, 0, 109748, 115.12
2026/09/07 03:41:19.370, 0, 0, 7801, 120.32
2026/09/07 03:41:19.372, 1, 0, 109748, 115.11
2026/09/07 03:41:20.375, 0, 0, 7801, 120.25
2026/09/07 03:41:20.377, 1, 0, 109748, 115.12
2026/09/07 03:41:21.381, 0, 0, 7801, 120.28
2026/09/07 03:41:21.384, 1, 0, 109748, 115.07
2026/09/07 03:41:22.388, 0, 0, 7801, 120.28
2026/09/07 03:41:22.391, 1, 0, 109748, 115.10
2026/09/07 03:41:23.393, 0, 0, 7801, 120.25
2026/09/07 03:41:23.396, 1, 0, 109748, 115.07
2026/09/07 03:41:24.399, 0, 0, 7801, 120.37
2026/09/07 03:41:24.401, 1, 0, 109748, 115.19
2026/09/07 03:41:25.404, 0, 0, 7801, 120.36
2026/09/07 03:41:25.406, 1, 0, 109748, 115.20
2026/09/07 03:41:26.408, 0, 0, 7801, 120.35
2026/09/07 03:41:26.412, 1, 0, 109748, 115.17
2026/09/07 03:41:27.414, 0, 0, 7801, 120.29
2026/09/07 03:41:27.417, 1, 0, 109748, 115.11
2026/09/07 03:41:28.419, 0, 0, 7801, 120.27
2026/09/07 03:41:28.421, 1, 0, 109748, 115.13
2026/09/07 03:41:29.426, 0, 0, 7801, 120.21
2026/09/07 03:41:29.428, 1, 0, 109748, 115.04
2026/09/07 03:41:30.430, 0, 0, 7801, 120.14
2026/09/07 03:41:30.433, 1, 0, 109748, 114.95
2026/09/07 03:41:31.435, 0, 0, 7801, 120.10
2026/09/07 03:41:31.438, 1, 0, 109748, 114.96
2026/09/07 03:41:32.440, 0, 0, 7801, 120.08
2026/09/07 03:41:32.443, 1, 0, 109748, 114.93
2026/09/07 03:41:33.445, 0, 0, 7801, 120.10
2026/09/07 03:41:33.447, 1, 0, 109748, 114.91
2026/09/07 03:41:34.450, 0, 0, 7801, 120.04
2026/09/07 03:41:34.452, 1, 0, 109748, 114.93
2026/09/07 03:41:35.455, 0, 0, 7801, 120.11
2026/09/07 03:41:35.457, 1, 0, 109748, 114.95
2026/09/07 03:41:36.459, 0, 0, 7801, 120.02
2026/09/07 03:41:36.462, 1, 0, 109748, 114.97
2026/09/07 03:41:37.464, 0, 0, 7801, 120.11
2026/09/07 03:41:37.467, 1, 0, 109748, 114.90
2026/09/07 03:41:38.469, 0, 0, 7801, 120.01
2026/09/07 03:41:38.472, 1, 0, 109748, 114.89
2026/09/07 03:41:39.475, 0, 0, 7801, 120.01
2026/09/07 03:41:39.477, 1, 0, 109748, 114.88
2026/09/07 03:41:40.479, 0, 0, 7801, 119.95
2026/09/07 03:41:40.482, 1, 0, 109748, 114.84
2026/09/07 03:41:41.485, 0, 0, 7801, 119.95
2026/09/07 03:41:41.488, 1, 0, 109748, 114.81
2026/09/07 03:41:42.490, 0, 0, 7801, 119.92
2026/09/07 03:41:42.493, 1, 0, 109748, 114.80
2026/09/07 03:41:43.494, 0, 0, 7801, 119.86
2026/09/07 03:41:43.497, 1, 0, 109748, 114.74
2026/09/07 03:41:44.500, 0, 0, 7801, 119.87
2026/09/07 03:41:44.503, 1, 0, 109748, 114.70
2026/09/07 03:41:45.506, 0, 0, 7801, 119.77
2026/09/07 03:41:45.508, 1, 0, 109748, 114.67
2026/09/07 03:41:46.511, 0, 0, 7801, 119.72
2026/09/07 03:41:46.513, 1, 0, 109748, 114.63
2026/09/07 03:41:47.515, 0, 0, 7801, 119.63
2026/09/07 03:41:47.517, 1, 0, 109748, 114.62
2026/09/07 03:41:48.520, 0, 0, 7801, 119.61
2026/09/07 03:41:48.525, 1, 0, 109748, 114.53
2026/09/07 03:41:49.527, 0, 0, 7801, 119.50
2026/09/07 03:41:49.529, 1, 0, 4, 124.50
2026/09/07 03:41:50.532, 0, 0, 7801, 119.42
2026/09/07 03:41:50.534, 1, 0, 4, 118.52
2026/09/07 03:41:51.537, 0, 0, 7801, 119.38
2026/09/07 03:41:51.539, 1, 0, 4, 91.76
2026/09/07 03:41:52.542, 0, 0, 7801, 119.24
2026/09/07 03:41:52.545, 1, 0, 4, 73.61
2026/09/07 03:41:53.547, 0, 0, 7801, 119.28
2026/09/07 03:41:53.549, 1, 0, 4, 73.52
2026/09/07 03:41:54.551, 0, 0, 1218, 123.88
2026/09/07 03:41:55.076, 1, 0, 4, 73.45
2026/09/07 03:41:56.079, 0, 0, 4, 123.33
2026/09/07 03:41:56.451, 1, 0, 4, 73.40
2026/09/07 03:41:57.459, 0, 0, 4, 123.33
2026/09/07 03:41:57.462, 1, 0, 4, 73.41
2026/09/07 03:41:58.464, 0, 0, 4, 88.18
2026/09/07 03:41:58.467, 1, 0, 4, 73.35
2026/09/07 03:41:59.469, 0, 0, 4, 75.17
2026/09/07 03:41:59.472, 1, 0, 4, 73.31
2026/09/07 03:42:14.696, 0, 0, 4, 75.21
2026/09/07 03:42:14.719, 1, 0, 4, 73.42
2026/09/07 03:42:15.735, 0, 0, 4, 75.23
2026/09/07 03:42:15.742, 1, 0, 4, 73.40
2026/09/07 03:42:16.750, 0, 0, 4, 75.24
2026/09/07 03:42:16.752, 1, 0, 4, 73.41
2026/09/07 03:42:17.755, 0, 0, 4, 75.23
2026/09/07 03:42:17.758, 1, 0, 4, 73.42
2026/09/07 03:42:18.761, 0, 0, 4, 75.25
2026/09/07 03:42:18.765, 1, 0, 4, 73.41
2026/09/07 03:42:19.767, 0, 0, 4, 75.22
2026/09/07 03:42:19.769, 1, 0, 4, 73.39
2026/09/07 03:42:20.775, 0, 0, 4, 75.18
2026/09/07 03:42:20.777, 1, 0, 4, 73.63
2026/09/07 03:42:21.780, 0, 0, 4, 75.23
2026/09/07 03:42:21.783, 1, 0, 4, 73.65
2026/09/07 03:42:22.788, 0, 0, 4, 75.20
2026/09/07 03:42:22.790, 1, 0, 4, 73.71
2026/09/07 03:42:23.793, 0, 0, 4, 75.22
2026/09/07 03:42:23.796, 1, 0, 4, 73.71
2026/09/07 03:42:24.799, 0, 0, 4, 75.16
2026/09/07 03:42:24.804, 1, 0, 4, 73.58
2026/09/07 03:42:25.811, 0, 0, 4, 75.08
2026/09/07 03:42:25.816, 1, 0, 4, 73.54
2026/09/07 03:42:26.818, 0, 0, 4, 75.14
2026/09/07 03:42:26.828, 1, 0, 4, 73.55
2026/09/07 03:42:27.830, 0, 0, 4, 75.08
2026/09/07 03:42:27.834, 1, 0, 4, 73.52
2026/09/07 03:42:28.839, 0, 0, 4, 75.05
2026/09/07 03:42:28.842, 1, 0, 4, 73.52
2026/09/07 03:42:29.845, 0, 0, 4, 75.08
2026/09/07 03:42:29.850, 1, 0, 4, 73.52
2026/09/07 03:42:30.853, 0, 0, 4, 75.00
2026/09/07 03:42:30.857, 1, 0, 4, 73.52
2026/09/07 03:42:31.861, 0, 0, 4, 74.99
2026/09/07 03:42:31.864, 1, 0, 4, 73.54
2026/09/07 03:42:32.866, 0, 0, 4, 75.03
2026/09/07 03:42:32.871, 1, 0, 4, 73.50
2026/09/07 03:42:33.874, 0, 0, 4, 74.98
2026/09/07 03:42:33.877, 1, 0, 4, 73.51
2026/09/07 03:42:34.879, 0, 0, 4, 74.96
2026/09/07 03:42:34.888, 1, 0, 4, 73.49
2026/09/07 03:42:35.894, 0, 0, 4, 74.96
2026/09/07 03:42:35.897, 1, 0, 4, 73.48
2026/09/07 03:42:36.899, 0, 0, 4, 74.93
2026/09/07 03:42:36.903, 1, 0, 4, 73.46
2026/09/07 03:42:37.905, 0, 0, 4, 74.94
2026/09/07 03:42:37.908, 1, 0, 4, 73.48
2026/09/07 03:42:38.911, 0, 0, 4, 74.96
2026/09/07 03:42:38.914, 1, 0, 4, 73.48
2026/09/07 03:42:39.917, 0, 0, 4, 74.89
2026/09/07 03:42:39.919, 1, 0, 4, 73.42
2026/09/07 03:42:40.922, 0, 0, 4, 74.91
2026/09/07 03:42:40.933, 1, 0, 4, 73.42
2026/09/07 03:42:41.942, 0, 0, 4, 74.90
2026/09/07 03:42:41.945, 1, 0, 4, 73.47
2026/09/07 03:42:42.947, 0, 0, 4, 74.87
2026/09/07 03:42:42.953, 1, 0, 4, 73.46
2026/09/07 03:42:43.958, 0, 0, 4, 74.94
2026/09/07 03:42:43.960, 1, 0, 4, 73.46
2026/09/07 03:42:44.963, 0, 0, 4, 74.93
2026/09/07 03:42:44.974, 1, 0, 4, 73.45
2026/09/07 03:42:45.982, 0, 0, 4, 74.88
2026/09/07 03:42:45.985, 1, 0, 4, 73.45
2026/09/07 03:42:46.987, 0, 0, 4, 74.89
2026/09/07 03:42:46.991, 1, 0, 4, 73.46
2026/09/07 03:42:47.994, 0, 0, 4, 74.92
2026/09/07 03:42:47.996, 1, 0, 4, 73.45
2026/09/07 03:42:49.001, 0, 0, 4, 74.91
2026/09/07 03:42:49.011, 1, 0, 4, 73.43
2026/09/07 03:42:50.021, 0, 0, 4, 74.91
2026/09/07 03:42:50.023, 1, 0, 4, 73.47
2026/09/07 03:42:51.025, 0, 0, 4, 74.96
2026/09/07 03:42:51.030, 1, 0, 4, 73.46
2026/09/07 03:42:52.038, 0, 0, 4, 74.90
2026/09/07 03:42:52.042, 1, 0, 4, 73.48
2026/09/07 03:42:53.045, 0, 0, 4, 74.86
2026/09/07 03:42:53.050, 1, 0, 4, 73.45
2026/09/07 03:42:54.053, 0, 0, 4, 74.90
2026/09/07 03:42:54.056, 1, 0, 4, 73.47
2026/09/07 03:42:55.062, 0, 0, 4, 74.90
2026/09/07 03:42:55.067, 1, 0, 4, 73.48
2026/09/07 03:42:56.070, 0, 0, 4, 74.84
2026/09/07 03:42:56.073, 1, 0, 4, 73.48
2026/09/07 03:42:57.076, 0, 0, 4, 74.93
2026/09/07 03:42:57.080, 1, 0, 4, 73.47
2026/09/07 03:42:58.082, 0, 0, 4, 74.87
2026/09/07 03:42:58.085, 1, 0, 4, 73.46
2026/09/07 03:42:59.087, 0, 0, 4, 74.87
2026/09/07 03:42:59.091, 1, 0, 4, 73.45
2026/09/07 03:43:00.093, 0, 0, 4, 74.97
2026/09/07 03:43:00.096, 1, 0, 4, 73.54
2026/09/07 03:43:01.098, 0, 0, 4, 74.98
2026/09/07 03:43:01.100, 1, 0, 4, 73.53
2026/09/07 03:43:02.104, 0, 0, 4, 74.96
2026/09/07 03:43:02.106, 1, 0, 4, 73.50
2026/09/07 03:43:03.108, 0, 0, 4, 75.00
2026/09/07 03:43:03.111, 1, 0, 4, 73.53
2026/09/07 03:43:04.114, 0, 0, 4, 74.95
2026/09/07 03:43:04.117, 1, 0, 4, 73.53
2026/09/07 03:43:05.119, 0, 0, 4, 74.93
2026/09/07 03:43:05.121, 1, 0, 4, 73.56
2026/09/07 03:43:06.124, 0, 0, 4, 74.91
2026/09/07 03:43:06.126, 1, 0, 4, 73.54
2026/09/07 03:43:07.128, 0, 0, 4, 74.91
2026/09/07 03:43:07.131, 1, 0, 4, 73.51
2026/09/07 03:43:08.134, 0, 0, 4, 74.79
2026/09/07 03:43:08.137, 1, 0, 4, 73.36
2026/09/07 03:43:09.139, 0, 0, 4, 74.85
2026/09/07 03:43:09.142, 1, 0, 4, 73.44
2026/09/07 03:43:10.144, 0, 0, 4, 74.85
2026/09/07 03:43:10.147, 1, 0, 4, 73.44
2026/09/07 03:43:11.149, 0, 0, 4, 74.83
2026/09/07 03:43:11.151, 1, 0, 4, 73.43
2026/09/07 03:43:12.153, 0, 0, 4, 74.80
2026/09/07 03:43:12.157, 1, 0, 4, 73.44
2026/09/07 03:43:13.159, 0, 0, 4, 74.86
2026/09/07 03:43:13.163, 1, 0, 4, 73.43
2026/09/07 03:43:14.166, 0, 0, 4, 74.88
2026/09/07 03:43:14.169, 1, 0, 4, 73.44
2026/09/07 03:43:15.173, 0, 0, 4, 74.86
2026/09/07 03:43:15.176, 1, 0, 4, 73.41
2026/09/07 03:43:16.179, 0, 0, 4, 74.85
2026/09/07 03:43:16.182, 1, 0, 4, 73.46
2026/09/07 03:43:17.184, 0, 0, 4, 74.86
2026/09/07 03:43:17.186, 1, 0, 4, 73.45
2026/09/07 03:43:18.188, 0, 0, 4, 74.86
2026/09/07 03:43:18.191, 1, 0, 4, 73.46
2026/09/07 03:43:19.194, 0, 0, 4, 74.84
2026/09/07 03:43:19.197, 1, 0, 4, 73.46
2026/09/07 03:43:20.203, 0, 0, 4, 74.88
2026/09/07 03:43:20.207, 1, 0, 4, 73.45
2026/09/07 03:43:21.209, 0, 0, 4, 74.88
2026/09/07 03:43:21.211, 1, 0, 4, 73.47
2026/09/07 03:43:22.214, 0, 0, 4, 74.88
2026/09/07 03:43:22.217, 1, 0, 4, 73.47
2026/09/07 03:43:23.220, 0, 0, 4, 74.90
2026/09/07 03:43:23.223, 1, 0, 4, 73.46
2026/09/07 03:43:24.226, 0, 0, 4, 74.85
2026/09/07 03:43:24.228, 1, 0, 4, 73.48
2026/09/07 03:43:25.231, 0, 0, 4, 74.86
2026/09/07 03:43:25.234, 1, 0, 4, 73.48
2026/09/07 03:43:26.236, 0, 0, 4, 74.85
2026/09/07 03:43:26.239, 1, 0, 4, 73.47
2026/09/07 03:43:27.241, 0, 0, 4, 74.90
2026/09/07 03:43:27.243, 1, 0, 4, 73.49
2026/09/07 03:43:28.246, 0, 0, 4, 74.84
2026/09/07 03:43:28.250, 1, 0, 4, 73.45
2026/09/07 03:43:29.251, 0, 0, 4, 74.85
2026/09/07 03:43:29.255, 1, 0, 4, 73.47
2026/09/07 03:43:30.258, 0, 0, 4, 74.82
2026/09/07 03:43:30.260, 1, 0, 4, 73.44
2026/09/07 03:43:31.263, 0, 0, 4, 74.84
2026/09/07 03:43:31.266, 1, 0, 4, 73.46
2026/09/07 03:43:32.269, 0, 0, 4, 74.82
2026/09/07 03:43:32.271, 1, 0, 4, 73.41
2026/09/07 03:43:33.274, 0, 0, 4, 74.83
2026/09/07 03:43:33.276, 1, 0, 4, 73.41
2026/09/07 03:43:34.279, 0, 0, 4, 74.79
2026/09/07 03:43:34.281, 1, 0, 4, 73.40
2026/09/07 03:43:35.283, 0, 0, 4, 74.75
2026/09/07 03:43:35.286, 1, 0, 4, 73.39
2026/09/07 03:43:36.289, 0, 0, 4, 74.76
2026/09/07 03:43:36.291, 1, 0, 4, 73.41
2026/09/07 03:43:37.293, 0, 0, 4, 74.89
2026/09/07 03:43:37.296, 1, 0, 4, 73.49
2026/09/07 03:43:38.298, 0, 0, 4, 74.81
2026/09/07 03:43:38.300, 1, 0, 4, 73.44
2026/09/07 03:43:39.305, 0, 0, 4, 74.71
2026/09/07 03:43:39.307, 1, 0, 4, 73.36
2026/09/07 03:43:40.310, 0, 0, 4, 74.73
2026/09/07 03:43:40.313, 1, 0, 4, 73.39
2026/09/07 03:43:41.315, 0, 0, 4, 74.66
2026/09/07 03:43:41.318, 1, 0, 4, 73.48
2026/09/07 03:43:42.320, 0, 0, 4, 74.63
2026/09/07 03:43:42.323, 1, 0, 4, 73.44
2026/09/07 03:43:43.326, 0, 0, 4, 74.63
2026/09/07 03:43:43.328, 1, 0, 4, 73.44
2026/09/07 03:43:44.330, 0, 0, 4, 74.67
2026/09/07 03:43:44.333, 1, 0, 4, 73.43
2026/09/07 03:43:45.335, 0, 0, 4, 74.62
2026/09/07 03:43:45.337, 1, 0, 4, 73.39
2026/09/07 03:43:46.339, 0, 0, 4, 74.62
2026/09/07 03:43:46.342, 1, 0, 4, 73.42
2026/09/07 03:43:47.344, 0, 0, 4, 74.61
2026/09/07 03:43:47.347, 1, 0, 4, 73.41
2026/09/07 03:43:48.349, 0, 0, 4, 74.58
2026/09/07 03:43:48.351, 1, 0, 4, 73.35
2026/09/07 03:43:49.353, 0, 0, 4, 74.57
2026/09/07 03:43:49.356, 1, 0, 4, 73.37
2026/09/07 03:43:50.358, 0, 0, 4, 74.55
2026/09/07 03:43:50.361, 1, 0, 4, 73.37
2026/09/07 03:43:51.363, 0, 0, 4, 74.58
2026/09/07 03:43:51.366, 1, 0, 4, 73.38
2026/09/07 03:43:52.368, 0, 0, 4, 74.52
2026/09/07 03:43:52.370, 1, 0, 4, 73.40
2026/09/07 03:43:53.372, 0, 0, 4, 74.51
2026/09/07 03:43:53.375, 1, 0, 4, 73.41
2026/09/07 03:43:54.377, 0, 0, 4, 74.54
2026/09/07 03:43:54.380, 1, 0, 4, 73.35
2026/09/07 03:43:55.383, 0, 0, 4, 74.50
2026/09/07 03:43:55.386, 1, 0, 4, 73.37
2026/09/07 03:43:56.388, 0, 0, 4, 74.47
2026/09/07 03:43:56.391, 1, 0, 4, 73.33
2026/09/07 03:43:57.393, 0, 0, 4, 74.50
2026/09/07 03:43:57.396, 1, 0, 4, 73.32
2026/09/07 03:43:58.399, 0, 0, 4, 74.51
2026/09/07 03:43:58.404, 1, 0, 4, 73.32
2026/09/07 03:43:59.406, 0, 0, 4, 74.52
2026/09/07 03:43:59.408, 1, 0, 4, 73.29
2026/09/07 03:44:00.410, 0, 0, 4, 74.46
2026/09/07 03:44:00.412, 1, 0, 4, 73.32
2026/09/07 03:44:01.415, 0, 0, 4, 74.44
2026/09/07 03:44:01.417, 1, 0, 4, 73.34
2026/09/07 03:44:02.420, 0, 0, 4, 74.48
2026/09/07 03:44:02.422, 1, 0, 4, 73.31
2026/09/07 03:44:03.426, 0, 0, 4, 74.48
2026/09/07 03:44:03.428, 1, 0, 4, 73.29
2026/09/07 03:44:04.430, 0, 0, 4, 74.43
2026/09/07 03:44:04.432, 1, 0, 4, 73.36
2026/09/07 03:44:05.435, 0, 0, 4, 74.44
2026/09/07 03:44:05.437, 1, 0, 4, 73.34
2026/09/07 03:44:06.440, 0, 0, 4, 74.45
2026/09/07 03:44:06.443, 1, 0, 4, 73.36
2026/09/07 03:44:07.445, 0, 0, 4, 74.47
2026/09/07 03:44:07.448, 1, 0, 4, 73.36
2026/09/07 03:44:08.450, 0, 0, 4, 74.45
2026/09/07 03:44:08.452, 1, 0, 4, 73.35
2026/09/07 03:44:09.454, 0, 0, 4, 74.50
2026/09/07 03:44:09.457, 1, 0, 4, 73.36
2026/09/07 03:44:10.460, 0, 0, 4, 74.50
2026/09/07 03:44:10.462, 1, 0, 4, 73.33
2026/09/07 03:44:11.464, 0, 0, 4, 74.45
2026/09/07 03:44:11.467, 1, 0, 4, 73.39
2026/09/07 03:44:12.469, 0, 0, 4, 74.49
2026/09/07 03:44:12.472, 1, 0, 4, 73.36
2026/09/07 03:44:13.474, 0, 0, 4, 74.54
2026/09/07 03:44:13.476, 1, 0, 4, 73.45
2026/09/07 03:44:14.478, 0, 0, 4, 74.64
2026/09/07 03:44:14.481, 1, 0, 4, 73.53
2026/09/07 03:44:15.483, 0, 0, 4, 74.60
2026/09/07 03:44:15.486, 1, 0, 4, 73.46
2026/09/07 03:44:16.490, 0, 0, 4, 74.52
2026/09/07 03:44:16.493, 1, 0, 4, 73.45
2026/09/07 03:44:17.497, 0, 0, 4, 74.56
2026/09/07 03:44:17.501, 1, 0, 4, 73.43
2026/09/07 03:44:18.504, 0, 0, 4, 74.57
2026/09/07 03:44:18.507, 1, 0, 4, 73.43
2026/09/07 03:44:19.510, 0, 0, 4, 74.54
2026/09/07 03:44:19.512, 1, 0, 4, 73.45
2026/09/07 03:44:20.515, 0, 0, 4, 74.56
2026/09/07 03:44:20.518, 1, 0, 4, 73.41
2026/09/07 03:44:21.520, 0, 0, 4, 74.58
2026/09/07 03:44:21.524, 1, 0, 4, 73.45
2026/09/07 03:44:22.530, 0, 0, 4, 74.62
2026/09/07 03:44:22.533, 1, 0, 4, 73.43
2026/09/07 03:44:23.535, 0, 0, 4, 74.59
2026/09/07 03:44:23.538, 1, 0, 4, 73.46
2026/09/07 03:44:24.541, 0, 0, 4, 74.59
2026/09/07 03:44:24.544, 1, 0, 4, 73.47
2026/09/07 03:44:25.546, 0, 0, 4, 74.60
2026/09/07 03:44:25.548, 1, 0, 4, 73.46
2026/09/07 03:44:26.550, 0, 0, 4, 74.58
2026/09/07 03:44:26.554, 1, 0, 4, 73.49
2026/09/07 03:44:27.558, 0, 0, 4, 74.62
2026/09/07 03:44:27.560, 1, 0, 4, 73.47
2026/09/07 03:44:28.562, 0, 0, 4, 74.59
2026/09/07 03:44:28.564, 1, 0, 4, 73.46
2026/09/07 03:44:29.566, 0, 0, 4, 74.63
2026/09/07 03:44:29.569, 1, 0, 4, 73.45
2026/09/07 03:44:30.571, 0, 0, 4, 74.62
2026/09/07 03:44:30.573, 1, 0, 4, 73.49
2026/09/07 03:44:31.576, 0, 0, 4, 74.59
2026/09/07 03:44:31.578, 1, 0, 4, 73.48
2026/09/07 03:44:32.580, 0, 0, 4, 74.61
2026/09/07 03:44:32.582, 1, 0, 4, 73.48
2026/09/07 03:44:33.585, 0, 0, 4, 74.62
2026/09/07 03:44:33.587, 1, 0, 4, 73.48
2026/09/07 03:44:34.589, 0, 0, 4, 74.63
2026/09/07 03:44:34.592, 1, 0, 4, 73.46
2026/09/07 03:44:35.595, 0, 0, 4, 74.63
2026/09/07 03:44:35.598, 1, 0, 4, 73.46
2026/09/07 03:44:36.600, 0, 0, 4, 74.61
2026/09/07 03:44:36.602, 1, 0, 4, 73.47
2026/09/07 03:44:37.604, 0, 0, 4, 74.61
2026/09/07 03:44:37.607, 1, 0, 4, 73.44
2026/09/07 03:44:38.609, 0, 0, 4, 74.60
2026/09/07 03:44:38.612, 1, 0, 4, 73.45
2026/09/07 03:44:39.614, 0, 0, 4, 74.71
2026/09/07 03:44:39.617, 1, 0, 4, 73.54
2026/09/07 03:44:40.620, 0, 0, 4, 74.69
2026/09/07 03:44:40.623, 1, 0, 4, 73.53
2026/09/07 03:44:41.625, 0, 0, 4, 74.71
2026/09/07 03:44:41.630, 1, 0, 4, 73.56
2026/09/07 03:44:42.633, 0, 0, 4, 74.71
2026/09/07 03:44:42.636, 1, 0, 4, 73.51
2026/09/07 03:44:43.639, 0, 0, 4, 74.62
2026/09/07 03:44:43.642, 1, 0, 4, 73.53
2026/09/07 03:44:44.646, 0, 0, 4, 74.63
2026/09/07 03:44:44.649, 1, 0, 4, 73.51
2026/09/07 03:44:45.651, 0, 0, 4, 74.63
2026/09/07 03:44:45.654, 1, 0, 4, 73.51
2026/09/07 03:44:46.657, 0, 0, 4, 74.67
2026/09/07 03:44:46.660, 1, 0, 4, 73.52
2026/09/07 03:44:47.663, 0, 0, 4, 74.65
2026/09/07 03:44:47.666, 1, 0, 4, 73.52
2026/09/07 03:44:48.672, 0, 0, 4, 74.64
2026/09/07 03:44:48.675, 1, 0, 4, 73.50
2026/09/07 03:44:49.677, 0, 0, 4, 74.67
2026/09/07 03:44:49.680, 1, 0, 4, 73.54
2026/09/07 03:44:50.682, 0, 0, 4, 74.79
2026/09/07 03:44:50.685, 1, 0, 4, 73.65
2026/09/07 03:44:51.689, 0, 0, 4, 74.87
2026/09/07 03:44:51.691, 1, 0, 4, 73.73
2026/09/07 03:44:52.694, 0, 0, 4, 74.69
2026/09/07 03:44:52.696, 1, 0, 4, 73.57
2026/09/07 03:44:53.699, 0, 0, 4, 74.65
2026/09/07 03:44:53.701, 1, 0, 4, 73.51
2026/09/07 03:44:54.703, 0, 0, 4, 74.73
2026/09/07 03:44:54.706, 1, 0, 4, 73.60
2026/09/07 03:44:55.708, 0, 0, 4, 74.68
2026/09/07 03:44:55.711, 1, 0, 4, 73.45
2026/09/07 03:44:56.713, 0, 0, 4, 74.65
2026/09/07 03:44:56.716, 1, 0, 4, 73.29
2026/09/07 03:44:57.718, 0, 0, 4, 74.59
2026/09/07 03:44:57.721, 1, 0, 4, 73.18
2026/09/07 03:44:58.724, 0, 0, 4, 74.63
2026/09/07 03:44:58.727, 1, 0, 4, 73.22
2026/09/07 03:44:59.730, 0, 0, 4, 74.62
2026/09/07 03:44:59.733, 1, 0, 4, 73.21
2026/09/07 03:45:00.735, 0, 0, 4, 74.59
2026/09/07 03:45:00.738, 1, 0, 4, 73.25
2026/09/07 03:45:01.740, 0, 0, 4, 74.60
2026/09/07 03:45:01.743, 1, 0, 4, 73.25
2026/09/07 03:45:02.746, 0, 0, 4, 74.60
2026/09/07 03:45:02.749, 1, 0, 4, 73.25
2026/09/07 03:45:03.751, 0, 0, 4, 74.62
2026/09/07 03:45:03.754, 1, 0, 4, 73.21
2026/09/07 03:45:04.758, 0, 0, 4, 74.62
2026/09/07 03:45:04.761, 1, 0, 4, 73.23
2026/09/07 03:45:05.763, 0, 0, 4, 74.62
2026/09/07 03:45:05.766, 1, 0, 4, 73.23
2026/09/07 03:45:06.769, 0, 0, 4, 74.73
2026/09/07 03:45:06.772, 1, 0, 4, 73.31
2026/09/07 03:45:07.774, 0, 0, 4, 74.78
2026/09/07 03:45:07.777, 1, 0, 4, 73.38
2026/09/07 03:45:08.782, 0, 0, 4, 74.64
2026/09/07 03:45:08.785, 1, 0, 4, 73.29
2026/09/07 03:45:09.789, 0, 0, 4, 74.63
2026/09/07 03:45:09.792, 1, 0, 4, 73.30
2026/09/07 03:45:10.794, 0, 0, 4, 74.68
2026/09/07 03:45:10.797, 1, 0, 4, 73.28
2026/09/07 03:45:11.801, 0, 0, 4, 74.68
2026/09/07 03:45:11.803, 1, 0, 4, 73.29
2026/09/07 03:45:12.805, 0, 0, 4, 74.65
2026/09/07 03:45:12.809, 1, 0, 4, 73.25
2026/09/07 03:45:13.814, 0, 0, 4, 74.68
2026/09/07 03:45:13.817, 1, 0, 4, 73.28
2026/09/07 03:45:14.820, 0, 0, 4, 74.69
2026/09/07 03:45:14.828, 1, 0, 4, 73.25
2026/09/07 03:45:15.831, 0, 0, 4, 74.67
2026/09/07 03:45:15.835, 1, 0, 4, 73.28
2026/09/07 03:45:16.838, 0, 0, 4, 74.71
2026/09/07 03:45:16.845, 1, 0, 4, 73.24
2026/09/07 03:45:17.850, 0, 0, 4, 74.68
2026/09/07 03:45:17.852, 1, 0, 4, 73.32
2026/09/07 03:45:18.855, 0, 0, 4, 74.68
2026/09/07 03:45:18.859, 1, 0, 4, 73.31
2026/09/07 03:45:19.862, 0, 0, 4, 74.68
2026/09/07 03:45:19.865, 1, 0, 4, 73.28
2026/09/07 03:45:20.867, 0, 0, 4, 74.65
2026/09/07 03:45:20.871, 1, 0, 4, 73.26
2026/09/07 03:45:21.873, 0, 0, 4, 74.68
2026/09/07 03:45:21.875, 1, 0, 4, 73.25
2026/09/07 03:45:22.878, 0, 0, 4, 74.72
2026/09/07 03:45:22.887, 1, 0, 4, 73.33
2026/09/07 03:45:23.892, 0, 0, 4, 74.82
2026/09/07 03:45:23.895, 1, 0, 4, 73.36
2026/09/07 03:45:24.897, 0, 0, 4, 74.63
2026/09/07 03:45:24.906, 1, 0, 4, 73.18
2026/09/07 03:45:25.910, 0, 0, 4, 74.62
2026/09/07 03:45:25.914, 1, 0, 4, 73.19
2026/09/07 03:45:26.916, 0, 0, 4, 74.59
2026/09/07 03:45:26.929, 1, 0, 4, 73.21
2026/09/07 03:45:27.938, 0, 0, 4, 74.59
2026/09/07 03:45:27.940, 1, 0, 4, 73.21
2026/09/07 03:45:28.942, 0, 0, 4, 74.59
2026/09/07 03:45:28.950, 1, 0, 4, 73.19
2026/09/07 03:45:29.957, 0, 0, 4, 74.58
2026/09/07 03:45:29.959, 1, 0, 4, 73.13
2026/09/07 03:45:30.961, 0, 0, 4, 74.55
2026/09/07 03:45:30.968, 1, 0, 4, 73.15
2026/09/07 03:45:31.970, 0, 0, 4, 74.53
2026/09/07 03:45:31.973, 1, 0, 4, 73.13
2026/09/07 03:45:32.975, 0, 0, 4, 74.61
2026/09/07 03:45:32.977, 1, 0, 4, 73.22
2026/09/07 03:45:33.980, 0, 0, 4, 74.64
2026/09/07 03:45:33.982, 1, 0, 4, 73.20
2026/09/07 03:45:34.984, 0, 0, 4, 74.50
2026/09/07 03:45:34.995, 1, 0, 4, 73.05
2026/09/07 03:45:36.001, 0, 0, 4, 74.50
2026/09/07 03:45:36.003, 1, 0, 4, 73.07
2026/09/07 03:45:37.006, 0, 0, 4, 74.49
2026/09/07 03:45:37.008, 1, 0, 4, 73.09
2026/09/07 03:45:38.011, 0, 0, 4, 74.49
2026/09/07 03:45:38.013, 1, 0, 4, 73.11
2026/09/07 03:45:39.016, 0, 0, 4, 74.58
2026/09/07 03:45:39.018, 1, 0, 4, 73.19
2026/09/07 03:45:40.023, 0, 0, 4, 74.57
2026/09/07 03:45:40.026, 1, 0, 4, 73.25
2026/09/07 03:45:41.028, 0, 0, 4, 74.48
2026/09/07 03:45:41.031, 1, 0, 4, 73.16
2026/09/07 03:45:42.034, 0, 0, 4, 74.54
2026/09/07 03:45:42.037, 1, 0, 4, 73.15
2026/09/07 03:45:43.039, 0, 0, 4, 74.51
2026/09/07 03:45:43.041, 1, 0, 4, 73.10
2026/09/07 03:45:44.045, 0, 0, 4, 74.49
2026/09/07 03:45:44.048, 1, 0, 4, 73.12
2026/09/07 03:45:45.050, 0, 0, 4, 74.53
2026/09/07 03:45:45.054, 1, 0, 4, 73.14
2026/09/07 03:45:46.056, 0, 0, 4, 74.51
2026/09/07 03:45:46.059, 1, 0, 4, 73.16
2026/09/07 03:45:47.062, 0, 0, 4, 74.55
2026/09/07 03:45:47.065, 1, 0, 4, 73.14
2026/09/07 03:45:48.066, 0, 0, 4, 74.55
2026/09/07 03:45:48.069, 1, 0, 4, 73.18
2026/09/07 03:45:49.071, 0, 0, 4, 74.56
2026/09/07 03:45:49.075, 1, 0, 4, 73.19
2026/09/07 03:45:50.077, 0, 0, 4, 74.57
2026/09/07 03:45:50.080, 1, 0, 4, 73.23
2026/09/07 03:45:51.083, 0, 0, 4, 74.56
2026/09/07 03:45:51.086, 1, 0, 4, 73.21
2026/09/07 03:45:52.088, 0, 0, 4, 74.60
2026/09/07 03:45:52.091, 1, 0, 4, 73.21
2026/09/07 03:45:53.093, 0, 0, 4, 74.54
2026/09/07 03:45:53.095, 1, 0, 4, 73.17
2026/09/07 03:45:54.098, 0, 0, 4, 74.61
2026/09/07 03:45:54.100, 1, 0, 4, 73.19
2026/09/07 03:45:55.102, 0, 0, 4, 74.78
2026/09/07 03:45:55.106, 1, 0, 4, 73.34
2026/09/07 03:45:56.109, 0, 0, 4, 74.65
2026/09/07 03:45:56.112, 1, 0, 4, 73.25
2026/09/07 03:45:57.115, 0, 0, 4, 74.66
2026/09/07 03:45:57.119, 1, 0, 4, 73.30
2026/09/07 03:45:58.123, 0, 0, 4, 74.66
2026/09/07 03:45:58.126, 1, 0, 4, 73.25
2026/09/07 03:45:59.128, 0, 0, 4, 74.75
2026/09/07 03:45:59.132, 1, 0, 4, 73.34
2026/09/07 03:46:00.134, 0, 0, 4, 74.77
2026/09/07 03:46:00.137, 1, 0, 4, 73.33
2026/09/07 03:46:01.139, 0, 0, 4, 74.74
2026/09/07 03:46:01.143, 1, 0, 4, 73.35
2026/09/07 03:46:02.146, 0, 0, 4, 74.75
2026/09/07 03:46:02.148, 1, 0, 4, 73.40
2026/09/07 03:46:03.151, 0, 0, 4, 74.74
2026/09/07 03:46:03.154, 1, 0, 4, 73.33
2026/09/07 03:46:04.157, 0, 0, 4, 74.76
2026/09/07 03:46:04.162, 1, 0, 4, 73.34
2026/09/07 03:46:05.166, 0, 0, 22, 80.57
2026/09/07 03:46:05.254, 1, 0, 4, 73.38
2026/09/07 03:46:06.256, 0, 0, 692, 120.71
2026/09/07 03:46:06.263, 1, 0, 4, 73.36
2026/09/07 03:46:07.266, 0, 0, 724, 118.00
2026/09/07 03:46:07.268, 1, 0, 4, 73.40
2026/09/07 03:46:08.270, 0, 0, 724, 118.02
2026/09/07 03:46:08.273, 1, 0, 4, 73.40
2026/09/07 03:46:09.278, 0, 0, 1206, 117.98
2026/09/07 03:46:09.281, 1, 0, 4, 73.36
2026/09/07 03:46:10.283, 0, 36, 9552, 118.81
2026/09/07 03:46:10.285, 1, 0, 4, 73.39
2026/09/07 03:46:11.288, 0, 34, 9552, 119.30
2026/09/07 03:46:11.293, 1, 0, 4, 73.50
2026/09/07 03:46:12.297, 0, 0, 9734, 119.05
2026/09/07 03:46:12.300, 1, 0, 4, 73.43
2026/09/07 03:46:13.303, 0, 0, 9734, 118.27
2026/09/07 03:46:13.307, 1, 0, 4, 73.33
2026/09/07 03:46:14.309, 0, 0, 107838, 124.78
2026/09/07 03:46:14.312, 1, 0, 4, 73.35
2026/09/07 03:46:15.318, 0, 0, 107842, 118.27
2026/09/07 03:46:15.321, 1, 0, 4, 73.36
2026/09/07 03:46:16.324, 0, 0, 107842, 118.26
2026/09/07 03:46:16.327, 1, 0, 4, 73.36
2026/09/07 03:46:17.329, 0, 0, 107908, 118.26
2026/09/07 03:46:17.334, 1, 0, 4, 73.32
2026/09/07 03:46:18.337, 0, 0, 107908, 118.37
2026/09/07 03:46:18.343, 1, 0, 4, 73.32
2026/09/07 03:46:19.346, 0, 4, 107938, 127.53
2026/09/07 03:46:19.349, 1, 0, 4, 73.33
2026/09/07 03:46:20.351, 0, 0, 107938, 119.28
2026/09/07 03:46:20.354, 1, 0, 4, 73.35
2026/09/07 03:46:21.360, 0, 0, 107938, 118.46
2026/09/07 03:46:21.362, 1, 0, 4, 73.40
2026/09/07 03:46:22.364, 0, 0, 107938, 118.41
2026/09/07 03:46:22.366, 1, 0, 4, 73.38
2026/09/07 03:46:23.370, 0, 0, 107938, 118.45
2026/09/07 03:46:23.373, 1, 0, 4, 73.39
2026/09/07 03:46:24.376, 0, 0, 107974, 118.48
2026/09/07 03:46:24.379, 1, 0, 4, 73.35
2026/09/07 03:46:25.382, 0, 0, 107988, 119.99
2026/09/07 03:46:25.385, 1, 0, 4, 73.35
2026/09/07 03:46:26.386, 0, 0, 107988, 118.53
2026/09/07 03:46:26.389, 1, 0, 4, 73.39
2026/09/07 03:46:27.391, 0, 0, 107988, 118.49
2026/09/07 03:46:27.394, 1, 0, 4, 73.38
2026/09/07 03:46:28.396, 0, 0, 107988, 118.46
2026/09/07 03:46:28.399, 1, 0, 4, 73.36
2026/09/07 03:46:29.403, 0, 0, 107988, 118.50
2026/09/07 03:46:29.406, 1, 0, 4, 73.36
2026/09/07 03:46:30.408, 0, 0, 107988, 118.52
2026/09/07 03:46:30.410, 1, 0, 4, 73.39
2026/09/07 03:46:31.413, 0, 0, 107988, 118.51
2026/09/07 03:46:31.415, 1, 0, 4, 73.36
2026/09/07 03:46:32.418, 0, 0, 107988, 118.52
2026/09/07 03:46:32.421, 1, 0, 4, 73.37
2026/09/07 03:46:33.424, 0, 0, 108032, 120.64
2026/09/07 03:46:33.428, 1, 0, 4, 73.39
2026/09/07 03:46:34.430, 0, 100, 109330, 284.25
2026/09/07 03:46:34.434, 1, 0, 4, 73.34
2026/09/07 03:46:35.438, 0, 100, 109330, 418.11
2026/09/07 03:46:35.440, 1, 0, 4, 73.35
2026/09/07 03:46:36.444, 0, 100, 109330, 419.75
2026/09/07 03:46:36.447, 1, 0, 4, 73.31
2026/09/07 03:46:37.450, 0, 100, 109330, 425.84
2026/09/07 03:46:37.453, 1, 0, 4, 73.35
2026/09/07 03:46:38.455, 0, 100, 109330, 424.20
2026/09/07 03:46:38.458, 1, 0, 4, 73.36
2026/09/07 03:46:39.460, 0, 100, 109330, 431.85
2026/09/07 03:46:39.463, 1, 0, 4, 73.29
2026/09/07 03:46:40.466, 0, 100, 109330, 436.32
2026/09/07 03:46:40.469, 1, 0, 4, 73.31
2026/09/07 03:46:41.471, 0, 100, 109330, 439.06
2026/09/07 03:46:41.473, 1, 0, 4, 73.36
2026/09/07 03:46:42.477, 0, 100, 109330, 447.71
2026/09/07 03:46:42.480, 1, 0, 4, 73.32
2026/09/07 03:46:43.484, 0, 100, 109330, 447.13
2026/09/07 03:46:43.487, 1, 0, 4, 73.30
2026/09/07 03:46:44.489, 0, 100, 109330, 450.96
2026/09/07 03:46:44.493, 1, 0, 4, 73.35
2026/09/07 03:46:45.496, 0, 100, 109330, 457.96
2026/09/07 03:46:45.499, 1, 0, 4, 73.38
2026/09/07 03:46:46.502, 0, 100, 109330, 464.34
2026/09/07 03:46:46.506, 1, 0, 4, 73.36
2026/09/07 03:46:47.509, 0, 100, 109330, 462.74
2026/09/07 03:46:47.512, 1, 0, 4, 73.38
2026/09/07 03:46:48.515, 0, 100, 109330, 470.19
2026/09/07 03:46:48.518, 1, 0, 4, 73.40
2026/09/07 03:46:49.522, 0, 100, 109330, 471.73
2026/09/07 03:46:49.526, 1, 0, 4, 73.45
2026/09/07 03:46:50.528, 0, 100, 109330, 472.35
2026/09/07 03:46:50.532, 1, 0, 4, 73.38
2026/09/07 03:46:51.535, 0, 100, 109330, 472.56
2026/09/07 03:46:51.540, 1, 0, 4, 73.33
2026/09/07 03:46:52.544, 0, 100, 109330, 475.24
2026/09/07 03:46:52.547, 1, 0, 4, 73.32
2026/09/07 03:46:53.550, 0, 100, 109330, 481.21
2026/09/07 03:46:53.553, 1, 0, 4, 73.32
2026/09/07 03:46:54.555, 0, 100, 109330, 484.89
2026/09/07 03:46:54.558, 1, 0, 4, 73.32
2026/09/07 03:46:55.560, 0, 97, 109330, 485.92
2026/09/07 03:46:55.563, 1, 0, 4, 73.32
2026/09/07 03:46:56.566, 0, 100, 109330, 484.34
2026/09/07 03:46:56.569, 1, 0, 4, 73.38
2026/09/07 03:46:57.571, 0, 100, 109330, 480.70
2026/09/07 03:46:57.574, 1, 0, 4, 73.33
2026/09/07 03:46:58.576, 0, 100, 109332, 386.12
2026/09/07 03:46:58.579, 1, 0, 4, 73.41
2026/09/07 03:46:59.581, 0, 100, 109332, 484.31
2026/09/07 03:46:59.588, 1, 0, 4, 73.34
2026/09/07 03:47:00.590, 0, 100, 109332, 485.74
2026/09/07 03:47:00.593, 1, 0, 4, 73.42
2026/09/07 03:47:01.596, 0, 99, 109332, 495.17
2026/09/07 03:47:01.599, 1, 0, 4, 73.31
2026/09/07 03:47:02.602, 0, 100, 109332, 467.71
2026/09/07 03:47:02.605, 1, 0, 4, 73.34
2026/09/07 03:47:03.607, 0, 100, 109332, 487.77
2026/09/07 03:47:03.610, 1, 0, 4, 73.38
2026/09/07 03:47:04.615, 0, 100, 109332, 499.28
2026/09/07 03:47:04.618, 1, 0, 4, 73.37
2026/09/07 03:47:05.620, 0, 100, 109332, 499.11
2026/09/07 03:47:05.624, 1, 0, 4, 73.32
2026/09/07 03:47:06.627, 0, 100, 109332, 508.53
2026/09/07 03:47:06.641, 1, 0, 4, 73.31
2026/09/07 03:47:07.643, 0, 100, 109332, 501.03
2026/09/07 03:47:07.646, 1, 0, 4, 73.37
2026/09/07 03:47:08.649, 0, 100, 109332, 508.83
2026/09/07 03:47:08.654, 1, 0, 4, 73.36
2026/09/07 03:47:09.658, 0, 100, 109332, 512.77
2026/09/07 03:47:09.664, 1, 0, 4, 73.41
2026/09/07 03:47:10.667, 0, 100, 109332, 521.65
2026/09/07 03:47:10.671, 1, 0, 4, 73.40
2026/09/07 03:47:11.673, 0, 100, 109332, 516.49
2026/09/07 03:47:11.677, 1, 0, 4, 73.39
2026/09/07 03:47:12.680, 0, 100, 109332, 517.57
2026/09/07 03:47:12.685, 1, 0, 4, 73.34
2026/09/07 03:47:13.688, 0, 100, 109332, 524.32
2026/09/07 03:47:13.691, 1, 0, 4, 73.38
2026/09/07 03:47:14.693, 0, 100, 109332, 528.06
2026/09/07 03:47:14.696, 1, 0, 4, 73.33
2026/09/07 03:47:15.699, 0, 100, 109332, 526.91
2026/09/07 03:47:15.702, 1, 0, 4, 73.39
2026/09/07 03:47:16.705, 0, 100, 109332, 523.90
2026/09/07 03:47:16.708, 1, 0, 4, 73.35
2026/09/07 03:47:17.711, 0, 100, 109332, 537.08
2026/09/07 03:47:17.721, 1, 0, 4, 73.43
2026/09/07 03:47:18.773, 0, 100, 109332, 534.48
2026/09/07 03:47:18.776, 1, 0, 4, 73.37
2026/09/07 03:47:19.779, 0, 100, 109332, 528.59
2026/09/07 03:47:19.782, 1, 0, 4, 73.35
2026/09/07 03:47:20.785, 0, 100, 109332, 530.92
2026/09/07 03:47:20.789, 1, 0, 4, 73.39
2026/09/07 03:47:21.792, 0, 100, 109332, 552.07
2026/09/07 03:47:21.795, 1, 0, 4, 73.42
2026/09/07 03:47:22.797, 0, 100, 109332, 549.21
2026/09/07 03:47:22.801, 1, 0, 4, 73.42
2026/09/07 03:47:23.804, 0, 100, 109332, 548.66
2026/09/07 03:47:23.808, 1, 0, 4, 73.38
2026/09/07 03:47:24.811, 0, 100, 109332, 553.67
2026/09/07 03:47:24.817, 1, 0, 4, 73.37
2026/09/07 03:47:25.820, 0, 100, 109332, 558.40
2026/09/07 03:47:25.823, 1, 0, 4, 73.43
2026/09/07 03:47:26.826, 0, 100, 109332, 556.35
2026/09/07 03:47:26.829, 1, 0, 4, 73.53
2026/09/07 03:47:27.831, 0, 100, 109332, 559.59
2026/09/07 03:47:27.834, 1, 0, 4, 73.50
2026/09/07 03:47:28.837, 0, 100, 109332, 563.98
2026/09/07 03:47:28.840, 1, 0, 4, 73.43
2026/09/07 03:47:29.843, 0, 100, 109332, 552.61
2026/09/07 03:47:29.847, 1, 0, 4, 73.44
2026/09/07 03:47:30.850, 0, 100, 109332, 561.63
2026/09/07 03:47:30.852, 1, 0, 4, 73.39
2026/09/07 03:47:31.855, 0, 100, 109332, 564.67
2026/09/07 03:47:31.858, 1, 0, 4, 73.37
2026/09/07 03:47:32.861, 0, 100, 109332, 569.03
2026/09/07 03:47:32.865, 1, 0, 4, 73.39
2026/09/07 03:47:33.868, 0, 100, 109332, 564.11
2026/09/07 03:47:33.871, 1, 0, 4, 73.36
2026/09/07 03:47:34.873, 0, 100, 109332, 580.86
2026/09/07 03:47:34.877, 1, 0, 4, 73.38
2026/09/07 03:47:35.879, 0, 100, 109332, 568.49
2026/09/07 03:47:35.882, 1, 0, 4, 73.35
2026/09/07 03:47:36.884, 0, 100, 109332, 572.80
2026/09/07 03:47:36.887, 1, 0, 4, 73.41
2026/09/07 03:47:37.890, 0, 100, 109332, 585.54
2026/09/07 03:47:37.893, 1, 0, 4, 73.34
2026/09/07 03:47:38.897, 0, 100, 109332, 571.41
2026/09/07 03:47:38.900, 1, 0, 4, 73.46
2026/09/07 03:47:39.902, 0, 100, 109332, 570.17
2026/09/07 03:47:39.905, 1, 0, 4, 73.35
2026/09/07 03:47:40.908, 0, 100, 109332, 588.88
2026/09/07 03:47:40.911, 1, 0, 4, 73.39
2026/09/07 03:47:41.913, 0, 100, 109332, 585.74
2026/09/07 03:47:41.916, 1, 0, 4, 73.31
2026/09/07 03:47:42.919, 0, 100, 109332, 591.13
2026/09/07 03:47:42.922, 1, 0, 4, 73.46
2026/09/07 03:47:43.925, 0, 100, 109332, 588.30
2026/09/07 03:47:43.928, 1, 0, 4, 73.47
2026/09/07 03:47:44.931, 0, 100, 109332, 588.92
2026/09/07 03:47:44.935, 1, 0, 4, 73.42
2026/09/07 03:47:45.938, 0, 100, 109332, 583.20
2026/09/07 03:47:45.942, 1, 0, 4, 73.38
2026/09/07 03:47:46.945, 0, 100, 109332, 601.14
2026/09/07 03:47:46.948, 1, 0, 4, 73.43
2026/09/07 03:47:47.953, 0, 100, 109332, 589.26
2026/09/07 03:47:47.956, 1, 0, 4, 73.44
2026/09/07 03:47:48.959, 0, 100, 109332, 593.28
2026/09/07 03:47:48.964, 1, 0, 4, 73.40
2026/09/07 03:47:49.969, 0, 100, 109332, 593.94
2026/09/07 03:47:49.972, 1, 0, 4, 73.41
2026/09/07 03:47:50.974, 0, 100, 109332, 592.73
2026/09/07 03:47:50.977, 1, 0, 4, 73.35
2026/09/07 03:47:51.983, 0, 100, 109332, 597.78
2026/09/07 03:47:51.986, 1, 0, 4, 73.41
2026/09/07 03:47:52.988, 0, 100, 109332, 605.86
2026/09/07 03:47:52.991, 1, 0, 4, 73.34
2026/09/07 03:47:53.994, 0, 100, 109332, 594.75
2026/09/07 03:47:53.997, 1, 0, 4, 73.41
2026/09/07 03:47:55.000, 0, 100, 109332, 608.50
2026/09/07 03:47:55.002, 1, 0, 4, 73.43
2026/09/07 03:47:56.005, 0, 100, 109332, 602.02
2026/09/07 03:47:56.009, 1, 0, 4, 73.42
2026/09/07 03:47:57.011, 0, 100, 109332, 610.17
2026/09/07 03:47:57.015, 1, 0, 4, 73.39
2026/09/07 03:47:58.018, 0, 100, 109332, 612.72
2026/09/07 03:47:58.021, 1, 0, 4, 73.41
2026/09/07 03:47:59.023, 0, 90, 109332, 588.54
2026/09/07 03:47:59.026, 1, 0, 4, 73.47
2026/09/07 03:48:00.028, 0, 100, 109332, 458.36
2026/09/07 03:48:00.031, 1, 0, 4, 73.59
2026/09/07 03:48:01.033, 0, 100, 109332, 569.30
2026/09/07 03:48:01.036, 1, 0, 4, 73.42
2026/09/07 03:48:02.039, 0, 100, 109332, 575.44
2026/09/07 03:48:02.042, 1, 0, 4, 73.42
2026/09/07 03:48:03.044, 0, 100, 109332, 580.29
2026/09/07 03:48:03.048, 1, 0, 4, 73.32
2026/09/07 03:48:04.051, 0, 3, 109864, 320.37
2026/09/07 03:48:04.054, 1, 0, 4, 73.46
2026/09/07 03:48:05.057, 0, 96, 109876, 335.90
2026/09/07 03:48:05.060, 1, 0, 4, 73.51
2026/09/07 03:48:06.062, 0, 100, 109876, 443.78
2026/09/07 03:48:06.064, 1, 0, 4, 73.50
2026/09/07 03:48:07.066, 0, 100, 109876, 449.90
2026/09/07 03:48:07.069, 1, 0, 4, 73.49
2026/09/07 03:48:08.071, 0, 100, 109876, 445.85
2026/09/07 03:48:08.073, 1, 0, 4, 73.50
2026/09/07 03:48:09.075, 0, 99, 109876, 459.56
2026/09/07 03:48:09.078, 1, 0, 4, 73.42
2026/09/07 03:48:10.081, 0, 100, 109876, 453.85
2026/09/07 03:48:10.084, 1, 0, 4, 73.42
2026/09/07 03:48:11.086, 0, 100, 109876, 462.44
2026/09/07 03:48:11.089, 1, 0, 4, 73.43
2026/09/07 03:48:12.091, 0, 100, 109876, 461.24
2026/09/07 03:48:12.094, 1, 0, 4, 73.50
2026/09/07 03:48:13.096, 0, 100, 109876, 468.20
2026/09/07 03:48:13.098, 1, 0, 4, 73.44
2026/09/07 03:48:14.101, 0, 100, 109876, 476.93
2026/09/07 03:48:14.103, 1, 0, 4, 73.50
2026/09/07 03:48:15.106, 0, 100, 109876, 469.17
2026/09/07 03:48:15.109, 1, 0, 4, 73.52
2026/09/07 03:48:16.111, 0, 99, 109876, 461.42
2026/09/07 03:48:16.114, 1, 0, 4, 73.60
2026/09/07 03:48:17.116, 0, 98, 109876, 467.24
2026/09/07 03:48:17.119, 1, 0, 4, 73.41
2026/09/07 03:48:18.122, 0, 97, 109876, 472.64
2026/09/07 03:48:18.124, 1, 0, 4, 73.45
2026/09/07 03:48:19.127, 0, 97, 109876, 483.05
2026/09/07 03:48:19.129, 1, 0, 4, 73.30
2026/09/07 03:48:20.134, 0, 100, 109876, 449.72
2026/09/07 03:48:20.137, 1, 0, 4, 73.41
2026/09/07 03:48:21.140, 0, 100, 109876, 472.15
2026/09/07 03:48:21.143, 1, 0, 4, 73.42
2026/09/07 03:48:22.145, 0, 99, 109876, 482.11
2026/09/07 03:48:22.148, 1, 0, 4, 73.41
2026/09/07 03:48:23.150, 0, 98, 109876, 487.86
2026/09/07 03:48:23.153, 1, 0, 4, 73.46
2026/09/07 03:48:24.155, 0, 98, 109876, 483.88
2026/09/07 03:48:24.158, 1, 0, 4, 73.43
2026/09/07 03:48:25.160, 0, 100, 109876, 489.86
2026/09/07 03:48:25.163, 1, 0, 4, 73.47
2026/09/07 03:48:26.165, 0, 99, 109876, 490.30
2026/09/07 03:48:26.168, 1, 0, 4, 73.44
2026/09/07 03:48:27.171, 0, 98, 109876, 487.76
2026/09/07 03:48:27.173, 1, 0, 4, 73.45
2026/09/07 03:48:28.176, 0, 97, 109876, 497.01
2026/09/07 03:48:28.179, 1, 0, 4, 73.41
2026/09/07 03:48:29.181, 0, 100, 109876, 494.43
2026/09/07 03:48:29.184, 1, 0, 4, 73.43
2026/09/07 03:48:30.186, 0, 100, 109876, 494.34
2026/09/07 03:48:30.189, 1, 0, 4, 73.45
2026/09/07 03:48:31.191, 0, 100, 109876, 499.69
2026/09/07 03:48:31.194, 1, 0, 4, 73.50
2026/09/07 03:48:32.196, 0, 100, 109876, 513.53
2026/09/07 03:48:32.199, 1, 0, 4, 73.64
2026/09/07 03:48:33.202, 0, 97, 109876, 488.68
2026/09/07 03:48:33.205, 1, 0, 4, 73.51
2026/09/07 03:48:34.208, 0, 97, 109876, 513.38
2026/09/07 03:48:34.211, 1, 0, 4, 73.55
2026/09/07 03:48:35.213, 0, 100, 109876, 495.04
2026/09/07 03:48:35.216, 1, 0, 4, 73.56
2026/09/07 03:48:36.218, 0, 100, 109876, 509.78
2026/09/07 03:48:36.222, 1, 0, 4, 73.60
2026/09/07 03:48:37.224, 0, 97, 109876, 514.88
2026/09/07 03:48:37.226, 1, 0, 4, 73.55
2026/09/07 03:48:38.229, 0, 97, 109876, 512.56
2026/09/07 03:48:38.233, 1, 0, 4, 73.53
2026/09/07 03:48:39.238, 0, 100, 109876, 511.55
2026/09/07 03:48:39.243, 1, 0, 4, 73.52
2026/09/07 03:48:40.245, 0, 100, 109876, 527.89
2026/09/07 03:48:40.252, 1, 0, 4, 73.54
2026/09/07 03:48:41.257, 0, 96, 109876, 514.90
2026/09/07 03:48:41.261, 1, 0, 4, 73.53
2026/09/07 03:48:42.264, 0, 100, 109876, 512.66
2026/09/07 03:48:42.268, 1, 0, 4, 73.62
2026/09/07 03:48:43.271, 0, 98, 109876, 524.12
2026/09/07 03:48:43.276, 1, 0, 4, 73.61
2026/09/07 03:48:44.281, 0, 100, 109876, 536.19
2026/09/07 03:48:44.284, 1, 0, 4, 73.63
2026/09/07 03:48:45.286, 0, 100, 109876, 527.70
2026/09/07 03:48:45.289, 1, 0, 4, 73.57
2026/09/07 03:48:46.291, 0, 95, 109876, 529.52
2026/09/07 03:48:46.294, 1, 0, 4, 73.53
2026/09/07 03:48:47.297, 0, 100, 109876, 547.59
2026/09/07 03:48:47.299, 1, 0, 4, 73.55
2026/09/07 03:48:48.302, 0, 99, 109876, 531.56
2026/09/07 03:48:48.304, 1, 0, 4, 73.60
2026/09/07 03:48:49.307, 0, 100, 109876, 533.35
2026/09/07 03:48:49.309, 1, 0, 4, 73.56
2026/09/07 03:48:50.312, 0, 96, 109876, 541.92
2026/09/07 03:48:50.315, 1, 0, 4, 73.57
2026/09/07 03:48:51.318, 0, 100, 109876, 552.09
2026/09/07 03:48:51.321, 1, 0, 4, 73.59
2026/09/07 03:48:52.323, 0, 97, 109876, 541.65
2026/09/07 03:48:52.326, 1, 0, 4, 73.57
2026/09/07 03:48:53.328, 0, 100, 109876, 543.85
2026/09/07 03:48:53.330, 1, 0, 4, 73.56
2026/09/07 03:48:54.333, 0, 100, 109876, 555.24
2026/09/07 03:48:54.335, 1, 0, 4, 73.55
2026/09/07 03:48:55.338, 0, 100, 109876, 550.03
2026/09/07 03:48:55.340, 1, 0, 4, 73.55
2026/09/07 03:48:56.343, 0, 100, 109876, 552.33
2026/09/07 03:48:56.346, 1, 0, 4, 73.57
2026/09/07 03:48:57.348, 0, 100, 109876, 564.32
2026/09/07 03:48:57.351, 1, 0, 4, 73.57
2026/09/07 03:48:58.353, 0, 100, 109876, 566.35
2026/09/07 03:48:58.356, 1, 0, 4, 73.52
2026/09/07 03:48:59.358, 0, 100, 109876, 558.74
2026/09/07 03:48:59.361, 1, 0, 4, 73.57
2026/09/07 03:49:00.363, 0, 100, 109876, 565.71
2026/09/07 03:49:00.366, 1, 0, 4, 73.58
2026/09/07 03:49:01.369, 0, 100, 109876, 574.90
2026/09/07 03:49:01.372, 1, 0, 4, 73.56
2026/09/07 03:49:02.374, 0, 100, 109876, 570.68
2026/09/07 03:49:02.377, 1, 0, 4, 73.61
2026/09/07 03:49:03.382, 0, 100, 109876, 563.70
2026/09/07 03:49:03.385, 1, 0, 4, 73.61
2026/09/07 03:49:04.387, 0, 100, 109876, 576.39
2026/09/07 03:49:04.389, 1, 0, 4, 73.58
2026/09/07 03:49:05.392, 0, 100, 109876, 570.87
2026/09/07 03:49:05.395, 1, 0, 4, 73.59
2026/09/07 03:49:06.396, 0, 100, 109876, 568.59
2026/09/07 03:49:06.399, 1, 0, 4, 73.55
2026/09/07 03:49:07.401, 0, 100, 109876, 585.50
2026/09/07 03:49:07.404, 1, 0, 4, 73.54
2026/09/07 03:49:08.406, 0, 100, 109876, 576.28
2026/09/07 03:49:08.409, 1, 0, 4, 73.54
2026/09/07 03:49:09.412, 0, 100, 109876, 582.84
2026/09/07 03:49:09.416, 1, 0, 4, 73.67
2026/09/07 03:49:10.419, 0, 100, 109876, 592.57
2026/09/07 03:49:10.421, 1, 0, 4, 73.70
2026/09/07 03:49:11.424, 0, 100, 109876, 559.50
2026/09/07 03:49:11.426, 1, 0, 4, 73.58
2026/09/07 03:49:12.428, 0, 100, 109876, 448.54
2026/09/07 03:49:12.431, 1, 0, 4, 73.59
2026/09/07 03:49:13.434, 0, 100, 109876, 518.76
2026/09/07 03:49:13.437, 1, 0, 4, 73.57
2026/09/07 03:49:14.439, 0, 100, 109876, 550.67
2026/09/07 03:49:14.442, 1, 0, 4, 73.58
2026/09/07 03:49:15.444, 0, 100, 109876, 562.92
2026/09/07 03:49:15.447, 1, 0, 4, 73.57
2026/09/07 03:49:16.449, 0, 99, 109876, 537.29
2026/09/07 03:49:16.452, 1, 0, 4, 73.56
2026/09/07 03:49:17.455, 0, 100, 109876, 552.52
2026/09/07 03:49:17.457, 1, 0, 4, 73.48
2026/09/07 03:49:18.460, 0, 100, 109876, 562.66
2026/09/07 03:49:18.463, 1, 0, 4, 73.57
2026/09/07 03:49:19.465, 0, 100, 109876, 554.40
2026/09/07 03:49:19.467, 1, 0, 4, 73.55
2026/09/07 03:49:20.470, 0, 99, 109876, 566.92
2026/09/07 03:49:20.472, 1, 0, 4, 73.51
2026/09/07 03:49:21.475, 0, 100, 109876, 551.77
2026/09/07 03:49:21.477, 1, 0, 4, 73.61
2026/09/07 03:49:22.479, 0, 100, 109876, 561.67
2026/09/07 03:49:22.482, 1, 0, 4, 73.59
2026/09/07 03:49:23.484, 0, 100, 109876, 570.01
2026/09/07 03:49:23.487, 1, 0, 4, 73.62
2026/09/07 03:49:24.489, 0, 100, 109876, 439.27
2026/09/07 03:49:24.492, 1, 0, 4, 73.54
2026/09/07 03:49:25.495, 0, 100, 109876, 551.07
2026/09/07 03:49:25.497, 1, 0, 4, 73.51
2026/09/07 03:49:26.500, 0, 100, 109876, 549.29
2026/09/07 03:49:26.503, 1, 0, 4, 73.53
2026/09/07 03:49:27.505, 0, 100, 109876, 559.01
2026/09/07 03:49:27.509, 1, 0, 4, 73.52
2026/09/07 03:49:28.513, 0, 100, 109876, 546.18
2026/09/07 03:49:28.516, 1, 0, 4, 73.57
2026/09/07 03:49:29.518, 0, 15, 109878, 518.45
2026/09/07 03:49:29.521, 1, 0, 4, 73.58
2026/09/07 03:49:30.524, 0, 99, 109878, 527.17
2026/09/07 03:49:30.526, 1, 0, 4, 73.54
2026/09/07 03:49:31.529, 0, 100, 109878, 538.53
2026/09/07 03:49:31.533, 1, 0, 4, 73.57
2026/09/07 03:49:32.536, 0, 100, 109878, 424.38
2026/09/07 03:49:32.538, 1, 0, 4, 73.63
2026/09/07 03:49:33.540, 0, 100, 109878, 532.85
2026/09/07 03:49:33.543, 1, 0, 4, 73.54
2026/09/07 03:49:34.546, 0, 100, 109878, 550.93
2026/09/07 03:49:34.549, 1, 0, 4, 73.51
2026/09/07 03:49:35.551, 0, 100, 109878, 536.06
2026/09/07 03:49:35.553, 1, 0, 4, 73.56
2026/09/07 03:49:36.556, 0, 97, 109880, 504.88
2026/09/07 03:49:36.562, 1, 0, 4, 73.52
2026/09/07 03:49:37.567, 0, 0, 109880, 346.11
2026/09/07 03:49:37.569, 1, 0, 4, 73.66
2026/09/07 03:49:38.572, 0, 100, 109880, 251.10
2026/09/07 03:49:38.574, 1, 0, 4, 73.64
2026/09/07 03:49:39.577, 0, 97, 109880, 439.24
2026/09/07 03:49:39.580, 1, 0, 4, 73.60
2026/09/07 03:49:40.583, 0, 98, 109880, 445.87
2026/09/07 03:49:40.585, 1, 0, 4, 73.58
2026/09/07 03:49:41.588, 0, 100, 109880, 443.14
2026/09/07 03:49:41.590, 1, 0, 4, 73.58
2026/09/07 03:49:42.592, 0, 100, 109880, 452.50
2026/09/07 03:49:42.595, 1, 0, 4, 73.57
2026/09/07 03:49:43.597, 0, 96, 109880, 455.02
2026/09/07 03:49:43.600, 1, 0, 4, 73.52
2026/09/07 03:49:44.603, 0, 97, 109880, 458.38
2026/09/07 03:49:44.606, 1, 0, 4, 73.56
2026/09/07 03:49:45.608, 0, 94, 109880, 458.93
2026/09/07 03:49:45.611, 1, 0, 4, 73.54
2026/09/07 03:49:46.614, 0, 97, 109880, 461.28
2026/09/07 03:49:46.619, 1, 0, 4, 73.60
2026/09/07 03:49:47.623, 0, 97, 109880, 461.98
2026/09/07 03:49:47.626, 1, 0, 4, 73.56
2026/09/07 03:49:48.628, 0, 100, 109880, 470.74
2026/09/07 03:49:48.631, 1, 0, 4, 73.57
2026/09/07 03:49:49.633, 0, 100, 109880, 471.88
2026/09/07 03:49:49.636, 1, 0, 4, 73.58
2026/09/07 03:49:50.639, 0, 98, 109880, 472.23
2026/09/07 03:49:50.641, 1, 0, 4, 73.59
2026/09/07 03:49:51.644, 0, 98, 109880, 471.73
2026/09/07 03:49:51.647, 1, 0, 4, 73.52
2026/09/07 03:49:52.650, 0, 96, 109880, 471.49
2026/09/07 03:49:52.653, 1, 0, 4, 73.59
2026/09/07 03:49:53.655, 0, 97, 109880, 483.50
2026/09/07 03:49:53.658, 1, 0, 4, 73.51
2026/09/07 03:49:54.661, 0, 100, 109880, 483.29
2026/09/07 03:49:54.664, 1, 0, 4, 73.57
2026/09/07 03:49:55.667, 0, 100, 109880, 470.13
2026/09/07 03:49:55.670, 1, 0, 4, 73.55
2026/09/07 03:49:56.672, 0, 99, 109880, 475.72
2026/09/07 03:49:56.675, 1, 0, 4, 73.62
2026/09/07 03:49:57.678, 0, 100, 109880, 477.11
2026/09/07 03:49:57.681, 1, 0, 4, 73.61
2026/09/07 03:49:58.683, 0, 100, 109880, 476.42
2026/09/07 03:49:58.686, 1, 0, 4, 73.59
2026/09/07 03:49:59.689, 0, 96, 109880, 475.83
2026/09/07 03:49:59.692, 1, 0, 4, 73.59
2026/09/07 03:50:00.694, 0, 100, 109880, 477.52
2026/09/07 03:50:00.697, 1, 0, 4, 73.57
2026/09/07 03:50:01.700, 0, 96, 109880, 486.19
2026/09/07 03:50:01.703, 1, 0, 4, 73.57
2026/09/07 03:50:02.705, 0, 100, 109880, 485.64
2026/09/07 03:50:02.709, 1, 0, 4, 73.54
2026/09/07 03:50:03.712, 0, 95, 109880, 481.58
2026/09/07 03:50:03.714, 1, 0, 4, 73.59
2026/09/07 03:50:04.717, 0, 100, 109880, 488.42
2026/09/07 03:50:04.720, 1, 0, 4, 73.57
2026/09/07 03:50:05.722, 0, 98, 109880, 483.37
2026/09/07 03:50:05.725, 1, 0, 4, 73.59
2026/09/07 03:50:06.729, 0, 100, 109880, 480.23
2026/09/07 03:50:06.732, 1, 0, 4, 73.58
2026/09/07 03:50:07.734, 0, 98, 109880, 488.76
2026/09/07 03:50:07.737, 1, 0, 4, 73.84
2026/09/07 03:50:08.739, 0, 99, 109880, 492.83
2026/09/07 03:50:08.742, 1, 0, 4, 73.87
2026/09/07 03:50:09.744, 0, 100, 109880, 480.74
2026/09/07 03:50:09.747, 1, 0, 4, 73.83
2026/09/07 03:50:10.750, 0, 96, 109880, 494.27
2026/09/07 03:50:10.752, 1, 0, 4, 73.84
2026/09/07 03:50:11.755, 0, 96, 109880, 386.89
2026/09/07 03:50:11.758, 1, 0, 4, 73.86
2026/09/07 03:50:12.760, 0, 100, 109880, 493.49
2026/09/07 03:50:12.763, 1, 0, 4, 73.86
2026/09/07 03:50:13.766, 0, 100, 109880, 499.69
2026/09/07 03:50:13.769, 1, 0, 4, 73.82
2026/09/07 03:50:14.772, 0, 100, 109880, 506.16
2026/09/07 03:50:14.775, 1, 0, 4, 73.86
2026/09/07 03:50:15.777, 0, 100, 109880, 496.68
2026/09/07 03:50:15.780, 1, 0, 4, 73.87
2026/09/07 03:50:16.783, 0, 100, 109880, 503.70
2026/09/07 03:50:16.785, 1, 0, 4, 73.90
2026/09/07 03:50:17.788, 0, 99, 109880, 507.83
2026/09/07 03:50:17.791, 1, 0, 4, 73.88
2026/09/07 03:50:18.793, 0, 98, 109880, 506.35
2026/09/07 03:50:18.796, 1, 0, 4, 73.83
2026/09/07 03:50:19.798, 0, 100, 109880, 517.43
2026/09/07 03:50:19.801, 1, 0, 4, 73.84
2026/09/07 03:50:20.804, 0, 98, 109880, 519.26
2026/09/07 03:50:20.806, 1, 0, 4, 73.87
2026/09/07 03:50:21.809, 0, 100, 109880, 510.55
2026/09/07 03:50:21.811, 1, 0, 4, 73.79
2026/09/07 03:50:22.814, 0, 100, 109880, 519.70
2026/09/07 03:50:22.817, 1, 0, 4, 73.80
2026/09/07 03:50:23.819, 0, 98, 109880, 525.22
2026/09/07 03:50:23.822, 1, 0, 4, 73.83
2026/09/07 03:50:24.825, 0, 100, 109880, 515.41
2026/09/07 03:50:24.827, 1, 0, 4, 73.78
2026/09/07 03:50:25.829, 0, 100, 109880, 527.09
2026/09/07 03:50:25.832, 1, 0, 4, 73.82
2026/09/07 03:50:26.834, 0, 100, 109880, 531.84
2026/09/07 03:50:26.837, 1, 0, 4, 73.85
2026/09/07 03:50:27.839, 0, 100, 109880, 526.57
2026/09/07 03:50:27.842, 1, 0, 4, 73.87
2026/09/07 03:50:28.844, 0, 100, 109880, 523.90
2026/09/07 03:50:28.847, 1, 0, 4, 73.78
2026/09/07 03:50:29.849, 0, 100, 109880, 537.22
2026/09/07 03:50:29.852, 1, 0, 4, 73.83
2026/09/07 03:50:30.855, 0, 100, 109880, 503.49
2026/09/07 03:50:30.858, 1, 0, 4, 73.81
2026/09/07 03:50:31.860, 0, 100, 109880, 562.77
2026/09/07 03:50:31.863, 1, 0, 4, 73.79
2026/09/07 03:50:32.865, 0, 100, 109880, 560.36
2026/09/07 03:50:32.868, 1, 0, 4, 73.81
2026/09/07 03:50:33.870, 0, 100, 109880, 558.51
2026/09/07 03:50:33.873, 1, 0, 4, 73.82
2026/09/07 03:50:34.876, 0, 100, 109880, 558.25
2026/09/07 03:50:34.879, 1, 0, 4, 73.84
2026/09/07 03:50:35.881, 0, 100, 109880, 564.68
2026/09/07 03:50:35.884, 1, 0, 4, 73.79
2026/09/07 03:50:36.887, 0, 100, 109880, 519.92
2026/09/07 03:50:36.889, 1, 0, 4, 73.87
2026/09/07 03:50:37.892, 0, 100, 109880, 531.62
2026/09/07 03:50:37.893, 1, 0, 4, 73.78
2026/09/07 03:50:38.895, 0, 100, 109880, 553.04
2026/09/07 03:50:38.899, 1, 0, 4, 73.82
2026/09/07 03:50:39.901, 0, 100, 109880, 542.09
2026/09/07 03:50:39.904, 1, 0, 4, 73.82
2026/09/07 03:50:40.907, 0, 100, 109880, 543.68
2026/09/07 03:50:40.910, 1, 0, 4, 73.82
2026/09/07 03:50:41.913, 0, 100, 109880, 550.15
2026/09/07 03:50:41.915, 1, 0, 4, 73.79
2026/09/07 03:50:42.917, 0, 100, 109880, 544.59
2026/09/07 03:50:42.920, 1, 0, 4, 73.78
2026/09/07 03:50:43.922, 0, 100, 109880, 546.00
2026/09/07 03:50:43.925, 1, 0, 4, 73.76
2026/09/07 03:50:44.927, 0, 100, 109880, 560.01
2026/09/07 03:50:44.929, 1, 0, 4, 73.84
2026/09/07 03:50:45.931, 0, 100, 109880, 546.24
2026/09/07 03:50:45.934, 1, 0, 4, 73.80
2026/09/07 03:50:46.936, 0, 100, 109880, 555.44
2026/09/07 03:50:46.939, 1, 0, 4, 73.79
2026/09/07 03:50:47.943, 0, 100, 109880, 520.70
2026/09/07 03:50:47.946, 1, 0, 4, 73.81
2026/09/07 03:50:48.948, 0, 100, 109880, 421.76
2026/09/07 03:50:48.951, 1, 0, 4, 73.78
2026/09/07 03:50:49.953, 0, 100, 109880, 538.18
2026/09/07 03:50:49.955, 1, 0, 4, 73.77
2026/09/07 03:50:50.957, 0, 100, 109880, 529.04
2026/09/07 03:50:50.961, 1, 0, 4, 73.81
2026/09/07 03:50:51.965, 0, 100, 109880, 536.30
2026/09/07 03:50:51.970, 1, 0, 4, 73.83
2026/09/07 03:50:52.972, 0, 100, 109880, 536.20
2026/09/07 03:50:52.976, 1, 0, 4, 73.78
2026/09/07 03:50:53.979, 0, 100, 109880, 413.92
2026/09/07 03:50:53.982, 1, 0, 4, 73.88
2026/09/07 03:50:54.984, 0, 100, 109880, 550.55
2026/09/07 03:50:54.989, 1, 0, 4, 73.83
2026/09/07 03:50:55.992, 0, 100, 109880, 539.80
2026/09/07 03:50:55.995, 1, 0, 4, 73.83
2026/09/07 03:50:56.997, 0, 100, 109880, 536.46
2026/09/07 03:50:56.999, 1, 0, 4, 73.81
2026/09/07 03:50:58.002, 0, 100, 109880, 527.15
2026/09/07 03:50:58.004, 1, 0, 4, 73.80
2026/09/07 03:50:59.006, 0, 100, 109880, 450.93
2026/09/07 03:50:59.009, 1, 0, 4, 73.84
2026/09/07 03:51:00.012, 0, 100, 109880, 556.37
2026/09/07 03:51:00.015, 1, 0, 4, 73.77
2026/09/07 03:51:01.017, 0, 100, 109880, 557.70
2026/09/07 03:51:01.019, 1, 0, 4, 73.78
2026/09/07 03:51:02.021, 0, 100, 109880, 547.91
2026/09/07 03:51:02.024, 1, 0, 4, 73.76
2026/09/07 03:51:03.028, 0, 100, 109880, 562.12
2026/09/07 03:51:03.031, 1, 0, 4, 73.83
2026/09/07 03:51:04.034, 0, 100, 109880, 537.56
2026/09/07 03:51:04.037, 1, 0, 4, 73.86
2026/09/07 03:51:05.040, 0, 100, 109880, 490.72
2026/09/07 03:51:05.042, 1, 0, 4, 73.86
2026/09/07 03:51:06.044, 0, 100, 109880, 537.99
2026/09/07 03:51:06.047, 1, 0, 4, 73.83
2026/09/07 03:51:07.050, 0, 100, 109880, 469.18
2026/09/07 03:51:07.052, 1, 0, 4, 73.86
2026/09/07 03:51:08.055, 0, 100, 109880, 500.84
2026/09/07 03:51:08.058, 1, 0, 4, 73.82
2026/09/07 03:51:09.060, 0, 100, 109880, 517.67
2026/09/07 03:51:09.062, 1, 0, 4, 73.85
2026/09/07 03:51:10.065, 0, 100, 109880, 523.94
2026/09/07 03:51:10.069, 1, 0, 4, 73.84
2026/09/07 03:51:11.071, 0, 100, 109880, 523.67
2026/09/07 03:51:11.074, 1, 0, 4, 73.83
2026/09/07 03:51:12.077, 0, 0, 109882, 367.61
2026/09/07 03:51:12.079, 1, 0, 4, 73.86
2026/09/07 03:51:13.082, 0, 100, 109882, 449.89
2026/09/07 03:51:13.085, 1, 0, 4, 73.79
2026/09/07 03:51:14.088, 0, 98, 109882, 478.20
2026/09/07 03:51:14.090, 1, 0, 4, 73.79
2026/09/07 03:51:15.093, 0, 100, 109882, 479.37
2026/09/07 03:51:15.097, 1, 0, 4, 73.75
2026/09/07 03:51:16.099, 0, 100, 109882, 487.86
2026/09/07 03:51:16.101, 1, 0, 4, 73.81
2026/09/07 03:51:17.104, 0, 99, 109882, 490.70
2026/09/07 03:51:17.106, 1, 0, 4, 73.83
2026/09/07 03:51:18.109, 0, 95, 109882, 482.49
2026/09/07 03:51:18.112, 1, 0, 4, 73.80
2026/09/07 03:51:19.114, 0, 97, 109882, 485.60
2026/09/07 03:51:19.117, 1, 0, 4, 73.82
2026/09/07 03:51:20.120, 0, 100, 109882, 488.20
2026/09/07 03:51:20.123, 1, 0, 4, 73.75
2026/09/07 03:51:21.125, 0, 100, 109882, 495.10
2026/09/07 03:51:21.128, 1, 0, 4, 73.89
2026/09/07 03:51:22.130, 0, 100, 109882, 497.06
2026/09/07 03:51:22.134, 1, 0, 4, 73.75
2026/09/07 03:51:23.137, 0, 95, 109882, 490.88
2026/09/07 03:51:23.140, 1, 0, 4, 73.86
2026/09/07 03:51:24.143, 0, 97, 109882, 497.77
2026/09/07 03:51:24.146, 1, 0, 4, 73.83
2026/09/07 03:51:25.148, 0, 100, 109882, 509.81
2026/09/07 03:51:25.151, 1, 0, 4, 73.82
2026/09/07 03:51:26.153, 0, 100, 109882, 499.86
2026/09/07 03:51:26.156, 1, 0, 4, 73.76
2026/09/07 03:51:27.159, 0, 97, 109882, 493.45
2026/09/07 03:51:27.161, 1, 0, 4, 73.77
2026/09/07 03:51:28.163, 0, 97, 109882, 509.40
2026/09/07 03:51:28.167, 1, 0, 4, 73.80
2026/09/07 03:51:29.170, 0, 100, 109882, 516.12
2026/09/07 03:51:29.173, 1, 0, 4, 73.83
2026/09/07 03:51:30.175, 0, 98, 109882, 499.27
2026/09/07 03:51:30.178, 1, 0, 4, 73.84
2026/09/07 03:51:31.180, 0, 100, 109882, 505.81
2026/09/07 03:51:31.183, 1, 0, 4, 73.81
2026/09/07 03:51:32.185, 0, 100, 109882, 515.74
2026/09/07 03:51:32.190, 1, 0, 4, 73.81
2026/09/07 03:51:33.192, 0, 100, 109882, 517.79
2026/09/07 03:51:33.195, 1, 0, 4, 73.79
2026/09/07 03:51:34.199, 0, 100, 109882, 510.57
2026/09/07 03:51:34.202, 1, 0, 4, 73.74
2026/09/07 03:51:35.205, 0, 97, 109882, 510.75
2026/09/07 03:51:35.208, 1, 0, 4, 73.82
2026/09/07 03:51:36.210, 0, 100, 109882, 523.72
2026/09/07 03:51:36.215, 1, 0, 4, 73.86
2026/09/07 03:51:37.217, 0, 97, 109882, 520.00
2026/09/07 03:51:37.221, 1, 0, 4, 73.86
2026/09/07 03:51:38.223, 0, 100, 109882, 517.72
2026/09/07 03:51:38.225, 1, 0, 4, 73.89
2026/09/07 03:51:39.228, 0, 98, 109882, 531.90
2026/09/07 03:51:39.231, 1, 0, 4, 73.82
2026/09/07 03:51:40.234, 0, 100, 109882, 525.13
2026/09/07 03:51:40.237, 1, 0, 4, 73.79
2026/09/07 03:51:41.239, 0, 100, 109882, 522.02
2026/09/07 03:51:41.242, 1, 0, 4, 73.81
2026/09/07 03:51:42.245, 0, 100, 109882, 529.02
2026/09/07 03:51:42.247, 1, 0, 4, 73.87
2026/09/07 03:51:43.250, 0, 100, 109882, 532.78
2026/09/07 03:51:43.253, 1, 0, 4, 73.82
2026/09/07 03:51:44.255, 0, 96, 109882, 518.83
2026/09/07 03:51:44.258, 1, 0, 4, 73.80
2026/09/07 03:51:45.260, 0, 100, 109882, 526.06
2026/09/07 03:51:45.263, 1, 0, 4, 73.83
2026/09/07 03:51:46.266, 0, 100, 109882, 498.27
2026/09/07 03:51:46.269, 1, 0, 4, 73.86
2026/09/07 03:51:47.271, 0, 100, 109882, 508.28
2026/09/07 03:51:47.274, 1, 0, 4, 73.86
2026/09/07 03:51:48.277, 0, 100, 109882, 515.62
2026/09/07 03:51:48.280, 1, 0, 4, 73.87
2026/09/07 03:51:49.282, 0, 96, 109882, 518.20
2026/09/07 03:51:49.285, 1, 0, 4, 73.82
2026/09/07 03:51:50.288, 0, 98, 109882, 511.93
2026/09/07 03:51:50.291, 1, 0, 4, 73.76
2026/09/07 03:51:51.293, 0, 100, 109882, 521.77
2026/09/07 03:51:51.296, 1, 0, 4, 73.80
2026/09/07 03:51:52.298, 0, 100, 109882, 528.90
2026/09/07 03:51:52.300, 1, 0, 4, 73.85
2026/09/07 03:51:53.303, 0, 100, 109882, 523.41
2026/09/07 03:51:53.305, 1, 0, 4, 73.77
2026/09/07 03:51:54.307, 0, 100, 109882, 499.89
2026/09/07 03:51:54.311, 1, 0, 4, 73.86
2026/09/07 03:51:55.314, 0, 100, 109882, 531.03
2026/09/07 03:51:55.317, 1, 0, 4, 73.78
2026/09/07 03:51:56.320, 0, 100, 109882, 524.03
2026/09/07 03:51:56.322, 1, 0, 4, 73.82
2026/09/07 03:51:57.325, 0, 100, 109882, 519.85
2026/09/07 03:51:57.328, 1, 0, 4, 73.84
2026/09/07 03:51:58.330, 0, 100, 109882, 529.73
2026/09/07 03:51:58.333, 1, 0, 4, 73.83
2026/09/07 03:51:59.335, 0, 100, 109882, 527.06
2026/09/07 03:51:59.338, 1, 0, 4, 73.84
2026/09/07 03:52:00.340, 0, 100, 109882, 533.42
2026/09/07 03:52:00.343, 1, 0, 4, 73.82
2026/09/07 03:52:01.345, 0, 100, 109882, 534.12
2026/09/07 03:52:01.349, 1, 0, 4, 73.83
2026/09/07 03:52:02.351, 0, 100, 109882, 505.19
2026/09/07 03:52:02.354, 1, 0, 4, 73.89
2026/09/07 03:52:03.356, 0, 100, 109882, 523.27
2026/09/07 03:52:03.359, 1, 0, 4, 73.84
2026/09/07 03:52:04.362, 0, 100, 109882, 529.07
2026/09/07 03:52:04.366, 1, 0, 4, 73.81
2026/09/07 03:52:05.369, 0, 100, 109882, 521.65
2026/09/07 03:52:05.372, 1, 0, 4, 73.83
2026/09/07 03:52:06.374, 0, 100, 109882, 538.78
2026/09/07 03:52:06.377, 1, 0, 4, 73.83
2026/09/07 03:52:07.379, 0, 100, 109882, 537.42
2026/09/07 03:52:07.383, 1, 0, 4, 73.76
2026/09/07 03:52:08.385, 0, 100, 109882, 532.21
2026/09/07 03:52:08.389, 1, 0, 4, 73.86
2026/09/07 03:52:09.391, 0, 100, 109882, 545.66
2026/09/07 03:52:09.394, 1, 0, 4, 73.85
2026/09/07 03:52:10.396, 0, 100, 109882, 544.96
2026/09/07 03:52:10.399, 1, 0, 4, 73.82
2026/09/07 03:52:11.401, 0, 87, 109882, 512.78
2026/09/07 03:52:11.404, 1, 0, 4, 73.84
2026/09/07 03:52:12.406, 0, 100, 109882, 523.55
2026/09/07 03:52:12.409, 1, 0, 4, 73.83
2026/09/07 03:52:13.411, 0, 100, 109882, 530.53
2026/09/07 03:52:13.414, 1, 0, 4, 73.84
2026/09/07 03:52:14.416, 0, 100, 109882, 514.94
2026/09/07 03:52:14.419, 1, 0, 4, 73.88
2026/09/07 03:52:15.421, 0, 100, 109882, 543.59
2026/09/07 03:52:15.424, 1, 0, 4, 73.82
2026/09/07 03:52:16.427, 0, 100, 109882, 533.46
2026/09/07 03:52:16.430, 1, 0, 4, 73.83
2026/09/07 03:52:17.432, 0, 100, 109882, 538.48
2026/09/07 03:52:17.435, 1, 0, 4, 73.83
2026/09/07 03:52:18.438, 0, 61, 109882, 422.19
2026/09/07 03:52:18.441, 1, 0, 4, 73.84
2026/09/07 03:52:19.443, 0, 99, 109882, 529.18
2026/09/07 03:52:19.446, 1, 0, 4, 73.86
2026/09/07 03:52:20.448, 0, 100, 109882, 525.12
2026/09/07 03:52:20.451, 1, 0, 4, 73.82
2026/09/07 03:52:21.454, 0, 100, 109882, 533.65
2026/09/07 03:52:21.456, 1, 0, 4, 73.79
2026/09/07 03:52:22.459, 0, 100, 109882, 525.41
2026/09/07 03:52:22.461, 1, 0, 4, 73.83
2026/09/07 03:52:23.464, 0, 100, 109882, 500.22
2026/09/07 03:52:23.467, 1, 0, 4, 73.86
2026/09/07 03:52:24.469, 0, 100, 109882, 430.98
2026/09/07 03:52:24.472, 1, 0, 4, 73.83
2026/09/07 03:52:25.474, 0, 100, 109882, 525.63
2026/09/07 03:52:25.477, 1, 0, 4, 73.79
2026/09/07 03:52:26.478, 0, 100, 109882, 535.99
2026/09/07 03:52:26.482, 1, 0, 4, 73.79
2026/09/07 03:52:27.484, 0, 99, 109882, 533.99
2026/09/07 03:52:27.488, 1, 0, 4, 73.85
2026/09/07 03:52:28.490, 0, 82, 109882, 502.01
2026/09/07 03:52:28.493, 1, 0, 4, 73.81
2026/09/07 03:52:29.496, 0, 100, 109882, 527.16
2026/09/07 03:52:29.500, 1, 0, 4, 73.84
2026/09/07 03:52:30.503, 0, 100, 109882, 524.40
2026/09/07 03:52:30.506, 1, 0, 4, 73.89
2026/09/07 03:52:31.509, 0, 99, 109882, 523.01
2026/09/07 03:52:31.512, 1, 0, 4, 73.80
2026/09/07 03:52:32.516, 0, 100, 109882, 533.61
2026/09/07 03:52:32.519, 1, 0, 4, 73.83
2026/09/07 03:52:33.522, 0, 0, 109882, 408.25
2026/09/07 03:52:33.525, 1, 0, 4, 73.82
2026/09/07 03:52:34.527, 0, 99, 109882, 521.08
2026/09/07 03:52:34.530, 1, 0, 4, 73.81
2026/09/07 03:52:35.533, 0, 100, 109882, 526.60
2026/09/07 03:52:35.538, 1, 0, 4, 73.78
2026/09/07 03:52:36.540, 0, 100, 109882, 522.63
2026/09/07 03:52:36.543, 1, 0, 4, 73.78
2026/09/07 03:52:37.546, 0, 100, 109882, 513.02
2026/09/07 03:52:37.549, 1, 0, 4, 73.81
2026/09/07 03:52:38.551, 0, 98, 109882, 516.75
2026/09/07 03:52:38.554, 1, 0, 4, 73.84
2026/09/07 03:52:39.556, 0, 98, 109884, 388.64
2026/09/07 03:52:39.559, 1, 0, 4, 73.86
2026/09/07 03:52:40.562, 0, 100, 109884, 511.21
2026/09/07 03:52:40.564, 1, 0, 4, 73.87
2026/09/07 03:52:41.567, 0, 100, 109884, 474.97
2026/09/07 03:52:41.570, 1, 0, 4, 73.89
2026/09/07 03:52:42.572, 0, 100, 109884, 503.52
2026/09/07 03:52:42.575, 1, 0, 4, 73.82
2026/09/07 03:52:43.577, 0, 100, 109884, 504.18
2026/09/07 03:52:43.582, 1, 0, 4, 73.80
2026/09/07 03:52:44.584, 0, 100, 109884, 498.65
2026/09/07 03:52:44.588, 1, 0, 4, 73.78
2026/09/07 03:52:45.590, 0, 100, 109884, 511.62
2026/09/07 03:52:45.593, 1, 0, 4, 73.79
2026/09/07 03:52:46.595, 0, 99, 109884, 342.89
2026/09/07 03:52:46.597, 1, 0, 4, 73.86
2026/09/07 03:52:47.599, 0, 99, 109884, 479.86
2026/09/07 03:52:47.602, 1, 0, 4, 73.80
2026/09/07 03:52:48.605, 0, 100, 109884, 485.84
2026/09/07 03:52:48.607, 1, 0, 4, 73.74
2026/09/07 03:52:49.609, 0, 100, 109884, 483.87
2026/09/07 03:52:49.613, 1, 0, 4, 73.82
2026/09/07 03:52:50.615, 0, 100, 109884, 482.71
2026/09/07 03:52:50.618, 1, 0, 4, 73.85
2026/09/07 03:52:51.620, 0, 100, 109884, 486.17
2026/09/07 03:52:51.623, 1, 0, 4, 73.83
2026/09/07 03:52:52.625, 0, 100, 109884, 486.27
2026/09/07 03:52:52.627, 1, 0, 4, 73.82
2026/09/07 03:52:53.629, 0, 100, 109884, 495.87
2026/09/07 03:52:53.632, 1, 0, 4, 73.85
2026/09/07 03:52:54.634, 0, 100, 109884, 503.34
2026/09/07 03:52:54.637, 1, 0, 4, 73.81
2026/09/07 03:52:55.640, 0, 100, 109884, 507.06
2026/09/07 03:52:55.642, 1, 0, 4, 73.83
2026/09/07 03:52:56.646, 0, 100, 109884, 508.83
2026/09/07 03:52:56.653, 1, 0, 4, 73.81
2026/09/07 03:52:57.657, 0, 100, 109884, 508.37
2026/09/07 03:52:57.660, 1, 0, 4, 73.83
2026/09/07 03:52:58.662, 0, 100, 109884, 507.52
2026/09/07 03:52:58.666, 1, 0, 4, 73.79
2026/09/07 03:52:59.668, 0, 100, 109884, 507.73
2026/09/07 03:52:59.671, 1, 0, 4, 73.82
2026/09/07 03:53:00.673, 0, 100, 109884, 515.80
2026/09/07 03:53:00.676, 1, 0, 4, 73.76
2026/09/07 03:53:01.678, 0, 99, 109884, 506.27
2026/09/07 03:53:01.681, 1, 0, 4, 73.83
2026/09/07 03:53:02.683, 0, 100, 109884, 509.46
2026/09/07 03:53:02.685, 1, 0, 4, 73.83
2026/09/07 03:53:03.688, 0, 98, 109884, 517.57
2026/09/07 03:53:03.690, 1, 0, 4, 73.79
2026/09/07 03:53:04.693, 0, 100, 109884, 510.57
2026/09/07 03:53:04.696, 1, 0, 4, 73.82
2026/09/07 03:53:05.698, 0, 100, 109884, 508.71
2026/09/07 03:53:05.702, 1, 0, 4, 73.79
2026/09/07 03:53:06.705, 0, 100, 109884, 520.05
2026/09/07 03:53:06.707, 1, 0, 4, 73.80
2026/09/07 03:53:07.710, 0, 100, 109884, 402.07
2026/09/07 03:53:07.714, 1, 0, 4, 73.81
2026/09/07 03:53:08.716, 0, 97, 109884, 518.23
2026/09/07 03:53:08.719, 1, 0, 4, 73.82
2026/09/07 03:53:09.721, 0, 100, 109884, 519.04
2026/09/07 03:53:09.724, 1, 0, 4, 73.76
2026/09/07 03:53:10.726, 0, 100, 109884, 524.59
2026/09/07 03:53:10.729, 1, 0, 4, 73.85
2026/09/07 03:53:11.732, 0, 100, 109884, 525.70
2026/09/07 03:53:11.735, 1, 0, 4, 73.85
2026/09/07 03:53:12.737, 0, 100, 109884, 526.65
2026/09/07 03:53:12.739, 1, 0, 4, 73.81
2026/09/07 03:53:13.741, 0, 100, 109884, 529.99
2026/09/07 03:53:13.744, 1, 0, 4, 73.85
2026/09/07 03:53:14.746, 0, 100, 109884, 531.33
2026/09/07 03:53:14.748, 1, 0, 4, 73.79
2026/09/07 03:53:15.751, 0, 100, 109884, 533.64
2026/09/07 03:53:15.754, 1, 0, 4, 73.75
2026/09/07 03:53:16.756, 0, 100, 109884, 532.45
2026/09/07 03:53:16.759, 1, 0, 4, 73.79
2026/09/07 03:53:17.762, 0, 100, 109884, 521.26
2026/09/07 03:53:17.765, 1, 0, 4, 73.77
2026/09/07 03:53:18.767, 0, 100, 109884, 534.53
2026/09/07 03:53:18.770, 1, 0, 4, 73.81
2026/09/07 03:53:19.772, 0, 100, 109884, 537.90
2026/09/07 03:53:19.775, 1, 0, 4, 73.81
2026/09/07 03:53:20.777, 0, 100, 109884, 530.24
2026/09/07 03:53:20.780, 1, 0, 4, 73.86
2026/09/07 03:53:21.783, 0, 100, 109884, 424.73
2026/09/07 03:53:21.785, 1, 0, 4, 73.81
2026/09/07 03:53:22.788, 0, 100, 109884, 526.40
2026/09/07 03:53:22.790, 1, 0, 4, 73.79
2026/09/07 03:53:23.792, 0, 100, 109884, 522.49
2026/09/07 03:53:23.795, 1, 0, 4, 73.86
2026/09/07 03:53:24.797, 0, 100, 109884, 526.04
2026/09/07 03:53:24.802, 1, 0, 4, 73.80
2026/09/07 03:53:25.804, 0, 100, 109884, 525.94
2026/09/07 03:53:25.807, 1, 0, 4, 73.89
2026/09/07 03:53:26.810, 0, 100, 109884, 522.43
2026/09/07 03:53:26.814, 1, 0, 4, 73.83
2026/09/07 03:53:27.816, 0, 100, 109884, 522.09
2026/09/07 03:53:27.819, 1, 0, 4, 73.82
2026/09/07 03:53:28.822, 0, 100, 109884, 534.99
2026/09/07 03:53:28.824, 1, 0, 4, 73.83
2026/09/07 03:53:29.827, 0, 100, 109884, 534.52
2026/09/07 03:53:29.829, 1, 0, 4, 73.83
2026/09/07 03:53:30.832, 0, 100, 109884, 503.54
2026/09/07 03:53:30.834, 1, 0, 4, 73.86
2026/09/07 03:53:31.837, 0, 100, 109884, 494.70
2026/09/07 03:53:31.840, 1, 0, 4, 73.83
2026/09/07 03:53:32.842, 0, 100, 109884, 518.70
2026/09/07 03:53:32.845, 1, 0, 4, 73.81
2026/09/07 03:53:33.847, 0, 100, 109884, 523.36
2026/09/07 03:53:33.850, 1, 0, 4, 73.80
2026/09/07 03:53:34.853, 0, 100, 109884, 524.26
2026/09/07 03:53:34.856, 1, 0, 4, 73.82
2026/09/07 03:53:35.858, 0, 100, 109884, 527.72
2026/09/07 03:53:35.864, 1, 0, 4, 73.76
2026/09/07 03:53:36.866, 0, 100, 109884, 520.11
2026/09/07 03:53:36.870, 1, 0, 4, 73.82
2026/09/07 03:53:37.872, 0, 100, 109884, 529.20
2026/09/07 03:53:37.875, 1, 0, 4, 73.88
2026/09/07 03:53:38.878, 0, 6, 109884, 417.47
2026/09/07 03:53:38.881, 1, 0, 4, 73.87
2026/09/07 03:53:39.883, 0, 99, 109884, 535.06
2026/09/07 03:53:39.886, 1, 0, 4, 73.82
2026/09/07 03:53:40.888, 0, 100, 109884, 522.48
2026/09/07 03:53:40.891, 1, 0, 4, 73.78
2026/09/07 03:53:41.893, 0, 100, 109884, 529.17
2026/09/07 03:53:41.896, 1, 0, 4, 73.76
2026/09/07 03:53:42.899, 0, 100, 109884, 524.57
2026/09/07 03:53:42.901, 1, 0, 4, 73.79
2026/09/07 03:53:43.903, 0, 100, 109884, 533.57
2026/09/07 03:53:43.906, 1, 0, 4, 73.75
2026/09/07 03:53:44.908, 0, 100, 109884, 533.96
2026/09/07 03:53:44.911, 1, 0, 4, 73.73
2026/09/07 03:53:45.914, 0, 100, 109884, 537.76
2026/09/07 03:53:45.917, 1, 0, 4, 73.78
2026/09/07 03:53:46.920, 0, 100, 109884, 540.57
2026/09/07 03:53:46.925, 1, 0, 4, 73.81
2026/09/07 03:53:47.927, 0, 100, 109884, 511.55
2026/09/07 03:53:47.930, 1, 0, 4, 73.83
2026/09/07 03:53:48.932, 0, 100, 109884, 524.87
2026/09/07 03:53:48.936, 1, 0, 4, 73.81
2026/09/07 03:53:49.938, 0, 100, 109884, 525.48
2026/09/07 03:53:49.940, 1, 0, 4, 73.79
2026/09/07 03:53:50.943, 0, 100, 109884, 537.14
2026/09/07 03:53:50.947, 1, 0, 4, 73.83
2026/09/07 03:53:51.950, 0, 100, 109884, 487.98
2026/09/07 03:53:51.953, 1, 0, 4, 73.77
2026/09/07 03:53:52.956, 0, 100, 109884, 527.44
2026/09/07 03:53:52.959, 1, 0, 4, 73.79
2026/09/07 03:53:53.962, 0, 100, 109884, 527.99
2026/09/07 03:53:53.965, 1, 0, 4, 73.81
2026/09/07 03:53:54.967, 0, 100, 109884, 535.23
2026/09/07 03:53:54.971, 1, 0, 4, 73.77
2026/09/07 03:53:55.975, 0, 100, 109884, 537.91
2026/09/07 03:53:55.978, 1, 0, 4, 73.82
2026/09/07 03:53:56.980, 0, 100, 109884, 534.86
2026/09/07 03:53:56.984, 1, 0, 4, 73.81
2026/09/07 03:53:57.986, 0, 100, 109884, 540.57
2026/09/07 03:53:57.989, 1, 0, 4, 73.86
2026/09/07 03:53:58.991, 0, 100, 109884, 421.99
2026/09/07 03:53:58.996, 1, 0, 4, 73.82
2026/09/07 03:53:59.999, 0, 100, 109884, 503.06
2026/09/07 03:54:00.002, 1, 0, 4, 73.80
2026/09/07 03:54:01.004, 0, 100, 109884, 529.63
2026/09/07 03:54:01.007, 1, 0, 4, 73.80
2026/09/07 03:54:02.009, 0, 99, 109884, 536.56
2026/09/07 03:54:02.012, 1, 0, 4, 73.77
2026/09/07 03:54:03.014, 0, 100, 109884, 538.59
2026/09/07 03:54:03.017, 1, 0, 4, 73.81
2026/09/07 03:54:04.019, 0, 100, 109884, 545.42
2026/09/07 03:54:04.022, 1, 0, 4, 73.76
2026/09/07 03:54:05.024, 0, 100, 109884, 498.93
2026/09/07 03:54:05.027, 1, 0, 4, 73.79
2026/09/07 03:54:06.029, 0, 100, 109884, 542.02
2026/09/07 03:54:06.032, 1, 0, 4, 73.81
2026/09/07 03:54:07.034, 0, 100, 109884, 542.88
2026/09/07 03:54:07.036, 1, 0, 4, 73.83
2026/09/07 03:54:08.039, 0, 100, 109884, 531.68
2026/09/07 03:54:08.042, 1, 0, 4, 73.76
2026/09/07 03:54:09.044, 0, 100, 109884, 538.79
2026/09/07 03:54:09.047, 1, 0, 4, 73.80
2026/09/07 03:54:10.049, 0, 100, 109884, 500.29
2026/09/07 03:54:10.052, 1, 0, 4, 73.81
2026/09/07 03:54:11.055, 0, 100, 109884, 522.05
2026/09/07 03:54:11.058, 1, 0, 4, 73.81
2026/09/07 03:54:12.060, 0, 100, 109884, 533.40
2026/09/07 03:54:12.063, 1, 0, 4, 73.71
2026/09/07 03:54:13.065, 0, 100, 109884, 518.52
2026/09/07 03:54:13.068, 1, 0, 4, 73.71
2026/09/07 03:54:14.070, 0, 100, 109884, 506.68
2026/09/07 03:54:14.073, 1, 0, 4, 73.78
2026/09/07 03:54:15.075, 0, 62, 109886, 478.06
2026/09/07 03:54:15.078, 1, 0, 4, 73.80
2026/09/07 03:54:16.081, 0, 100, 109886, 504.25
2026/09/07 03:54:16.083, 1, 0, 4, 73.84
2026/09/07 03:54:17.086, 0, 100, 109886, 502.30
2026/09/07 03:54:17.089, 1, 0, 4, 73.85
2026/09/07 03:54:18.090, 0, 100, 109886, 508.82
2026/09/07 03:54:18.093, 1, 0, 4, 73.79
2026/09/07 03:54:19.095, 0, 100, 109886, 507.47
2026/09/07 03:54:19.098, 1, 0, 4, 73.81
2026/09/07 03:54:20.100, 0, 100, 109886, 506.93
2026/09/07 03:54:20.103, 1, 0, 4, 73.81
2026/09/07 03:54:21.106, 0, 100, 109886, 511.36
2026/09/07 03:54:21.108, 1, 0, 4, 73.79
2026/09/07 03:54:22.111, 0, 43, 109888, 498.42
2026/09/07 03:54:22.113, 1, 0, 4, 73.84
2026/09/07 03:54:23.116, 0, 100, 109888, 440.08
2026/09/07 03:54:23.119, 1, 0, 4, 73.81
2026/09/07 03:54:24.122, 0, 99, 109888, 501.64
2026/09/07 03:54:24.124, 1, 0, 4, 73.87
2026/09/07 03:54:25.127, 0, 100, 109888, 500.71
2026/09/07 03:54:25.129, 1, 0, 4, 73.76
2026/09/07 03:54:26.131, 0, 99, 109888, 524.85
2026/09/07 03:54:26.133, 1, 0, 4, 73.83
2026/09/07 03:54:27.135, 0, 100, 109888, 501.52
2026/09/07 03:54:27.138, 1, 0, 4, 73.79
2026/09/07 03:54:28.140, 0, 100, 109888, 505.88
2026/09/07 03:54:28.143, 1, 0, 4, 73.78
2026/09/07 03:54:29.145, 0, 100, 109888, 501.92
2026/09/07 03:54:29.148, 1, 0, 4, 73.75
2026/09/07 03:54:30.150, 0, 100, 109888, 505.52
2026/09/07 03:54:30.153, 1, 0, 4, 73.83
2026/09/07 03:54:31.156, 0, 100, 109888, 481.32
2026/09/07 03:54:31.158, 1, 0, 4, 73.80
2026/09/07 03:54:32.160, 0, 99, 109888, 510.31
2026/09/07 03:54:32.162, 1, 0, 4, 73.81
2026/09/07 03:54:33.165, 0, 100, 109888, 506.45
2026/09/07 03:54:33.167, 1, 0, 4, 73.78
2026/09/07 03:54:34.169, 0, 100, 109888, 511.26
2026/09/07 03:54:34.172, 1, 0, 4, 73.78
2026/09/07 03:54:35.174, 0, 100, 109888, 510.04
2026/09/07 03:54:35.177, 1, 0, 4, 73.77
2026/09/07 03:54:36.179, 0, 100, 109888, 517.56
2026/09/07 03:54:36.182, 1, 0, 4, 73.79
2026/09/07 03:54:37.185, 0, 100, 109888, 507.85
2026/09/07 03:54:37.188, 1, 0, 4, 73.75
2026/09/07 03:54:38.190, 0, 100, 109888, 509.46
2026/09/07 03:54:38.194, 1, 0, 4, 73.81
2026/09/07 03:54:39.196, 0, 100, 109888, 511.75
2026/09/07 03:54:39.199, 1, 0, 4, 73.75
2026/09/07 03:54:40.202, 0, 100, 109888, 519.32
2026/09/07 03:54:40.205, 1, 0, 4, 73.83
2026/09/07 03:54:41.207, 0, 100, 109888, 507.05
2026/09/07 03:54:41.211, 1, 0, 4, 73.82
2026/09/07 03:54:42.214, 0, 100, 109888, 416.21
2026/09/07 03:54:42.216, 1, 0, 4, 73.83
2026/09/07 03:54:43.219, 0, 99, 109888, 516.59
2026/09/07 03:54:43.222, 1, 0, 4, 73.76
2026/09/07 03:54:44.224, 0, 100, 109888, 513.80
2026/09/07 03:54:44.227, 1, 0, 4, 73.75
2026/09/07 03:54:45.229, 0, 100, 109888, 516.86
2026/09/07 03:54:45.232, 1, 0, 4, 73.75
2026/09/07 03:54:46.234, 0, 100, 109888, 521.48
2026/09/07 03:54:46.237, 1, 0, 4, 73.78
2026/09/07 03:54:47.239, 0, 100, 109888, 513.91
2026/09/07 03:54:47.243, 1, 0, 4, 73.83
2026/09/07 03:54:48.245, 0, 100, 109888, 518.84
2026/09/07 03:54:48.248, 1, 0, 4, 73.86
2026/09/07 03:54:49.250, 0, 100, 109888, 525.97
2026/09/07 03:54:49.253, 1, 0, 4, 73.82
2026/09/07 03:54:50.256, 0, 100, 109888, 524.52
2026/09/07 03:54:50.259, 1, 0, 4, 73.79
2026/09/07 03:54:51.261, 0, 100, 109888, 522.46
2026/09/07 03:54:51.264, 1, 0, 4, 73.78
2026/09/07 03:54:52.266, 0, 100, 109888, 529.47
2026/09/07 03:54:52.269, 1, 0, 4, 73.81
2026/09/07 03:54:53.272, 0, 100, 109888, 530.70
2026/09/07 03:54:53.276, 1, 0, 4, 73.75
2026/09/07 03:54:54.278, 0, 100, 109888, 534.04
2026/09/07 03:54:54.281, 1, 0, 4, 73.81
2026/09/07 03:54:55.283, 0, 100, 109888, 526.67
2026/09/07 03:54:55.286, 1, 0, 4, 73.81
2026/09/07 03:54:56.288, 0, 100, 109888, 532.70
2026/09/07 03:54:56.291, 1, 0, 4, 73.78
2026/09/07 03:54:57.294, 0, 71, 109888, 512.20
2026/09/07 03:54:57.297, 1, 0, 4, 73.79
2026/09/07 03:54:58.299, 0, 100, 109888, 525.56
2026/09/07 03:54:58.302, 1, 0, 4, 73.82
2026/09/07 03:54:59.304, 0, 100, 109888, 523.47
2026/09/07 03:54:59.307, 1, 0, 4, 73.75
2026/09/07 03:55:00.309, 0, 100, 109888, 522.91
2026/09/07 03:55:00.312, 1, 0, 4, 73.77
2026/09/07 03:55:01.314, 0, 100, 109888, 495.87
2026/09/07 03:55:01.317, 1, 0, 4, 73.79
2026/09/07 03:55:02.319, 0, 100, 109888, 519.98
2026/09/07 03:55:02.322, 1, 0, 4, 73.80
2026/09/07 03:55:03.324, 0, 100, 109888, 522.23
2026/09/07 03:55:03.327, 1, 0, 4, 73.78
2026/09/07 03:55:04.329, 0, 100, 109888, 516.39
2026/09/07 03:55:04.331, 1, 0, 4, 73.83
2026/09/07 03:55:05.334, 0, 100, 109888, 482.70
2026/09/07 03:55:05.336, 1, 0, 4, 73.83
2026/09/07 03:55:06.338, 0, 100, 109888, 410.34
2026/09/07 03:55:06.341, 1, 0, 4, 73.79
2026/09/07 03:55:07.343, 0, 100, 109888, 515.95
2026/09/07 03:55:07.346, 1, 0, 4, 73.81
2026/09/07 03:55:08.348, 0, 100, 109888, 516.70
2026/09/07 03:55:08.351, 1, 0, 4, 73.81
2026/09/07 03:55:09.353, 0, 100, 109888, 518.46
2026/09/07 03:55:09.356, 1, 0, 4, 73.76
2026/09/07 03:55:10.359, 0, 100, 109888, 518.53
2026/09/07 03:55:10.362, 1, 0, 4, 73.75
2026/09/07 03:55:11.364, 0, 99, 109888, 524.53
2026/09/07 03:55:11.367, 1, 0, 4, 73.80
2026/09/07 03:55:12.370, 0, 100, 109888, 521.70
2026/09/07 03:55:12.373, 1, 0, 4, 73.82
2026/09/07 03:55:13.375, 0, 99, 109888, 521.86
2026/09/07 03:55:13.378, 1, 0, 4, 73.79
2026/09/07 03:55:14.381, 0, 100, 109888, 529.07
2026/09/07 03:55:14.384, 1, 0, 4, 73.86
2026/09/07 03:55:15.386, 0, 100, 109888, 527.30
2026/09/07 03:55:15.389, 1, 0, 4, 73.75
2026/09/07 03:55:16.391, 0, 100, 109890, 493.54
2026/09/07 03:55:16.394, 1, 0, 4, 73.82
2026/09/07 03:55:17.396, 0, 99, 109890, 520.55
2026/09/07 03:55:17.399, 1, 0, 4, 73.76
2026/09/07 03:55:18.401, 0, 100, 109890, 516.87
2026/09/07 03:55:18.404, 1, 0, 4, 73.81
2026/09/07 03:55:19.407, 0, 100, 109890, 515.15
2026/09/07 03:55:19.409, 1, 0, 4, 73.72
2026/09/07 03:55:20.412, 0, 100, 109890, 517.85
2026/09/07 03:55:20.415, 1, 0, 4, 73.83
2026/09/07 03:55:21.417, 0, 100, 109890, 514.94
2026/09/07 03:55:21.420, 1, 0, 4, 73.85
2026/09/07 03:55:22.423, 0, 100, 109890, 510.35
2026/09/07 03:55:22.425, 1, 0, 4, 73.86
2026/09/07 03:55:23.428, 0, 100, 109890, 499.82
2026/09/07 03:55:23.431, 1, 0, 4, 73.81
2026/09/07 03:55:24.434, 0, 100, 109890, 511.74
2026/09/07 03:55:24.436, 1, 0, 4, 73.81
2026/09/07 03:55:25.438, 0, 100, 109890, 514.53
2026/09/07 03:55:25.442, 1, 0, 4, 73.75
2026/09/07 03:55:26.444, 0, 100, 109890, 530.49
2026/09/07 03:55:26.447, 1, 0, 4, 73.77
2026/09/07 03:55:27.450, 0, 100, 109890, 525.63
2026/09/07 03:55:27.454, 1, 0, 4, 73.69
2026/09/07 03:55:28.456, 0, 100, 109890, 522.99
2026/09/07 03:55:28.459, 1, 0, 4, 73.80
2026/09/07 03:55:29.461, 0, 100, 109890, 533.20
2026/09/07 03:55:29.464, 1, 0, 4, 73.84
2026/09/07 03:55:30.467, 0, 100, 109890, 536.91
2026/09/07 03:55:30.471, 1, 0, 4, 73.79
2026/09/07 03:55:31.474, 0, 100, 109890, 534.24
2026/09/07 03:55:31.478, 1, 0, 4, 73.71
2026/09/07 03:55:32.480, 0, 100, 109890, 532.82
2026/09/07 03:55:32.483, 1, 0, 4, 73.77
2026/09/07 03:55:33.486, 0, 100, 109890, 519.87
2026/09/07 03:55:33.489, 1, 0, 4, 73.80
2026/09/07 03:55:34.492, 0, 100, 109890, 531.77
2026/09/07 03:55:34.494, 1, 0, 4, 73.78
2026/09/07 03:55:35.498, 0, 100, 109890, 541.58
2026/09/07 03:55:35.501, 1, 0, 4, 73.80
2026/09/07 03:55:36.503, 0, 100, 109890, 545.14
2026/09/07 03:55:36.506, 1, 0, 4, 73.84
2026/09/07 03:55:37.509, 0, 100, 109890, 538.74
2026/09/07 03:55:37.512, 1, 0, 4, 73.81
2026/09/07 03:55:38.514, 0, 100, 109892, 543.93
2026/09/07 03:55:38.517, 1, 0, 4, 73.77
2026/09/07 03:55:39.519, 0, 100, 109894, 451.46
2026/09/07 03:55:39.522, 1, 0, 4, 73.80
2026/09/07 03:55:40.525, 0, 100, 109894, 537.41
2026/09/07 03:55:40.527, 1, 0, 4, 73.75
2026/09/07 03:55:41.529, 0, 100, 109894, 530.92
2026/09/07 03:55:41.535, 1, 0, 4, 73.77
2026/09/07 03:55:42.538, 0, 100, 109894, 532.55
2026/09/07 03:55:42.541, 1, 0, 4, 73.81
2026/09/07 03:55:43.544, 0, 100, 109894, 536.52
2026/09/07 03:55:43.547, 1, 0, 4, 73.75
2026/09/07 03:55:44.549, 0, 100, 109894, 491.65
2026/09/07 03:55:44.552, 1, 0, 4, 73.78
2026/09/07 03:55:45.554, 0, 100, 109894, 528.36
2026/09/07 03:55:45.557, 1, 0, 4, 73.79
2026/09/07 03:55:46.559, 0, 100, 109894, 529.29
2026/09/07 03:55:46.562, 1, 0, 4, 73.78
2026/09/07 03:55:47.566, 0, 100, 109894, 540.78
2026/09/07 03:55:47.568, 1, 0, 4, 73.81
2026/09/07 03:55:48.570, 0, 100, 109894, 517.61
2026/09/07 03:55:48.573, 1, 0, 4, 73.78
2026/09/07 03:55:49.576, 0, 100, 109894, 508.26
2026/09/07 03:55:49.580, 1, 0, 4, 73.77
2026/09/07 03:55:50.582, 0, 100, 109894, 525.05
2026/09/07 03:55:50.585, 1, 0, 4, 73.79
2026/09/07 03:55:51.588, 0, 100, 109894, 519.65
2026/09/07 03:55:51.591, 1, 0, 4, 73.82
2026/09/07 03:55:52.594, 0, 100, 109894, 531.48
2026/09/07 03:55:52.597, 1, 0, 4, 73.81
2026/09/07 03:55:53.600, 0, 100, 109894, 517.00
2026/09/07 03:55:53.603, 1, 0, 4, 73.79
2026/09/07 03:55:54.606, 0, 100, 109894, 526.16
2026/09/07 03:55:54.609, 1, 0, 4, 73.78
2026/09/07 03:55:55.611, 0, 100, 109894, 528.73
2026/09/07 03:55:55.615, 1, 0, 4, 73.76
2026/09/07 03:55:56.617, 0, 99, 109894, 507.17
2026/09/07 03:55:56.619, 1, 0, 4, 73.81
2026/09/07 03:55:57.622, 0, 100, 109894, 459.48
2026/09/07 03:55:57.625, 1, 0, 4, 73.76
2026/09/07 03:55:58.629, 0, 100, 109894, 507.05
2026/09/07 03:55:58.632, 1, 0, 4, 73.75
2026/09/07 03:55:59.634, 0, 100, 109894, 510.01
2026/09/07 03:55:59.637, 1, 0, 4, 73.79
2026/09/07 03:56:00.638, 0, 100, 109894, 510.29
2026/09/07 03:56:00.641, 1, 0, 4, 73.78
2026/09/07 03:56:01.643, 0, 100, 109894, 515.24
2026/09/07 03:56:01.646, 1, 0, 4, 73.78
2026/09/07 03:56:02.649, 0, 100, 109894, 513.41
2026/09/07 03:56:02.652, 1, 0, 4, 73.75
2026/09/07 03:56:03.655, 0, 100, 109894, 514.81
2026/09/07 03:56:03.657, 1, 0, 4, 73.74
2026/09/07 03:56:04.660, 0, 99, 109894, 520.72
2026/09/07 03:56:04.663, 1, 0, 4, 73.79
2026/09/07 03:56:05.665, 0, 100, 109894, 405.59
2026/09/07 03:56:05.668, 1, 0, 4, 73.80
2026/09/07 03:56:06.670, 0, 100, 109894, 505.63
2026/09/07 03:56:06.672, 1, 0, 4, 73.69
2026/09/07 03:56:07.674, 0, 99, 109894, 483.53
2026/09/07 03:56:07.677, 1, 0, 4, 73.74
2026/09/07 03:56:08.679, 0, 100, 109894, 504.82
2026/09/07 03:56:08.681, 1, 0, 4, 73.78
2026/09/07 03:56:09.683, 0, 100, 109894, 505.68
2026/09/07 03:56:09.686, 1, 0, 4, 73.78
2026/09/07 03:56:10.688, 0, 100, 109894, 506.83
2026/09/07 03:56:10.690, 1, 0, 4, 73.79
2026/09/07 03:56:11.693, 0, 100, 109894, 511.05
2026/09/07 03:56:11.696, 1, 0, 4, 73.84
2026/09/07 03:56:12.699, 0, 100, 109894, 519.86
2026/09/07 03:56:12.701, 1, 0, 4, 73.79
2026/09/07 03:56:13.703, 0, 100, 109894, 518.88
2026/09/07 03:56:13.706, 1, 0, 4, 73.83
2026/09/07 03:56:14.709, 0, 100, 109894, 519.53
2026/09/07 03:56:14.712, 1, 0, 4, 73.73
2026/09/07 03:56:15.714, 0, 99, 109894, 529.68
2026/09/07 03:56:15.717, 1, 0, 4, 73.78
2026/09/07 03:56:16.719, 0, 100, 109894, 526.47
2026/09/07 03:56:16.722, 1, 0, 4, 73.74
2026/09/07 03:56:17.724, 0, 100, 109894, 409.38
2026/09/07 03:56:17.726, 1, 0, 4, 73.79
2026/09/07 03:56:18.729, 0, 100, 109894, 519.48
2026/09/07 03:56:18.731, 1, 0, 4, 73.73
2026/09/07 03:56:19.734, 0, 100, 109894, 522.97
2026/09/07 03:56:19.738, 1, 0, 4, 73.84
2026/09/07 03:56:20.741, 0, 100, 109894, 514.83
2026/09/07 03:56:20.744, 1, 0, 4, 73.82
2026/09/07 03:56:21.747, 0, 100, 109894, 512.38
2026/09/07 03:56:21.750, 1, 0, 4, 73.86
2026/09/07 03:56:22.752, 0, 99, 109894, 518.06
2026/09/07 03:56:22.755, 1, 0, 4, 73.83
2026/09/07 03:56:23.757, 0, 100, 109894, 525.02
2026/09/07 03:56:23.760, 1, 0, 4, 73.82
2026/09/07 03:56:24.762, 0, 99, 109894, 515.80
2026/09/07 03:56:24.764, 1, 0, 4, 73.77
2026/09/07 03:56:25.767, 0, 100, 109894, 529.76
2026/09/07 03:56:25.769, 1, 0, 4, 73.78
2026/09/07 03:56:26.771, 0, 100, 109894, 534.65
2026/09/07 03:56:26.774, 1, 0, 4, 73.75
2026/09/07 03:56:27.777, 0, 100, 109894, 527.76
2026/09/07 03:56:27.780, 1, 0, 4, 73.81
2026/09/07 03:56:28.783, 0, 100, 109894, 539.39
2026/09/07 03:56:28.785, 1, 0, 4, 73.81
2026/09/07 03:56:29.788, 0, 100, 109894, 538.13
2026/09/07 03:56:29.790, 1, 0, 4, 73.79
2026/09/07 03:56:30.793, 0, 100, 109894, 543.81
2026/09/07 03:56:30.796, 1, 0, 4, 73.82
2026/09/07 03:56:31.798, 0, 100, 109894, 544.52
2026/09/07 03:56:31.801, 1, 0, 4, 73.81
2026/09/07 03:56:32.803, 0, 62, 109894, 515.16
2026/09/07 03:56:32.805, 1, 0, 4, 73.80
2026/09/07 03:56:33.808, 0, 100, 109894, 516.01
2026/09/07 03:56:33.810, 1, 0, 4, 73.82
2026/09/07 03:56:34.814, 0, 100, 109894, 527.37
2026/09/07 03:56:34.816, 1, 0, 4, 73.78
2026/09/07 03:56:35.818, 0, 100, 109894, 529.65
2026/09/07 03:56:35.821, 1, 0, 4, 73.79
2026/09/07 03:56:36.823, 0, 100, 109894, 498.84
2026/09/07 03:56:36.826, 1, 0, 4, 73.84
2026/09/07 03:56:37.828, 0, 100, 109894, 522.85
2026/09/07 03:56:37.830, 1, 0, 4, 73.78
2026/09/07 03:56:38.832, 0, 100, 109894, 530.10
2026/09/07 03:56:38.834, 1, 0, 4, 73.79
2026/09/07 03:56:39.836, 0, 100, 109894, 518.19
2026/09/07 03:56:39.839, 1, 0, 4, 73.78
2026/09/07 03:56:40.841, 0, 83, 109894, 503.74
2026/09/07 03:56:40.845, 1, 0, 4, 73.72
2026/09/07 03:56:41.847, 0, 98, 109894, 407.93
2026/09/07 03:56:41.850, 1, 0, 4, 73.80
2026/09/07 03:56:42.852, 0, 100, 109894, 513.40
2026/09/07 03:56:42.855, 1, 0, 4, 73.80
2026/09/07 03:56:43.857, 0, 100, 109894, 517.16
2026/09/07 03:56:43.859, 1, 0, 4, 73.80
2026/09/07 03:56:44.861, 0, 100, 109894, 522.34
2026/09/07 03:56:44.864, 1, 0, 4, 73.78
2026/09/07 03:56:45.868, 0, 100, 109894, 519.95
2026/09/07 03:56:45.871, 1, 0, 4, 73.76
2026/09/07 03:56:46.873, 0, 100, 109894, 523.61
2026/09/07 03:56:46.876, 1, 0, 4, 73.79
2026/09/07 03:56:47.878, 0, 100, 109894, 525.42
2026/09/07 03:56:47.881, 1, 0, 4, 73.75
2026/09/07 03:56:48.884, 0, 100, 109894, 528.38
2026/09/07 03:56:48.887, 1, 0, 4, 73.77
2026/09/07 03:56:49.889, 0, 98, 109894, 525.89
2026/09/07 03:56:49.892, 1, 0, 4, 73.83
2026/09/07 03:56:50.894, 0, 100, 109894, 531.04
2026/09/07 03:56:50.897, 1, 0, 4, 73.83
2026/09/07 03:56:51.899, 0, 100, 109894, 500.84
2026/09/07 03:56:51.902, 1, 0, 4, 73.77
2026/09/07 03:56:52.905, 0, 98, 109894, 516.69
2026/09/07 03:56:52.908, 1, 0, 4, 73.78
2026/09/07 03:56:53.910, 0, 100, 109894, 520.97
2026/09/07 03:56:53.912, 1, 0, 4, 73.76
2026/09/07 03:56:54.914, 0, 100, 109894, 515.42
2026/09/07 03:56:54.917, 1, 0, 4, 73.79
2026/09/07 03:56:55.920, 0, 100, 109894, 512.56
2026/09/07 03:56:55.923, 1, 0, 4, 73.72
2026/09/07 03:56:56.925, 0, 99, 109894, 519.81
2026/09/07 03:56:56.928, 1, 0, 4, 73.74
2026/09/07 03:56:57.930, 0, 98, 109894, 511.36
2026/09/07 03:56:57.933, 1, 0, 4, 73.87
2026/09/07 03:56:58.936, 0, 97, 109894, 485.67
2026/09/07 03:56:58.939, 1, 0, 4, 73.83
2026/09/07 03:56:59.942, 0, 100, 109894, 511.66
2026/09/07 03:56:59.945, 1, 0, 4, 73.76
2026/09/07 03:57:00.947, 0, 100, 109894, 515.47
2026/09/07 03:57:00.950, 1, 0, 4, 73.83
2026/09/07 03:57:01.952, 0, 100, 109894, 523.35
2026/09/07 03:57:01.955, 1, 0, 4, 73.81
2026/09/07 03:57:02.958, 0, 99, 109894, 522.77
2026/09/07 03:57:02.961, 1, 0, 4, 73.77
2026/09/07 03:57:03.965, 0, 98, 109894, 534.62
2026/09/07 03:57:03.968, 1, 0, 4, 73.83
2026/09/07 03:57:04.970, 0, 100, 109894, 526.79
2026/09/07 03:57:04.974, 1, 0, 4, 73.79
2026/09/07 03:57:05.977, 0, 100, 109894, 536.26
2026/09/07 03:57:05.980, 1, 0, 4, 73.81
2026/09/07 03:57:06.983, 0, 99, 109894, 530.63
2026/09/07 03:57:06.986, 1, 0, 4, 73.76
2026/09/07 03:57:07.988, 0, 100, 109894, 532.20
2026/09/07 03:57:07.990, 1, 0, 4, 73.86
2026/09/07 03:57:08.993, 0, 99, 109894, 519.00
2026/09/07 03:57:08.995, 1, 0, 4, 73.88
2026/09/07 03:57:09.997, 0, 100, 109894, 534.79
2026/09/07 03:57:10.000, 1, 0, 4, 73.77
2026/09/07 03:57:11.002, 0, 99, 109894, 536.76
2026/09/07 03:57:11.007, 1, 0, 4, 73.74
2026/09/07 03:57:12.010, 0, 41, 109894, 516.93
2026/09/07 03:57:12.012, 1, 0, 4, 73.75
2026/09/07 03:57:13.014, 0, 100, 109894, 521.92
2026/09/07 03:57:13.017, 1, 0, 4, 73.78
2026/09/07 03:57:14.019, 0, 100, 109894, 532.32
2026/09/07 03:57:14.020, 1, 0, 4, 73.83
2026/09/07 03:57:15.022, 0, 100, 109894, 473.47
2026/09/07 03:57:15.025, 1, 0, 4, 73.85
2026/09/07 03:57:16.027, 0, 100, 109894, 520.82
2026/09/07 03:57:16.029, 1, 0, 4, 73.86
2026/09/07 03:57:17.033, 0, 100, 109894, 529.65
2026/09/07 03:57:17.035, 1, 0, 4, 73.76
2026/09/07 03:57:18.037, 0, 100, 109894, 526.31
2026/09/07 03:57:18.039, 1, 0, 4, 73.75
2026/09/07 03:57:19.042, 0, 100, 109894, 533.84
2026/09/07 03:57:19.044, 1, 0, 4, 73.74
2026/09/07 03:57:20.046, 0, 100, 109894, 536.38
2026/09/07 03:57:20.049, 1, 0, 4, 73.78
2026/09/07 03:57:21.051, 0, 98, 109894, 543.12
2026/09/07 03:57:21.054, 1, 0, 4, 73.79
2026/09/07 03:57:22.056, 0, 100, 109894, 540.42
2026/09/07 03:57:22.059, 1, 0, 4, 73.81
2026/09/07 03:57:23.061, 0, 0, 109894, 445.60
2026/09/07 03:57:23.064, 1, 0, 4, 73.78
2026/09/07 03:57:24.067, 0, 99, 109894, 524.43
2026/09/07 03:57:24.069, 1, 0, 4, 73.81
2026/09/07 03:57:25.073, 0, 100, 109894, 494.22
2026/09/07 03:57:25.076, 1, 0, 4, 73.81
2026/09/07 03:57:26.079, 0, 100, 109894, 506.23
2026/09/07 03:57:26.082, 1, 0, 4, 73.80
2026/09/07 03:57:27.084, 0, 100, 109894, 513.76
2026/09/07 03:57:27.087, 1, 0, 4, 73.78
2026/09/07 03:57:28.089, 0, 100, 109894, 522.04
2026/09/07 03:57:28.091, 1, 0, 4, 73.78
2026/09/07 03:57:29.094, 0, 100, 109894, 510.71
2026/09/07 03:57:29.096, 1, 0, 4, 73.80
2026/09/07 03:57:30.099, 0, 100, 109894, 511.46
2026/09/07 03:57:30.102, 1, 0, 4, 73.80
2026/09/07 03:57:31.104, 0, 100, 109894, 524.11
2026/09/07 03:57:31.106, 1, 0, 4, 73.83
2026/09/07 03:57:32.109, 0, 100, 109894, 496.44
2026/09/07 03:57:32.111, 1, 0, 4, 73.81
2026/09/07 03:57:33.114, 0, 100, 109894, 520.44
2026/09/07 03:57:33.116, 1, 0, 4, 73.78
2026/09/07 03:57:34.118, 0, 100, 109894, 526.80
2026/09/07 03:57:34.121, 1, 0, 4, 73.81
2026/09/07 03:57:35.123, 0, 100, 109894, 522.47
2026/09/07 03:57:35.126, 1, 0, 4, 73.74
2026/09/07 03:57:36.128, 0, 100, 109894, 526.30
2026/09/07 03:57:36.131, 1, 0, 4, 73.79
2026/09/07 03:57:37.133, 0, 99, 109894, 532.73
2026/09/07 03:57:37.136, 1, 0, 4, 73.85
2026/09/07 03:57:38.139, 0, 100, 109894, 524.70
2026/09/07 03:57:38.142, 1, 0, 4, 73.76
2026/09/07 03:57:39.144, 0, 98, 109894, 524.03
2026/09/07 03:57:39.147, 1, 0, 4, 73.79
2026/09/07 03:57:40.149, 0, 97, 109894, 507.65
2026/09/07 03:57:40.151, 1, 0, 4, 73.80
2026/09/07 03:57:41.154, 0, 100, 109894, 523.05
2026/09/07 03:57:41.156, 1, 0, 4, 73.77
2026/09/07 03:57:42.158, 0, 61, 109894, 494.68
2026/09/07 03:57:42.160, 1, 0, 4, 73.80
2026/09/07 03:57:43.162, 0, 100, 109894, 507.86
2026/09/07 03:57:43.164, 1, 0, 4, 73.77
2026/09/07 03:57:44.167, 0, 100, 109894, 511.51
2026/09/07 03:57:44.170, 1, 0, 4, 73.79
2026/09/07 03:57:45.172, 0, 100, 109894, 517.47
2026/09/07 03:57:45.175, 1, 0, 4, 73.80
2026/09/07 03:57:46.177, 0, 98, 109894, 519.50
2026/09/07 03:57:46.180, 1, 0, 4, 73.79
2026/09/07 03:57:47.182, 0, 100, 109894, 526.10
2026/09/07 03:57:47.185, 1, 0, 4, 73.81
2026/09/07 03:57:48.188, 0, 100, 109894, 529.30
2026/09/07 03:57:48.190, 1, 0, 4, 73.85
2026/09/07 03:57:49.193, 0, 100, 109894, 520.72
2026/09/07 03:57:49.195, 1, 0, 4, 73.82
2026/09/07 03:57:50.197, 0, 100, 109894, 523.38
2026/09/07 03:57:50.200, 1, 0, 4, 73.80
2026/09/07 03:57:51.203, 0, 100, 109894, 528.35
2026/09/07 03:57:51.205, 1, 0, 4, 73.83
2026/09/07 03:57:52.208, 0, 100, 109894, 501.85
2026/09/07 03:57:52.211, 1, 0, 4, 73.80
2026/09/07 03:57:53.213, 0, 100, 109894, 523.24
2026/09/07 03:57:53.215, 1, 0, 4, 73.78
2026/09/07 03:57:54.217, 0, 100, 109894, 520.66
2026/09/07 03:57:54.220, 1, 0, 4, 73.80
2026/09/07 03:57:55.222, 0, 100, 109894, 497.47
2026/09/07 03:57:55.224, 1, 0, 4, 73.76
2026/09/07 03:57:56.226, 0, 100, 109894, 520.35
2026/09/07 03:57:56.229, 1, 0, 4, 73.86
2026/09/07 03:57:57.231, 0, 100, 109894, 517.29
2026/09/07 03:57:57.233, 1, 0, 4, 73.85
2026/09/07 03:57:58.235, 0, 100, 109894, 513.77
2026/09/07 03:57:58.238, 1, 0, 4, 73.76
2026/09/07 03:57:59.240, 0, 100, 109894, 524.39
2026/09/07 03:57:59.243, 1, 0, 4, 73.78
2026/09/07 03:58:00.245, 0, 100, 109894, 523.20
2026/09/07 03:58:00.248, 1, 0, 4, 73.75
2026/09/07 03:58:01.250, 0, 100, 109894, 493.21
2026/09/07 03:58:01.253, 1, 0, 4, 73.75
2026/09/07 03:58:02.255, 0, 100, 109894, 515.65
2026/09/07 03:58:02.257, 1, 0, 4, 73.76
2026/09/07 03:58:03.260, 0, 100, 109894, 520.86
2026/09/07 03:58:03.262, 1, 0, 4, 73.79
2026/09/07 03:58:04.265, 0, 100, 109894, 493.26
2026/09/07 03:58:04.267, 1, 0, 4, 73.89
2026/09/07 03:58:05.269, 0, 100, 109894, 520.13
2026/09/07 03:58:05.272, 1, 0, 4, 73.79
2026/09/07 03:58:06.275, 0, 100, 109894, 520.80
2026/09/07 03:58:06.277, 1, 0, 4, 73.77
2026/09/07 03:58:07.280, 0, 100, 109894, 522.25
2026/09/07 03:58:07.282, 1, 0, 4, 73.82
2026/09/07 03:58:08.284, 0, 100, 109894, 502.37
2026/09/07 03:58:08.287, 1, 0, 4, 73.75
2026/09/07 03:58:09.289, 0, 100, 109894, 515.85
2026/09/07 03:58:09.291, 1, 0, 4, 73.79
2026/09/07 03:58:10.293, 0, 99, 109894, 518.45
2026/09/07 03:58:10.296, 1, 0, 4, 73.81
2026/09/07 03:58:11.298, 0, 100, 109894, 522.12
2026/09/07 03:58:11.301, 1, 0, 4, 73.82
2026/09/07 03:58:12.303, 0, 99, 109894, 517.77
2026/09/07 03:58:12.306, 1, 0, 4, 73.86
2026/09/07 03:58:13.308, 0, 100, 109894, 526.72
2026/09/07 03:58:13.310, 1, 0, 4, 73.83
2026/09/07 03:58:14.313, 0, 100, 109894, 517.87
2026/09/07 03:58:14.315, 1, 0, 4, 73.80
2026/09/07 03:58:15.317, 0, 100, 109894, 490.39
2026/09/07 03:58:15.320, 1, 0, 4, 73.79
2026/09/07 03:58:16.323, 0, 99, 109894, 403.94
2026/09/07 03:58:16.325, 1, 0, 4, 73.81
2026/09/07 03:58:17.327, 0, 100, 109894, 510.31
2026/09/07 03:58:17.330, 1, 0, 4, 73.80
2026/09/07 03:58:18.333, 0, 100, 109894, 517.94
2026/09/07 03:58:18.335, 1, 0, 4, 73.79
2026/09/07 03:58:19.337, 0, 100, 109894, 511.16
2026/09/07 03:58:19.340, 1, 0, 4, 73.80
2026/09/07 03:58:20.342, 0, 99, 109894, 507.42
2026/09/07 03:58:20.345, 1, 0, 4, 73.80
2026/09/07 03:58:21.347, 0, 100, 109894, 521.31
2026/09/07 03:58:21.350, 1, 0, 4, 73.76
2026/09/07 03:58:22.352, 0, 100, 109894, 511.42
2026/09/07 03:58:22.354, 1, 0, 4, 73.80
2026/09/07 03:58:23.356, 0, 100, 109894, 521.73
2026/09/07 03:58:23.359, 1, 0, 4, 73.77
2026/09/07 03:58:24.360, 0, 100, 109894, 523.30
2026/09/07 03:58:24.363, 1, 0, 4, 73.79
2026/09/07 03:58:25.365, 0, 100, 109894, 523.52
2026/09/07 03:58:25.367, 1, 0, 4, 73.82
2026/09/07 03:58:26.370, 0, 100, 109894, 488.50
2026/09/07 03:58:26.372, 1, 0, 4, 73.79
2026/09/07 03:58:27.375, 0, 100, 109894, 515.89
2026/09/07 03:58:27.378, 1, 0, 4, 73.79
2026/09/07 03:58:28.380, 0, 98, 109894, 521.43
2026/09/07 03:58:28.383, 1, 0, 4, 73.83
2026/09/07 03:58:29.385, 0, 100, 109894, 521.65
2026/09/07 03:58:29.389, 1, 0, 4, 73.81
2026/09/07 03:58:30.392, 0, 100, 109894, 518.01
2026/09/07 03:58:30.395, 1, 0, 4, 73.83
2026/09/07 03:58:31.397, 0, 99, 109894, 528.63
2026/09/07 03:58:31.400, 1, 0, 4, 73.75
2026/09/07 03:58:32.403, 0, 100, 109894, 523.91
2026/09/07 03:58:32.405, 1, 0, 4, 73.75
2026/09/07 03:58:33.408, 0, 100, 109894, 531.22
2026/09/07 03:58:33.411, 1, 0, 4, 73.77
2026/09/07 03:58:34.413, 0, 100, 109894, 533.17
2026/09/07 03:58:34.416, 1, 0, 4, 73.79
2026/09/07 03:58:35.421, 0, 100, 109894, 533.97
2026/09/07 03:58:35.423, 1, 0, 4, 73.79
2026/09/07 03:58:36.425, 0, 100, 109894, 534.83
2026/09/07 03:58:36.428, 1, 0, 4, 73.81
2026/09/07 03:58:37.430, 0, 100, 109894, 541.30
2026/09/07 03:58:37.435, 1, 0, 4, 73.79
2026/09/07 03:58:38.438, 0, 100, 109894, 538.75
2026/09/07 03:58:38.441, 1, 0, 4, 73.76
2026/09/07 03:58:39.443, 0, 100, 109894, 542.76
2026/09/07 03:58:39.446, 1, 0, 4, 73.83
2026/09/07 03:58:40.448, 0, 100, 109894, 547.72
2026/09/07 03:58:40.451, 1, 0, 4, 73.77
2026/09/07 03:58:41.453, 0, 100, 109894, 517.51
2026/09/07 03:58:41.456, 1, 0, 4, 73.66
2026/09/07 03:58:42.459, 0, 100, 109894, 521.28
2026/09/07 03:58:42.462, 1, 0, 4, 73.66
2026/09/07 03:58:43.465, 0, 100, 109894, 404.62
2026/09/07 03:58:43.467, 1, 0, 4, 73.79
2026/09/07 03:58:44.471, 0, 100, 109894, 526.66
2026/09/07 03:58:44.474, 1, 0, 4, 73.78
2026/09/07 03:58:45.477, 0, 100, 109894, 534.25
2026/09/07 03:58:45.480, 1, 0, 4, 73.74
2026/09/07 03:58:46.483, 0, 99, 109894, 527.16
2026/09/07 03:58:46.486, 1, 0, 4, 73.79
2026/09/07 03:58:47.488, 0, 100, 109894, 530.56
2026/09/07 03:58:47.491, 1, 0, 4, 73.79
2026/09/07 03:58:48.493, 0, 100, 109894, 525.96
2026/09/07 03:58:48.496, 1, 0, 4, 73.80
2026/09/07 03:58:49.499, 0, 100, 109894, 391.19
2026/09/07 03:58:49.502, 1, 0, 4, 73.84
2026/09/07 03:58:50.504, 0, 100, 109894, 515.80
2026/09/07 03:58:50.507, 1, 0, 4, 73.75
2026/09/07 03:58:51.509, 0, 100, 109894, 520.70
2026/09/07 03:58:51.511, 1, 0, 4, 73.81
2026/09/07 03:58:52.514, 0, 100, 109894, 527.74
2026/09/07 03:58:52.517, 1, 0, 4, 73.80
2026/09/07 03:58:53.520, 0, 99, 109894, 518.30
2026/09/07 03:58:53.522, 1, 0, 4, 73.77
2026/09/07 03:58:54.525, 0, 100, 109894, 523.30
2026/09/07 03:58:54.528, 1, 0, 4, 73.77
2026/09/07 03:58:55.530, 0, 100, 109894, 524.81
2026/09/07 03:58:55.533, 1, 0, 4, 73.78
2026/09/07 03:58:56.535, 0, 100, 109894, 532.09
2026/09/07 03:58:56.539, 1, 0, 4, 73.82
2026/09/07 03:58:57.542, 0, 100, 109894, 537.70
2026/09/07 03:58:57.545, 1, 0, 4, 73.77
2026/09/07 03:58:58.547, 0, 100, 109894, 496.91
2026/09/07 03:58:58.550, 1, 0, 4, 73.83
2026/09/07 03:58:59.552, 0, 100, 109894, 494.95
2026/09/07 03:58:59.555, 1, 0, 4, 73.81
2026/09/07 03:59:00.557, 0, 100, 109894, 508.02
2026/09/07 03:59:00.560, 1, 0, 4, 73.85
2026/09/07 03:59:01.562, 0, 100, 109894, 512.55
2026/09/07 03:59:01.565, 1, 0, 4, 73.78
2026/09/07 03:59:02.567, 0, 99, 109894, 518.56
2026/09/07 03:59:02.570, 1, 0, 4, 73.79
2026/09/07 03:59:03.572, 0, 100, 109894, 511.80
2026/09/07 03:59:03.576, 1, 0, 4, 73.78
2026/09/07 03:59:04.579, 0, 100, 109894, 516.21
2026/09/07 03:59:04.582, 1, 0, 4, 73.74
2026/09/07 03:59:05.585, 0, 100, 109894, 519.53
2026/09/07 03:59:05.587, 1, 0, 4, 73.79
2026/09/07 03:59:06.590, 0, 99, 109894, 489.39
2026/09/07 03:59:06.593, 1, 0, 4, 73.81
2026/09/07 03:59:07.596, 0, 100, 109894, 517.65
2026/09/07 03:59:07.599, 1, 0, 4, 73.81
2026/09/07 03:59:08.601, 0, 99, 109894, 513.93
2026/09/07 03:59:08.604, 1, 0, 4, 73.78
2026/09/07 03:59:09.607, 0, 100, 109894, 513.79
2026/09/07 03:59:09.610, 1, 0, 4, 73.76
2026/09/07 03:59:10.612, 0, 100, 109894, 510.85
2026/09/07 03:59:10.615, 1, 0, 4, 73.74
2026/09/07 03:59:11.618, 0, 99, 109894, 522.53
2026/09/07 03:59:11.621, 1, 0, 4, 73.71
2026/09/07 03:59:12.624, 0, 100, 109894, 522.14
2026/09/07 03:59:12.627, 1, 0, 4, 73.74
2026/09/07 03:59:13.629, 0, 100, 109894, 524.08
2026/09/07 03:59:13.632, 1, 0, 4, 73.86
2026/09/07 03:59:14.634, 0, 100, 109894, 531.94
2026/09/07 03:59:14.638, 1, 0, 4, 73.76
2026/09/07 03:59:15.640, 0, 100, 109894, 533.82
2026/09/07 03:59:15.643, 1, 0, 4, 73.78
2026/09/07 03:59:16.645, 0, 100, 109894, 526.49
2026/09/07 03:59:16.648, 1, 0, 4, 73.77
2026/09/07 03:59:17.651, 0, 100, 109894, 426.14
2026/09/07 03:59:17.654, 1, 0, 4, 73.77
2026/09/07 03:59:18.657, 0, 100, 109894, 522.46
2026/09/07 03:59:18.660, 1, 0, 4, 73.76
2026/09/07 03:59:19.662, 0, 100, 109894, 517.89
2026/09/07 03:59:19.665, 1, 0, 4, 73.74
2026/09/07 03:59:20.667, 0, 100, 109894, 527.33
2026/09/07 03:59:20.669, 1, 0, 4, 73.79
2026/09/07 03:59:21.672, 0, 100, 109894, 523.52
2026/09/07 03:59:21.675, 1, 0, 4, 73.79
2026/09/07 03:59:22.678, 0, 100, 109894, 530.21
2026/09/07 03:59:22.681, 1, 0, 4, 73.76
2026/09/07 03:59:23.684, 0, 100, 109894, 533.30
2026/09/07 03:59:23.687, 1, 0, 4, 73.79
2026/09/07 03:59:24.690, 0, 100, 109894, 531.28
2026/09/07 03:59:24.693, 1, 0, 4, 73.82
2026/09/07 03:59:25.696, 0, 100, 109894, 532.20
2026/09/07 03:59:25.699, 1, 0, 4, 73.72
2026/09/07 03:59:26.701, 0, 100, 109894, 546.72
2026/09/07 03:59:26.704, 1, 0, 4, 73.75
2026/09/07 03:59:27.706, 0, 60, 109894, 510.69
2026/09/07 03:59:27.709, 1, 0, 4, 73.73
2026/09/07 03:59:28.711, 0, 100, 109894, 529.55
2026/09/07 03:59:28.714, 1, 0, 4, 73.75
2026/09/07 03:59:29.717, 0, 100, 109894, 531.55
2026/09/07 03:59:29.719, 1, 0, 4, 73.83
2026/09/07 03:59:30.722, 0, 100, 109894, 501.99
2026/09/07 03:59:30.725, 1, 0, 4, 73.81
2026/09/07 03:59:31.727, 0, 100, 109894, 522.46
2026/09/07 03:59:31.730, 1, 0, 4, 73.78
2026/09/07 03:59:32.732, 0, 100, 109894, 531.00
2026/09/07 03:59:32.735, 1, 0, 4, 73.81
2026/09/07 03:59:33.737, 0, 100, 109894, 529.63
2026/09/07 03:59:33.740, 1, 0, 4, 73.76
2026/09/07 03:59:34.742, 0, 100, 109894, 528.99
2026/09/07 03:59:34.746, 1, 0, 4, 73.77
2026/09/07 03:59:35.748, 0, 100, 109894, 534.66
2026/09/07 03:59:35.751, 1, 0, 4, 73.79
2026/09/07 03:59:36.753, 0, 100, 109894, 525.53
2026/09/07 03:59:36.756, 1, 0, 4, 73.81
2026/09/07 03:59:37.758, 0, 100, 109894, 499.57
2026/09/07 03:59:37.760, 1, 0, 4, 73.78
2026/09/07 03:59:38.763, 0, 100, 109894, 526.56
2026/09/07 03:59:38.765, 1, 0, 4, 73.83
2026/09/07 03:59:39.767, 0, 100, 109894, 525.07
2026/09/07 03:59:39.770, 1, 0, 4, 73.85
2026/09/07 03:59:40.772, 0, 100, 109894, 499.98
2026/09/07 03:59:40.775, 1, 0, 4, 73.81
2026/09/07 03:59:41.777, 0, 100, 109894, 528.37
2026/09/07 03:59:41.780, 1, 0, 4, 73.77
2026/09/07 03:59:42.782, 0, 100, 109894, 520.20
2026/09/07 03:59:42.785, 1, 0, 4, 73.82
2026/09/07 03:59:43.787, 0, 100, 109894, 509.18
2026/09/07 03:59:43.790, 1, 0, 4, 73.82
2026/09/07 03:59:44.792, 0, 98, 109894, 516.70
2026/09/07 03:59:44.795, 1, 0, 4, 73.81
2026/09/07 03:59:45.797, 0, 99, 109894, 515.89
2026/09/07 03:59:45.800, 1, 0, 4, 73.83
2026/09/07 03:59:46.803, 0, 100, 109894, 520.21
2026/09/07 03:59:46.805, 1, 0, 4, 73.79
2026/09/07 03:59:47.809, 0, 100, 109894, 524.06
2026/09/07 03:59:47.812, 1, 0, 4, 73.76
2026/09/07 03:59:48.814, 0, 91, 109894, 513.77
2026/09/07 03:59:48.817, 1, 0, 4, 73.79
2026/09/07 03:59:49.819, 0, 99, 109894, 519.57
2026/09/07 03:59:49.822, 1, 0, 4, 73.76
2026/09/07 03:59:50.824, 0, 100, 109894, 525.02
2026/09/07 03:59:50.827, 1, 0, 4, 73.76
2026/09/07 03:59:51.830, 0, 94, 109894, 394.60
2026/09/07 03:59:51.833, 1, 0, 4, 73.80
2026/09/07 03:59:52.835, 0, 100, 109894, 520.33
2026/09/07 03:59:52.838, 1, 0, 4, 73.79
2026/09/07 03:59:53.840, 0, 100, 109894, 520.28
2026/09/07 03:59:53.843, 1, 0, 4, 73.80
2026/09/07 03:59:54.845, 0, 100, 109894, 513.72
2026/09/07 03:59:54.847, 1, 0, 4, 73.81
2026/09/07 03:59:55.849, 0, 98, 109894, 517.26
2026/09/07 03:59:55.853, 1, 0, 4, 73.82
2026/09/07 03:59:56.855, 0, 100, 109894, 415.01
2026/09/07 03:59:56.858, 1, 0, 4, 73.79
2026/09/07 03:59:57.860, 0, 100, 109894, 516.56
2026/09/07 03:59:57.862, 1, 0, 4, 73.77
2026/09/07 03:59:58.865, 0, 100, 109894, 521.24
2026/09/07 03:59:58.868, 1, 0, 4, 73.76
2026/09/07 03:59:59.870, 0, 98, 109894, 523.93
2026/09/07 03:59:59.873, 1, 0, 4, 73.74
2026/09/07 04:00:00.875, 0, 100, 109894, 519.52
2026/09/07 04:00:00.878, 1, 0, 4, 73.74
2026/09/07 04:00:01.880, 0, 74, 109894, 498.42
2026/09/07 04:00:01.883, 1, 0, 4, 73.86
2026/09/07 04:00:02.885, 0, 100, 109894, 520.42
2026/09/07 04:00:02.888, 1, 0, 4, 73.78
2026/09/07 04:00:03.890, 0, 100, 109894, 516.82
2026/09/07 04:00:03.893, 1, 0, 4, 73.76
2026/09/07 04:00:04.895, 0, 100, 109894, 520.89
2026/09/07 04:00:04.898, 1, 0, 4, 73.75
2026/09/07 04:00:05.900, 0, 100, 109894, 519.02
2026/09/07 04:00:05.903, 1, 0, 4, 73.76
2026/09/07 04:00:06.905, 0, 97, 109894, 522.63
2026/09/07 04:00:06.908, 1, 0, 4, 73.81
2026/09/07 04:00:07.910, 0, 100, 109894, 501.96
2026/09/07 04:00:07.913, 1, 0, 4, 73.79
2026/09/07 04:00:08.915, 0, 34, 109894, 407.95
2026/09/07 04:00:08.918, 1, 0, 4, 73.76
2026/09/07 04:00:09.920, 0, 100, 109894, 502.77
2026/09/07 04:00:09.923, 1, 0, 4, 73.81
2026/09/07 04:00:10.925, 0, 100, 109894, 505.76
2026/09/07 04:00:10.927, 1, 0, 4, 73.83
2026/09/07 04:00:11.930, 0, 100, 109894, 515.49
2026/09/07 04:00:11.932, 1, 0, 4, 73.82
2026/09/07 04:00:12.935, 0, 99, 109894, 516.83
2026/09/07 04:00:12.938, 1, 0, 4, 73.78
2026/09/07 04:00:13.940, 0, 100, 109894, 513.11
2026/09/07 04:00:13.943, 1, 0, 4, 73.80
2026/09/07 04:00:14.946, 0, 100, 109894, 529.78
2026/09/07 04:00:14.948, 1, 0, 4, 73.76
2026/09/07 04:00:15.952, 0, 100, 109894, 532.04
2026/09/07 04:00:15.955, 1, 0, 4, 73.80
2026/09/07 04:00:16.957, 0, 98, 109894, 495.89
2026/09/07 04:00:16.960, 1, 0, 4, 73.86
2026/09/07 04:00:17.964, 0, 100, 109894, 509.04
2026/09/07 04:00:17.967, 1, 0, 4, 73.80
2026/09/07 04:00:18.969, 0, 100, 109894, 495.06
2026/09/07 04:00:18.973, 1, 0, 4, 73.83
2026/09/07 04:00:19.976, 0, 100, 109894, 503.35
2026/09/07 04:00:19.979, 1, 0, 4, 73.81
2026/09/07 04:00:20.981, 0, 98, 109894, 504.80
2026/09/07 04:00:20.985, 1, 0, 4, 73.77
2026/09/07 04:00:21.987, 0, 100, 109894, 510.63
2026/09/07 04:00:21.990, 1, 0, 4, 73.81
2026/09/07 04:00:22.995, 0, 99, 109894, 512.59
2026/09/07 04:00:22.998, 1, 0, 4, 73.75
2026/09/07 04:00:24.000, 0, 100, 109894, 506.67
2026/09/07 04:00:24.003, 1, 0, 4, 73.74
2026/09/07 04:00:25.006, 0, 99, 109894, 506.00
2026/09/07 04:00:25.010, 1, 0, 4, 73.82
2026/09/07 04:00:26.012, 0, 100, 109894, 514.09
2026/09/07 04:00:26.016, 1, 0, 4, 73.82
2026/09/07 04:00:27.018, 0, 100, 109894, 510.87
2026/09/07 04:00:27.021, 1, 0, 4, 73.83
2026/09/07 04:00:28.024, 0, 100, 109894, 526.05
2026/09/07 04:00:28.027, 1, 0, 4, 73.78
2026/09/07 04:00:29.029, 0, 100, 109894, 527.83
2026/09/07 04:00:29.032, 1, 0, 4, 73.75
2026/09/07 04:00:30.034, 0, 100, 109894, 520.59
2026/09/07 04:00:30.037, 1, 0, 4, 73.49
2026/09/07 04:00:31.040, 0, 100, 109894, 524.45
2026/09/07 04:00:31.042, 1, 0, 4, 73.53
2026/09/07 04:00:32.044, 0, 100, 109894, 527.85
2026/09/07 04:00:32.046, 1, 0, 4, 73.57
2026/09/07 04:00:33.049, 0, 100, 109894, 526.59
2026/09/07 04:00:33.051, 1, 0, 4, 73.58
2026/09/07 04:00:34.053, 0, 100, 109894, 514.96
2026/09/07 04:00:34.056, 1, 0, 4, 73.59
2026/09/07 04:00:35.059, 0, 100, 109894, 524.97
2026/09/07 04:00:35.062, 1, 0, 4, 73.52
2026/09/07 04:00:36.064, 0, 100, 109894, 524.77
2026/09/07 04:00:36.067, 1, 0, 4, 73.43
2026/09/07 04:00:37.069, 0, 100, 109894, 517.50
2026/09/07 04:00:37.072, 1, 0, 4, 73.50
2026/09/07 04:00:38.074, 0, 100, 109894, 524.06
2026/09/07 04:00:38.077, 1, 0, 4, 73.52
2026/09/07 04:00:39.079, 0, 100, 109894, 531.93
2026/09/07 04:00:39.082, 1, 0, 4, 73.47
2026/09/07 04:00:40.084, 0, 100, 109894, 521.48
2026/09/07 04:00:40.087, 1, 0, 4, 73.52
2026/09/07 04:00:41.089, 0, 64, 109894, 503.87
2026/09/07 04:00:41.091, 1, 0, 4, 73.52
2026/09/07 04:00:42.094, 0, 100, 109894, 529.15
2026/09/07 04:00:42.097, 1, 0, 4, 73.56
2026/09/07 04:00:43.100, 0, 100, 109894, 522.02
2026/09/07 04:00:43.102, 1, 0, 4, 73.53
2026/09/07 04:00:44.104, 0, 100, 109894, 538.34
2026/09/07 04:00:44.107, 1, 0, 4, 73.57
2026/09/07 04:00:45.109, 0, 100, 109894, 533.83
2026/09/07 04:00:45.112, 1, 0, 4, 73.54
2026/09/07 04:00:46.115, 0, 100, 109894, 535.69
2026/09/07 04:00:46.118, 1, 0, 4, 73.44
2026/09/07 04:00:47.120, 0, 100, 109894, 531.78
2026/09/07 04:00:47.124, 1, 0, 4, 73.49
2026/09/07 04:00:48.126, 0, 100, 109894, 539.29
2026/09/07 04:00:48.130, 1, 0, 4, 73.53
2026/09/07 04:00:49.132, 0, 100, 109894, 532.36
2026/09/07 04:00:49.135, 1, 0, 4, 73.50
2026/09/07 04:00:50.139, 0, 100, 109894, 542.43
2026/09/07 04:00:50.142, 1, 0, 4, 73.47
2026/09/07 04:00:51.144, 0, 100, 109894, 544.11
2026/09/07 04:00:51.147, 1, 0, 4, 73.50
2026/09/07 04:00:52.150, 0, 66, 109894, 501.87
2026/09/07 04:00:52.153, 1, 0, 4, 73.49
2026/09/07 04:00:53.155, 0, 100, 109894, 533.18
2026/09/07 04:00:53.158, 1, 0, 4, 73.55
2026/09/07 04:00:54.161, 0, 100, 109894, 535.49
2026/09/07 04:00:54.163, 1, 0, 4, 73.51
2026/09/07 04:00:55.166, 0, 100, 109894, 522.67
2026/09/07 04:00:55.169, 1, 0, 4, 73.44
2026/09/07 04:00:56.171, 0, 100, 109894, 532.54
2026/09/07 04:00:56.174, 1, 0, 4, 73.50
2026/09/07 04:00:57.177, 0, 100, 109894, 534.65
2026/09/07 04:00:57.179, 1, 0, 4, 73.52
2026/09/07 04:00:58.182, 0, 100, 109894, 533.04
2026/09/07 04:00:58.185, 1, 0, 4, 73.54
2026/09/07 04:00:59.187, 0, 100, 109894, 543.28
2026/09/07 04:00:59.190, 1, 0, 4, 73.53
2026/09/07 04:01:00.193, 0, 100, 109894, 545.63
2026/09/07 04:01:00.196, 1, 0, 4, 73.50
2026/09/07 04:01:01.199, 0, 100, 109894, 533.76
2026/09/07 04:01:01.202, 1, 0, 4, 73.52
2026/09/07 04:01:02.205, 0, 100, 109894, 540.63
2026/09/07 04:01:02.208, 1, 0, 4, 73.52
2026/09/07 04:01:03.210, 0, 100, 109894, 424.77
2026/09/07 04:01:03.214, 1, 0, 4, 73.49
2026/09/07 04:01:04.216, 0, 100, 109894, 535.30
2026/09/07 04:01:04.218, 1, 0, 4, 73.53
2026/09/07 04:01:05.221, 0, 100, 109894, 532.23
2026/09/07 04:01:05.224, 1, 0, 4, 73.51
2026/09/07 04:01:06.226, 0, 100, 109894, 423.94
2026/09/07 04:01:06.230, 1, 0, 4, 73.48
2026/09/07 04:01:07.232, 0, 100, 109894, 525.00
2026/09/07 04:01:07.235, 1, 0, 4, 73.52
2026/09/07 04:01:08.237, 0, 100, 109894, 529.38
2026/09/07 04:01:08.239, 1, 0, 4, 73.47
2026/09/07 04:01:09.242, 0, 99, 109894, 518.30
2026/09/07 04:01:09.245, 1, 0, 4, 73.53
2026/09/07 04:01:10.247, 0, 100, 109894, 535.39
2026/09/07 04:01:10.250, 1, 0, 4, 73.50
2026/09/07 04:01:11.252, 0, 100, 109894, 527.05
2026/09/07 04:01:11.255, 1, 0, 4, 73.52
2026/09/07 04:01:12.257, 0, 100, 109894, 530.54
2026/09/07 04:01:12.260, 1, 0, 4, 73.55
2026/09/07 04:01:13.262, 0, 100, 109894, 500.12
2026/09/07 04:01:13.265, 1, 0, 4, 73.53
2026/09/07 04:01:14.268, 0, 100, 109894, 520.97
2026/09/07 04:01:14.270, 1, 0, 4, 73.50
2026/09/07 04:01:15.272, 0, 100, 109894, 527.10
2026/09/07 04:01:15.275, 1, 0, 4, 73.53
2026/09/07 04:01:16.278, 0, 100, 109894, 503.23
2026/09/07 04:01:16.280, 1, 0, 4, 73.53
2026/09/07 04:01:17.282, 0, 100, 109894, 497.04
2026/09/07 04:01:17.285, 1, 0, 4, 73.49
2026/09/07 04:01:18.287, 0, 100, 109894, 516.70
2026/09/07 04:01:18.289, 1, 0, 4, 73.54
2026/09/07 04:01:19.292, 0, 100, 109894, 409.27
2026/09/07 04:01:19.296, 1, 0, 4, 73.51
2026/09/07 04:01:20.298, 0, 100, 109894, 506.15
2026/09/07 04:01:20.300, 1, 0, 4, 73.50
2026/09/07 04:01:21.302, 0, 100, 109894, 520.68
2026/09/07 04:01:21.305, 1, 0, 4, 73.50
2026/09/07 04:01:22.307, 0, 100, 109894, 525.68
2026/09/07 04:01:22.310, 1, 0, 4, 73.54
2026/09/07 04:01:23.313, 0, 98, 109894, 521.58
2026/09/07 04:01:23.315, 1, 0, 4, 73.54
2026/09/07 04:01:24.317, 0, 100, 109894, 521.28
2026/09/07 04:01:24.320, 1, 0, 4, 73.51
2026/09/07 04:01:25.323, 0, 99, 109894, 530.83
2026/09/07 04:01:25.326, 1, 0, 4, 73.54
2026/09/07 04:01:26.329, 0, 100, 109894, 526.75
2026/09/07 04:01:26.332, 1, 0, 4, 73.50
2026/09/07 04:01:27.335, 0, 99, 109894, 509.72
2026/09/07 04:01:27.338, 1, 0, 4, 73.60
2026/09/07 04:01:28.341, 0, 100, 109894, 523.57
2026/09/07 04:01:28.344, 1, 0, 4, 73.54
2026/09/07 04:01:29.346, 0, 99, 109894, 501.39
2026/09/07 04:01:29.349, 1, 0, 4, 73.58
2026/09/07 04:01:30.351, 0, 98, 109894, 506.78
2026/09/07 04:01:30.354, 1, 0, 4, 73.52
2026/09/07 04:01:31.357, 0, 64, 109894, 497.21
2026/09/07 04:01:31.360, 1, 0, 4, 73.56
2026/09/07 04:01:32.362, 0, 100, 109894, 492.30
2026/09/07 04:01:32.365, 1, 0, 4, 73.49
2026/09/07 04:01:33.368, 0, 97, 109894, 503.90
2026/09/07 04:01:33.370, 1, 0, 4, 73.49
2026/09/07 04:01:34.373, 0, 100, 109894, 513.07
2026/09/07 04:01:34.375, 1, 0, 4, 73.53
2026/09/07 04:01:35.376, 0, 100, 109894, 517.83
2026/09/07 04:01:35.379, 1, 0, 4, 73.51
2026/09/07 04:01:36.382, 0, 98, 109894, 514.89
2026/09/07 04:01:36.384, 1, 0, 4, 73.58
2026/09/07 04:01:37.386, 0, 96, 109894, 483.34
2026/09/07 04:01:37.389, 1, 0, 4, 73.58
2026/09/07 04:01:38.392, 0, 97, 109894, 512.47
2026/09/07 04:01:38.395, 1, 0, 4, 73.50
2026/09/07 04:01:39.397, 0, 100, 109894, 507.88
2026/09/07 04:01:39.400, 1, 0, 4, 73.53
2026/09/07 04:01:40.402, 0, 93, 109894, 512.85
2026/09/07 04:01:40.405, 1, 0, 4, 73.54
2026/09/07 04:01:41.407, 0, 100, 109894, 517.79
2026/09/07 04:01:41.411, 1, 0, 4, 73.52
2026/09/07 04:01:42.414, 0, 77, 109894, 490.58
2026/09/07 04:01:42.416, 1, 0, 4, 73.56
2026/09/07 04:01:43.418, 0, 100, 109894, 496.58
2026/09/07 04:01:43.421, 1, 0, 4, 73.50
2026/09/07 04:01:44.423, 0, 100, 109894, 500.47
2026/09/07 04:01:44.426, 1, 0, 4, 73.53
2026/09/07 04:01:45.429, 0, 100, 109894, 508.89
2026/09/07 04:01:45.432, 1, 0, 4, 73.52
2026/09/07 04:01:46.434, 0, 100, 109894, 485.37
2026/09/07 04:01:46.437, 1, 0, 4, 73.53
2026/09/07 04:01:47.439, 0, 100, 109894, 501.61
2026/09/07 04:01:47.442, 1, 0, 4, 73.52
2026/09/07 04:01:48.444, 0, 99, 109894, 511.60
2026/09/07 04:01:48.447, 1, 0, 4, 73.50
2026/09/07 04:01:49.449, 0, 100, 109894, 490.40
2026/09/07 04:01:49.451, 1, 0, 4, 73.50
2026/09/07 04:01:50.454, 0, 96, 109894, 495.33
2026/09/07 04:01:50.456, 1, 0, 4, 73.56
2026/09/07 04:01:51.459, 0, 100, 109894, 475.63
2026/09/07 04:01:51.462, 1, 0, 4, 73.54
2026/09/07 04:01:52.464, 0, 100, 109894, 503.05
2026/09/07 04:01:52.466, 1, 0, 4, 73.55
2026/09/07 04:01:53.469, 0, 99, 109894, 496.20
2026/09/07 04:01:53.472, 1, 0, 4, 73.52
2026/09/07 04:01:54.474, 0, 100, 109894, 496.26
2026/09/07 04:01:54.477, 1, 0, 4, 73.53
2026/09/07 04:01:55.479, 0, 100, 109894, 500.33
2026/09/07 04:01:55.482, 1, 0, 4, 73.46
2026/09/07 04:01:56.485, 0, 99, 109894, 499.81
2026/09/07 04:01:56.487, 1, 0, 4, 73.48
2026/09/07 04:01:57.490, 0, 100, 109894, 480.33
2026/09/07 04:01:57.493, 1, 0, 4, 73.50
2026/09/07 04:01:58.495, 0, 99, 109894, 497.43
2026/09/07 04:01:58.497, 1, 0, 4, 73.51
2026/09/07 04:01:59.499, 0, 100, 109894, 507.55
2026/09/07 04:01:59.501, 1, 0, 4, 73.55
2026/09/07 04:02:00.503, 0, 98, 109894, 504.95
2026/09/07 04:02:00.506, 1, 0, 4, 73.52
2026/09/07 04:02:01.508, 0, 100, 109894, 502.58
2026/09/07 04:02:01.510, 1, 0, 4, 73.52
2026/09/07 04:02:02.513, 0, 100, 109894, 513.61
2026/09/07 04:02:02.516, 1, 0, 4, 73.54
2026/09/07 04:02:03.518, 0, 100, 109894, 507.43
2026/09/07 04:02:03.521, 1, 0, 4, 73.53
2026/09/07 04:02:04.523, 0, 100, 109894, 505.61
2026/09/07 04:02:04.526, 1, 0, 4, 73.51
2026/09/07 04:02:05.528, 0, 100, 109894, 506.08
2026/09/07 04:02:05.531, 1, 0, 4, 73.55
2026/09/07 04:02:06.533, 0, 100, 109894, 516.27
2026/09/07 04:02:06.537, 1, 0, 4, 73.51
2026/09/07 04:02:07.541, 0, 98, 109894, 506.67
2026/09/07 04:02:07.544, 1, 0, 4, 73.50
2026/09/07 04:02:08.546, 0, 100, 109894, 513.14
2026/09/07 04:02:08.549, 1, 0, 4, 73.55
2026/09/07 04:02:09.551, 0, 100, 109894, 516.87
2026/09/07 04:02:09.554, 1, 0, 4, 73.55
2026/09/07 04:02:10.557, 0, 99, 109894, 511.20
2026/09/07 04:02:10.560, 1, 0, 4, 73.53
2026/09/07 04:02:11.562, 0, 99, 109894, 394.00
2026/09/07 04:02:11.565, 1, 0, 4, 73.51
2026/09/07 04:02:12.567, 0, 100, 109894, 520.41
2026/09/07 04:02:12.569, 1, 0, 4, 73.53
2026/09/07 04:02:13.572, 0, 99, 109894, 516.22
2026/09/07 04:02:13.574, 1, 0, 4, 73.52
2026/09/07 04:02:14.576, 0, 100, 109894, 518.31
2026/09/07 04:02:14.579, 1, 0, 4, 73.46
2026/09/07 04:02:15.581, 0, 100, 109894, 531.74
2026/09/07 04:02:15.584, 1, 0, 4, 73.56
2026/09/07 04:02:16.586, 0, 100, 109894, 523.46
2026/09/07 04:02:16.589, 1, 0, 4, 73.62
2026/09/07 04:02:17.592, 0, 100, 109894, 520.51
2026/09/07 04:02:17.594, 1, 0, 4, 73.55
2026/09/07 04:02:18.596, 0, 100, 109894, 535.73
2026/09/07 04:02:18.598, 1, 0, 4, 73.57
2026/09/07 04:02:19.601, 0, 100, 109894, 530.48
2026/09/07 04:02:19.603, 1, 0, 4, 73.53
2026/09/07 04:02:20.605, 0, 100, 109894, 523.00
2026/09/07 04:02:20.608, 1, 0, 4, 73.50
2026/09/07 04:02:21.610, 0, 100, 109894, 543.31
2026/09/07 04:02:21.613, 1, 0, 4, 73.54
2026/09/07 04:02:22.615, 0, 100, 109894, 530.79
2026/09/07 04:02:22.617, 1, 0, 4, 73.53
2026/09/07 04:02:23.619, 0, 100, 109894, 534.90
2026/09/07 04:02:23.621, 1, 0, 4, 73.59
2026/09/07 04:02:24.623, 0, 100, 109894, 548.46
2026/09/07 04:02:24.629, 1, 0, 4, 73.52
2026/09/07 04:02:25.631, 0, 100, 109894, 503.23
2026/09/07 04:02:25.634, 1, 0, 4, 73.57
2026/09/07 04:02:26.636, 0, 29, 109894, 502.75
2026/09/07 04:02:26.638, 1, 0, 4, 73.55
2026/09/07 04:02:27.641, 0, 100, 109894, 530.27
2026/09/07 04:02:27.643, 1, 0, 4, 73.53
2026/09/07 04:02:28.645, 0, 100, 109894, 523.84
2026/09/07 04:02:28.647, 1, 0, 4, 73.52
2026/09/07 04:02:29.649, 0, 100, 109894, 521.49
2026/09/07 04:02:29.652, 1, 0, 4, 73.52
2026/09/07 04:02:30.653, 0, 100, 109894, 531.58
2026/09/07 04:02:30.656, 1, 0, 4, 73.46
2026/09/07 04:02:31.658, 0, 100, 109894, 527.71
2026/09/07 04:02:31.661, 1, 0, 4, 73.52
2026/09/07 04:02:32.663, 0, 100, 109894, 533.84
2026/09/07 04:02:32.666, 1, 0, 4, 73.59
2026/09/07 04:02:33.668, 0, 100, 109894, 420.21
2026/09/07 04:02:33.671, 1, 0, 4, 73.56
2026/09/07 04:02:34.674, 0, 100, 109894, 513.88
2026/09/07 04:02:34.676, 1, 0, 4, 73.55
2026/09/07 04:02:35.678, 0, 100, 109894, 527.75
2026/09/07 04:02:35.681, 1, 0, 4, 73.60
2026/09/07 04:02:36.683, 0, 100, 109894, 533.20
2026/09/07 04:02:36.686, 1, 0, 4, 73.55
2026/09/07 04:02:37.688, 0, 100, 109894, 516.84
2026/09/07 04:02:37.690, 1, 0, 4, 73.50
2026/09/07 04:02:38.692, 0, 100, 109894, 531.98
2026/09/07 04:02:38.695, 1, 0, 4, 73.49
2026/09/07 04:02:39.698, 0, 100, 109894, 531.04
2026/09/07 04:02:39.701, 1, 0, 4, 73.53
2026/09/07 04:02:40.703, 0, 100, 109894, 512.48
2026/09/07 04:02:40.706, 1, 0, 4, 73.56
2026/09/07 04:02:41.708, 0, 100, 109894, 533.69
2026/09/07 04:02:41.710, 1, 0, 4, 73.52
2026/09/07 04:02:42.712, 0, 100, 109894, 529.73
2026/09/07 04:02:42.715, 1, 0, 4, 73.51
2026/09/07 04:02:43.717, 0, 100, 109894, 500.23
2026/09/07 04:02:43.719, 1, 0, 4, 73.52
2026/09/07 04:02:44.723, 0, 100, 109894, 523.38
2026/09/07 04:02:44.725, 1, 0, 4, 73.51
2026/09/07 04:02:45.727, 0, 100, 109894, 523.24
2026/09/07 04:02:45.730, 1, 0, 4, 73.50
2026/09/07 04:02:46.732, 0, 82, 109894, 503.73
2026/09/07 04:02:46.735, 1, 0, 4, 73.50
2026/09/07 04:02:47.737, 0, 100, 109894, 523.12
2026/09/07 04:02:47.740, 1, 0, 4, 73.60
2026/09/07 04:02:48.742, 0, 100, 109894, 519.53
2026/09/07 04:02:48.745, 1, 0, 4, 73.54
2026/09/07 04:02:49.746, 0, 100, 109894, 492.77
2026/09/07 04:02:49.749, 1, 0, 4, 73.58
2026/09/07 04:02:50.750, 0, 99, 109894, 523.39
2026/09/07 04:02:50.753, 1, 0, 4, 73.54
2026/09/07 04:02:51.755, 0, 100, 109894, 518.93
2026/09/07 04:02:51.757, 1, 0, 4, 73.50
2026/09/07 04:02:52.759, 0, 100, 109894, 527.85
2026/09/07 04:02:52.762, 1, 0, 4, 73.53
2026/09/07 04:02:53.764, 0, 100, 109894, 507.26
2026/09/07 04:02:53.766, 1, 0, 4, 73.57
2026/09/07 04:02:54.768, 0, 100, 109894, 516.65
2026/09/07 04:02:54.770, 1, 0, 4, 73.59
2026/09/07 04:02:55.773, 0, 100, 109894, 524.73
2026/09/07 04:02:55.775, 1, 0, 4, 73.55
2026/09/07 04:02:56.777, 0, 100, 109894, 520.03
2026/09/07 04:02:56.779, 1, 0, 4, 73.51
2026/09/07 04:02:57.782, 0, 99, 109894, 513.58
2026/09/07 04:02:57.784, 1, 0, 4, 73.53
2026/09/07 04:02:58.787, 0, 100, 109894, 532.89
2026/09/07 04:02:58.789, 1, 0, 4, 73.51
2026/09/07 04:02:59.792, 0, 99, 109894, 525.43
2026/09/07 04:02:59.794, 1, 0, 4, 73.49
2026/09/07 04:03:00.797, 0, 100, 109894, 530.30
2026/09/07 04:03:00.799, 1, 0, 4, 73.47
2026/09/07 04:03:01.801, 0, 100, 109894, 531.67
2026/09/07 04:03:01.804, 1, 0, 4, 73.54
2026/09/07 04:03:02.806, 0, 100, 109894, 527.32
2026/09/07 04:03:02.809, 1, 0, 4, 73.54
2026/09/07 04:03:03.811, 0, 66, 109894, 510.49
2026/09/07 04:03:03.814, 1, 0, 4, 73.50
2026/09/07 04:03:04.816, 0, 100, 109894, 528.23
2026/09/07 04:03:04.819, 1, 0, 4, 73.55
2026/09/07 04:03:05.821, 0, 100, 109894, 499.26
2026/09/07 04:03:05.824, 1, 0, 4, 73.85
2026/09/07 04:03:06.825, 0, 100, 109894, 485.31
2026/09/07 04:03:06.828, 1, 0, 4, 73.79
2026/09/07 04:03:07.830, 0, 100, 109894, 517.22
2026/09/07 04:03:07.832, 1, 0, 4, 73.78
2026/09/07 04:03:08.834, 0, 100, 109894, 518.43
2026/09/07 04:03:08.837, 1, 0, 4, 73.78
2026/09/07 04:03:09.839, 0, 100, 109894, 519.92
2026/09/07 04:03:09.842, 1, 0, 4, 73.79
2026/09/07 04:03:10.844, 0, 62, 109894, 498.08
2026/09/07 04:03:10.847, 1, 0, 4, 73.78
2026/09/07 04:03:11.850, 0, 100, 109894, 512.90
2026/09/07 04:03:11.852, 1, 0, 4, 73.79
2026/09/07 04:03:12.855, 0, 100, 109894, 516.01
2026/09/07 04:03:12.857, 1, 0, 4, 73.83
2026/09/07 04:03:13.859, 0, 100, 109894, 519.43
2026/09/07 04:03:13.862, 1, 0, 4, 73.80
2026/09/07 04:03:14.864, 0, 100, 109894, 517.41
2026/09/07 04:03:14.867, 1, 0, 4, 73.77
2026/09/07 04:03:15.869, 0, 99, 109894, 519.45
2026/09/07 04:03:15.872, 1, 0, 4, 73.76
2026/09/07 04:03:16.874, 0, 100, 109894, 520.51
2026/09/07 04:03:16.877, 1, 0, 4, 73.82
2026/09/07 04:03:17.879, 0, 99, 109894, 519.00
2026/09/07 04:03:17.881, 1, 0, 4, 73.77
2026/09/07 04:03:18.883, 0, 100, 109894, 526.54
2026/09/07 04:03:18.885, 1, 0, 4, 73.78
2026/09/07 04:03:19.887, 0, 100, 109894, 517.23
2026/09/07 04:03:19.890, 1, 0, 4, 73.79
2026/09/07 04:03:20.892, 0, 100, 109894, 522.83
2026/09/07 04:03:20.894, 1, 0, 4, 73.79
2026/09/07 04:03:21.896, 0, 100, 109894, 521.60
2026/09/07 04:03:21.898, 1, 0, 4, 73.77
2026/09/07 04:03:22.901, 0, 99, 109894, 523.75
2026/09/07 04:03:22.903, 1, 0, 4, 73.80
2026/09/07 04:03:23.905, 0, 100, 109894, 491.62
2026/09/07 04:03:23.907, 1, 0, 4, 73.76
2026/09/07 04:03:24.909, 0, 100, 109894, 509.98
2026/09/07 04:03:24.912, 1, 0, 4, 73.79
2026/09/07 04:03:25.914, 0, 39, 109894, 490.08
2026/09/07 04:03:25.916, 1, 0, 4, 73.77
2026/09/07 04:03:26.918, 0, 100, 109894, 519.21
2026/09/07 04:03:26.920, 1, 0, 4, 73.77
2026/09/07 04:03:27.922, 0, 100, 109894, 522.02
2026/09/07 04:03:27.925, 1, 0, 4, 73.80
2026/09/07 04:03:28.928, 0, 100, 109894, 527.43
2026/09/07 04:03:28.930, 1, 0, 4, 73.74
2026/09/07 04:03:29.932, 0, 100, 109894, 527.53
2026/09/07 04:03:29.935, 1, 0, 4, 73.79
2026/09/07 04:03:30.937, 0, 100, 109894, 523.11
2026/09/07 04:03:30.941, 1, 0, 4, 73.83
2026/09/07 04:03:31.943, 0, 58, 109894, 493.43
2026/09/07 04:03:31.945, 1, 0, 4, 73.79
2026/09/07 04:03:32.947, 0, 100, 109894, 516.88
2026/09/07 04:03:32.950, 1, 0, 4, 73.77
2026/09/07 04:03:33.954, 0, 100, 109894, 511.43
2026/09/07 04:03:33.956, 1, 0, 4, 73.78
2026/09/07 04:03:34.957, 0, 100, 109894, 513.70
2026/09/07 04:03:34.961, 1, 0, 4, 73.79
2026/09/07 04:03:35.965, 0, 100, 109894, 523.22
2026/09/07 04:03:35.967, 1, 0, 4, 73.81
2026/09/07 04:03:36.970, 0, 99, 109894, 521.95
2026/09/07 04:03:36.972, 1, 0, 4, 73.83
2026/09/07 04:03:37.974, 0, 100, 109894, 514.75
2026/09/07 04:03:37.976, 1, 0, 4, 73.82
2026/09/07 04:03:38.978, 0, 100, 109894, 527.19
2026/09/07 04:03:38.981, 1, 0, 4, 73.78
2026/09/07 04:03:39.982, 0, 100, 109894, 519.91
2026/09/07 04:03:39.985, 1, 0, 4, 73.76
2026/09/07 04:03:40.987, 0, 100, 109894, 519.35
2026/09/07 04:03:40.989, 1, 0, 4, 73.75
2026/09/07 04:03:41.991, 0, 100, 109894, 498.18
2026/09/07 04:03:41.993, 1, 0, 4, 73.79
2026/09/07 04:03:42.995, 0, 100, 109894, 523.53
2026/09/07 04:03:42.998, 1, 0, 4, 73.80
2026/09/07 04:03:44.000, 0, 100, 109894, 508.07
2026/09/07 04:03:44.002, 1, 0, 4, 73.81
2026/09/07 04:03:45.004, 0, 100, 109894, 525.96
2026/09/07 04:03:45.006, 1, 0, 4, 73.80
2026/09/07 04:03:46.008, 0, 100, 109894, 505.71
2026/09/07 04:03:46.011, 1, 0, 4, 73.78
2026/09/07 04:03:47.013, 0, 100, 109894, 499.23
2026/09/07 04:03:47.015, 1, 0, 4, 73.81
2026/09/07 04:03:48.017, 0, 100, 109894, 516.03
2026/09/07 04:03:48.020, 1, 0, 4, 73.80
2026/09/07 04:03:49.022, 0, 100, 109894, 527.42
2026/09/07 04:03:49.024, 1, 0, 4, 73.76
2026/09/07 04:03:50.026, 0, 100, 109894, 520.84
2026/09/07 04:03:50.028, 1, 0, 4, 73.74
2026/09/07 04:03:51.031, 0, 98, 109894, 519.03
2026/09/07 04:03:51.033, 1, 0, 4, 73.79
2026/09/07 04:03:52.036, 0, 100, 109894, 531.15
2026/09/07 04:03:52.039, 1, 0, 4, 73.83
2026/09/07 04:03:53.041, 0, 100, 109894, 537.79
2026/09/07 04:03:53.044, 1, 0, 4, 73.60
2026/09/07 04:03:54.047, 0, 100, 109894, 519.89
2026/09/07 04:03:54.049, 1, 0, 4, 73.54
2026/09/07 04:03:55.051, 0, 100, 109894, 527.82
2026/09/07 04:03:55.054, 1, 0, 4, 73.50
2026/09/07 04:03:56.056, 0, 100, 109894, 533.91
2026/09/07 04:03:56.059, 1, 0, 4, 73.51
2026/09/07 04:03:57.061, 0, 100, 109894, 523.23
2026/09/07 04:03:57.064, 1, 0, 4, 73.52
2026/09/07 04:03:58.067, 0, 100, 109894, 520.14
2026/09/07 04:03:58.069, 1, 0, 4, 73.53
2026/09/07 04:03:59.071, 0, 100, 109894, 533.05
2026/09/07 04:03:59.074, 1, 0, 4, 73.51
2026/09/07 04:04:00.076, 0, 100, 109894, 500.72
2026/09/07 04:04:00.079, 1, 0, 4, 73.58
2026/09/07 04:04:01.081, 0, 100, 109894, 520.64
2026/09/07 04:04:01.084, 1, 0, 4, 73.57
2026/09/07 04:04:02.086, 0, 99, 109894, 536.23
2026/09/07 04:04:02.088, 1, 0, 4, 73.54
2026/09/07 04:04:03.090, 0, 100, 109894, 524.71
2026/09/07 04:04:03.092, 1, 0, 4, 73.50
2026/09/07 04:04:04.094, 0, 100, 109894, 526.35
2026/09/07 04:04:04.096, 1, 0, 4, 73.55
2026/09/07 04:04:05.099, 0, 100, 109894, 531.29
2026/09/07 04:04:05.101, 1, 0, 4, 73.50
2026/09/07 04:04:06.103, 0, 100, 109894, 514.53
2026/09/07 04:04:06.106, 1, 0, 4, 73.51
2026/09/07 04:04:07.108, 0, 100, 109894, 516.37
2026/09/07 04:04:07.111, 1, 0, 4, 73.54
2026/09/07 04:04:08.113, 0, 100, 109894, 505.75
2026/09/07 04:04:08.115, 1, 0, 4, 73.58
2026/09/07 04:04:09.118, 0, 100, 109894, 516.44
2026/09/07 04:04:09.120, 1, 0, 4, 73.52
2026/09/07 04:04:10.122, 0, 100, 109894, 524.98
2026/09/07 04:04:10.125, 1, 0, 4, 73.40
2026/09/07 04:04:11.128, 0, 100, 109894, 528.46
2026/09/07 04:04:11.131, 1, 0, 4, 73.54
2026/09/07 04:04:12.134, 0, 100, 109894, 526.31
2026/09/07 04:04:12.137, 1, 0, 4, 73.47
2026/09/07 04:04:13.140, 0, 100, 109894, 540.47
2026/09/07 04:04:13.143, 1, 0, 4, 73.47
2026/09/07 04:04:14.146, 0, 100, 109894, 538.10
2026/09/07 04:04:14.149, 1, 0, 4, 73.46
2026/09/07 04:04:15.152, 0, 100, 109894, 532.83
2026/09/07 04:04:15.156, 1, 0, 4, 73.43
2026/09/07 04:04:16.158, 0, 100, 109894, 513.30
2026/09/07 04:04:16.160, 1, 0, 4, 73.50
2026/09/07 04:04:17.163, 0, 0, 109894, 414.53
2026/09/07 04:04:17.165, 1, 0, 4, 73.53
2026/09/07 04:04:18.167, 0, 100, 109894, 502.97
2026/09/07 04:04:18.170, 1, 0, 4, 73.54
2026/09/07 04:04:19.172, 0, 100, 109894, 525.66
2026/09/07 04:04:19.175, 1, 0, 4, 73.50
2026/09/07 04:04:20.178, 0, 100, 109894, 529.85
2026/09/07 04:04:20.182, 1, 0, 4, 73.51
2026/09/07 04:04:21.184, 0, 94, 109894, 506.98
2026/09/07 04:04:21.187, 1, 0, 4, 73.54
2026/09/07 04:04:22.190, 0, 100, 109894, 518.11
2026/09/07 04:04:22.193, 1, 0, 4, 73.51
2026/09/07 04:04:23.195, 0, 100, 109894, 475.98
2026/09/07 04:04:23.198, 1, 0, 4, 73.53
2026/09/07 04:04:24.200, 0, 100, 109894, 444.34
2026/09/07 04:04:24.203, 1, 0, 4, 73.57
2026/09/07 04:04:25.205, 0, 100, 109894, 505.56
2026/09/07 04:04:25.207, 1, 0, 4, 73.57
2026/09/07 04:04:26.209, 0, 99, 109894, 512.30
2026/09/07 04:04:26.212, 1, 0, 4, 73.56
2026/09/07 04:04:27.215, 0, 100, 109894, 530.65
2026/09/07 04:04:27.217, 1, 0, 4, 73.48
2026/09/07 04:04:28.220, 0, 100, 109894, 483.78
2026/09/07 04:04:28.222, 1, 0, 4, 73.53
2026/09/07 04:04:29.225, 0, 100, 109894, 498.92
2026/09/07 04:04:29.228, 1, 0, 4, 73.52
2026/09/07 04:04:30.230, 0, 100, 109894, 499.99
2026/09/07 04:04:30.233, 1, 0, 4, 73.54
2026/09/07 04:04:31.235, 0, 100, 109894, 512.62
2026/09/07 04:04:31.237, 1, 0, 4, 73.53
2026/09/07 04:04:32.239, 0, 99, 109894, 513.79
2026/09/07 04:04:32.242, 1, 0, 4, 73.53
2026/09/07 04:04:33.244, 0, 100, 109894, 508.35
2026/09/07 04:04:33.247, 1, 0, 4, 73.59
2026/09/07 04:04:34.250, 0, 100, 109894, 518.07
2026/09/07 04:04:34.252, 1, 0, 4, 73.57
2026/09/07 04:04:35.254, 0, 100, 109894, 521.04
2026/09/07 04:04:35.258, 1, 0, 4, 73.48
2026/09/07 04:04:36.260, 0, 99, 109894, 510.22
2026/09/07 04:04:36.263, 1, 0, 4, 73.50
2026/09/07 04:04:37.265, 0, 100, 109894, 515.56
2026/09/07 04:04:37.269, 1, 0, 4, 73.52
2026/09/07 04:04:38.271, 0, 100, 109894, 494.95
2026/09/07 04:04:38.274, 1, 0, 4, 73.60
2026/09/07 04:04:39.276, 0, 99, 109894, 487.81
2026/09/07 04:04:39.279, 1, 0, 4, 73.51
2026/09/07 04:04:40.282, 0, 54, 109894, 498.73
2026/09/07 04:04:40.284, 1, 0, 4, 73.59
2026/09/07 04:04:41.287, 0, 100, 109894, 510.84
2026/09/07 04:04:41.289, 1, 0, 4, 73.54
2026/09/07 04:04:42.292, 0, 98, 109894, 518.56
2026/09/07 04:04:42.294, 1, 0, 4, 73.51
2026/09/07 04:04:43.296, 0, 100, 109894, 476.19
2026/09/07 04:04:43.299, 1, 0, 4, 73.55
2026/09/07 04:04:44.302, 0, 100, 109894, 501.58
2026/09/07 04:04:44.305, 1, 0, 4, 73.53
2026/09/07 04:04:45.307, 0, 100, 109894, 513.55
2026/09/07 04:04:45.310, 1, 0, 4, 73.52
2026/09/07 04:04:46.312, 0, 99, 109894, 505.93
2026/09/07 04:04:46.315, 1, 0, 4, 73.53
2026/09/07 04:04:47.318, 0, 100, 109894, 485.32
2026/09/07 04:04:47.321, 1, 0, 4, 73.54
2026/09/07 04:04:48.323, 0, 98, 109894, 505.79
2026/09/07 04:04:48.325, 1, 0, 4, 73.56
2026/09/07 04:04:49.328, 0, 100, 109894, 507.42
2026/09/07 04:04:49.330, 1, 0, 4, 73.56
2026/09/07 04:04:50.332, 0, 97, 109894, 503.49
2026/09/07 04:04:50.335, 1, 0, 4, 73.50
2026/09/07 04:04:51.337, 0, 100, 109894, 512.47
2026/09/07 04:04:51.340, 1, 0, 4, 73.48
2026/09/07 04:04:52.342, 0, 98, 109894, 509.60
2026/09/07 04:04:52.345, 1, 0, 4, 73.52
2026/09/07 04:04:53.347, 0, 100, 109894, 503.81
2026/09/07 04:04:53.349, 1, 0, 4, 73.51
2026/09/07 04:04:54.352, 0, 99, 109894, 503.01
2026/09/07 04:04:54.356, 1, 0, 4, 73.49
2026/09/07 04:04:55.359, 0, 100, 109894, 516.19
2026/09/07 04:04:55.362, 1, 0, 4, 73.53
2026/09/07 04:04:56.364, 0, 100, 109894, 510.20
2026/09/07 04:04:56.367, 1, 0, 4, 73.52
2026/09/07 04:04:57.369, 0, 100, 109894, 512.45
2026/09/07 04:04:57.372, 1, 0, 4, 73.52
2026/09/07 04:04:58.375, 0, 100, 109894, 515.14
2026/09/07 04:04:58.377, 1, 0, 4, 73.48
2026/09/07 04:04:59.379, 0, 100, 109894, 523.01
2026/09/07 04:04:59.382, 1, 0, 4, 73.47
2026/09/07 04:05:00.385, 0, 99, 109894, 488.39
2026/09/07 04:05:00.387, 1, 0, 4, 73.49
2026/09/07 04:05:01.390, 0, 100, 109894, 520.55
2026/09/07 04:05:01.392, 1, 0, 4, 73.47
2026/09/07 04:05:02.394, 0, 100, 109894, 526.93
2026/09/07 04:05:02.397, 1, 0, 4, 73.53
2026/09/07 04:05:03.399, 0, 100, 109894, 519.49
2026/09/07 04:05:03.402, 1, 0, 4, 73.53
2026/09/07 04:05:04.404, 0, 99, 109894, 526.73
2026/09/07 04:05:04.407, 1, 0, 4, 73.56
2026/09/07 04:05:05.409, 0, 100, 109894, 522.90
2026/09/07 04:05:05.412, 1, 0, 4, 73.56
2026/09/07 04:05:06.415, 0, 100, 109894, 501.24
2026/09/07 04:05:06.418, 1, 0, 4, 73.53
2026/09/07 04:05:07.420, 0, 98, 109894, 514.07
2026/09/07 04:05:07.423, 1, 0, 4, 73.51
2026/09/07 04:05:08.426, 0, 100, 109894, 524.99
2026/09/07 04:05:08.428, 1, 0, 4, 73.47
2026/09/07 04:05:09.431, 0, 99, 109894, 513.77
2026/09/07 04:05:09.434, 1, 0, 4, 73.51
2026/09/07 04:05:10.436, 0, 100, 109894, 521.79
2026/09/07 04:05:10.439, 1, 0, 4, 73.56
2026/09/07 04:05:11.441, 0, 99, 109894, 519.38
2026/09/07 04:05:11.444, 1, 0, 4, 73.58
2026/09/07 04:05:12.446, 0, 100, 109894, 525.23
2026/09/07 04:05:12.450, 1, 0, 4, 73.57
2026/09/07 04:05:13.452, 0, 100, 109894, 518.96
2026/09/07 04:05:13.454, 1, 0, 4, 73.52
2026/09/07 04:05:14.457, 0, 100, 109894, 496.43
2026/09/07 04:05:14.460, 1, 0, 4, 73.56
2026/09/07 04:05:15.462, 0, 100, 109894, 523.28
2026/09/07 04:05:15.465, 1, 0, 4, 73.54
2026/09/07 04:05:16.467, 0, 98, 109894, 489.17
2026/09/07 04:05:16.470, 1, 0, 4, 73.54
2026/09/07 04:05:17.472, 0, 100, 109894, 519.94
2026/09/07 04:05:17.476, 1, 0, 4, 73.58
2026/09/07 04:05:18.478, 0, 100, 109894, 514.54
2026/09/07 04:05:18.480, 1, 0, 4, 73.57
2026/09/07 04:05:19.482, 0, 100, 109894, 516.19
2026/09/07 04:05:19.484, 1, 0, 4, 73.53
2026/09/07 04:05:20.487, 0, 100, 109894, 501.30
2026/09/07 04:05:20.489, 1, 0, 4, 73.57
2026/09/07 04:05:21.492, 0, 100, 109894, 492.60
2026/09/07 04:05:21.495, 1, 0, 4, 73.51
2026/09/07 04:05:22.497, 0, 100, 109894, 504.55
2026/09/07 04:05:22.499, 1, 0, 4, 73.56
2026/09/07 04:05:23.501, 0, 98, 109894, 514.52
2026/09/07 04:05:23.503, 1, 0, 4, 73.55
2026/09/07 04:05:24.505, 0, 100, 109894, 515.16
2026/09/07 04:05:24.507, 1, 0, 4, 73.51
2026/09/07 04:05:25.509, 0, 100, 109894, 491.00
2026/09/07 04:05:25.512, 1, 0, 4, 73.53
2026/09/07 04:05:26.514, 0, 99, 109894, 512.21
2026/09/07 04:05:26.519, 1, 0, 4, 73.47
2026/09/07 04:05:27.522, 0, 100, 109894, 519.02
2026/09/07 04:05:27.525, 1, 0, 4, 73.53
2026/09/07 04:05:28.527, 0, 100, 109894, 520.56
2026/09/07 04:05:28.530, 1, 0, 4, 73.56
2026/09/07 04:05:29.532, 0, 100, 109894, 516.90
2026/09/07 04:05:29.535, 1, 0, 4, 73.52
2026/09/07 04:05:30.538, 0, 100, 109894, 519.21
2026/09/07 04:05:30.540, 1, 0, 4, 73.50
2026/09/07 04:05:31.542, 0, 100, 109894, 519.29
2026/09/07 04:05:31.546, 1, 0, 4, 73.48
2026/09/07 04:05:32.550, 0, 100, 109894, 515.67
2026/09/07 04:05:32.553, 1, 0, 4, 73.55
2026/09/07 04:05:33.555, 0, 98, 109894, 531.88
2026/09/07 04:05:33.558, 1, 0, 4, 73.50
2026/09/07 04:05:34.560, 0, 100, 109894, 527.76
2026/09/07 04:05:34.563, 1, 0, 4, 73.58
2026/09/07 04:05:35.566, 0, 100, 109894, 528.47
2026/09/07 04:05:35.568, 1, 0, 4, 73.58
2026/09/07 04:05:36.571, 0, 99, 109894, 532.86
2026/09/07 04:05:36.574, 1, 0, 4, 73.56
2026/09/07 04:05:37.576, 0, 97, 109894, 533.61
2026/09/07 04:05:37.579, 1, 0, 4, 73.55
2026/09/07 04:05:38.581, 0, 49, 109894, 496.75
2026/09/07 04:05:38.584, 1, 0, 4, 73.49
2026/09/07 04:05:39.586, 0, 100, 109894, 524.85
2026/09/07 04:05:39.588, 1, 0, 4, 73.46
2026/09/07 04:05:40.590, 0, 100, 109894, 524.17
2026/09/07 04:05:40.593, 1, 0, 4, 73.56
2026/09/07 04:05:41.596, 0, 69, 109894, 499.52
2026/09/07 04:05:41.598, 1, 0, 4, 73.76
2026/09/07 04:05:42.601, 0, 100, 109894, 529.56
2026/09/07 04:05:42.604, 1, 0, 4, 73.79
2026/09/07 04:05:43.606, 0, 100, 109894, 524.55
2026/09/07 04:05:43.609, 1, 0, 4, 73.78
2026/09/07 04:05:44.611, 0, 100, 109894, 524.68
2026/09/07 04:05:44.614, 1, 0, 4, 73.83
2026/09/07 04:05:45.616, 0, 99, 109894, 535.02
2026/09/07 04:05:45.619, 1, 0, 4, 73.81
2026/09/07 04:05:46.622, 0, 100, 109894, 526.58
2026/09/07 04:05:46.625, 1, 0, 4, 73.80
2026/09/07 04:05:47.627, 0, 100, 109894, 520.32
2026/09/07 04:05:47.629, 1, 0, 4, 73.80
2026/09/07 04:05:48.632, 0, 100, 109894, 539.05
2026/09/07 04:05:48.635, 1, 0, 4, 73.77
2026/09/07 04:05:49.637, 0, 99, 109894, 537.64
2026/09/07 04:05:49.640, 1, 0, 4, 73.77
2026/09/07 04:05:50.642, 0, 100, 109894, 500.19
2026/09/07 04:05:50.645, 1, 0, 4, 73.79
2026/09/07 04:05:51.647, 0, 99, 109894, 515.88
2026/09/07 04:05:51.650, 1, 0, 4, 73.85
2026/09/07 04:05:52.652, 0, 100, 109894, 498.14
2026/09/07 04:05:52.654, 1, 0, 4, 73.56
2026/09/07 04:05:53.656, 0, 100, 109894, 503.46
2026/09/07 04:05:53.658, 1, 0, 4, 73.53
2026/09/07 04:05:54.660, 0, 100, 109894, 518.21
2026/09/07 04:05:54.663, 1, 0, 4, 73.48
2026/09/07 04:05:55.665, 0, 100, 109894, 508.74
2026/09/07 04:05:55.668, 1, 0, 4, 73.50
2026/09/07 04:05:56.671, 0, 100, 109894, 515.57
2026/09/07 04:05:56.674, 1, 0, 4, 73.54
2026/09/07 04:05:57.676, 0, 99, 109894, 512.86
2026/09/07 04:05:57.678, 1, 0, 4, 73.47
2026/09/07 04:05:58.681, 0, 100, 109894, 510.98
2026/09/07 04:05:58.683, 1, 0, 4, 73.61
2026/09/07 04:05:59.685, 0, 100, 109894, 518.64
2026/09/07 04:05:59.688, 1, 0, 4, 73.59
2026/09/07 04:06:00.690, 0, 100, 109894, 528.01
2026/09/07 04:06:00.693, 1, 0, 4, 73.56
2026/09/07 04:06:01.695, 0, 99, 109894, 502.77
2026/09/07 04:06:01.697, 1, 0, 4, 73.59
2026/09/07 04:06:02.699, 0, 100, 109894, 522.57
2026/09/07 04:06:02.702, 1, 0, 4, 73.49
2026/09/07 04:06:03.705, 0, 70, 109894, 498.42
2026/09/07 04:06:03.708, 1, 0, 4, 73.54
2026/09/07 04:06:04.710, 0, 100, 109894, 525.91
2026/09/07 04:06:04.713, 1, 0, 4, 73.54
2026/09/07 04:06:05.715, 0, 100, 109894, 524.68
2026/09/07 04:06:05.718, 1, 0, 4, 73.47
2026/09/07 04:06:06.720, 0, 100, 109894, 498.06
2026/09/07 04:06:06.723, 1, 0, 4, 73.56
2026/09/07 04:06:07.725, 0, 100, 109894, 522.56
2026/09/07 04:06:07.728, 1, 0, 4, 73.55
2026/09/07 04:06:08.730, 0, 100, 109894, 519.49
2026/09/07 04:06:08.733, 1, 0, 4, 73.57
2026/09/07 04:06:09.735, 0, 100, 109894, 513.54
2026/09/07 04:06:09.737, 1, 0, 4, 73.55
2026/09/07 04:06:10.739, 0, 97, 109894, 532.32
2026/09/07 04:06:10.742, 1, 0, 4, 73.55
2026/09/07 04:06:11.744, 0, 97, 109894, 491.38
2026/09/07 04:06:11.747, 1, 0, 4, 73.58
2026/09/07 04:06:12.749, 0, 100, 109894, 514.20
2026/09/07 04:06:12.752, 1, 0, 4, 73.50
2026/09/07 04:06:13.755, 0, 95, 109894, 525.06
2026/09/07 04:06:13.758, 1, 0, 4, 73.56
2026/09/07 04:06:14.760, 0, 100, 109894, 386.41
2026/09/07 04:06:14.763, 1, 0, 4, 73.57
2026/09/07 04:06:15.765, 0, 100, 109894, 483.88
2026/09/07 04:06:15.768, 1, 0, 4, 73.58
2026/09/07 04:06:16.770, 0, 98, 109894, 509.43
2026/09/07 04:06:16.773, 1, 0, 4, 73.54
2026/09/07 04:06:17.775, 0, 100, 109894, 484.05
2026/09/07 04:06:17.778, 1, 0, 4, 73.52
2026/09/07 04:06:18.779, 0, 100, 109894, 507.34
2026/09/07 04:06:18.782, 1, 0, 4, 73.55
2026/09/07 04:06:19.784, 0, 100, 109894, 519.37
2026/09/07 04:06:19.787, 1, 0, 4, 73.52
2026/09/07 04:06:20.789, 0, 100, 109894, 505.96
2026/09/07 04:06:20.792, 1, 0, 4, 73.56
2026/09/07 04:06:21.794, 0, 96, 109894, 403.16
2026/09/07 04:06:21.797, 1, 0, 4, 73.53
2026/09/07 04:06:22.799, 0, 100, 109894, 512.37
2026/09/07 04:06:22.801, 1, 0, 4, 73.51
2026/09/07 04:06:23.803, 0, 97, 109894, 506.05
2026/09/07 04:06:23.806, 1, 0, 4, 73.56
2026/09/07 04:06:24.808, 0, 100, 109894, 512.94
2026/09/07 04:06:24.811, 1, 0, 4, 73.53
2026/09/07 04:06:25.814, 0, 100, 109894, 517.01
2026/09/07 04:06:25.817, 1, 0, 4, 73.52
2026/09/07 04:06:26.820, 0, 100, 109894, 518.73
2026/09/07 04:06:26.823, 1, 0, 4, 73.51
2026/09/07 04:06:27.826, 0, 100, 109894, 518.48
2026/09/07 04:06:27.828, 1, 0, 4, 73.49
2026/09/07 04:06:28.831, 0, 100, 109894, 524.08
2026/09/07 04:06:28.833, 1, 0, 4, 73.51
2026/09/07 04:06:29.836, 0, 100, 109894, 527.70
2026/09/07 04:06:29.838, 1, 0, 4, 73.55
2026/09/07 04:06:30.840, 0, 100, 109894, 521.89
2026/09/07 04:06:30.843, 1, 0, 4, 73.53
2026/09/07 04:06:31.845, 0, 99, 109894, 522.18
2026/09/07 04:06:31.848, 1, 0, 4, 73.58
2026/09/07 04:06:32.850, 0, 100, 109894, 533.93
2026/09/07 04:06:32.853, 1, 0, 4, 73.49
2026/09/07 04:06:33.855, 0, 99, 109894, 524.54
2026/09/07 04:06:33.858, 1, 0, 4, 73.53
2026/09/07 04:06:34.860, 0, 99, 109894, 407.94
2026/09/07 04:06:34.863, 1, 0, 4, 73.55
2026/09/07 04:06:35.866, 0, 100, 109894, 516.95
2026/09/07 04:06:35.869, 1, 0, 4, 73.47
2026/09/07 04:06:36.871, 0, 100, 109894, 514.80
2026/09/07 04:06:36.874, 1, 0, 4, 73.49
2026/09/07 04:06:37.876, 0, 98, 109894, 524.91
2026/09/07 04:06:37.878, 1, 0, 4, 73.56
2026/09/07 04:06:38.881, 0, 100, 109894, 519.84
2026/09/07 04:06:38.884, 1, 0, 4, 73.53
2026/09/07 04:06:39.886, 0, 100, 109894, 514.86
2026/09/07 04:06:39.890, 1, 0, 4, 73.54
2026/09/07 04:06:40.893, 0, 93, 109894, 498.04
2026/09/07 04:06:40.895, 1, 0, 4, 73.60
2026/09/07 04:06:41.898, 0, 98, 109894, 524.07
2026/09/07 04:06:41.900, 1, 0, 4, 73.54
2026/09/07 04:06:42.903, 0, 100, 109894, 517.24
2026/09/07 04:06:42.906, 1, 0, 4, 73.53
2026/09/07 04:06:43.908, 0, 100, 109894, 522.47
2026/09/07 04:06:43.911, 1, 0, 4, 73.51
2026/09/07 04:06:44.914, 0, 100, 109894, 531.93
2026/09/07 04:06:44.916, 1, 0, 4, 73.53
2026/09/07 04:06:45.919, 0, 100, 109894, 526.90
2026/09/07 04:06:45.921, 1, 0, 4, 73.50
2026/09/07 04:06:46.924, 0, 100, 109894, 526.32
2026/09/07 04:06:46.927, 1, 0, 4, 73.53
2026/09/07 04:06:47.929, 0, 100, 109894, 531.27
2026/09/07 04:06:47.931, 1, 0, 4, 73.55
2026/09/07 04:06:48.934, 0, 100, 109894, 504.38
2026/09/07 04:06:48.938, 1, 0, 4, 73.58
2026/09/07 04:06:49.941, 0, 100, 109894, 521.04
2026/09/07 04:06:49.944, 1, 0, 4, 73.55
2026/09/07 04:06:50.947, 0, 100, 109894, 511.78
2026/09/07 04:06:50.950, 1, 0, 4, 73.56
2026/09/07 04:06:51.954, 0, 100, 109894, 422.83
2026/09/07 04:06:51.956, 1, 0, 4, 73.56
2026/09/07 04:06:52.958, 0, 100, 109894, 513.99
2026/09/07 04:06:52.963, 1, 0, 4, 73.52
2026/09/07 04:06:53.966, 0, 100, 109894, 518.39
2026/09/07 04:06:53.969, 1, 0, 4, 73.57
2026/09/07 04:06:54.971, 0, 70, 109894, 495.37
2026/09/07 04:06:54.975, 1, 0, 4, 73.59
2026/09/07 04:06:55.979, 0, 99, 109894, 520.28
2026/09/07 04:06:55.981, 1, 0, 4, 73.59
2026/09/07 04:06:56.984, 0, 100, 109894, 529.41
2026/09/07 04:06:56.986, 1, 0, 4, 73.57
2026/09/07 04:06:57.989, 0, 100, 109894, 495.28
2026/09/07 04:06:57.991, 1, 0, 4, 73.54
2026/09/07 04:06:58.994, 0, 100, 109894, 511.76
2026/09/07 04:06:58.996, 1, 0, 4, 73.51
2026/09/07 04:06:59.998, 0, 99, 109894, 518.07
2026/09/07 04:07:00.001, 1, 0, 4, 73.54
2026/09/07 04:07:01.003, 0, 100, 109894, 510.52
2026/09/07 04:07:01.006, 1, 0, 4, 73.55
2026/09/07 04:07:02.010, 0, 100, 109894, 510.25
2026/09/07 04:07:02.013, 1, 0, 4, 73.53
2026/09/07 04:07:03.015, 0, 100, 109894, 517.01
2026/09/07 04:07:03.018, 1, 0, 4, 73.49
2026/09/07 04:07:04.020, 0, 100, 109894, 516.87
2026/09/07 04:07:04.023, 1, 0, 4, 73.51
2026/09/07 04:07:05.025, 0, 100, 109894, 516.44
2026/09/07 04:07:05.028, 1, 0, 4, 73.54
2026/09/07 04:07:06.031, 0, 100, 109894, 521.27
2026/09/07 04:07:06.034, 1, 0, 4, 73.54
2026/09/07 04:07:07.036, 0, 100, 109894, 534.04
2026/09/07 04:07:07.039, 1, 0, 4, 73.57
2026/09/07 04:07:08.042, 0, 100, 109894, 527.57
2026/09/07 04:07:08.044, 1, 0, 4, 73.56
2026/09/07 04:07:09.046, 0, 100, 109894, 526.20
2026/09/07 04:07:09.049, 1, 0, 4, 73.58
2026/09/07 04:07:10.051, 0, 100, 109894, 531.20
2026/09/07 04:07:10.054, 1, 0, 4, 73.54
2026/09/07 04:07:11.056, 0, 100, 109894, 525.92
2026/09/07 04:07:11.059, 1, 0, 4, 73.50
2026/09/07 04:07:12.062, 0, 100, 109894, 528.62
2026/09/07 04:07:12.064, 1, 0, 4, 73.53
2026/09/07 04:07:13.067, 0, 100, 109894, 535.36
2026/09/07 04:07:13.070, 1, 0, 4, 73.58
2026/09/07 04:07:14.073, 0, 100, 109894, 495.76
2026/09/07 04:07:14.076, 1, 0, 4, 73.56
2026/09/07 04:07:15.078, 0, 100, 109894, 524.80
2026/09/07 04:07:15.081, 1, 0, 4, 73.54
2026/09/07 04:07:16.083, 0, 100, 109894, 531.39
2026/09/07 04:07:16.086, 1, 0, 4, 73.57
2026/09/07 04:07:17.089, 0, 99, 109894, 518.93
2026/09/07 04:07:17.091, 1, 0, 4, 73.51
2026/09/07 04:07:18.093, 0, 100, 109894, 528.97
2026/09/07 04:07:18.096, 1, 0, 4, 73.56
2026/09/07 04:07:19.098, 0, 100, 109894, 535.69
2026/09/07 04:07:19.101, 1, 0, 4, 73.52
2026/09/07 04:07:20.103, 0, 100, 109894, 517.57
2026/09/07 04:07:20.106, 1, 0, 4, 73.57
2026/09/07 04:07:21.109, 0, 100, 109894, 520.79
2026/09/07 04:07:21.111, 1, 0, 4, 73.54
2026/09/07 04:07:22.113, 0, 100, 109894, 538.10
2026/09/07 04:07:22.116, 1, 0, 4, 73.53
2026/09/07 04:07:23.119, 0, 100, 109894, 526.15
2026/09/07 04:07:23.122, 1, 0, 4, 73.54
2026/09/07 04:07:24.124, 0, 100, 109894, 530.40
2026/09/07 04:07:24.127, 1, 0, 4, 73.53
2026/09/07 04:07:25.129, 0, 100, 109894, 518.18
2026/09/07 04:07:25.132, 1, 0, 4, 73.61
2026/09/07 04:07:26.135, 0, 100, 109894, 500.79
2026/09/07 04:07:26.137, 1, 0, 4, 73.55
2026/09/07 04:07:27.139, 0, 100, 109894, 524.02
2026/09/07 04:07:27.142, 1, 0, 4, 73.53
2026/09/07 04:07:28.145, 0, 100, 109894, 525.54
2026/09/07 04:07:28.147, 1, 0, 4, 73.58
2026/09/07 04:07:29.149, 0, 100, 109894, 511.18
2026/09/07 04:07:29.152, 1, 0, 4, 73.49
2026/09/07 04:07:30.155, 0, 100, 109894, 529.95
2026/09/07 04:07:30.158, 1, 0, 4, 73.52
2026/09/07 04:07:31.160, 0, 100, 109894, 526.31
2026/09/07 04:07:31.163, 1, 0, 4, 73.51
2026/09/07 04:07:32.166, 0, 100, 109894, 518.31
2026/09/07 04:07:32.168, 1, 0, 4, 73.55
2026/09/07 04:07:33.170, 0, 100, 109894, 527.81
2026/09/07 04:07:33.176, 1, 0, 4, 73.53
2026/09/07 04:07:34.179, 0, 100, 109894, 533.21
2026/09/07 04:07:34.181, 1, 0, 4, 73.65
2026/09/07 04:07:35.184, 0, 100, 109894, 525.09
2026/09/07 04:07:35.186, 1, 0, 4, 73.61
2026/09/07 04:07:36.189, 0, 81, 109894, 509.34
2026/09/07 04:07:36.191, 1, 0, 4, 73.54
2026/09/07 04:07:37.194, 0, 100, 109894, 526.66
2026/09/07 04:07:37.196, 1, 0, 4, 73.54
2026/09/07 04:07:38.199, 0, 100, 109894, 517.63
2026/09/07 04:07:38.201, 1, 0, 4, 73.54
2026/09/07 04:07:39.203, 0, 100, 109894, 519.53
2026/09/07 04:07:39.206, 1, 0, 4, 73.55
2026/09/07 04:07:40.209, 0, 100, 109894, 504.31
2026/09/07 04:07:40.211, 1, 0, 4, 73.59
2026/09/07 04:07:41.214, 0, 99, 109894, 495.76
2026/09/07 04:07:41.216, 1, 0, 4, 73.58
2026/09/07 04:07:42.218, 0, 99, 109894, 520.73
2026/09/07 04:07:42.220, 1, 0, 4, 73.58
2026/09/07 04:07:43.223, 0, 100, 109894, 519.99
2026/09/07 04:07:43.225, 1, 0, 4, 73.53
2026/09/07 04:07:44.227, 0, 100, 109894, 515.18
2026/09/07 04:07:44.230, 1, 0, 4, 73.52
2026/09/07 04:07:45.232, 0, 100, 109894, 533.72
2026/09/07 04:07:45.235, 1, 0, 4, 73.55
2026/09/07 04:07:46.238, 0, 100, 109894, 526.05
2026/09/07 04:07:46.241, 1, 0, 4, 73.56
2026/09/07 04:07:47.243, 0, 100, 109894, 528.35
2026/09/07 04:07:47.246, 1, 0, 4, 73.56
2026/09/07 04:07:48.248, 0, 100, 109894, 531.45
2026/09/07 04:07:48.251, 1, 0, 4, 73.57
2026/09/07 04:07:49.253, 0, 100, 109894, 508.16
2026/09/07 04:07:49.256, 1, 0, 4, 73.50
2026/09/07 04:07:50.258, 0, 57, 109894, 505.15
2026/09/07 04:07:50.261, 1, 0, 4, 73.54
2026/09/07 04:07:51.263, 0, 100, 109894, 515.16
2026/09/07 04:07:51.266, 1, 0, 4, 73.55
2026/09/07 04:07:52.268, 0, 99, 109894, 514.76
2026/09/07 04:07:52.271, 1, 0, 4, 73.50
2026/09/07 04:07:53.273, 0, 100, 109894, 524.59
2026/09/07 04:07:53.276, 1, 0, 4, 73.53
2026/09/07 04:07:54.279, 0, 99, 109894, 512.56
2026/09/07 04:07:54.281, 1, 0, 4, 73.53
2026/09/07 04:07:55.283, 0, 100, 109894, 521.72
2026/09/07 04:07:55.286, 1, 0, 4, 73.54
2026/09/07 04:07:56.288, 0, 89, 109894, 498.10
2026/09/07 04:07:56.291, 1, 0, 4, 73.53
2026/09/07 04:07:57.293, 0, 99, 109894, 519.37
2026/09/07 04:07:57.296, 1, 0, 4, 73.55
2026/09/07 04:07:58.298, 0, 100, 109894, 519.95
2026/09/07 04:07:58.301, 1, 0, 4, 73.55
2026/09/07 04:07:59.303, 0, 99, 109894, 517.77
2026/09/07 04:07:59.306, 1, 0, 4, 73.46
2026/09/07 04:08:00.308, 0, 100, 109894, 523.47
2026/09/07 04:08:00.311, 1, 0, 4, 73.53
2026/09/07 04:08:01.313, 0, 100, 109894, 523.49
2026/09/07 04:08:01.316, 1, 0, 4, 73.55
2026/09/07 04:08:02.318, 0, 100, 109894, 527.33
2026/09/07 04:08:02.321, 1, 0, 4, 73.55
2026/09/07 04:08:03.323, 0, 99, 109894, 525.78
2026/09/07 04:08:03.326, 1, 0, 4, 73.54
2026/09/07 04:08:04.328, 0, 100, 109894, 518.88
2026/09/07 04:08:04.330, 1, 0, 4, 73.58
2026/09/07 04:08:05.333, 0, 100, 109894, 534.41
2026/09/07 04:08:05.336, 1, 0, 4, 73.57
2026/09/07 04:08:06.338, 0, 100, 109894, 534.55
2026/09/07 04:08:06.342, 1, 0, 4, 73.50
2026/09/07 04:08:07.344, 0, 100, 109894, 532.45
2026/09/07 04:08:07.347, 1, 0, 4, 73.51
2026/09/07 04:08:08.350, 0, 100, 109894, 536.98
2026/09/07 04:08:08.352, 1, 0, 4, 73.54
2026/09/07 04:08:09.355, 0, 100, 109894, 506.11
2026/09/07 04:08:09.357, 1, 0, 4, 73.49
2026/09/07 04:08:10.360, 0, 100, 109894, 520.00
2026/09/07 04:08:10.362, 1, 0, 4, 73.58
2026/09/07 04:08:11.365, 0, 100, 109894, 527.35
2026/09/07 04:08:11.367, 1, 0, 4, 73.59
2026/09/07 04:08:12.370, 0, 100, 109894, 500.69
2026/09/07 04:08:12.373, 1, 0, 4, 73.57
2026/09/07 04:08:13.375, 0, 100, 109894, 519.94
2026/09/07 04:08:13.377, 1, 0, 4, 73.58
2026/09/07 04:08:14.380, 0, 100, 109894, 534.48
2026/09/07 04:08:14.383, 1, 0, 4, 73.59
2026/09/07 04:08:15.385, 0, 62, 109894, 483.18
2026/09/07 04:08:15.388, 1, 0, 4, 73.50
2026/09/07 04:08:16.390, 0, 100, 109894, 506.91
2026/09/07 04:08:16.393, 1, 0, 4, 73.51
2026/09/07 04:08:17.395, 0, 100, 109894, 516.76
2026/09/07 04:08:17.397, 1, 0, 4, 73.51
2026/09/07 04:08:18.401, 0, 100, 109894, 516.20
2026/09/07 04:08:18.403, 1, 0, 4, 73.52
2026/09/07 04:08:19.406, 0, 100, 109894, 531.55
2026/09/07 04:08:19.408, 1, 0, 4, 73.55
2026/09/07 04:08:20.410, 0, 100, 109894, 523.79
2026/09/07 04:08:20.413, 1, 0, 4, 73.59
2026/09/07 04:08:21.415, 0, 100, 109894, 524.75
2026/09/07 04:08:21.417, 1, 0, 4, 73.56
2026/09/07 04:08:22.419, 0, 94, 109894, 498.52
2026/09/07 04:08:22.422, 1, 0, 4, 73.55
2026/09/07 04:08:23.424, 0, 63, 109894, 461.21
2026/09/07 04:08:23.426, 1, 0, 4, 73.54
2026/09/07 04:08:24.428, 0, 100, 109894, 499.85
2026/09/07 04:08:24.431, 1, 0, 4, 73.50
2026/09/07 04:08:25.434, 0, 100, 109894, 491.18
2026/09/07 04:08:25.436, 1, 0, 4, 73.50
2026/09/07 04:08:26.438, 0, 100, 109894, 479.60
2026/09/07 04:08:26.441, 1, 0, 4, 73.54
2026/09/07 04:08:27.443, 0, 97, 109894, 506.64
2026/09/07 04:08:27.446, 1, 0, 4, 73.53
2026/09/07 04:08:28.448, 0, 100, 109894, 501.71
2026/09/07 04:08:28.451, 1, 0, 4, 73.58
2026/09/07 04:08:29.453, 0, 97, 109894, 503.57
2026/09/07 04:08:29.456, 1, 0, 4, 73.56
2026/09/07 04:08:30.458, 0, 98, 109894, 506.04
2026/09/07 04:08:30.461, 1, 0, 4, 73.56
2026/09/07 04:08:31.469, 0, 100, 109894, 490.46
2026/09/07 04:08:31.472, 1, 0, 4, 73.52
2026/09/07 04:08:32.475, 0, 99, 109894, 497.62
2026/09/07 04:08:32.478, 1, 0, 4, 73.53
2026/09/07 04:08:33.480, 0, 100, 109894, 504.32
2026/09/07 04:08:33.482, 1, 0, 4, 73.53
2026/09/07 04:08:34.484, 0, 100, 109894, 501.12
2026/09/07 04:08:34.487, 1, 0, 4, 73.54
2026/09/07 04:08:35.490, 0, 100, 109894, 506.12
2026/09/07 04:08:35.492, 1, 0, 4, 73.54
2026/09/07 04:08:36.494, 0, 100, 109894, 501.52
2026/09/07 04:08:36.496, 1, 0, 4, 73.54
2026/09/07 04:08:37.498, 0, 98, 109894, 506.96
2026/09/07 04:08:37.501, 1, 0, 4, 73.58
2026/09/07 04:08:38.503, 0, 100, 109894, 514.05
2026/09/07 04:08:38.506, 1, 0, 4, 73.50
2026/09/07 04:08:39.509, 0, 95, 109894, 504.60
2026/09/07 04:08:39.512, 1, 0, 4, 73.53
2026/09/07 04:08:40.514, 0, 100, 109894, 511.04
2026/09/07 04:08:40.517, 1, 0, 4, 73.49
2026/09/07 04:08:41.520, 0, 98, 109894, 525.10
2026/09/07 04:08:41.523, 1, 0, 4, 73.56
2026/09/07 04:08:42.527, 0, 100, 109894, 510.21
2026/09/07 04:08:42.529, 1, 0, 4, 73.52
2026/09/07 04:08:43.531, 0, 99, 109894, 512.15
2026/09/07 04:08:43.534, 1, 0, 4, 73.56
2026/09/07 04:08:44.536, 0, 100, 109894, 512.78
2026/09/07 04:08:44.539, 1, 0, 4, 73.59
2026/09/07 04:08:45.541, 0, 100, 109894, 521.56
2026/09/07 04:08:45.543, 1, 0, 4, 73.61
2026/09/07 04:08:46.545, 0, 99, 109894, 517.73
2026/09/07 04:08:46.548, 1, 0, 4, 73.57
2026/09/07 04:08:47.552, 0, 100, 109894, 521.31
2026/09/07 04:08:47.555, 1, 0, 4, 73.52
2026/09/07 04:08:48.557, 0, 100, 109894, 523.53
2026/09/07 04:08:48.560, 1, 0, 4, 73.50
2026/09/07 04:08:49.562, 0, 99, 109894, 524.56
2026/09/07 04:08:49.565, 1, 0, 4, 73.48
2026/09/07 04:08:50.567, 0, 98, 109894, 526.34
2026/09/07 04:08:50.569, 1, 0, 4, 73.50
2026/09/07 04:08:51.572, 0, 100, 109894, 544.36
2026/09/07 04:08:51.576, 1, 0, 4, 73.49
2026/09/07 04:08:52.578, 0, 100, 109894, 523.50
2026/09/07 04:08:52.581, 1, 0, 4, 73.54
2026/09/07 04:08:53.583, 0, 100, 109894, 515.09
2026/09/07 04:08:53.586, 1, 0, 4, 73.60
2026/09/07 04:08:54.588, 0, 100, 109894, 529.43
2026/09/07 04:08:54.590, 1, 0, 4, 73.56
2026/09/07 04:08:55.593, 0, 100, 109894, 532.74
2026/09/07 04:08:55.596, 1, 0, 4, 73.54
2026/09/07 04:08:56.598, 0, 100, 109894, 526.65
2026/09/07 04:08:56.601, 1, 0, 4, 73.49
2026/09/07 04:08:57.603, 0, 100, 109894, 530.48
2026/09/07 04:08:57.606, 1, 0, 4, 73.51
2026/09/07 04:08:58.609, 0, 100, 109894, 502.64
2026/09/07 04:08:58.611, 1, 0, 4, 73.52
2026/09/07 04:08:59.613, 0, 100, 109894, 505.79
2026/09/07 04:08:59.616, 1, 0, 4, 73.59
2026/09/07 04:09:00.618, 0, 100, 109894, 512.92
2026/09/07 04:09:00.621, 1, 0, 4, 73.60
2026/09/07 04:09:01.623, 0, 100, 109894, 506.01
2026/09/07 04:09:01.626, 1, 0, 4, 73.56
2026/09/07 04:09:02.628, 0, 100, 109894, 514.99
2026/09/07 04:09:02.631, 1, 0, 4, 73.54
2026/09/07 04:09:03.632, 0, 100, 109894, 517.66
2026/09/07 04:09:03.634, 1, 0, 4, 73.51
2026/09/07 04:09:04.636, 0, 100, 109894, 513.68
2026/09/07 04:09:04.639, 1, 0, 4, 73.49
2026/09/07 04:09:05.641, 0, 100, 109894, 529.04
2026/09/07 04:09:05.643, 1, 0, 4, 73.52
2026/09/07 04:09:06.646, 0, 100, 109894, 524.41
2026/09/07 04:09:06.648, 1, 0, 4, 73.56
2026/09/07 04:09:07.651, 0, 100, 109894, 500.68
2026/09/07 04:09:07.653, 1, 0, 4, 73.56
2026/09/07 04:09:08.656, 0, 100, 109894, 529.60
2026/09/07 04:09:08.659, 1, 0, 4, 73.53
2026/09/07 04:09:09.661, 0, 100, 109894, 534.22
2026/09/07 04:09:09.665, 1, 0, 4, 73.54
2026/09/07 04:09:10.667, 0, 100, 109894, 522.03
2026/09/07 04:09:10.669, 1, 0, 4, 73.65
2026/09/07 04:09:11.671, 0, 100, 109894, 529.46
2026/09/07 04:09:11.673, 1, 0, 4, 73.53
2026/09/07 04:09:12.675, 0, 100, 109894, 525.68
2026/09/07 04:09:12.677, 1, 0, 4, 73.51
2026/09/07 04:09:13.679, 0, 100, 109894, 509.99
2026/09/07 04:09:13.682, 1, 0, 4, 73.49
2026/09/07 04:09:14.684, 0, 100, 109894, 522.87
2026/09/07 04:09:14.686, 1, 0, 4, 73.49
2026/09/07 04:09:15.688, 0, 100, 109894, 526.42
2026/09/07 04:09:15.690, 1, 0, 4, 73.51
2026/09/07 04:09:16.692, 0, 100, 109894, 513.70
2026/09/07 04:09:16.695, 1, 0, 4, 73.58
2026/09/07 04:09:17.697, 0, 100, 109894, 541.33
2026/09/07 04:09:17.699, 1, 0, 4, 73.57
2026/09/07 04:09:18.702, 0, 99, 109894, 516.16
2026/09/07 04:09:18.705, 1, 0, 4, 73.53
2026/09/07 04:09:19.709, 0, 99, 109894, 527.08
2026/09/07 04:09:19.711, 1, 0, 4, 73.53
2026/09/07 04:09:20.714, 0, 100, 109894, 530.91
2026/09/07 04:09:20.716, 1, 0, 4, 73.53
2026/09/07 04:09:21.719, 0, 99, 109894, 505.07
2026/09/07 04:09:21.721, 1, 0, 4, 73.51
2026/09/07 04:09:22.725, 0, 100, 109894, 524.39
2026/09/07 04:09:22.728, 1, 0, 4, 73.56
2026/09/07 04:09:23.730, 0, 100, 109894, 505.31
2026/09/07 04:09:23.733, 1, 0, 4, 73.52
2026/09/07 04:09:24.735, 0, 100, 109894, 529.29
2026/09/07 04:09:24.738, 1, 0, 4, 73.57
2026/09/07 04:09:25.740, 0, 100, 109894, 531.05
2026/09/07 04:09:25.743, 1, 0, 4, 73.50
2026/09/07 04:09:26.746, 0, 100, 109894, 534.96
2026/09/07 04:09:26.749, 1, 0, 4, 73.51
2026/09/07 04:09:27.751, 0, 100, 109894, 541.18
2026/09/07 04:09:27.754, 1, 0, 4, 73.54
2026/09/07 04:09:28.756, 0, 100, 109894, 541.38
2026/09/07 04:09:28.759, 1, 0, 4, 73.51
2026/09/07 04:09:29.761, 0, 100, 109894, 535.07
2026/09/07 04:09:29.764, 1, 0, 4, 73.51
2026/09/07 04:09:30.766, 0, 0, 109894, 404.61
2026/09/07 04:09:30.768, 1, 0, 4, 73.57
2026/09/07 04:09:31.771, 0, 100, 109894, 512.34
2026/09/07 04:09:31.773, 1, 0, 4, 73.53
2026/09/07 04:09:32.776, 0, 100, 109894, 525.50
2026/09/07 04:09:32.778, 1, 0, 4, 73.59
2026/09/07 04:09:33.781, 0, 99, 109894, 524.34
2026/09/07 04:09:33.783, 1, 0, 4, 73.55
2026/09/07 04:09:34.785, 0, 100, 109894, 526.19
2026/09/07 04:09:34.788, 1, 0, 4, 73.79
2026/09/07 04:09:35.791, 0, 100, 109894, 530.20
2026/09/07 04:09:35.794, 1, 0, 4, 73.52
2026/09/07 04:09:36.797, 0, 100, 109894, 533.36
2026/09/07 04:09:36.799, 1, 0, 4, 73.58
2026/09/07 04:09:37.802, 0, 99, 109894, 539.97
2026/09/07 04:09:37.804, 1, 0, 4, 73.52
2026/09/07 04:09:38.807, 0, 100, 109894, 539.90
2026/09/07 04:09:38.810, 1, 0, 4, 73.49
2026/09/07 04:09:39.813, 0, 100, 109894, 537.93
2026/09/07 04:09:39.816, 1, 0, 4, 73.49
2026/09/07 04:09:40.818, 0, 100, 109894, 539.46
2026/09/07 04:09:40.821, 1, 0, 4, 73.56
2026/09/07 04:09:41.823, 0, 100, 109894, 553.29
2026/09/07 04:09:41.826, 1, 0, 4, 73.45
2026/09/07 04:09:42.829, 0, 100, 109894, 546.74
2026/09/07 04:09:42.831, 1, 0, 4, 73.51
2026/09/07 04:09:43.834, 0, 100, 109894, 551.76
2026/09/07 04:09:43.836, 1, 0, 4, 73.47
2026/09/07 04:09:44.838, 0, 100, 109894, 519.77
2026/09/07 04:09:44.841, 1, 0, 4, 73.48
2026/09/07 04:09:45.843, 0, 100, 109894, 540.31
2026/09/07 04:09:45.846, 1, 0, 4, 73.54
2026/09/07 04:09:46.848, 0, 100, 109894, 542.46
2026/09/07 04:09:46.851, 1, 0, 4, 73.51
2026/09/07 04:09:47.853, 0, 100, 109894, 290.93
2026/09/07 04:09:47.856, 1, 0, 4, 73.60
2026/09/07 04:09:48.858, 0, 100, 109894, 515.03
2026/09/07 04:09:48.861, 1, 0, 4, 73.59
2026/09/07 04:09:49.863, 0, 100, 109894, 525.47
2026/09/07 04:09:49.865, 1, 0, 4, 73.61
2026/09/07 04:09:50.867, 0, 100, 109894, 523.96
2026/09/07 04:09:50.870, 1, 0, 4, 73.51
2026/09/07 04:09:51.872, 0, 100, 109894, 469.62
2026/09/07 04:09:51.875, 1, 0, 4, 73.53
2026/09/07 04:09:52.877, 0, 100, 109894, 510.38
2026/09/07 04:09:52.880, 1, 0, 4, 73.56
2026/09/07 04:09:53.882, 0, 100, 109894, 513.86
2026/09/07 04:09:53.884, 1, 0, 4, 73.50
2026/09/07 04:09:54.886, 0, 100, 109894, 523.42
2026/09/07 04:09:54.889, 1, 0, 4, 73.53
2026/09/07 04:09:55.891, 0, 100, 109894, 531.62
2026/09/07 04:09:55.894, 1, 0, 4, 73.54
2026/09/07 04:09:56.896, 0, 100, 109894, 526.60
2026/09/07 04:09:56.899, 1, 0, 4, 73.54
2026/09/07 04:09:57.901, 0, 100, 109894, 502.30
2026/09/07 04:09:57.903, 1, 0, 4, 73.60
2026/09/07 04:09:58.905, 0, 100, 109894, 459.07
2026/09/07 04:09:58.909, 1, 0, 4, 73.55
2026/09/07 04:09:59.913, 0, 100, 109894, 494.53
2026/09/07 04:09:59.916, 1, 0, 4, 73.58
2026/09/07 04:10:00.919, 0, 98, 109894, 518.82
2026/09/07 04:10:00.921, 1, 0, 4, 73.51
2026/09/07 04:10:01.923, 0, 100, 109894, 506.20
2026/09/07 04:10:01.925, 1, 0, 4, 73.55
2026/09/07 04:10:02.927, 0, 100, 109894, 498.85
2026/09/07 04:10:02.930, 1, 0, 4, 73.54
2026/09/07 04:10:03.934, 0, 100, 109894, 511.01
2026/09/07 04:10:03.937, 1, 0, 4, 73.55
2026/09/07 04:10:04.939, 0, 100, 109894, 506.19
2026/09/07 04:10:04.942, 1, 0, 4, 73.56
2026/09/07 04:10:05.945, 0, 100, 109894, 508.94
2026/09/07 04:10:05.948, 1, 0, 4, 73.60
2026/09/07 04:10:06.950, 0, 100, 109894, 402.32
2026/09/07 04:10:06.955, 1, 0, 4, 73.57
2026/09/07 04:10:07.966, 0, 100, 109894, 501.76
2026/09/07 04:10:07.968, 1, 0, 4, 73.54
2026/09/07 04:10:08.970, 0, 100, 109894, 503.31
2026/09/07 04:10:08.973, 1, 0, 4, 73.53
2026/09/07 04:10:09.976, 0, 99, 109894, 509.11
2026/09/07 04:10:09.979, 1, 0, 4, 73.53
2026/09/07 04:10:10.981, 0, 100, 109894, 506.05
2026/09/07 04:10:10.984, 1, 0, 4, 73.52
2026/09/07 04:10:11.987, 0, 98, 109894, 502.23
2026/09/07 04:10:11.989, 1, 0, 4, 73.55
2026/09/07 04:10:12.992, 0, 100, 109894, 513.50
2026/09/07 04:10:12.994, 1, 0, 4, 73.57
2026/09/07 04:10:13.997, 0, 100, 109894, 498.54
2026/09/07 04:10:14.000, 1, 0, 4, 73.51
2026/09/07 04:10:15.002, 0, 100, 109894, 516.94
2026/09/07 04:10:15.006, 1, 0, 4, 73.50
2026/09/07 04:10:16.008, 0, 97, 109894, 504.98
2026/09/07 04:10:16.011, 1, 0, 4, 73.51
2026/09/07 04:10:17.013, 0, 100, 109894, 518.71
2026/09/07 04:10:17.017, 1, 0, 4, 73.52
2026/09/07 04:10:18.019, 0, 97, 109894, 514.25
2026/09/07 04:10:18.022, 1, 0, 4, 73.55
2026/09/07 04:10:19.025, 0, 100, 109894, 508.72
2026/09/07 04:10:19.027, 1, 0, 4, 73.51
2026/09/07 04:10:20.030, 0, 99, 109894, 519.62
2026/09/07 04:10:20.032, 1, 0, 4, 73.58
2026/09/07 04:10:21.035, 0, 100, 109894, 522.80
2026/09/07 04:10:21.038, 1, 0, 4, 73.53
2026/09/07 04:10:22.040, 0, 100, 109894, 515.66
2026/09/07 04:10:22.042, 1, 0, 4, 73.54
2026/09/07 04:10:23.045, 0, 100, 109894, 492.26
2026/09/07 04:10:23.047, 1, 0, 4, 73.56
2026/09/07 04:10:24.050, 0, 100, 109894, 519.13
2026/09/07 04:10:24.053, 1, 0, 4, 73.56
2026/09/07 04:10:25.055, 0, 100, 109894, 519.15
2026/09/07 04:10:25.058, 1, 0, 4, 73.48
2026/09/07 04:10:26.061, 0, 100, 109894, 519.08
2026/09/07 04:10:26.063, 1, 0, 4, 73.56
2026/09/07 04:10:27.065, 0, 100, 109894, 516.42
2026/09/07 04:10:27.068, 1, 0, 4, 73.58
2026/09/07 04:10:28.070, 0, 100, 109894, 522.29
2026/09/07 04:10:28.073, 1, 0, 4, 73.53
2026/09/07 04:10:29.075, 0, 100, 109894, 503.32
2026/09/07 04:10:29.078, 1, 0, 4, 73.55
2026/09/07 04:10:30.080, 0, 100, 109894, 496.48
2026/09/07 04:10:30.083, 1, 0, 4, 73.54
2026/09/07 04:10:31.085, 0, 100, 109894, 522.17
2026/09/07 04:10:31.087, 1, 0, 4, 73.54
2026/09/07 04:10:32.089, 0, 100, 109894, 518.66
2026/09/07 04:10:32.091, 1, 0, 4, 73.52
2026/09/07 04:10:33.093, 0, 100, 109894, 517.44
2026/09/07 04:10:33.096, 1, 0, 4, 73.52
2026/09/07 04:10:34.098, 0, 100, 109894, 524.06
2026/09/07 04:10:34.101, 1, 0, 4, 73.51
2026/09/07 04:10:35.103, 0, 100, 109894, 523.51
2026/09/07 04:10:35.106, 1, 0, 4, 73.57
2026/09/07 04:10:36.107, 0, 100, 109894, 525.67
2026/09/07 04:10:36.110, 1, 0, 4, 73.55
2026/09/07 04:10:37.112, 0, 100, 109894, 535.53
2026/09/07 04:10:37.115, 1, 0, 4, 73.56
2026/09/07 04:10:38.117, 0, 100, 109894, 521.31
2026/09/07 04:10:38.119, 1, 0, 4, 73.58
2026/09/07 04:10:39.122, 0, 100, 109894, 527.43
2026/09/07 04:10:39.124, 1, 0, 4, 73.58
2026/09/07 04:10:40.126, 0, 100, 109894, 533.01
2026/09/07 04:10:40.129, 1, 0, 4, 73.63
2026/09/07 04:10:41.131, 0, 100, 109894, 521.17
2026/09/07 04:10:41.134, 1, 0, 4, 73.49
2026/09/07 04:10:42.137, 0, 100, 109894, 533.13
2026/09/07 04:10:42.139, 1, 0, 4, 73.51
2026/09/07 04:10:43.142, 0, 100, 109894, 518.77
2026/09/07 04:10:43.145, 1, 0, 4, 73.51
2026/09/07 04:10:44.147, 0, 100, 109894, 526.71
2026/09/07 04:10:44.149, 1, 0, 4, 73.47
2026/09/07 04:10:45.152, 0, 100, 109894, 526.03
2026/09/07 04:10:45.154, 1, 0, 4, 73.51
2026/09/07 04:10:46.156, 0, 100, 109894, 535.94
2026/09/07 04:10:46.159, 1, 0, 4, 73.50
2026/09/07 04:10:47.161, 0, 100, 109894, 534.18
2026/09/07 04:10:47.163, 1, 0, 4, 73.54
2026/09/07 04:10:48.166, 0, 98, 109894, 533.05
2026/09/07 04:10:48.169, 1, 0, 4, 73.50
2026/09/07 04:10:49.171, 0, 100, 109894, 507.37
2026/09/07 04:10:49.174, 1, 0, 4, 73.45
2026/09/07 04:10:50.176, 0, 99, 109894, 526.03
2026/09/07 04:10:50.178, 1, 0, 4, 73.49
2026/09/07 04:10:51.180, 0, 100, 109894, 517.12
2026/09/07 04:10:51.182, 1, 0, 4, 73.56
2026/09/07 04:10:52.184, 0, 100, 109894, 537.72
2026/09/07 04:10:52.186, 1, 0, 4, 73.58
2026/09/07 04:10:53.189, 0, 100, 109894, 544.14
2026/09/07 04:10:53.191, 1, 0, 4, 73.54
2026/09/07 04:10:54.194, 0, 100, 109894, 516.50
2026/09/07 04:10:54.196, 1, 0, 4, 73.52
2026/09/07 04:10:55.198, 0, 100, 109894, 532.48
2026/09/07 04:10:55.201, 1, 0, 4, 73.56
2026/09/07 04:10:56.203, 0, 100, 109894, 551.13
2026/09/07 04:10:56.205, 1, 0, 4, 73.48
2026/09/07 04:10:57.207, 0, 100, 109894, 536.41
2026/09/07 04:10:57.210, 1, 0, 4, 73.51
2026/09/07 04:10:58.215, 0, 100, 109894, 552.72
2026/09/07 04:10:58.218, 1, 0, 4, 73.46
2026/09/07 04:10:59.220, 0, 100, 109894, 531.25
2026/09/07 04:10:59.223, 1, 0, 4, 73.56
2026/09/07 04:11:00.225, 0, 100, 109894, 431.16
2026/09/07 04:11:00.228, 1, 0, 4, 73.54
2026/09/07 04:11:01.230, 0, 100, 109894, 413.39
2026/09/07 04:11:01.233, 1, 0, 4, 73.52
2026/09/07 04:11:02.236, 0, 100, 109894, 417.06
2026/09/07 04:11:02.238, 1, 0, 4, 73.53
2026/09/07 04:11:03.240, 0, 100, 109894, 530.54
2026/09/07 04:11:03.245, 1, 0, 4, 73.53
2026/09/07 04:11:04.247, 0, 100, 109894, 545.43
2026/09/07 04:11:04.249, 1, 0, 4, 73.54
2026/09/07 04:11:05.251, 0, 98, 109894, 536.60
2026/09/07 04:11:05.253, 1, 0, 4, 73.52
2026/09/07 04:11:06.256, 0, 100, 109894, 531.14
2026/09/07 04:11:06.258, 1, 0, 4, 73.49
2026/09/07 04:11:07.261, 0, 100, 109894, 480.99
2026/09/07 04:11:07.263, 1, 0, 4, 73.49
2026/09/07 04:11:08.266, 0, 100, 109894, 518.90
2026/09/07 04:11:08.269, 1, 0, 4, 73.53
2026/09/07 04:11:09.271, 0, 100, 109894, 516.65
2026/09/07 04:11:09.274, 1, 0, 4, 73.56
2026/09/07 04:11:10.276, 0, 100, 109894, 522.28
2026/09/07 04:11:10.280, 1, 0, 4, 73.57
2026/09/07 04:11:11.283, 0, 97, 109894, 516.93
2026/09/07 04:11:11.286, 1, 0, 4, 73.58
2026/09/07 04:11:12.289, 0, 100, 109894, 525.57
2026/09/07 04:11:12.291, 1, 0, 4, 73.51
2026/09/07 04:11:13.294, 0, 99, 109894, 513.62
2026/09/07 04:11:13.297, 1, 0, 4, 73.48
2026/09/07 04:11:14.299, 0, 100, 109894, 521.09
2026/09/07 04:11:14.302, 1, 0, 4, 73.55
2026/09/07 04:11:15.304, 0, 99, 109894, 518.61
2026/09/07 04:11:15.307, 1, 0, 4, 73.52
2026/09/07 04:11:16.309, 0, 99, 109894, 523.54
2026/09/07 04:11:16.312, 1, 0, 4, 73.56
2026/09/07 04:11:17.314, 0, 100, 109894, 519.84
2026/09/07 04:11:17.317, 1, 0, 4, 73.55
2026/09/07 04:11:18.319, 0, 57, 109894, 494.38
2026/09/07 04:11:18.322, 1, 0, 4, 73.62
2026/09/07 04:11:19.324, 0, 100, 109894, 518.64
2026/09/07 04:11:19.327, 1, 0, 4, 73.51
2026/09/07 04:11:20.329, 0, 100, 109894, 519.28
2026/09/07 04:11:20.332, 1, 0, 4, 73.57
2026/09/07 04:11:21.334, 0, 100, 109894, 522.55
2026/09/07 04:11:21.337, 1, 0, 4, 73.54
2026/09/07 04:11:22.339, 0, 98, 109894, 503.55
2026/09/07 04:11:22.342, 1, 0, 4, 73.50
2026/09/07 04:11:23.345, 0, 100, 109894, 524.03
2026/09/07 04:11:23.348, 1, 0, 4, 73.51
2026/09/07 04:11:24.351, 0, 100, 109894, 516.32
2026/09/07 04:11:24.354, 1, 0, 4, 73.48
2026/09/07 04:11:25.356, 0, 100, 109894, 530.48
2026/09/07 04:11:25.359, 1, 0, 4, 73.55
2026/09/07 04:11:26.362, 0, 100, 109894, 462.61
2026/09/07 04:11:26.365, 1, 0, 4, 73.57
2026/09/07 04:11:27.367, 0, 96, 109894, 499.72
2026/09/07 04:11:27.370, 1, 0, 4, 73.56
2026/09/07 04:11:28.373, 0, 100, 109894, 516.38
2026/09/07 04:11:28.375, 1, 0, 4, 73.47
2026/09/07 04:11:29.377, 0, 100, 109894, 510.89
2026/09/07 04:11:29.380, 1, 0, 4, 73.47
2026/09/07 04:11:30.382, 0, 96, 109894, 510.61
2026/09/07 04:11:30.385, 1, 0, 4, 73.48
2026/09/07 04:11:31.387, 0, 100, 109894, 508.02
2026/09/07 04:11:31.390, 1, 0, 4, 73.51
2026/09/07 04:11:32.392, 0, 58, 109894, 492.26
2026/09/07 04:11:32.395, 1, 0, 4, 73.49
2026/09/07 04:11:33.397, 0, 95, 109894, 479.05
2026/09/07 04:11:33.400, 1, 0, 4, 73.56
2026/09/07 04:11:34.402, 0, 100, 109894, 489.93
2026/09/07 04:11:34.405, 1, 0, 4, 73.50
2026/09/07 04:11:35.407, 0, 100, 109894, 496.38
2026/09/07 04:11:35.409, 1, 0, 4, 73.56
2026/09/07 04:11:36.411, 0, 98, 109894, 498.70
2026/09/07 04:11:36.413, 1, 0, 4, 73.52
2026/09/07 04:11:37.415, 0, 100, 109894, 506.53
2026/09/07 04:11:37.417, 1, 0, 4, 73.53
2026/09/07 04:11:38.420, 0, 100, 109894, 502.03
2026/09/07 04:11:38.422, 1, 0, 4, 73.50
2026/09/07 04:11:39.424, 0, 98, 109894, 496.29
2026/09/07 04:11:39.427, 1, 0, 4, 73.54
2026/09/07 04:11:40.429, 0, 100, 109894, 510.45
2026/09/07 04:11:40.432, 1, 0, 4, 73.49
2026/09/07 04:11:41.434, 0, 99, 109894, 505.32
2026/09/07 04:11:41.436, 1, 0, 4, 73.53
2026/09/07 04:11:42.437, 0, 100, 109894, 514.24
2026/09/07 04:11:42.441, 1, 0, 4, 73.55
2026/09/07 04:11:43.443, 0, 99, 109894, 516.35
2026/09/07 04:11:43.446, 1, 0, 4, 73.54
2026/09/07 04:11:44.448, 0, 100, 109894, 516.95
2026/09/07 04:11:44.450, 1, 0, 4, 73.51
2026/09/07 04:11:45.453, 0, 99, 109894, 509.58
2026/09/07 04:11:45.455, 1, 0, 4, 73.51
2026/09/07 04:11:46.458, 0, 100, 109894, 512.43
2026/09/07 04:11:46.462, 1, 0, 4, 73.53
2026/09/07 04:11:47.464, 0, 99, 109894, 518.64
2026/09/07 04:11:47.467, 1, 0, 4, 73.52
2026/09/07 04:11:48.469, 0, 100, 109894, 519.61
2026/09/07 04:11:48.471, 1, 0, 4, 73.53
2026/09/07 04:11:49.474, 0, 98, 109894, 517.54
2026/09/07 04:11:49.477, 1, 0, 4, 73.51
2026/09/07 04:11:50.479, 0, 100, 109894, 521.74
2026/09/07 04:11:50.482, 1, 0, 4, 73.53
2026/09/07 04:11:51.484, 0, 100, 109894, 523.10
2026/09/07 04:11:51.487, 1, 0, 4, 73.59
2026/09/07 04:11:52.490, 0, 98, 109894, 520.45
2026/09/07 04:11:52.492, 1, 0, 4, 73.57
2026/09/07 04:11:53.495, 0, 100, 109894, 528.80
2026/09/07 04:11:53.498, 1, 0, 4, 73.50
2026/09/07 04:11:54.500, 0, 100, 109894, 525.00
2026/09/07 04:11:54.503, 1, 0, 4, 73.50
2026/09/07 04:11:55.505, 0, 100, 109894, 526.96
2026/09/07 04:11:55.508, 1, 0, 4, 73.51
2026/09/07 04:11:56.510, 0, 100, 109894, 534.63
2026/09/07 04:11:56.513, 1, 0, 4, 73.58
2026/09/07 04:11:57.516, 0, 100, 109894, 511.03
2026/09/07 04:11:57.519, 1, 0, 4, 73.60
2026/09/07 04:11:58.521, 0, 100, 109894, 525.55
2026/09/07 04:11:58.524, 1, 0, 4, 73.50
2026/09/07 04:11:59.527, 0, 100, 109894, 526.75
2026/09/07 04:11:59.530, 1, 0, 4, 73.59
2026/09/07 04:12:00.532, 0, 100, 109894, 527.05
2026/09/07 04:12:00.535, 1, 0, 4, 73.53
2026/09/07 04:12:01.537, 0, 100, 109894, 528.19
2026/09/07 04:12:01.541, 1, 0, 4, 73.52
2026/09/07 04:12:02.544, 0, 100, 109894, 529.96
2026/09/07 04:12:02.547, 1, 0, 4, 73.43
2026/09/07 04:12:03.549, 0, 100, 109894, 531.17
2026/09/07 04:12:03.552, 1, 0, 4, 73.54
2026/09/07 04:12:04.554, 0, 100, 109894, 502.72
2026/09/07 04:12:04.557, 1, 0, 4, 73.61
2026/09/07 04:12:05.559, 0, 100, 109894, 536.63
2026/09/07 04:12:05.561, 1, 0, 4, 73.54
2026/09/07 04:12:06.563, 0, 100, 109894, 533.44
2026/09/07 04:12:06.567, 1, 0, 4, 73.56
2026/09/07 04:12:07.570, 0, 100, 109894, 525.72
2026/09/07 04:12:07.572, 1, 0, 4, 73.59
2026/09/07 04:12:08.575, 0, 100, 109894, 531.63
2026/09/07 04:12:08.577, 1, 0, 4, 73.50
2026/09/07 04:12:09.581, 0, 100, 109894, 535.31
2026/09/07 04:12:09.584, 1, 0, 4, 73.52
2026/09/07 04:12:10.586, 0, 100, 109894, 533.67
2026/09/07 04:12:10.589, 1, 0, 4, 73.35
2026/09/07 04:12:11.591, 0, 100, 109894, 507.89
2026/09/07 04:12:11.594, 1, 0, 4, 73.56
2026/09/07 04:12:12.596, 0, 100, 109894, 533.35
2026/09/07 04:12:12.599, 1, 0, 4, 73.54
2026/09/07 04:12:13.601, 0, 100, 109894, 530.03
2026/09/07 04:12:13.603, 1, 0, 4, 73.56
2026/09/07 04:12:14.606, 0, 100, 109894, 532.08
2026/09/07 04:12:14.609, 1, 0, 4, 73.49
2026/09/07 04:12:15.611, 0, 100, 109894, 537.04
2026/09/07 04:12:15.614, 1, 0, 4, 73.59
2026/09/07 04:12:16.616, 0, 100, 109894, 532.76
2026/09/07 04:12:16.618, 1, 0, 4, 73.46
2026/09/07 04:12:17.621, 0, 100, 109894, 543.97
2026/09/07 04:12:17.624, 1, 0, 4, 73.56
2026/09/07 04:12:18.626, 0, 100, 109894, 536.76
2026/09/07 04:12:18.629, 1, 0, 4, 73.47
2026/09/07 04:12:19.631, 0, 100, 109894, 525.18
2026/09/07 04:12:19.634, 1, 0, 4, 73.46
2026/09/07 04:12:20.637, 0, 87, 109894, 513.64
2026/09/07 04:12:20.639, 1, 0, 4, 73.61
2026/09/07 04:12:21.642, 0, 100, 109894, 539.48
2026/09/07 04:12:21.644, 1, 0, 4, 73.52
2026/09/07 04:12:22.648, 0, 100, 109894, 518.54
2026/09/07 04:12:22.650, 1, 0, 4, 73.52
2026/09/07 04:12:23.652, 0, 100, 109894, 510.56
2026/09/07 04:12:23.655, 1, 0, 4, 73.52
2026/09/07 04:12:24.657, 0, 100, 109894, 525.70
2026/09/07 04:12:24.659, 1, 0, 4, 73.53
2026/09/07 04:12:25.661, 0, 100, 109894, 516.13
2026/09/07 04:12:25.664, 1, 0, 4, 73.54
2026/09/07 04:12:26.668, 0, 100, 109894, 526.06
2026/09/07 04:12:26.671, 1, 0, 4, 73.54
2026/09/07 04:12:27.673, 0, 100, 109894, 530.74
2026/09/07 04:12:27.676, 1, 0, 4, 73.50
2026/09/07 04:12:28.678, 0, 100, 109894, 524.54
2026/09/07 04:12:28.681, 1, 0, 4, 73.49
2026/09/07 04:12:29.686, 0, 100, 109894, 527.01
2026/09/07 04:12:29.688, 1, 0, 4, 73.53
2026/09/07 04:12:30.690, 0, 100, 109894, 532.22
2026/09/07 04:12:30.692, 1, 0, 4, 73.49
2026/09/07 04:12:31.694, 0, 100, 109894, 535.29
2026/09/07 04:12:31.697, 1, 0, 4, 73.63
2026/09/07 04:12:32.699, 0, 100, 109894, 538.51
2026/09/07 04:12:32.702, 1, 0, 4, 73.50
2026/09/07 04:12:33.704, 0, 100, 109894, 516.16
2026/09/07 04:12:33.707, 1, 0, 4, 73.47
2026/09/07 04:12:34.709, 0, 98, 109894, 522.95
2026/09/07 04:12:34.712, 1, 0, 4, 73.53
2026/09/07 04:12:35.714, 0, 100, 109894, 513.96
2026/09/07 04:12:35.717, 1, 0, 4, 73.49
2026/09/07 04:12:36.718, 0, 100, 109894, 496.68
2026/09/07 04:12:36.721, 1, 0, 4, 73.48
2026/09/07 04:12:37.722, 0, 100, 109894, 510.16
2026/09/07 04:12:37.725, 1, 0, 4, 73.54
2026/09/07 04:12:38.726, 0, 100, 109894, 522.30
2026/09/07 04:12:38.729, 1, 0, 4, 73.50
2026/09/07 04:12:39.732, 0, 100, 109894, 522.15
2026/09/07 04:12:39.734, 1, 0, 4, 73.50
2026/09/07 04:12:40.737, 0, 99, 109894, 491.79
2026/09/07 04:12:40.739, 1, 0, 4, 73.52
2026/09/07 04:12:41.742, 0, 100, 109894, 407.73
2026/09/07 04:12:41.744, 1, 0, 4, 73.52
2026/09/07 04:12:42.747, 0, 100, 109894, 507.63
2026/09/07 04:12:42.749, 1, 0, 4, 73.50
2026/09/07 04:12:43.751, 0, 100, 109894, 509.69
2026/09/07 04:12:43.754, 1, 0, 4, 73.50
2026/09/07 04:12:44.756, 0, 100, 109894, 509.70
2026/09/07 04:12:44.758, 1, 0, 4, 73.51
2026/09/07 04:12:45.761, 0, 96, 109894, 512.33
2026/09/07 04:12:45.763, 1, 0, 4, 73.53
2026/09/07 04:12:46.766, 0, 100, 109894, 513.82
2026/09/07 04:12:46.768, 1, 0, 4, 73.52
2026/09/07 04:12:47.771, 0, 96, 109894, 509.33
2026/09/07 04:12:47.773, 1, 0, 4, 73.57
2026/09/07 04:12:48.776, 0, 100, 109894, 516.88
2026/09/07 04:12:48.779, 1, 0, 4, 73.54
2026/09/07 04:12:49.781, 0, 98, 109894, 518.23
2026/09/07 04:12:49.784, 1, 0, 4, 73.50
2026/09/07 04:12:50.787, 0, 96, 109894, 481.23
2026/09/07 04:12:50.789, 1, 0, 4, 73.53
2026/09/07 04:12:51.792, 0, 100, 109894, 506.74
2026/09/07 04:12:51.794, 1, 0, 4, 73.55
2026/09/07 04:12:52.797, 0, 100, 109894, 511.29
2026/09/07 04:12:52.799, 1, 0, 4, 73.49
2026/09/07 04:12:53.801, 0, 100, 109894, 504.99
2026/09/07 04:12:53.804, 1, 0, 4, 73.55
2026/09/07 04:12:54.807, 0, 97, 109894, 510.95
2026/09/07 04:12:54.809, 1, 0, 4, 73.51
2026/09/07 04:12:55.812, 0, 100, 109894, 512.24
2026/09/07 04:12:55.814, 1, 0, 4, 73.49
2026/09/07 04:12:56.816, 0, 100, 109894, 499.33
2026/09/07 04:12:56.819, 1, 0, 4, 73.53
2026/09/07 04:12:57.821, 0, 97, 109894, 515.75
2026/09/07 04:12:57.823, 1, 0, 4, 73.53
2026/09/07 04:12:58.825, 0, 100, 109894, 521.15
2026/09/07 04:12:58.828, 1, 0, 4, 73.52
2026/09/07 04:12:59.830, 0, 100, 109894, 527.19
2026/09/07 04:12:59.832, 1, 0, 4, 73.47
2026/09/07 04:13:00.834, 0, 100, 109894, 516.00
2026/09/07 04:13:00.836, 1, 0, 4, 73.53
2026/09/07 04:13:01.838, 0, 100, 109894, 523.17
2026/09/07 04:13:01.841, 1, 0, 4, 73.54
2026/09/07 04:13:02.843, 0, 98, 109894, 527.60
2026/09/07 04:13:02.845, 1, 0, 4, 73.55
2026/09/07 04:13:03.847, 0, 100, 109894, 524.77
2026/09/07 04:13:03.850, 1, 0, 4, 73.54
2026/09/07 04:13:04.852, 0, 100, 109894, 526.13
2026/09/07 04:13:04.854, 1, 0, 4, 73.51
2026/09/07 04:13:05.857, 0, 100, 109894, 526.55
2026/09/07 04:13:05.860, 1, 0, 4, 73.47
2026/09/07 04:13:06.862, 0, 100, 109894, 497.84
2026/09/07 04:13:06.864, 1, 0, 4, 73.55
2026/09/07 04:13:07.867, 0, 100, 109894, 481.14
2026/09/07 04:13:07.870, 1, 0, 4, 73.51
2026/09/07 04:13:08.872, 0, 98, 109894, 501.82
2026/09/07 04:13:08.875, 1, 0, 4, 73.48
2026/09/07 04:13:09.877, 0, 100, 109894, 516.57
2026/09/07 04:13:09.879, 1, 0, 4, 73.49
2026/09/07 04:13:10.881, 0, 98, 109894, 504.83
2026/09/07 04:13:10.883, 1, 0, 4, 73.50
2026/09/07 04:13:11.886, 0, 98, 109894, 505.09
2026/09/07 04:13:11.888, 1, 0, 4, 73.52
2026/09/07 04:13:12.890, 0, 100, 109894, 514.39
2026/09/07 04:13:12.893, 1, 0, 4, 73.57
2026/09/07 04:13:13.896, 0, 100, 109894, 490.54
2026/09/07 04:13:13.899, 1, 0, 4, 73.54
2026/09/07 04:13:14.901, 0, 100, 109894, 516.22
2026/09/07 04:13:14.903, 1, 0, 4, 73.47
2026/09/07 04:13:15.906, 0, 100, 109894, 520.38
2026/09/07 04:13:15.908, 1, 0, 4, 73.50
2026/09/07 04:13:16.910, 0, 100, 109894, 516.26
2026/09/07 04:13:16.912, 1, 0, 4, 73.54
2026/09/07 04:13:17.914, 0, 100, 109894, 488.71
2026/09/07 04:13:17.916, 1, 0, 4, 73.56
2026/09/07 04:13:18.918, 0, 98, 109894, 507.39
2026/09/07 04:13:18.920, 1, 0, 4, 73.50
2026/09/07 04:13:19.923, 0, 100, 109894, 516.80
2026/09/07 04:13:19.925, 1, 0, 4, 73.49
2026/09/07 04:13:20.926, 0, 100, 109894, 512.83
2026/09/07 04:13:20.929, 1, 0, 4, 73.50
2026/09/07 04:13:21.931, 0, 100, 109894, 507.63
2026/09/07 04:13:21.933, 1, 0, 4, 73.49
2026/09/07 04:13:22.936, 0, 100, 109894, 484.08
2026/09/07 04:13:22.940, 1, 0, 4, 73.47
2026/09/07 04:13:23.942, 0, 93, 109894, 465.30
2026/09/07 04:13:23.945, 1, 0, 4, 73.49
2026/09/07 04:13:24.948, 0, 98, 109894, 441.58
2026/09/07 04:13:24.953, 1, 0, 4, 73.51
2026/09/07 04:13:25.960, 0, 80, 109894, 482.32
2026/09/07 04:13:25.962, 1, 0, 4, 73.59
2026/09/07 04:13:26.964, 0, 94, 109894, 483.92
2026/09/07 04:13:26.981, 1, 0, 4, 73.54
2026/09/07 04:13:27.985, 0, 41, 109894, 400.19
2026/09/07 04:13:27.993, 1, 0, 4, 73.57
2026/09/07 04:13:28.999, 0, 39, 109894, 389.52
2026/09/07 04:13:29.010, 1, 0, 4, 73.46
2026/09/07 04:13:30.022, 0, 71, 109894, 420.94
2026/09/07 04:13:30.025, 1, 0, 4, 73.51
2026/09/07 04:13:31.028, 0, 85, 109894, 398.13
2026/09/07 04:13:31.038, 1, 0, 4, 73.52
2026/09/07 04:13:32.052, 0, 53, 109894, 438.09
2026/09/07 04:13:32.060, 1, 0, 4, 73.50
2026/09/07 04:13:33.064, 0, 81, 109894, 471.20
2026/09/07 04:13:33.079, 1, 0, 4, 73.53
2026/09/07 04:13:34.083, 0, 81, 109894, 448.60
2026/09/07 04:13:34.090, 1, 0, 4, 73.58
2026/09/07 04:13:35.094, 0, 66, 109894, 405.91
2026/09/07 04:13:35.105, 1, 0, 4, 73.54
2026/09/07 04:13:36.111, 0, 84, 109894, 434.05
2026/09/07 04:13:36.122, 1, 0, 4, 73.55
2026/09/07 04:13:37.131, 0, 97, 109894, 413.69
2026/09/07 04:13:37.136, 1, 0, 4, 73.51
2026/09/07 04:13:38.147, 0, 80, 109894, 415.39
2026/09/07 04:13:38.150, 1, 0, 4, 73.52
2026/09/07 04:13:39.169, 0, 63, 109894, 432.28
2026/09/07 04:13:39.174, 1, 0, 4, 73.54
2026/09/07 04:13:40.179, 0, 79, 109894, 426.22
2026/09/07 04:13:40.183, 1, 0, 4, 73.53
2026/09/07 04:13:41.198, 0, 82, 109894, 432.56
2026/09/07 04:13:41.202, 1, 0, 4, 73.58
2026/09/07 04:13:42.204, 0, 64, 109894, 411.31
2026/09/07 04:13:42.212, 1, 0, 4, 73.55
2026/09/07 04:13:43.216, 0, 77, 109894, 441.51
2026/09/07 04:13:43.230, 1, 0, 4, 73.43
2026/09/07 04:13:44.237, 0, 98, 109894, 435.17
2026/09/07 04:13:44.246, 1, 0, 4, 73.56
2026/09/07 04:13:45.271, 0, 69, 109894, 428.53
2026/09/07 04:13:45.277, 1, 0, 4, 73.48
2026/09/07 04:13:46.282, 0, 88, 109894, 441.86
2026/09/07 04:13:46.294, 1, 0, 4, 73.51
2026/09/07 04:13:47.303, 0, 62, 109894, 429.36
2026/09/07 04:13:47.312, 1, 0, 4, 73.55
2026/09/07 04:13:48.358, 0, 69, 109894, 453.24
2026/09/07 04:13:48.361, 1, 0, 4, 73.57
2026/09/07 04:13:49.363, 0, 64, 109894, 377.20
2026/09/07 04:13:49.378, 1, 0, 4, 73.54
2026/09/07 04:13:50.385, 0, 67, 109894, 420.08
2026/09/07 04:13:50.412, 1, 0, 4, 73.52
2026/09/07 04:13:51.431, 0, 82, 109894, 438.78
2026/09/07 04:13:51.448, 1, 0, 4, 73.53
2026/09/07 04:13:52.458, 0, 77, 109894, 425.78
2026/09/07 04:13:52.461, 1, 0, 4, 73.50
2026/09/07 04:13:53.463, 0, 94, 109894, 469.48
2026/09/07 04:13:53.465, 1, 0, 4, 73.53
2026/09/07 04:13:54.467, 0, 94, 109894, 497.73
2026/09/07 04:13:54.470, 1, 0, 4, 73.56
2026/09/07 04:13:55.472, 0, 95, 109894, 512.03
2026/09/07 04:13:55.475, 1, 0, 4, 73.59
2026/09/07 04:13:56.477, 0, 100, 109894, 523.27
2026/09/07 04:13:56.480, 1, 0, 4, 73.43
2026/09/07 04:13:57.481, 0, 100, 109894, 532.65
2026/09/07 04:13:57.484, 1, 0, 4, 73.51
2026/09/07 04:13:58.486, 0, 99, 109894, 503.87
2026/09/07 04:13:58.488, 1, 0, 4, 73.42
2026/09/07 04:13:59.490, 0, 100, 109894, 525.43
2026/09/07 04:13:59.493, 1, 0, 4, 73.44
2026/09/07 04:14:00.495, 0, 100, 109894, 534.93
2026/09/07 04:14:00.497, 1, 0, 4, 73.57
2026/09/07 04:14:01.499, 0, 100, 109894, 492.45
2026/09/07 04:14:01.501, 1, 0, 4, 73.52
2026/09/07 04:14:02.504, 0, 100, 109894, 507.00
2026/09/07 04:14:02.506, 1, 0, 4, 73.51
2026/09/07 04:14:03.508, 0, 100, 109894, 401.97
2026/09/07 04:14:03.510, 1, 0, 4, 73.55
2026/09/07 04:14:04.513, 0, 100, 109894, 508.58
2026/09/07 04:14:04.515, 1, 0, 4, 73.51
2026/09/07 04:14:05.517, 0, 100, 109894, 519.25
2026/09/07 04:14:05.519, 1, 0, 4, 73.52
2026/09/07 04:14:06.521, 0, 99, 109894, 527.87
2026/09/07 04:14:06.524, 1, 0, 4, 73.47
2026/09/07 04:14:07.528, 0, 100, 109894, 535.43
2026/09/07 04:14:07.530, 1, 0, 4, 73.51
2026/09/07 04:14:08.532, 0, 100, 109894, 497.44
2026/09/07 04:14:08.537, 1, 0, 4, 73.53
2026/09/07 04:14:09.539, 0, 100, 109894, 516.47
2026/09/07 04:14:09.541, 1, 0, 4, 73.54
2026/09/07 04:14:10.543, 0, 100, 109894, 517.39
2026/09/07 04:14:10.546, 1, 0, 4, 73.51
2026/09/07 04:14:11.548, 0, 100, 109894, 518.76
2026/09/07 04:14:11.551, 1, 0, 4, 73.51
2026/09/07 04:14:12.553, 0, 99, 109894, 522.89
2026/09/07 04:14:12.555, 1, 0, 4, 73.47
2026/09/07 04:14:13.557, 0, 99, 109894, 515.92
2026/09/07 04:14:13.560, 1, 0, 4, 73.61
2026/09/07 04:14:14.562, 0, 100, 109894, 524.81
2026/09/07 04:14:14.564, 1, 0, 4, 73.50
2026/09/07 04:14:15.566, 0, 100, 109894, 536.07
2026/09/07 04:14:15.569, 1, 0, 4, 73.57
2026/09/07 04:14:16.571, 0, 100, 109894, 500.95
2026/09/07 04:14:16.574, 1, 0, 4, 73.54
2026/09/07 04:14:17.577, 0, 100, 109894, 515.31
2026/09/07 04:14:17.579, 1, 0, 4, 73.53
2026/09/07 04:14:18.581, 0, 100, 109894, 391.24
2026/09/07 04:14:18.584, 1, 0, 4, 73.59
2026/09/07 04:14:19.587, 0, 100, 109894, 508.47
2026/09/07 04:14:19.589, 1, 0, 4, 73.52
2026/09/07 04:14:20.591, 0, 100, 109894, 519.79
2026/09/07 04:14:20.594, 1, 0, 4, 73.48
2026/09/07 04:14:21.596, 0, 100, 109894, 514.56
2026/09/07 04:14:21.598, 1, 0, 4, 73.46
2026/09/07 04:14:22.601, 0, 100, 109894, 497.27
2026/09/07 04:14:22.604, 1, 0, 4, 73.50
2026/09/07 04:14:23.607, 0, 90, 109894, 476.52
2026/09/07 04:14:23.609, 1, 0, 4, 73.50
2026/09/07 04:14:24.612, 0, 100, 109894, 504.78
2026/09/07 04:14:24.614, 1, 0, 4, 73.48
2026/09/07 04:14:25.616, 0, 100, 109894, 511.04
2026/09/07 04:14:25.618, 1, 0, 4, 73.51
2026/09/07 04:14:26.620, 0, 100, 109894, 503.82
2026/09/07 04:14:26.623, 1, 0, 4, 73.54
2026/09/07 04:14:27.625, 0, 100, 109894, 510.92
2026/09/07 04:14:27.628, 1, 0, 4, 73.51
2026/09/07 04:14:28.630, 0, 98, 109894, 505.85
2026/09/07 04:14:28.633, 1, 0, 4, 73.48
2026/09/07 04:14:29.635, 0, 100, 109894, 510.33
2026/09/07 04:14:29.638, 1, 0, 4, 73.47
2026/09/07 04:14:30.640, 0, 99, 109894, 511.00
2026/09/07 04:14:30.643, 1, 0, 4, 73.48
2026/09/07 04:14:31.646, 0, 100, 109894, 502.09
2026/09/07 04:14:31.648, 1, 0, 4, 73.54
2026/09/07 04:14:32.650, 0, 99, 109894, 491.36
2026/09/07 04:14:32.652, 1, 0, 4, 73.55
2026/09/07 04:14:33.654, 0, 100, 109894, 505.53
2026/09/07 04:14:33.657, 1, 0, 4, 73.53
2026/09/07 04:14:34.659, 0, 100, 109894, 508.31
2026/09/07 04:14:34.661, 1, 0, 4, 73.50
2026/09/07 04:14:35.663, 0, 100, 109894, 511.21
2026/09/07 04:14:35.666, 1, 0, 4, 73.55
2026/09/07 04:14:36.668, 0, 100, 109894, 517.87
2026/09/07 04:14:36.670, 1, 0, 4, 73.44
2026/09/07 04:14:37.672, 0, 100, 109894, 514.23
2026/09/07 04:14:37.674, 1, 0, 4, 73.52
2026/09/07 04:14:38.677, 0, 100, 109894, 520.11
2026/09/07 04:14:38.679, 1, 0, 4, 73.50
2026/09/07 04:14:39.681, 0, 100, 109894, 524.54
2026/09/07 04:14:39.684, 1, 0, 4, 73.59
2026/09/07 04:14:40.686, 0, 100, 109894, 518.28
2026/09/07 04:14:40.689, 1, 0, 4, 73.53
2026/09/07 04:14:41.691, 0, 100, 109894, 523.91
2026/09/07 04:14:41.694, 1, 0, 4, 73.55
2026/09/07 04:14:42.696, 0, 100, 109894, 520.19
2026/09/07 04:14:42.698, 1, 0, 4, 73.55
2026/09/07 04:14:43.701, 0, 100, 109894, 514.21
2026/09/07 04:14:43.703, 1, 0, 4, 73.54
2026/09/07 04:14:44.705, 0, 99, 109894, 520.79
2026/09/07 04:14:44.708, 1, 0, 4, 73.50
2026/09/07 04:14:45.711, 0, 100, 109894, 525.20
2026/09/07 04:14:45.713, 1, 0, 4, 73.52
2026/09/07 04:14:46.716, 0, 100, 109894, 528.08
2026/09/07 04:14:46.718, 1, 0, 4, 73.49
2026/09/07 04:14:47.720, 0, 99, 109894, 529.80
2026/09/07 04:14:47.723, 1, 0, 4, 73.49
2026/09/07 04:14:48.726, 0, 73, 109894, 516.36
2026/09/07 04:14:48.729, 1, 0, 4, 73.45
2026/09/07 04:14:49.731, 0, 67, 109894, 406.00
2026/09/07 04:14:49.734, 1, 0, 4, 73.51
2026/09/07 04:14:50.737, 0, 100, 109894, 507.98
2026/09/07 04:14:50.739, 1, 0, 4, 73.52
2026/09/07 04:14:51.741, 0, 100, 109894, 516.89
2026/09/07 04:14:51.744, 1, 0, 4, 73.55
2026/09/07 04:14:52.747, 0, 100, 109894, 517.20
2026/09/07 04:14:52.750, 1, 0, 4, 73.52
2026/09/07 04:14:53.751, 0, 99, 109894, 515.12
2026/09/07 04:14:53.754, 1, 0, 4, 73.52
2026/09/07 04:14:54.756, 0, 100, 109894, 520.04
2026/09/07 04:14:54.759, 1, 0, 4, 73.55
2026/09/07 04:14:55.761, 0, 100, 109894, 517.81
2026/09/07 04:14:55.763, 1, 0, 4, 73.57
2026/09/07 04:14:56.766, 0, 100, 109894, 501.87
2026/09/07 04:14:56.768, 1, 0, 4, 73.51
2026/09/07 04:14:57.770, 0, 100, 109894, 521.03
2026/09/07 04:14:57.773, 1, 0, 4, 73.52
2026/09/07 04:14:58.774, 0, 100, 109894, 521.96
2026/09/07 04:14:58.777, 1, 0, 4, 73.52
2026/09/07 04:14:59.779, 0, 100, 109894, 523.10
2026/09/07 04:14:59.782, 1, 0, 4, 73.51
2026/09/07 04:15:00.784, 0, 100, 109894, 494.00
2026/09/07 04:15:00.786, 1, 0, 4, 73.42
2026/09/07 04:15:01.788, 0, 99, 109894, 516.65
2026/09/07 04:15:01.791, 1, 0, 4, 73.52
2026/09/07 04:15:02.793, 0, 100, 109894, 510.48
2026/09/07 04:15:02.796, 1, 0, 4, 73.52
2026/09/07 04:15:03.798, 0, 100, 109894, 514.97
2026/09/07 04:15:03.801, 1, 0, 4, 73.49
2026/09/07 04:15:04.803, 0, 100, 109894, 521.30
2026/09/07 04:15:04.807, 1, 0, 4, 73.56
2026/09/07 04:15:05.809, 0, 100, 109894, 515.07
2026/09/07 04:15:05.812, 1, 0, 4, 73.50
2026/09/07 04:15:06.814, 0, 100, 109894, 516.04
2026/09/07 04:15:06.816, 1, 0, 4, 73.51
2026/09/07 04:15:07.818, 0, 100, 109894, 523.44
2026/09/07 04:15:07.820, 1, 0, 4, 73.55
2026/09/07 04:15:08.823, 0, 100, 109894, 498.17
2026/09/07 04:15:08.825, 1, 0, 4, 73.56
2026/09/07 04:15:09.827, 0, 100, 109894, 511.68
2026/09/07 04:15:09.830, 1, 0, 4, 73.45
2026/09/07 04:15:10.832, 0, 100, 109894, 525.39
2026/09/07 04:15:10.835, 1, 0, 4, 73.44
2026/09/07 04:15:11.837, 0, 100, 109894, 515.20
2026/09/07 04:15:11.839, 1, 0, 4, 73.50
2026/09/07 04:15:12.842, 0, 100, 109894, 520.44
2026/09/07 04:15:12.844, 1, 0, 4, 73.57
2026/09/07 04:15:13.846, 0, 100, 109894, 522.43
2026/09/07 04:15:13.849, 1, 0, 4, 73.54
2026/09/07 04:15:14.851, 0, 100, 109894, 401.83
2026/09/07 04:15:14.853, 1, 0, 4, 73.57
2026/09/07 04:15:15.855, 0, 100, 109894, 522.21
2026/09/07 04:15:15.858, 1, 0, 4, 73.54
2026/09/07 04:15:16.860, 0, 100, 109894, 530.24
2026/09/07 04:15:16.862, 1, 0, 4, 73.52
2026/09/07 04:15:17.864, 0, 100, 109894, 519.80
2026/09/07 04:15:17.866, 1, 0, 4, 73.45
2026/09/07 04:15:18.868, 0, 100, 109894, 523.24
2026/09/07 04:15:18.871, 1, 0, 4, 73.50
2026/09/07 04:15:19.873, 0, 100, 109894, 526.46
2026/09/07 04:15:19.875, 1, 0, 4, 73.51
2026/09/07 04:15:20.877, 0, 100, 109894, 502.69
2026/09/07 04:15:20.879, 1, 0, 4, 73.54
2026/09/07 04:15:21.881, 0, 100, 109894, 519.29
2026/09/07 04:15:21.883, 1, 0, 4, 73.49
2026/09/07 04:15:22.886, 0, 100, 109894, 524.00
2026/09/07 04:15:22.888, 1, 0, 4, 73.52
2026/09/07 04:15:23.890, 0, 100, 109894, 522.42
2026/09/07 04:15:23.893, 1, 0, 4, 73.53
2026/09/07 04:15:24.895, 0, 100, 109894, 526.89
2026/09/07 04:15:24.898, 1, 0, 4, 73.53
2026/09/07 04:15:25.900, 0, 100, 109894, 518.89
2026/09/07 04:15:25.902, 1, 0, 4, 73.49
2026/09/07 04:15:26.905, 0, 100, 109894, 529.83
2026/09/07 04:15:26.907, 1, 0, 4, 73.53
2026/09/07 04:15:27.909, 0, 100, 109894, 526.66
2026/09/07 04:15:27.912, 1, 0, 4, 73.53
2026/09/07 04:15:28.914, 0, 100, 109894, 507.92
2026/09/07 04:15:28.917, 1, 0, 4, 73.51
2026/09/07 04:15:29.920, 0, 100, 109894, 528.22
2026/09/07 04:15:29.923, 1, 0, 4, 73.56
2026/09/07 04:15:30.925, 0, 65, 109894, 403.37
2026/09/07 04:15:30.927, 1, 0, 4, 73.54
2026/09/07 04:15:31.930, 0, 100, 109894, 522.42
2026/09/07 04:15:31.932, 1, 0, 4, 73.52
2026/09/07 04:15:32.935, 0, 100, 109894, 518.10
2026/09/07 04:15:32.937, 1, 0, 4, 73.56
2026/09/07 04:15:33.939, 0, 100, 109894, 528.23
2026/09/07 04:15:33.942, 1, 0, 4, 73.47
2026/09/07 04:15:34.944, 0, 100, 109894, 541.76
2026/09/07 04:15:34.948, 1, 0, 4, 73.48
2026/09/07 04:15:35.953, 0, 100, 109894, 544.46
2026/09/07 04:15:35.956, 1, 0, 4, 73.47
2026/09/07 04:15:36.958, 0, 100, 109894, 542.87
2026/09/07 04:15:36.961, 1, 0, 4, 73.47
2026/09/07 04:15:37.964, 0, 100, 109894, 507.67
2026/09/07 04:15:37.966, 1, 0, 4, 73.50
2026/09/07 04:15:38.968, 0, 94, 109894, 523.64
2026/09/07 04:15:38.972, 1, 0, 4, 73.59
2026/09/07 04:15:39.975, 0, 100, 109894, 523.91
2026/09/07 04:15:39.977, 1, 0, 4, 73.49
2026/09/07 04:15:40.980, 0, 100, 109894, 522.97
2026/09/07 04:15:40.984, 1, 0, 4, 73.48
2026/09/07 04:15:41.985, 0, 100, 109894, 541.15
2026/09/07 04:15:41.988, 1, 0, 4, 73.51
2026/09/07 04:15:42.990, 0, 100, 109894, 533.35
2026/09/07 04:15:42.993, 1, 0, 4, 73.48
2026/09/07 04:15:43.995, 0, 100, 109894, 540.07
2026/09/07 04:15:43.997, 1, 0, 4, 73.45
2026/09/07 04:15:44.999, 0, 100, 109894, 544.90
2026/09/07 04:15:45.001, 1, 0, 4, 73.54
2026/09/07 04:15:46.004, 0, 100, 109894, 540.78
2026/09/07 04:15:46.007, 1, 0, 4, 73.50
2026/09/07 04:15:47.009, 0, 100, 109894, 536.40
2026/09/07 04:15:47.013, 1, 0, 4, 73.53
2026/09/07 04:15:48.018, 0, 100, 109894, 539.04
2026/09/07 04:15:48.020, 1, 0, 4, 73.50
2026/09/07 04:15:49.023, 0, 100, 109894, 545.58
2026/09/07 04:15:49.026, 1, 0, 4, 73.48
2026/09/07 04:15:50.029, 0, 100, 109894, 547.04
2026/09/07 04:15:50.031, 1, 0, 4, 73.48
2026/09/07 04:15:51.034, 0, 100, 109894, 557.62
2026/09/07 04:15:51.037, 1, 0, 4, 73.47
2026/09/07 04:15:52.039, 0, 99, 109894, 527.78
2026/09/07 04:15:52.042, 1, 0, 4, 73.49
2026/09/07 04:15:53.045, 0, 100, 109894, 504.11
2026/09/07 04:15:53.048, 1, 0, 4, 73.51
2026/09/07 04:15:54.050, 0, 100, 109894, 527.07
2026/09/07 04:15:54.053, 1, 0, 4, 73.54
2026/09/07 04:15:55.055, 0, 100, 109894, 531.51
2026/09/07 04:15:55.058, 1, 0, 4, 73.50
2026/09/07 04:15:56.061, 0, 44, 109894, 502.12
2026/09/07 04:15:56.063, 1, 0, 4, 73.54
2026/09/07 04:15:57.066, 0, 100, 109894, 544.00
2026/09/07 04:15:57.068, 1, 0, 4, 73.51
2026/09/07 04:15:58.071, 0, 56, 109894, 392.35
2026/09/07 04:15:58.073, 1, 0, 4, 73.54
2026/09/07 04:15:59.074, 0, 100, 109894, 514.64
2026/09/07 04:15:59.077, 1, 0, 4, 73.47
2026/09/07 04:16:00.080, 0, 100, 109894, 523.21
2026/09/07 04:16:00.082, 1, 0, 4, 73.51
2026/09/07 04:16:01.084, 0, 99, 109894, 515.85
2026/09/07 04:16:01.087, 1, 0, 4, 73.54
2026/09/07 04:16:02.089, 0, 100, 109894, 514.37
2026/09/07 04:16:02.092, 1, 0, 4, 73.55
2026/09/07 04:16:03.094, 0, 99, 109894, 525.14
2026/09/07 04:16:03.097, 1, 0, 4, 73.53
2026/09/07 04:16:04.099, 0, 100, 109894, 523.88
2026/09/07 04:16:04.101, 1, 0, 4, 73.58
2026/09/07 04:16:05.103, 0, 100, 109894, 523.56
2026/09/07 04:16:05.106, 1, 0, 4, 73.52
2026/09/07 04:16:06.109, 0, 99, 109894, 513.20
2026/09/07 04:16:06.111, 1, 0, 4, 73.47
2026/09/07 04:16:07.114, 0, 99, 109894, 496.04
2026/09/07 04:16:07.116, 1, 0, 4, 73.52
2026/09/07 04:16:08.118, 0, 100, 109894, 507.94
2026/09/07 04:16:08.121, 1, 0, 4, 73.50
2026/09/07 04:16:09.124, 0, 100, 109894, 515.25
2026/09/07 04:16:09.126, 1, 0, 4, 73.50
2026/09/07 04:16:10.128, 0, 100, 109894, 520.26
2026/09/07 04:16:10.131, 1, 0, 4, 73.53
2026/09/07 04:16:11.133, 0, 100, 109894, 515.31
2026/09/07 04:16:11.136, 1, 0, 4, 73.54
2026/09/07 04:16:12.138, 0, 100, 109894, 503.54
2026/09/07 04:16:12.141, 1, 0, 4, 73.49
2026/09/07 04:16:13.143, 0, 100, 109894, 520.72
2026/09/07 04:16:13.145, 1, 0, 4, 73.50
2026/09/07 04:16:14.147, 0, 99, 109894, 518.64
2026/09/07 04:16:14.150, 1, 0, 4, 73.50
2026/09/07 04:16:15.154, 0, 100, 109894, 508.86
2026/09/07 04:16:15.156, 1, 0, 4, 73.50
2026/09/07 04:16:16.158, 0, 100, 109894, 516.50
2026/09/07 04:16:16.162, 1, 0, 4, 73.52
2026/09/07 04:16:17.166, 0, 100, 109894, 524.34
2026/09/07 04:16:17.168, 1, 0, 4, 73.55
2026/09/07 04:16:18.170, 0, 100, 109894, 515.50
2026/09/07 04:16:18.174, 1, 0, 4, 73.45
2026/09/07 04:16:19.178, 0, 100, 109894, 527.39
2026/09/07 04:16:19.181, 1, 0, 4, 73.62
2026/09/07 04:16:20.183, 0, 100, 109894, 538.65
2026/09/07 04:16:20.197, 1, 0, 4, 73.50
2026/09/07 04:16:21.201, 0, 100, 109894, 527.34
2026/09/07 04:16:21.203, 1, 0, 4, 73.48
2026/09/07 04:16:22.206, 0, 100, 109894, 532.14
2026/09/07 04:16:22.213, 1, 0, 4, 73.51
2026/09/07 04:16:23.216, 0, 100, 109894, 546.30
2026/09/07 04:16:23.219, 1, 0, 4, 73.46
2026/09/07 04:16:24.221, 0, 100, 109894, 516.34
2026/09/07 04:16:24.224, 1, 0, 4, 73.48
2026/09/07 04:16:25.226, 0, 100, 109894, 504.61
2026/09/07 04:16:25.228, 1, 0, 4, 73.54
2026/09/07 04:16:26.230, 0, 100, 109894, 522.59
2026/09/07 04:16:26.232, 1, 0, 4, 73.60
2026/09/07 04:16:27.234, 0, 99, 109894, 522.98
2026/09/07 04:16:27.236, 1, 0, 4, 73.50
2026/09/07 04:16:28.238, 0, 100, 109894, 523.76
2026/09/07 04:16:28.240, 1, 0, 4, 73.47
2026/09/07 04:16:29.243, 0, 100, 109894, 529.96
2026/09/07 04:16:29.246, 1, 0, 4, 73.52
2026/09/07 04:16:30.248, 0, 100, 109894, 539.76
2026/09/07 04:16:30.250, 1, 0, 4, 73.53
2026/09/07 04:16:31.253, 0, 98, 109894, 507.71
2026/09/07 04:16:31.255, 1, 0, 4, 73.57
2026/09/07 04:16:32.258, 0, 100, 109894, 498.81
2026/09/07 04:16:32.260, 1, 0, 4, 73.52
2026/09/07 04:16:33.262, 0, 100, 109894, 519.27
2026/09/07 04:16:33.264, 1, 0, 4, 73.54
2026/09/07 04:16:34.266, 0, 100, 109894, 518.77
2026/09/07 04:16:34.269, 1, 0, 4, 73.50
2026/09/07 04:16:35.271, 0, 100, 109894, 522.46
2026/09/07 04:16:35.274, 1, 0, 4, 73.59
2026/09/07 04:16:36.276, 0, 100, 109894, 394.59
2026/09/07 04:16:36.279, 1, 0, 4, 73.54
2026/09/07 04:16:37.282, 0, 100, 109894, 513.91
2026/09/07 04:16:37.284, 1, 0, 4, 73.55
2026/09/07 04:16:38.286, 0, 100, 109894, 517.45
2026/09/07 04:16:38.289, 1, 0, 4, 73.53
2026/09/07 04:16:39.291, 0, 100, 109894, 506.35
2026/09/07 04:16:39.294, 1, 0, 4, 73.49
2026/09/07 04:16:40.296, 0, 100, 109894, 513.92
2026/09/07 04:16:40.299, 1, 0, 4, 73.55
2026/09/07 04:16:41.301, 0, 100, 109894, 522.17
2026/09/07 04:16:41.303, 1, 0, 4, 73.62
2026/09/07 04:16:42.305, 0, 100, 109894, 514.79
2026/09/07 04:16:42.308, 1, 0, 4, 73.53
2026/09/07 04:16:43.309, 0, 100, 109894, 521.30
2026/09/07 04:16:43.312, 1, 0, 4, 73.47
2026/09/07 04:16:44.314, 0, 99, 109894, 526.54
2026/09/07 04:16:44.316, 1, 0, 4, 73.52
2026/09/07 04:16:45.319, 0, 100, 109894, 526.73
2026/09/07 04:16:45.322, 1, 0, 4, 73.45
2026/09/07 04:16:46.324, 0, 100, 109894, 517.12
2026/09/07 04:16:46.326, 1, 0, 4, 73.52
2026/09/07 04:16:47.328, 0, 99, 109894, 527.13
2026/09/07 04:16:47.331, 1, 0, 4, 73.49
2026/09/07 04:16:48.333, 0, 100, 109894, 530.83
2026/09/07 04:16:48.337, 1, 0, 4, 73.52
2026/09/07 04:16:49.339, 0, 100, 109894, 524.02
2026/09/07 04:16:49.341, 1, 0, 4, 73.54
2026/09/07 04:16:50.343, 0, 100, 109894, 507.79
2026/09/07 04:16:50.346, 1, 0, 4, 73.54
2026/09/07 04:16:51.349, 0, 99, 109894, 527.98
2026/09/07 04:16:51.351, 1, 0, 4, 73.48
2026/09/07 04:16:52.354, 0, 100, 109894, 510.55
2026/09/07 04:16:52.356, 1, 0, 4, 73.53
2026/09/07 04:16:53.358, 0, 82, 109894, 495.09
2026/09/07 04:16:53.361, 1, 0, 4, 73.52
2026/09/07 04:16:54.363, 0, 100, 109894, 507.19
2026/09/07 04:16:54.365, 1, 0, 4, 73.47
2026/09/07 04:16:55.368, 0, 100, 109894, 513.98
2026/09/07 04:16:55.370, 1, 0, 4, 73.55
2026/09/07 04:16:56.372, 0, 100, 109894, 496.62
2026/09/07 04:16:56.375, 1, 0, 4, 73.54
2026/09/07 04:16:57.377, 0, 100, 109894, 520.38
2026/09/07 04:16:57.380, 1, 0, 4, 73.58
2026/09/07 04:16:58.382, 0, 100, 109894, 514.66
2026/09/07 04:16:58.384, 1, 0, 4, 73.52
2026/09/07 04:16:59.386, 0, 100, 109894, 512.39
2026/09/07 04:16:59.388, 1, 0, 4, 73.52
2026/09/07 04:17:00.389, 0, 99, 109894, 522.43
2026/09/07 04:17:00.392, 1, 0, 4, 73.50
2026/09/07 04:17:01.394, 0, 100, 109894, 521.34
2026/09/07 04:17:01.396, 1, 0, 4, 73.53
2026/09/07 04:17:02.399, 0, 99, 109894, 522.84
2026/09/07 04:17:02.401, 1, 0, 4, 73.51
2026/09/07 04:17:03.403, 0, 100, 109894, 461.74
2026/09/07 04:17:03.406, 1, 0, 4, 73.52
2026/09/07 04:17:04.408, 0, 100, 109894, 461.98
2026/09/07 04:17:04.411, 1, 0, 4, 73.54
2026/09/07 04:17:05.414, 0, 99, 109894, 511.39
2026/09/07 04:17:05.416, 1, 0, 4, 73.51
2026/09/07 04:17:06.418, 0, 100, 109894, 507.23
2026/09/07 04:17:06.421, 1, 0, 4, 73.50
2026/09/07 04:17:07.424, 0, 100, 109894, 512.70
2026/09/07 04:17:07.426, 1, 0, 4, 73.49
2026/09/07 04:17:08.428, 0, 100, 109894, 516.60
2026/09/07 04:17:08.431, 1, 0, 4, 73.50
2026/09/07 04:17:09.433, 0, 100, 109894, 518.76
2026/09/07 04:17:09.437, 1, 0, 4, 73.54
2026/09/07 04:17:10.439, 0, 100, 109894, 522.83
2026/09/07 04:17:10.442, 1, 0, 4, 73.51
2026/09/07 04:17:11.444, 0, 100, 109894, 512.53
2026/09/07 04:17:11.447, 1, 0, 4, 73.56
2026/09/07 04:17:12.449, 0, 50, 109894, 497.67
2026/09/07 04:17:12.452, 1, 0, 4, 73.58
2026/09/07 04:17:13.454, 0, 100, 109894, 518.25
2026/09/07 04:17:13.457, 1, 0, 4, 73.53
2026/09/07 04:17:14.459, 0, 99, 109894, 515.22
2026/09/07 04:17:14.462, 1, 0, 4, 73.54
2026/09/07 04:17:15.465, 0, 100, 109894, 516.23
2026/09/07 04:17:15.468, 1, 0, 4, 73.45
2026/09/07 04:17:16.470, 0, 100, 109894, 517.41
2026/09/07 04:17:16.472, 1, 0, 4, 73.51
2026/09/07 04:17:17.474, 0, 100, 109894, 510.66
2026/09/07 04:17:17.477, 1, 0, 4, 73.52
2026/09/07 04:17:18.479, 0, 100, 109894, 532.11
2026/09/07 04:17:18.481, 1, 0, 4, 73.53
2026/09/07 04:17:19.483, 0, 99, 109894, 526.80
2026/09/07 04:17:19.486, 1, 0, 4, 73.56
2026/09/07 04:17:20.488, 0, 100, 109894, 532.44
2026/09/07 04:17:20.491, 1, 0, 4, 73.50
2026/09/07 04:17:21.493, 0, 100, 109894, 529.85
2026/09/07 04:17:21.496, 1, 0, 4, 73.75
2026/09/07 04:17:22.498, 0, 100, 109894, 544.32
2026/09/07 04:17:22.500, 1, 0, 4, 73.77
2026/09/07 04:17:23.503, 0, 100, 109894, 536.98
2026/09/07 04:17:23.506, 1, 0, 4, 73.78
2026/09/07 04:17:24.508, 0, 95, 109894, 522.90
2026/09/07 04:17:24.511, 1, 0, 4, 73.76
2026/09/07 04:17:25.513, 0, 100, 109894, 540.82
2026/09/07 04:17:25.516, 1, 0, 4, 73.72
2026/09/07 04:17:26.517, 0, 100, 109894, 541.31
2026/09/07 04:17:26.520, 1, 0, 4, 73.74
2026/09/07 04:17:27.526, 0, 99, 109894, 523.43
2026/09/07 04:17:27.528, 1, 0, 4, 73.81
2026/09/07 04:17:28.530, 0, 100, 109894, 509.16
2026/09/07 04:17:28.532, 1, 0, 4, 73.77
2026/09/07 04:17:29.534, 0, 100, 109894, 520.37
2026/09/07 04:17:29.537, 1, 0, 4, 73.82
2026/09/07 04:17:30.538, 0, 100, 109894, 523.53
2026/09/07 04:17:30.544, 1, 0, 4, 73.68
2026/09/07 04:17:31.546, 0, 100, 109894, 506.51
2026/09/07 04:17:31.551, 1, 0, 4, 73.54
2026/09/07 04:17:32.555, 0, 100, 109894, 506.65
2026/09/07 04:17:32.558, 1, 0, 4, 73.52
2026/09/07 04:17:33.560, 0, 100, 109894, 480.74
2026/09/07 04:17:33.562, 1, 0, 4, 73.53
2026/09/07 04:17:34.564, 0, 100, 109894, 485.23
2026/09/07 04:17:34.567, 1, 0, 4, 73.52
2026/09/07 04:17:35.569, 0, 100, 109894, 503.79
2026/09/07 04:17:35.571, 1, 0, 4, 73.50
2026/09/07 04:17:36.573, 0, 100, 109894, 505.68
2026/09/07 04:17:36.576, 1, 0, 4, 73.51
2026/09/07 04:17:37.579, 0, 99, 109894, 500.34
2026/09/07 04:17:37.582, 1, 0, 4, 73.52
2026/09/07 04:17:38.584, 0, 100, 109894, 512.86
2026/09/07 04:17:38.587, 1, 0, 4, 73.49
2026/09/07 04:17:39.589, 0, 99, 109894, 513.74
2026/09/07 04:17:39.591, 1, 0, 4, 73.47
2026/09/07 04:17:40.594, 0, 100, 109894, 510.28
2026/09/07 04:17:40.596, 1, 0, 4, 73.51
2026/09/07 04:17:41.599, 0, 98, 109894, 523.40
2026/09/07 04:17:41.601, 1, 0, 4, 73.54
2026/09/07 04:17:42.603, 0, 100, 109894, 490.10
2026/09/07 04:17:42.606, 1, 0, 4, 73.54
2026/09/07 04:17:43.609, 0, 100, 109894, 506.60
2026/09/07 04:17:43.612, 1, 0, 4, 73.50
2026/09/07 04:17:44.614, 0, 100, 109894, 509.98
2026/09/07 04:17:44.616, 1, 0, 4, 73.48
2026/09/07 04:17:45.619, 0, 100, 109894, 516.49
2026/09/07 04:17:45.621, 1, 0, 4, 73.48
2026/09/07 04:17:46.624, 0, 100, 109894, 507.75
2026/09/07 04:17:46.627, 1, 0, 4, 73.50
2026/09/07 04:17:47.629, 0, 100, 109894, 506.49
2026/09/07 04:17:47.632, 1, 0, 4, 73.50
2026/09/07 04:17:48.634, 0, 98, 109894, 509.24
2026/09/07 04:17:48.637, 1, 0, 4, 73.46
2026/09/07 04:17:49.642, 0, 99, 109894, 502.59
2026/09/07 04:17:49.644, 1, 0, 4, 73.54
2026/09/07 04:17:50.647, 0, 100, 109894, 507.51
2026/09/07 04:17:50.649, 1, 0, 4, 73.52
2026/09/07 04:17:51.652, 0, 100, 109894, 515.29
2026/09/07 04:17:51.655, 1, 0, 4, 73.50
2026/09/07 04:17:52.657, 0, 100, 109894, 511.24
2026/09/07 04:17:52.660, 1, 0, 4, 73.53
2026/09/07 04:17:53.662, 0, 100, 109894, 519.51
2026/09/07 04:17:53.665, 1, 0, 4, 73.50
2026/09/07 04:17:54.667, 0, 98, 109894, 524.38
2026/09/07 04:17:54.669, 1, 0, 4, 73.47
2026/09/07 04:17:55.672, 0, 100, 109894, 528.06
2026/09/07 04:17:55.674, 1, 0, 4, 73.52
2026/09/07 04:17:56.676, 0, 97, 109894, 527.80
2026/09/07 04:17:56.679, 1, 0, 4, 73.52
2026/09/07 04:17:57.681, 0, 100, 109894, 535.71
2026/09/07 04:17:57.685, 1, 0, 4, 73.50
2026/09/07 04:17:58.687, 0, 100, 109894, 516.64
2026/09/07 04:17:58.690, 1, 0, 4, 73.52
2026/09/07 04:17:59.692, 0, 100, 109894, 499.53
2026/09/07 04:17:59.695, 1, 0, 4, 73.52
2026/09/07 04:18:00.698, 0, 100, 109894, 519.44
2026/09/07 04:18:00.700, 1, 0, 4, 73.48
2026/09/07 04:18:01.703, 0, 100, 109894, 520.79
2026/09/07 04:18:01.705, 1, 0, 4, 73.50
2026/09/07 04:18:02.707, 0, 100, 109894, 513.41
2026/09/07 04:18:02.710, 1, 0, 4, 73.48
2026/09/07 04:18:03.712, 0, 100, 109894, 528.09
2026/09/07 04:18:03.714, 1, 0, 4, 73.51
2026/09/07 04:18:04.717, 0, 100, 109894, 522.35
2026/09/07 04:18:04.719, 1, 0, 4, 73.47
2026/09/07 04:18:05.721, 0, 100, 109894, 514.42
2026/09/07 04:18:05.723, 1, 0, 4, 73.56
2026/09/07 04:18:06.725, 0, 100, 109894, 504.26
2026/09/07 04:18:06.728, 1, 0, 4, 73.55
2026/09/07 04:18:07.730, 0, 100, 109894, 517.55
2026/09/07 04:18:07.732, 1, 0, 4, 73.50
2026/09/07 04:18:08.734, 0, 100, 109894, 522.52
2026/09/07 04:18:08.737, 1, 0, 4, 73.47
2026/09/07 04:18:09.739, 0, 100, 109894, 524.00
2026/09/07 04:18:09.741, 1, 0, 4, 73.55
2026/09/07 04:18:10.743, 0, 100, 109894, 422.25
2026/09/07 04:18:10.745, 1, 0, 4, 73.54
2026/09/07 04:18:11.747, 0, 99, 109894, 516.01
2026/09/07 04:18:11.750, 1, 0, 4, 73.53
2026/09/07 04:18:12.752, 0, 100, 109894, 516.32
2026/09/07 04:18:12.755, 1, 0, 4, 73.57
2026/09/07 04:18:13.757, 0, 100, 109894, 518.00
2026/09/07 04:18:13.759, 1, 0, 4, 73.52
2026/09/07 04:18:14.762, 0, 100, 109894, 519.76
2026/09/07 04:18:14.765, 1, 0, 4, 73.45
2026/09/07 04:18:15.768, 0, 97, 109894, 518.21
2026/09/07 04:18:15.771, 1, 0, 4, 73.47
2026/09/07 04:18:16.774, 0, 100, 109894, 520.66
2026/09/07 04:18:16.777, 1, 0, 4, 73.52
2026/09/07 04:18:17.780, 0, 99, 109894, 512.31
2026/09/07 04:18:17.782, 1, 0, 4, 73.48
2026/09/07 04:18:18.784, 0, 100, 109894, 525.99
2026/09/07 04:18:18.787, 1, 0, 4, 73.54
2026/09/07 04:18:19.789, 0, 100, 109894, 524.83
2026/09/07 04:18:19.792, 1, 0, 4, 73.61
2026/09/07 04:18:20.795, 0, 100, 109894, 518.09
2026/09/07 04:18:20.797, 1, 0, 4, 73.51
2026/09/07 04:18:21.800, 0, 100, 109894, 535.46
2026/09/07 04:18:21.802, 1, 0, 4, 73.55
2026/09/07 04:18:22.805, 0, 76, 109894, 496.50
2026/09/07 04:18:22.808, 1, 0, 4, 73.45
2026/09/07 04:18:23.810, 0, 100, 109894, 515.79
2026/09/07 04:18:23.813, 1, 0, 4, 73.54
2026/09/07 04:18:24.815, 0, 99, 109894, 508.73
2026/09/07 04:18:24.817, 1, 0, 4, 73.48
2026/09/07 04:18:25.820, 0, 100, 109894, 515.60
2026/09/07 04:18:25.822, 1, 0, 4, 73.46
2026/09/07 04:18:26.825, 0, 100, 109894, 511.96
2026/09/07 04:18:26.827, 1, 0, 4, 73.53
2026/09/07 04:18:27.830, 0, 100, 109894, 494.71
2026/09/07 04:18:27.832, 1, 0, 4, 73.52
2026/09/07 04:18:28.835, 0, 100, 109894, 491.52
2026/09/07 04:18:28.837, 1, 0, 4, 73.51
2026/09/07 04:18:29.840, 0, 100, 109894, 518.27
2026/09/07 04:18:29.842, 1, 0, 4, 73.54
2026/09/07 04:18:30.844, 0, 100, 109894, 523.21
2026/09/07 04:18:30.847, 1, 0, 4, 73.49
2026/09/07 04:18:31.849, 0, 100, 109894, 531.56
2026/09/07 04:18:31.852, 1, 0, 4, 73.52
2026/09/07 04:18:32.857, 0, 100, 109894, 516.74
2026/09/07 04:18:32.859, 1, 0, 4, 73.49
2026/09/07 04:18:33.862, 0, 99, 109894, 527.08
2026/09/07 04:18:33.864, 1, 0, 4, 73.55
2026/09/07 04:18:34.867, 0, 100, 109894, 526.50
2026/09/07 04:18:34.870, 1, 0, 4, 73.51
2026/09/07 04:18:35.873, 0, 99, 109894, 523.78
2026/09/07 04:18:35.875, 1, 0, 4, 73.48
2026/09/07 04:18:36.878, 0, 100, 109894, 523.46
2026/09/07 04:18:36.880, 1, 0, 4, 73.48
2026/09/07 04:18:37.883, 0, 100, 109894, 530.25
2026/09/07 04:18:37.886, 1, 0, 4, 73.48
2026/09/07 04:18:38.888, 0, 99, 109894, 494.90
2026/09/07 04:18:38.891, 1, 0, 4, 73.48
2026/09/07 04:18:39.893, 0, 100, 109894, 511.59
2026/09/07 04:18:39.896, 1, 0, 4, 73.45
2026/09/07 04:18:40.898, 0, 67, 109894, 499.81
2026/09/07 04:18:40.901, 1, 0, 4, 73.50
2026/09/07 04:18:41.902, 0, 99, 109894, 508.26
2026/09/07 04:18:41.905, 1, 0, 4, 73.51
2026/09/07 04:18:42.907, 0, 100, 109894, 506.86
2026/09/07 04:18:42.909, 1, 0, 4, 73.53
2026/09/07 04:18:43.913, 0, 100, 109894, 517.91
2026/09/07 04:18:43.915, 1, 0, 4, 73.53
2026/09/07 04:18:44.917, 0, 99, 109894, 517.71
2026/09/07 04:18:44.920, 1, 0, 4, 73.48
2026/09/07 04:18:45.922, 0, 100, 109894, 523.85
2026/09/07 04:18:45.924, 1, 0, 4, 73.50
2026/09/07 04:18:46.927, 0, 99, 109894, 536.69
2026/09/07 04:18:46.929, 1, 0, 4, 73.47
2026/09/07 04:18:47.932, 0, 100, 109894, 544.27
2026/09/07 04:18:47.934, 1, 0, 4, 73.46
2026/09/07 04:18:48.936, 0, 99, 109894, 541.91
2026/09/07 04:18:48.939, 1, 0, 4, 73.45
2026/09/07 04:18:49.941, 0, 100, 109894, 544.36
2026/09/07 04:18:49.944, 1, 0, 4, 73.46
2026/09/07 04:18:50.946, 0, 99, 109894, 550.14
2026/09/07 04:18:50.948, 1, 0, 4, 73.53
2026/09/07 04:18:51.952, 0, 99, 109894, 550.48
2026/09/07 04:18:51.955, 1, 0, 4, 73.51
2026/09/07 04:18:52.957, 0, 100, 109894, 536.64
2026/09/07 04:18:52.960, 1, 0, 4, 73.48
2026/09/07 04:18:53.963, 0, 99, 109894, 544.85
2026/09/07 04:18:53.966, 1, 0, 4, 73.40
2026/09/07 04:18:54.968, 0, 99, 109894, 554.02
2026/09/07 04:18:54.972, 1, 0, 4, 73.49
2026/09/07 04:18:55.976, 0, 100, 109894, 544.35
2026/09/07 04:18:55.978, 1, 0, 4, 73.50
2026/09/07 04:18:56.982, 0, 100, 109894, 546.83
2026/09/07 04:18:56.985, 1, 0, 4, 73.48
2026/09/07 04:18:57.987, 0, 100, 109894, 548.23
2026/09/07 04:18:57.990, 1, 0, 4, 73.42
2026/09/07 04:18:58.993, 0, 100, 109894, 555.13
2026/09/07 04:18:58.996, 1, 0, 4, 73.49
2026/09/07 04:18:59.998, 0, 100, 109894, 557.78
2026/09/07 04:19:00.001, 1, 0, 4, 73.47
2026/09/07 04:19:01.003, 0, 100, 109894, 556.28
2026/09/07 04:19:01.006, 1, 0, 4, 73.47
2026/09/07 04:19:02.008, 0, 100, 109894, 544.16
2026/09/07 04:19:02.011, 1, 0, 4, 73.44
2026/09/07 04:19:03.013, 0, 100, 109894, 510.73
2026/09/07 04:19:03.016, 1, 0, 4, 73.50
2026/09/07 04:19:04.018, 0, 100, 109894, 525.64
2026/09/07 04:19:04.020, 1, 0, 4, 73.51
2026/09/07 04:19:05.022, 0, 100, 109894, 511.52
2026/09/07 04:19:05.025, 1, 0, 4, 73.55
2026/09/07 04:19:06.027, 0, 78, 109894, 513.90
2026/09/07 04:19:06.031, 1, 0, 4, 73.49
2026/09/07 04:19:07.034, 0, 100, 109894, 519.54
2026/09/07 04:19:07.037, 1, 0, 4, 73.53
2026/09/07 04:19:08.039, 0, 100, 109894, 479.38
2026/09/07 04:19:08.041, 1, 0, 4, 73.61
2026/09/07 04:19:09.043, 0, 98, 109894, 471.04
2026/09/07 04:19:09.046, 1, 0, 4, 73.55
2026/09/07 04:19:10.048, 0, 100, 109894, 500.05
2026/09/07 04:19:10.051, 1, 0, 4, 73.51
2026/09/07 04:19:11.055, 0, 100, 109894, 502.73
2026/09/07 04:19:11.058, 1, 0, 4, 73.51
2026/09/07 04:19:12.060, 0, 100, 109894, 517.08
2026/09/07 04:19:12.062, 1, 0, 4, 73.54
2026/09/07 04:19:13.064, 0, 100, 109894, 513.87
2026/09/07 04:19:13.067, 1, 0, 4, 73.55
2026/09/07 04:19:14.069, 0, 100, 109894, 512.33
2026/09/07 04:19:14.072, 1, 0, 4, 73.49
2026/09/07 04:19:15.074, 0, 100, 109894, 519.69
2026/09/07 04:19:15.076, 1, 0, 4, 73.48
2026/09/07 04:19:16.078, 0, 97, 109894, 518.68
2026/09/07 04:19:16.081, 1, 0, 4, 73.45
2026/09/07 04:19:17.083, 0, 99, 109894, 482.75
2026/09/07 04:19:17.087, 1, 0, 4, 73.46
2026/09/07 04:19:18.089, 0, 98, 109894, 508.36
2026/09/07 04:19:18.092, 1, 0, 4, 73.45
2026/09/07 04:19:19.094, 0, 100, 109894, 514.34
2026/09/07 04:19:19.097, 1, 0, 4, 73.49
2026/09/07 04:19:20.098, 0, 98, 109894, 504.33
2026/09/07 04:19:20.101, 1, 0, 4, 73.57
2026/09/07 04:19:21.103, 0, 100, 109894, 511.16
2026/09/07 04:19:21.106, 1, 0, 4, 73.55
2026/09/07 04:19:22.109, 0, 100, 109894, 519.44
2026/09/07 04:19:22.111, 1, 0, 4, 73.57
2026/09/07 04:19:23.114, 0, 100, 109894, 518.94
2026/09/07 04:19:23.117, 1, 0, 4, 73.51
2026/09/07 04:19:24.120, 0, 100, 109894, 518.51
2026/09/07 04:19:24.123, 1, 0, 4, 73.52
2026/09/07 04:19:25.126, 0, 98, 109894, 520.63
2026/09/07 04:19:25.129, 1, 0, 4, 73.49
2026/09/07 04:19:26.131, 0, 100, 109894, 526.22
2026/09/07 04:19:26.134, 1, 0, 4, 73.50
2026/09/07 04:19:27.137, 0, 98, 109894, 524.22
2026/09/07 04:19:27.139, 1, 0, 4, 73.50
2026/09/07 04:19:28.141, 0, 100, 109894, 520.75
2026/09/07 04:19:28.144, 1, 0, 4, 73.48
2026/09/07 04:19:29.145, 0, 53, 109894, 513.87
2026/09/07 04:19:29.148, 1, 0, 4, 73.52
2026/09/07 04:19:30.150, 0, 91, 109894, 496.93
2026/09/07 04:19:30.154, 1, 0, 4, 73.51
2026/09/07 04:19:31.156, 0, 100, 109894, 520.11
2026/09/07 04:19:31.158, 1, 0, 4, 73.47
2026/09/07 04:19:32.160, 0, 99, 109894, 528.32
2026/09/07 04:19:32.166, 1, 0, 4, 73.42
2026/09/07 04:19:33.170, 0, 97, 109894, 492.47
2026/09/07 04:19:33.173, 1, 0, 4, 73.45
2026/09/07 04:19:34.176, 0, 100, 109894, 489.42
2026/09/07 04:19:34.180, 1, 0, 4, 73.54
2026/09/07 04:19:35.184, 0, 100, 109894, 507.31
2026/09/07 04:19:35.186, 1, 0, 4, 73.51
2026/09/07 04:19:36.188, 0, 100, 109894, 514.15
2026/09/07 04:19:36.191, 1, 0, 4, 73.55
2026/09/07 04:19:37.195, 0, 100, 109894, 512.91
2026/09/07 04:19:37.197, 1, 0, 4, 73.52
2026/09/07 04:19:38.199, 0, 98, 109894, 517.62
2026/09/07 04:19:38.203, 1, 0, 4, 73.48
2026/09/07 04:19:39.205, 0, 98, 109894, 515.81
2026/09/07 04:19:39.208, 1, 0, 4, 73.50
2026/09/07 04:19:40.210, 0, 100, 109894, 514.50
2026/09/07 04:19:40.213, 1, 0, 4, 73.52
2026/09/07 04:19:41.215, 0, 97, 109894, 519.66
2026/09/07 04:19:41.218, 1, 0, 4, 73.51
2026/09/07 04:19:42.220, 0, 100, 109894, 513.38
2026/09/07 04:19:42.223, 1, 0, 4, 73.56
2026/09/07 04:19:43.225, 0, 100, 109894, 518.49
2026/09/07 04:19:43.228, 1, 0, 4, 73.54
2026/09/07 04:19:44.230, 0, 100, 109894, 512.45
2026/09/07 04:19:44.233, 1, 0, 4, 73.52
2026/09/07 04:19:45.235, 0, 100, 109894, 523.31
2026/09/07 04:19:45.237, 1, 0, 4, 73.54
2026/09/07 04:19:46.240, 0, 98, 109894, 491.54
2026/09/07 04:19:46.243, 1, 0, 4, 73.52
2026/09/07 04:19:47.245, 0, 100, 109894, 510.80
2026/09/07 04:19:47.247, 1, 0, 4, 73.50
2026/09/07 04:19:48.249, 0, 100, 109894, 515.59
2026/09/07 04:19:48.252, 1, 0, 4, 73.50
2026/09/07 04:19:49.254, 0, 99, 109894, 514.04
2026/09/07 04:19:49.257, 1, 0, 4, 73.46
2026/09/07 04:19:50.259, 0, 100, 109894, 528.68
2026/09/07 04:19:50.261, 1, 0, 4, 73.51
2026/09/07 04:19:51.264, 0, 100, 109894, 539.81
2026/09/07 04:19:51.266, 1, 0, 4, 73.52
2026/09/07 04:19:52.268, 0, 100, 109894, 532.31
2026/09/07 04:19:52.271, 1, 0, 4, 73.55
2026/09/07 04:19:53.273, 0, 98, 109894, 541.53
2026/09/07 04:19:53.276, 1, 0, 4, 73.53
2026/09/07 04:19:54.278, 0, 100, 109894, 531.46
2026/09/07 04:19:54.281, 1, 0, 4, 73.47
2026/09/07 04:19:55.284, 0, 3, 109894, 419.52
2026/09/07 04:19:55.286, 1, 0, 4, 73.50
2026/09/07 04:19:56.288, 0, 99, 109894, 466.74
2026/09/07 04:19:56.291, 1, 0, 4, 73.51
2026/09/07 04:19:57.293, 0, 100, 109894, 518.38
2026/09/07 04:19:57.294, 1, 0, 4, 73.54
2026/09/07 04:19:58.297, 0, 100, 109894, 490.19
2026/09/07 04:19:58.299, 1, 0, 4, 73.56
2026/09/07 04:19:59.301, 0, 100, 109894, 504.43
2026/09/07 04:19:59.303, 1, 0, 4, 73.50
2026/09/07 04:20:00.306, 0, 99, 109894, 514.37
2026/09/07 04:20:00.308, 1, 0, 4, 73.51
2026/09/07 04:20:01.310, 0, 98, 109894, 506.79
2026/09/07 04:20:01.312, 1, 0, 4, 73.48
2026/09/07 04:20:02.315, 0, 100, 109894, 508.23
2026/09/07 04:20:02.317, 1, 0, 4, 73.51
2026/09/07 04:20:03.319, 0, 99, 109894, 506.41
2026/09/07 04:20:03.321, 1, 0, 4, 73.51
2026/09/07 04:20:04.323, 0, 100, 109894, 517.49
2026/09/07 04:20:04.326, 1, 0, 4, 73.48
2026/09/07 04:20:05.329, 0, 98, 109894, 489.84
2026/09/07 04:20:05.332, 1, 0, 4, 73.50
2026/09/07 04:20:06.334, 0, 100, 109894, 509.67
2026/09/07 04:20:06.336, 1, 0, 4, 73.54
2026/09/07 04:20:07.338, 0, 100, 109894, 506.90
2026/09/07 04:20:07.341, 1, 0, 4, 73.55
2026/09/07 04:20:08.343, 0, 100, 109894, 512.54
2026/09/07 04:20:08.345, 1, 0, 4, 73.49
2026/09/07 04:20:09.347, 0, 88, 109894, 494.50
2026/09/07 04:20:09.350, 1, 0, 4, 73.53
2026/09/07 04:20:10.352, 0, 100, 109894, 486.90
2026/09/07 04:20:10.354, 1, 0, 4, 73.48
2026/09/07 04:20:11.356, 0, 100, 109894, 495.82
2026/09/07 04:20:11.358, 1, 0, 4, 73.49
2026/09/07 04:20:12.360, 0, 100, 109894, 504.94
2026/09/07 04:20:12.362, 1, 0, 4, 73.49
2026/09/07 04:20:13.364, 0, 100, 109894, 504.82
2026/09/07 04:20:13.366, 1, 0, 4, 73.53
2026/09/07 04:20:14.369, 0, 100, 109894, 515.38
2026/09/07 04:20:14.371, 1, 0, 4, 73.51
2026/09/07 04:20:15.374, 0, 98, 109894, 505.62
2026/09/07 04:20:15.377, 1, 0, 4, 73.52
2026/09/07 04:20:16.379, 0, 100, 109894, 511.46
2026/09/07 04:20:16.381, 1, 0, 4, 73.55
2026/09/07 04:20:17.383, 0, 100, 109894, 515.70
2026/09/07 04:20:17.386, 1, 0, 4, 73.53
2026/09/07 04:20:18.388, 0, 100, 109894, 515.38
2026/09/07 04:20:18.390, 1, 0, 4, 73.50
2026/09/07 04:20:19.392, 0, 99, 109894, 519.68
2026/09/07 04:20:19.395, 1, 0, 4, 73.46
2026/09/07 04:20:20.397, 0, 100, 109894, 514.48
2026/09/07 04:20:20.400, 1, 0, 4, 73.54
2026/09/07 04:20:21.402, 0, 100, 109894, 524.43
2026/09/07 04:20:21.404, 1, 0, 4, 73.54
2026/09/07 04:20:22.406, 0, 100, 109894, 517.77
2026/09/07 04:20:22.409, 1, 0, 4, 73.52
2026/09/07 04:20:23.411, 0, 99, 109894, 525.98
2026/09/07 04:20:23.414, 1, 0, 4, 73.49
2026/09/07 04:20:24.416, 0, 100, 109894, 511.11
2026/09/07 04:20:24.419, 1, 0, 4, 73.51
2026/09/07 04:20:25.420, 0, 94, 109894, 503.14
2026/09/07 04:20:25.423, 1, 0, 4, 73.48
2026/09/07 04:20:26.425, 0, 100, 109894, 517.01
2026/09/07 04:20:26.427, 1, 0, 4, 73.45
2026/09/07 04:20:27.429, 0, 98, 109894, 516.41
2026/09/07 04:20:27.431, 1, 0, 4, 73.48
2026/09/07 04:20:28.433, 0, 100, 109894, 514.60
2026/09/07 04:20:28.436, 1, 0, 4, 73.53
2026/09/07 04:20:29.438, 0, 99, 109894, 527.02
2026/09/07 04:20:29.441, 1, 0, 4, 73.60
2026/09/07 04:20:30.442, 0, 100, 109894, 524.77
2026/09/07 04:20:30.445, 1, 0, 4, 73.57
2026/09/07 04:20:31.446, 0, 100, 109894, 522.39
2026/09/07 04:20:31.448, 1, 0, 4, 73.53
2026/09/07 04:20:32.450, 0, 100, 109894, 515.79
2026/09/07 04:20:32.452, 1, 0, 4, 73.50
2026/09/07 04:20:33.455, 0, 100, 109894, 525.90
2026/09/07 04:20:33.457, 1, 0, 4, 73.55
2026/09/07 04:20:34.459, 0, 94, 109894, 507.86
2026/09/07 04:20:34.461, 1, 0, 4, 73.48
2026/09/07 04:20:35.463, 0, 100, 109894, 527.74
2026/09/07 04:20:35.466, 1, 0, 4, 73.53
2026/09/07 04:20:36.468, 0, 100, 109894, 524.61
2026/09/07 04:20:36.471, 1, 0, 4, 73.57
2026/09/07 04:20:37.474, 0, 100, 109894, 530.04
2026/09/07 04:20:37.477, 1, 0, 4, 73.53
2026/09/07 04:20:38.479, 0, 100, 109894, 423.82
2026/09/07 04:20:38.482, 1, 0, 4, 73.57
2026/09/07 04:20:39.484, 0, 100, 109894, 524.07
2026/09/07 04:20:39.486, 1, 0, 4, 73.50
2026/09/07 04:20:40.488, 0, 100, 109894, 481.26
2026/09/07 04:20:40.491, 1, 0, 4, 73.50
2026/09/07 04:20:41.493, 0, 100, 109894, 510.23
2026/09/07 04:20:41.496, 1, 0, 4, 73.48
2026/09/07 04:20:42.498, 0, 100, 109894, 518.05
2026/09/07 04:20:42.500, 1, 0, 4, 73.53
2026/09/07 04:20:43.502, 0, 100, 109894, 507.39
2026/09/07 04:20:43.505, 1, 0, 4, 73.48
2026/09/07 04:20:44.507, 0, 100, 109894, 518.31
2026/09/07 04:20:44.510, 1, 0, 4, 73.51
2026/09/07 04:20:45.512, 0, 100, 109894, 520.77
2026/09/07 04:20:45.514, 1, 0, 4, 73.49
2026/09/07 04:20:46.516, 0, 100, 109894, 515.95
2026/09/07 04:20:46.519, 1, 0, 4, 73.51
2026/09/07 04:20:47.522, 0, 100, 109894, 522.98
2026/09/07 04:20:47.525, 1, 0, 4, 73.51
2026/09/07 04:20:48.527, 0, 100, 109894, 524.03
2026/09/07 04:20:48.530, 1, 0, 4, 73.43
2026/09/07 04:20:49.533, 0, 100, 109894, 525.05
2026/09/07 04:20:49.557, 1, 0, 4, 73.46
2026/09/07 04:20:50.559, 0, 100, 109894, 519.89
2026/09/07 04:20:50.562, 1, 0, 4, 73.47
2026/09/07 04:20:51.564, 0, 100, 109894, 525.31
2026/09/07 04:20:51.567, 1, 0, 4, 73.57
2026/09/07 04:20:52.569, 0, 100, 109894, 533.04
2026/09/07 04:20:52.572, 1, 0, 4, 73.54
2026/09/07 04:20:53.574, 0, 100, 109894, 531.18
2026/09/07 04:20:53.577, 1, 0, 4, 73.54
2026/09/07 04:20:54.579, 0, 100, 109894, 539.97
2026/09/07 04:20:54.582, 1, 0, 4, 73.60
2026/09/07 04:20:55.584, 0, 100, 109894, 542.21
2026/09/07 04:20:55.586, 1, 0, 4, 73.54
2026/09/07 04:20:56.589, 0, 100, 109894, 530.22
2026/09/07 04:20:56.591, 1, 0, 4, 73.52
2026/09/07 04:20:57.593, 0, 100, 109894, 532.18
2026/09/07 04:20:57.595, 1, 0, 4, 73.51
2026/09/07 04:20:58.598, 0, 100, 109894, 546.71
2026/09/07 04:20:58.601, 1, 0, 4, 73.53
2026/09/07 04:20:59.603, 0, 100, 109894, 424.83
2026/09/07 04:20:59.606, 1, 0, 4, 73.52
2026/09/07 04:21:00.609, 0, 100, 109894, 516.76
2026/09/07 04:21:00.611, 1, 0, 4, 73.53
2026/09/07 04:21:01.613, 0, 100, 109894, 500.36
2026/09/07 04:21:01.616, 1, 0, 4, 73.54
2026/09/07 04:21:02.619, 0, 100, 109894, 518.71
2026/09/07 04:21:02.622, 1, 0, 4, 73.51
2026/09/07 04:21:03.625, 0, 100, 109894, 535.20
2026/09/07 04:21:03.628, 1, 0, 4, 73.49
2026/09/07 04:21:04.630, 0, 100, 109894, 524.42
2026/09/07 04:21:04.635, 1, 0, 4, 73.42
2026/09/07 04:21:05.638, 0, 100, 109894, 526.25
2026/09/07 04:21:05.640, 1, 0, 4, 73.54
2026/09/07 04:21:06.642, 0, 75, 109894, 469.18
2026/09/07 04:21:06.651, 1, 0, 4, 73.56
2026/09/07 04:21:07.654, 0, 100, 109894, 483.75
2026/09/07 04:21:07.656, 1, 0, 4, 73.53
2026/09/07 04:21:08.659, 0, 100, 109894, 521.46
2026/09/07 04:21:08.662, 1, 0, 4, 73.49
2026/09/07 04:21:09.665, 0, 100, 109894, 520.24
2026/09/07 04:21:09.668, 1, 0, 4, 73.49
2026/09/07 04:21:10.669, 0, 100, 109894, 521.03
2026/09/07 04:21:10.673, 1, 0, 4, 73.51
2026/09/07 04:21:11.675, 0, 100, 109894, 533.38
2026/09/07 04:21:11.678, 1, 0, 4, 73.45
2026/09/07 04:21:12.680, 0, 100, 109894, 540.76
2026/09/07 04:21:12.683, 1, 0, 4, 73.55
2026/09/07 04:21:13.685, 0, 100, 109894, 493.65
2026/09/07 04:21:13.687, 1, 0, 4, 73.52
2026/09/07 04:21:14.690, 0, 100, 109894, 498.90
2026/09/07 04:21:14.692, 1, 0, 4, 73.50
2026/09/07 04:21:15.694, 0, 100, 109894, 521.07
2026/09/07 04:21:15.696, 1, 0, 4, 73.53
2026/09/07 04:21:16.698, 0, 100, 109894, 509.97
2026/09/07 04:21:16.701, 1, 0, 4, 73.51
2026/09/07 04:21:17.703, 0, 100, 109894, 510.61
2026/09/07 04:21:17.706, 1, 0, 4, 73.58
2026/09/07 04:21:18.708, 0, 100, 109894, 523.21
2026/09/07 04:21:18.710, 1, 0, 4, 73.49
2026/09/07 04:21:19.712, 0, 100, 109894, 399.19
2026/09/07 04:21:19.715, 1, 0, 4, 73.54
2026/09/07 04:21:20.717, 0, 85, 109894, 492.60
2026/09/07 04:21:20.719, 1, 0, 4, 73.48
2026/09/07 04:21:21.721, 0, 100, 109894, 509.44
2026/09/07 04:21:21.724, 1, 0, 4, 73.52
2026/09/07 04:21:22.726, 0, 98, 109894, 509.46
2026/09/07 04:21:22.728, 1, 0, 4, 73.54
2026/09/07 04:21:23.730, 0, 100, 109894, 508.39
2026/09/07 04:21:23.732, 1, 0, 4, 73.56
2026/09/07 04:21:24.734, 0, 100, 109894, 516.41
2026/09/07 04:21:24.737, 1, 0, 4, 73.56
2026/09/07 04:21:25.738, 0, 98, 109894, 511.04
2026/09/07 04:21:25.741, 1, 0, 4, 73.43
2026/09/07 04:21:26.743, 0, 100, 109894, 512.61
2026/09/07 04:21:26.745, 1, 0, 4, 73.46
2026/09/07 04:21:27.747, 0, 99, 109894, 522.73
2026/09/07 04:21:27.749, 1, 0, 4, 73.46
2026/09/07 04:21:28.751, 0, 100, 109894, 512.96
2026/09/07 04:21:28.754, 1, 0, 4, 73.46
2026/09/07 04:21:29.756, 0, 99, 109894, 510.85
2026/09/07 04:21:29.759, 1, 0, 4, 73.58
2026/09/07 04:21:30.761, 0, 96, 109894, 414.24
2026/09/07 04:21:30.763, 1, 0, 4, 73.50
2026/09/07 04:21:31.765, 0, 100, 109894, 508.14
2026/09/07 04:21:31.768, 1, 0, 4, 73.51
2026/09/07 04:21:32.770, 0, 100, 109894, 509.56
2026/09/07 04:21:32.772, 1, 0, 4, 73.50
2026/09/07 04:21:33.774, 0, 100, 109894, 506.81
2026/09/07 04:21:33.777, 1, 0, 4, 73.48
2026/09/07 04:21:34.778, 0, 100, 109894, 515.36
2026/09/07 04:21:34.781, 1, 0, 4, 73.47
2026/09/07 04:21:35.783, 0, 92, 109894, 512.67
2026/09/07 04:21:35.786, 1, 0, 4, 73.50
2026/09/07 04:21:36.789, 0, 100, 109894, 518.25
2026/09/07 04:21:36.791, 1, 0, 4, 73.54
2026/09/07 04:21:37.793, 0, 100, 109894, 522.77
2026/09/07 04:21:37.795, 1, 0, 4, 73.51
2026/09/07 04:21:38.797, 0, 100, 109894, 513.07
2026/09/07 04:21:38.800, 1, 0, 4, 73.53
2026/09/07 04:21:39.802, 0, 100, 109894, 493.71
2026/09/07 04:21:39.805, 1, 0, 4, 73.50
2026/09/07 04:21:40.807, 0, 100, 109894, 508.50
2026/09/07 04:21:40.809, 1, 0, 4, 73.51
2026/09/07 04:21:41.811, 0, 100, 109894, 516.74
2026/09/07 04:21:41.813, 1, 0, 4, 73.52
2026/09/07 04:21:42.815, 0, 99, 109894, 511.76
2026/09/07 04:21:42.818, 1, 0, 4, 73.51
2026/09/07 04:21:43.820, 0, 100, 109894, 515.04
2026/09/07 04:21:43.822, 1, 0, 4, 73.46
2026/09/07 04:21:44.824, 0, 100, 109894, 494.12
2026/09/07 04:21:44.827, 1, 0, 4, 73.56
2026/09/07 04:21:45.829, 0, 100, 109894, 498.51
2026/09/07 04:21:45.832, 1, 0, 4, 73.49
2026/09/07 04:21:46.833, 0, 100, 109894, 505.22
2026/09/07 04:21:46.886, 1, 0, 4, 73.52
2026/09/07 04:21:47.888, 0, 100, 109894, 510.52
2026/09/07 04:21:47.891, 1, 0, 4, 73.52
2026/09/07 04:21:48.893, 0, 100, 109894, 513.00
2026/09/07 04:21:48.895, 1, 0, 4, 73.48
2026/09/07 04:21:49.897, 0, 99, 109894, 466.13
2026/09/07 04:21:49.900, 1, 0, 4, 73.55
2026/09/07 04:21:50.902, 0, 100, 109894, 504.12
2026/09/07 04:21:50.904, 1, 0, 4, 73.51
2026/09/07 04:21:51.906, 0, 100, 109894, 506.84
2026/09/07 04:21:51.908, 1, 0, 4, 73.54
2026/09/07 04:21:52.910, 0, 100, 109894, 505.60
2026/09/07 04:21:52.913, 1, 0, 4, 73.57
2026/09/07 04:21:53.914, 0, 100, 109894, 511.09
2026/09/07 04:21:53.917, 1, 0, 4, 73.58
2026/09/07 04:21:54.919, 0, 100, 109894, 510.86
2026/09/07 04:21:54.921, 1, 0, 4, 73.50
2026/09/07 04:21:55.923, 0, 99, 109894, 510.64
2026/09/07 04:21:55.927, 1, 0, 4, 73.54
2026/09/07 04:21:56.928, 0, 100, 109894, 514.46
2026/09/07 04:21:56.931, 1, 0, 4, 73.50
2026/09/07 04:21:57.934, 0, 100, 109894, 507.25
2026/09/07 04:21:57.936, 1, 0, 4, 73.47
2026/09/07 04:21:58.938, 0, 100, 109894, 489.73
2026/09/07 04:21:58.942, 1, 0, 4, 73.54
2026/09/07 04:21:59.945, 0, 99, 109894, 515.50
2026/09/07 04:21:59.948, 1, 0, 4, 73.50
2026/09/07 04:22:00.950, 0, 100, 109894, 514.58
2026/09/07 04:22:00.953, 1, 0, 4, 73.55
2026/09/07 04:22:01.955, 0, 99, 109894, 511.86
2026/09/07 04:22:01.958, 1, 0, 4, 73.51
2026/09/07 04:22:02.960, 0, 100, 109894, 517.27
2026/09/07 04:22:02.964, 1, 0, 4, 73.50
2026/09/07 04:22:03.967, 0, 100, 109894, 509.48
2026/09/07 04:22:03.970, 1, 0, 4, 73.54
2026/09/07 04:22:04.973, 0, 53, 109894, 498.79
2026/09/07 04:22:04.975, 1, 0, 4, 73.54
2026/09/07 04:22:05.979, 0, 100, 109894, 515.15
2026/09/07 04:22:05.986, 1, 0, 4, 73.55
2026/09/07 04:22:06.988, 0, 100, 109894, 514.57
2026/09/07 04:22:06.990, 1, 0, 4, 73.58
2026/09/07 04:22:07.992, 0, 100, 109894, 514.28
2026/09/07 04:22:07.994, 1, 0, 4, 73.54
2026/09/07 04:22:08.996, 0, 99, 109894, 520.97
2026/09/07 04:22:09.000, 1, 0, 4, 73.53
2026/09/07 04:22:10.003, 0, 100, 109894, 514.64
2026/09/07 04:22:10.007, 1, 0, 4, 73.54
2026/09/07 04:22:11.008, 0, 99, 109894, 522.52
2026/09/07 04:22:11.011, 1, 0, 4, 73.51
2026/09/07 04:22:12.013, 0, 100, 109894, 505.97
2026/09/07 04:22:12.015, 1, 0, 4, 73.53
2026/09/07 04:22:13.017, 0, 100, 109894, 514.62
2026/09/07 04:22:13.020, 1, 0, 4, 73.54
2026/09/07 04:22:14.022, 0, 100, 109894, 522.82
2026/09/07 04:22:14.025, 1, 0, 4, 73.57
2026/09/07 04:22:15.027, 0, 100, 109894, 523.47
2026/09/07 04:22:15.029, 1, 0, 4, 73.55
2026/09/07 04:22:16.031, 0, 100, 109894, 516.64
2026/09/07 04:22:16.033, 1, 0, 4, 73.55
2026/09/07 04:22:17.035, 0, 100, 109894, 529.35
2026/09/07 04:22:17.037, 1, 0, 4, 73.57
2026/09/07 04:22:18.040, 0, 100, 109894, 526.13
2026/09/07 04:22:18.043, 1, 0, 4, 73.50
2026/09/07 04:22:19.045, 0, 100, 109894, 523.15
2026/09/07 04:22:19.050, 1, 0, 4, 73.56
2026/09/07 04:22:20.052, 0, 100, 109894, 531.61
2026/09/07 04:22:20.055, 1, 0, 4, 73.53
2026/09/07 04:22:21.057, 0, 100, 109894, 532.93
2026/09/07 04:22:21.059, 1, 0, 4, 73.50
2026/09/07 04:22:22.061, 0, 100, 109894, 527.71
2026/09/07 04:22:22.063, 1, 0, 4, 73.53
2026/09/07 04:22:23.066, 0, 100, 109894, 525.70
2026/09/07 04:22:23.068, 1, 0, 4, 73.53
2026/09/07 04:22:24.070, 0, 100, 109894, 529.34
2026/09/07 04:22:24.073, 1, 0, 4, 73.53
2026/09/07 04:22:25.075, 0, 100, 109894, 531.54
2026/09/07 04:22:25.082, 1, 0, 4, 73.56
2026/09/07 04:22:26.088, 0, 100, 109894, 538.47
2026/09/07 04:22:26.091, 1, 0, 4, 73.49
2026/09/07 04:22:27.093, 0, 100, 109894, 544.90
2026/09/07 04:22:27.096, 1, 0, 4, 73.52
2026/09/07 04:22:28.098, 0, 100, 109894, 558.44
2026/09/07 04:22:28.101, 1, 0, 4, 73.51
2026/09/07 04:22:29.103, 0, 100, 109894, 517.17
2026/09/07 04:22:29.106, 1, 0, 4, 73.53
2026/09/07 04:22:30.108, 0, 100, 109894, 542.28
2026/09/07 04:22:30.110, 1, 0, 4, 73.49
2026/09/07 04:22:31.113, 0, 100, 109894, 544.46
2026/09/07 04:22:31.115, 1, 0, 4, 73.52
2026/09/07 04:22:32.117, 0, 100, 109894, 546.66
2026/09/07 04:22:32.120, 1, 0, 4, 73.49
2026/09/07 04:22:33.123, 0, 100, 109894, 515.81
2026/09/07 04:22:33.125, 1, 0, 4, 73.53
2026/09/07 04:22:34.127, 0, 100, 109894, 530.81
2026/09/07 04:22:34.129, 1, 0, 4, 73.53
2026/09/07 04:22:35.131, 0, 100, 109894, 536.05
2026/09/07 04:22:35.133, 1, 0, 4, 73.50
2026/09/07 04:22:36.135, 0, 100, 109894, 539.92
2026/09/07 04:22:36.138, 1, 0, 4, 73.47
2026/09/07 04:22:37.140, 0, 100, 109894, 545.32
2026/09/07 04:22:37.143, 1, 0, 4, 73.49
2026/09/07 04:22:38.145, 0, 100, 109894, 545.93
2026/09/07 04:22:38.147, 1, 0, 4, 73.48
2026/09/07 04:22:39.150, 0, 100, 109894, 545.44
2026/09/07 04:22:39.153, 1, 0, 4, 73.50
2026/09/07 04:22:40.155, 0, 64, 109894, 481.21
2026/09/07 04:22:40.158, 1, 0, 4, 73.50
2026/09/07 04:22:41.160, 0, 100, 109894, 511.78
2026/09/07 04:22:41.162, 1, 0, 4, 73.44
2026/09/07 04:22:42.165, 0, 100, 109894, 537.44
2026/09/07 04:22:42.167, 1, 0, 4, 73.49
2026/09/07 04:22:43.170, 0, 100, 109894, 558.78
2026/09/07 04:22:43.173, 1, 0, 4, 73.41
2026/09/07 04:22:44.174, 0, 100, 109894, 554.70
2026/09/07 04:22:44.177, 1, 0, 4, 73.49
2026/09/07 04:22:45.180, 0, 100, 109894, 536.61
2026/09/07 04:22:45.183, 1, 0, 4, 73.52
2026/09/07 04:22:46.185, 0, 100, 109894, 550.66
2026/09/07 04:22:46.188, 1, 0, 4, 73.51
2026/09/07 04:22:47.192, 0, 100, 109894, 536.59
2026/09/07 04:22:47.194, 1, 0, 4, 73.46
2026/09/07 04:22:48.197, 0, 47, 109894, 509.27
2026/09/07 04:22:48.199, 1, 0, 4, 73.40
2026/09/07 04:22:49.201, 0, 100, 109894, 533.58
2026/09/07 04:22:49.203, 1, 0, 4, 73.50
2026/09/07 04:22:50.205, 0, 100, 109894, 533.48
2026/09/07 04:22:50.208, 1, 0, 4, 73.51
2026/09/07 04:22:51.210, 0, 100, 109894, 514.58
2026/09/07 04:22:51.213, 1, 0, 4, 73.53
2026/09/07 04:22:52.215, 0, 100, 109894, 541.99
2026/09/07 04:22:52.219, 1, 0, 4, 73.51
2026/09/07 04:22:53.221, 0, 44, 109894, 512.46
2026/09/07 04:22:53.230, 1, 0, 4, 73.53
2026/09/07 04:22:54.232, 0, 100, 109894, 511.22
2026/09/07 04:22:54.234, 1, 0, 4, 73.57
2026/09/07 04:22:55.237, 0, 100, 109894, 486.38
2026/09/07 04:22:55.239, 1, 0, 4, 73.50
2026/09/07 04:22:56.242, 0, 100, 109894, 525.28
2026/09/07 04:22:56.244, 1, 0, 4, 73.54
2026/09/07 04:22:57.246, 0, 100, 109894, 517.69
2026/09/07 04:22:57.248, 1, 0, 4, 73.53
2026/09/07 04:22:58.250, 0, 100, 109894, 533.74
2026/09/07 04:22:58.252, 1, 0, 4, 73.49
2026/09/07 04:22:59.255, 0, 100, 109894, 530.96
2026/09/07 04:22:59.257, 1, 0, 4, 73.47
2026/09/07 04:23:00.259, 0, 100, 109894, 525.81
2026/09/07 04:23:00.262, 1, 0, 4, 73.56
2026/09/07 04:23:01.265, 0, 100, 109894, 534.25
2026/09/07 04:23:01.280, 1, 0, 4, 73.52
2026/09/07 04:23:02.282, 0, 100, 109894, 535.80
2026/09/07 04:23:02.284, 1, 0, 4, 73.51
2026/09/07 04:23:03.286, 0, 100, 109894, 535.31
2026/09/07 04:23:03.290, 1, 0, 4, 73.46
2026/09/07 04:23:04.293, 0, 100, 109894, 507.77
2026/09/07 04:23:04.296, 1, 0, 4, 73.48
2026/09/07 04:23:05.298, 0, 100, 109894, 411.64
2026/09/07 04:23:05.301, 1, 0, 4, 73.50
2026/09/07 04:23:06.303, 0, 100, 109894, 510.28
2026/09/07 04:23:06.305, 1, 0, 4, 73.48
2026/09/07 04:23:07.307, 0, 100, 109894, 518.40
2026/09/07 04:23:07.338, 1, 0, 4, 73.59
2026/09/07 04:23:08.342, 0, 100, 109894, 511.22
2026/09/07 04:23:08.345, 1, 0, 4, 73.55
2026/09/07 04:23:09.347, 0, 100, 109894, 523.77
2026/09/07 04:23:09.350, 1, 0, 4, 73.58
2026/09/07 04:23:10.352, 0, 100, 109894, 524.14
2026/09/07 04:23:10.355, 1, 0, 4, 73.56
2026/09/07 04:23:11.357, 0, 100, 109894, 535.24
2026/09/07 04:23:11.359, 1, 0, 4, 73.53
2026/09/07 04:23:12.361, 0, 100, 109894, 528.21
2026/09/07 04:23:12.364, 1, 0, 4, 73.55
2026/09/07 04:23:13.367, 0, 100, 109894, 523.83
2026/09/07 04:23:13.369, 1, 0, 4, 73.50
2026/09/07 04:23:14.371, 0, 99, 109894, 509.98
2026/09/07 04:23:14.374, 1, 0, 4, 73.47
2026/09/07 04:23:15.376, 0, 100, 109894, 522.35
2026/09/07 04:23:15.379, 1, 0, 4, 73.59
2026/09/07 04:23:16.381, 0, 100, 109894, 494.18
2026/09/07 04:23:16.384, 1, 0, 4, 73.57
2026/09/07 04:23:17.386, 0, 99, 109894, 527.30
2026/09/07 04:23:17.388, 1, 0, 4, 73.54
2026/09/07 04:23:18.390, 0, 100, 109894, 494.62
2026/09/07 04:23:18.393, 1, 0, 4, 73.56
2026/09/07 04:23:19.394, 0, 100, 109894, 490.38
2026/09/07 04:23:19.397, 1, 0, 4, 73.49
2026/09/07 04:23:20.400, 0, 100, 109894, 514.99
2026/09/07 04:23:20.402, 1, 0, 4, 73.54
2026/09/07 04:23:21.404, 0, 100, 109894, 515.57
2026/09/07 04:23:21.406, 1, 0, 4, 73.50
2026/09/07 04:23:22.409, 0, 99, 109894, 518.25
2026/09/07 04:23:22.411, 1, 0, 4, 73.56
2026/09/07 04:23:23.413, 0, 100, 109894, 510.39
2026/09/07 04:23:23.416, 1, 0, 4, 73.57
2026/09/07 04:23:24.418, 0, 100, 109894, 480.88
2026/09/07 04:23:24.420, 1, 0, 4, 73.53
2026/09/07 04:23:25.422, 0, 99, 109894, 498.25
2026/09/07 04:23:25.425, 1, 0, 4, 73.50
2026/09/07 04:23:26.427, 0, 100, 109894, 507.07
2026/09/07 04:23:26.429, 1, 0, 4, 73.52
2026/09/07 04:23:27.432, 0, 98, 109894, 492.43
2026/09/07 04:23:27.434, 1, 0, 4, 73.53
2026/09/07 04:23:28.437, 0, 100, 109894, 504.49
2026/09/07 04:23:28.439, 1, 0, 4, 73.54
2026/09/07 04:23:29.441, 0, 100, 109894, 502.11
2026/09/07 04:23:29.444, 1, 0, 4, 73.57
2026/09/07 04:23:30.446, 0, 99, 109894, 505.23
2026/09/07 04:23:30.449, 1, 0, 4, 73.51
2026/09/07 04:23:31.451, 0, 100, 109894, 509.77
2026/09/07 04:23:31.454, 1, 0, 4, 73.57
2026/09/07 04:23:32.456, 0, 100, 109894, 511.07
2026/09/07 04:23:32.459, 1, 0, 4, 73.58
2026/09/07 04:23:33.461, 0, 100, 109894, 491.67
2026/09/07 04:23:33.463, 1, 0, 4, 73.55
2026/09/07 04:23:34.465, 0, 100, 109894, 512.24
2026/09/07 04:23:34.468, 1, 0, 4, 73.51
2026/09/07 04:23:35.470, 0, 100, 109894, 510.12
2026/09/07 04:23:35.473, 1, 0, 4, 73.54
2026/09/07 04:23:36.475, 0, 99, 109894, 514.59
2026/09/07 04:23:36.478, 1, 0, 4, 73.54
2026/09/07 04:23:37.480, 0, 100, 109894, 508.92
2026/09/07 04:23:37.483, 1, 0, 4, 73.54
2026/09/07 04:23:38.485, 0, 99, 109894, 518.78
2026/09/07 04:23:38.487, 1, 0, 4, 73.58
2026/09/07 04:23:39.490, 0, 100, 109894, 516.91
2026/09/07 04:23:39.493, 1, 0, 4, 73.52
2026/09/07 04:23:40.495, 0, 99, 109894, 521.29
2026/09/07 04:23:40.497, 1, 0, 4, 73.58
2026/09/07 04:23:41.499, 0, 100, 109894, 520.89
2026/09/07 04:23:41.502, 1, 0, 4, 73.60
2026/09/07 04:23:42.505, 0, 99, 109894, 521.00
2026/09/07 04:23:42.507, 1, 0, 4, 73.51
2026/09/07 04:23:43.509, 0, 100, 109894, 529.77
2026/09/07 04:23:43.512, 1, 0, 4, 73.53
2026/09/07 04:23:44.514, 0, 100, 109894, 526.96
2026/09/07 04:23:44.516, 1, 0, 4, 73.52
2026/09/07 04:23:45.518, 0, 100, 109894, 528.10
2026/09/07 04:23:45.521, 1, 0, 4, 73.54
2026/09/07 04:23:46.523, 0, 100, 109894, 507.95
2026/09/07 04:23:46.527, 1, 0, 4, 73.57
2026/09/07 04:23:47.529, 0, 100, 109894, 514.05
2026/09/07 04:23:47.531, 1, 0, 4, 73.54
2026/09/07 04:23:48.533, 0, 100, 109894, 523.34
2026/09/07 04:23:48.536, 1, 0, 4, 73.55
2026/09/07 04:23:49.538, 0, 3, 109894, 415.63
2026/09/07 04:23:49.540, 1, 0, 4, 73.52
2026/09/07 04:23:50.542, 0, 100, 109894, 513.11
2026/09/07 04:23:50.545, 1, 0, 4, 73.53
2026/09/07 04:23:51.547, 0, 100, 109894, 520.47
2026/09/07 04:23:51.550, 1, 0, 4, 73.54
2026/09/07 04:23:52.554, 0, 100, 109894, 523.06
2026/09/07 04:23:52.556, 1, 0, 4, 73.50
2026/09/07 04:23:53.558, 0, 100, 109894, 512.05
2026/09/07 04:23:53.561, 1, 0, 4, 73.54
2026/09/07 04:23:54.563, 0, 100, 109894, 520.90
2026/09/07 04:23:54.565, 1, 0, 4, 73.57
2026/09/07 04:23:55.568, 0, 100, 109894, 528.60
2026/09/07 04:23:55.570, 1, 0, 4, 73.61
2026/09/07 04:23:56.572, 0, 100, 109894, 519.87
2026/09/07 04:23:56.575, 1, 0, 4, 73.54
2026/09/07 04:23:57.578, 0, 100, 109894, 525.83
2026/09/07 04:23:57.580, 1, 0, 4, 73.55
2026/09/07 04:23:58.582, 0, 100, 109894, 526.89
2026/09/07 04:23:58.585, 1, 0, 4, 73.58
2026/09/07 04:23:59.587, 0, 100, 109894, 525.97
2026/09/07 04:23:59.590, 1, 0, 4, 73.49
2026/09/07 04:24:00.593, 0, 100, 109894, 530.90
2026/09/07 04:24:00.595, 1, 0, 4, 73.66
2026/09/07 04:24:01.597, 0, 100, 109894, 533.70
2026/09/07 04:24:01.601, 1, 0, 4, 73.55
2026/09/07 04:24:02.603, 0, 100, 109894, 538.54
2026/09/07 04:24:02.606, 1, 0, 4, 73.54
2026/09/07 04:24:03.609, 0, 100, 109894, 531.22
2026/09/07 04:24:03.612, 1, 0, 4, 73.51
2026/09/07 04:24:04.614, 0, 100, 109894, 555.74
2026/09/07 04:24:04.617, 1, 0, 4, 73.50
2026/09/07 04:24:05.619, 0, 100, 109894, 540.11
2026/09/07 04:24:05.622, 1, 0, 4, 73.50
2026/09/07 04:24:06.624, 0, 100, 109894, 540.76
2026/09/07 04:24:06.627, 1, 0, 4, 73.49
2026/09/07 04:24:07.630, 0, 43, 109894, 511.08
2026/09/07 04:24:07.632, 1, 0, 4, 73.58
2026/09/07 04:24:08.635, 0, 100, 109894, 527.57
2026/09/07 04:24:08.637, 1, 0, 4, 73.60
2026/09/07 04:24:09.639, 0, 100, 109894, 558.99
2026/09/07 04:24:09.642, 1, 0, 4, 73.53
2026/09/07 04:24:10.644, 0, 100, 109894, 537.22
2026/09/07 04:24:10.647, 1, 0, 4, 73.56
2026/09/07 04:24:11.649, 0, 100, 109894, 535.94
2026/09/07 04:24:11.652, 1, 0, 4, 73.57
2026/09/07 04:24:12.654, 0, 100, 109894, 536.64
2026/09/07 04:24:12.657, 1, 0, 4, 73.52
2026/09/07 04:24:13.660, 0, 100, 109894, 540.63
2026/09/07 04:24:13.662, 1, 0, 4, 73.48
2026/09/07 04:24:14.664, 0, 100, 109894, 544.81
2026/09/07 04:24:14.667, 1, 0, 4, 73.51
2026/09/07 04:24:15.669, 0, 100, 109894, 517.24
2026/09/07 04:24:15.672, 1, 0, 4, 73.55
2026/09/07 04:24:16.674, 0, 100, 109894, 547.26
2026/09/07 04:24:16.676, 1, 0, 4, 73.54
2026/09/07 04:24:17.678, 0, 100, 109894, 558.87
2026/09/07 04:24:17.681, 1, 0, 4, 73.61
2026/09/07 04:24:18.683, 0, 100, 109894, 551.33
2026/09/07 04:24:18.686, 1, 0, 4, 73.55
2026/09/07 04:24:19.688, 0, 100, 109894, 558.76
2026/09/07 04:24:19.691, 1, 0, 4, 73.46
2026/09/07 04:24:20.694, 0, 100, 109894, 561.98
2026/09/07 04:24:20.696, 1, 0, 4, 73.55
2026/09/07 04:24:21.699, 0, 67, 109894, 540.59
2026/09/07 04:24:21.702, 1, 0, 4, 73.54
2026/09/07 04:24:22.704, 0, 34, 109894, 510.69
2026/09/07 04:24:22.707, 1, 0, 4, 73.33
2026/09/07 04:24:23.709, 0, 100, 109894, 526.02
2026/09/07 04:24:23.712, 1, 0, 4, 73.57
2026/09/07 04:24:24.714, 0, 100, 109894, 535.00
2026/09/07 04:24:24.717, 1, 0, 4, 73.52
2026/09/07 04:24:25.719, 0, 70, 109894, 511.02
2026/09/07 04:24:25.721, 1, 0, 4, 73.57
2026/09/07 04:24:26.723, 0, 100, 109894, 513.78
2026/09/07 04:24:26.726, 1, 0, 4, 73.42
2026/09/07 04:24:27.729, 0, 39, 109894, 468.71
2026/09/07 04:24:27.731, 1, 0, 4, 73.58
2026/09/07 04:24:28.733, 0, 99, 109894, 464.38
2026/09/07 04:24:28.736, 1, 0, 4, 73.54
2026/09/07 04:24:29.738, 0, 100, 109894, 477.54
2026/09/07 04:24:29.741, 1, 0, 4, 73.55
2026/09/07 04:24:30.742, 0, 100, 109894, 519.53
2026/09/07 04:24:30.745, 1, 0, 4, 73.57
2026/09/07 04:24:31.747, 0, 100, 109894, 519.72
2026/09/07 04:24:31.750, 1, 0, 4, 73.55
2026/09/07 04:24:32.751, 0, 100, 109894, 516.88
2026/09/07 04:24:32.754, 1, 0, 4, 73.53
2026/09/07 04:24:33.756, 0, 100, 109894, 519.61
2026/09/07 04:24:33.758, 1, 0, 4, 73.54
2026/09/07 04:24:34.760, 0, 99, 109894, 508.82
2026/09/07 04:24:34.762, 1, 0, 4, 73.57
2026/09/07 04:24:35.765, 0, 100, 109894, 521.77
2026/09/07 04:24:35.768, 1, 0, 4, 73.56
2026/09/07 04:24:36.770, 0, 99, 109894, 511.27
2026/09/07 04:24:36.773, 1, 0, 4, 73.51
2026/09/07 04:24:37.775, 0, 100, 109894, 526.22
2026/09/07 04:24:37.778, 1, 0, 4, 73.54
2026/09/07 04:24:38.780, 0, 99, 109894, 524.42
2026/09/07 04:24:38.783, 1, 0, 4, 73.54
2026/09/07 04:24:39.785, 0, 99, 109894, 487.31
2026/09/07 04:24:39.788, 1, 0, 4, 73.56
2026/09/07 04:24:40.790, 0, 100, 109894, 517.81
2026/09/07 04:24:40.793, 1, 0, 4, 73.55
2026/09/07 04:24:41.795, 0, 100, 109894, 515.26
2026/09/07 04:24:41.797, 1, 0, 4, 73.57
2026/09/07 04:24:42.800, 0, 100, 109894, 517.63
2026/09/07 04:24:42.802, 1, 0, 4, 73.60
2026/09/07 04:24:43.806, 0, 98, 109894, 516.61
2026/09/07 04:24:43.809, 1, 0, 4, 73.56
2026/09/07 04:24:44.811, 0, 100, 109894, 519.45
2026/09/07 04:24:44.814, 1, 0, 4, 73.53
2026/09/07 04:24:45.817, 0, 100, 109894, 516.44
2026/09/07 04:24:45.821, 1, 0, 4, 73.52
2026/09/07 04:24:46.825, 0, 99, 109894, 521.37
2026/09/07 04:24:46.827, 1, 0, 4, 73.50
2026/09/07 04:24:47.830, 0, 100, 109894, 522.55
2026/09/07 04:24:47.834, 1, 0, 4, 73.55
2026/09/07 04:24:48.841, 0, 100, 109894, 514.35
2026/09/07 04:24:48.844, 1, 0, 4, 73.56
2026/09/07 04:24:49.847, 0, 98, 109894, 518.79
2026/09/07 04:24:49.850, 1, 0, 4, 73.56
2026/09/07 04:24:50.853, 0, 100, 109894, 519.66
2026/09/07 04:24:50.855, 1, 0, 4, 73.53
2026/09/07 04:24:51.858, 0, 93, 109894, 504.98
2026/09/07 04:24:51.861, 1, 0, 4, 73.50
2026/09/07 04:24:52.863, 0, 100, 109894, 515.35
2026/09/07 04:24:52.866, 1, 0, 4, 73.57
2026/09/07 04:24:53.868, 0, 100, 109894, 492.19
2026/09/07 04:24:53.870, 1, 0, 4, 73.57
2026/09/07 04:24:54.872, 0, 100, 109894, 506.42
2026/09/07 04:24:54.875, 1, 0, 4, 73.59
2026/09/07 04:24:55.877, 0, 100, 109894, 499.60
2026/09/07 04:24:55.880, 1, 0, 4, 73.53
2026/09/07 04:24:56.882, 0, 98, 109894, 511.76
2026/09/07 04:24:56.884, 1, 0, 4, 73.57
2026/09/07 04:24:57.886, 0, 100, 109894, 503.33
2026/09/07 04:24:57.889, 1, 0, 4, 73.54
2026/09/07 04:24:58.891, 0, 99, 109894, 492.67
2026/09/07 04:24:58.894, 1, 0, 4, 73.53
2026/09/07 04:24:59.896, 0, 100, 109894, 507.58
2026/09/07 04:24:59.899, 1, 0, 4, 73.61
2026/09/07 04:25:00.901, 0, 98, 109894, 489.94
2026/09/07 04:25:00.903, 1, 0, 4, 73.56
2026/09/07 04:25:01.906, 0, 97, 109894, 510.09
2026/09/07 04:25:01.908, 1, 0, 4, 73.51
2026/09/07 04:25:02.910, 0, 100, 109894, 500.68
2026/09/07 04:25:02.912, 1, 0, 4, 73.56
2026/09/07 04:25:03.914, 0, 100, 109894, 509.72
2026/09/07 04:25:03.916, 1, 0, 4, 73.60
2026/09/07 04:25:04.918, 0, 100, 109894, 508.50
2026/09/07 04:25:04.920, 1, 0, 4, 73.58
2026/09/07 04:25:05.922, 0, 100, 109894, 509.30
2026/09/07 04:25:05.925, 1, 0, 4, 73.51
2026/09/07 04:25:06.927, 0, 100, 109894, 500.84
2026/09/07 04:25:06.929, 1, 0, 4, 73.55
2026/09/07 04:25:07.932, 0, 100, 109894, 489.12
2026/09/07 04:25:07.934, 1, 0, 4, 73.57
2026/09/07 04:25:08.936, 0, 100, 109894, 506.86
2026/09/07 04:25:08.939, 1, 0, 4, 73.57
2026/09/07 04:25:09.942, 0, 100, 109894, 504.48
2026/09/07 04:25:09.944, 1, 0, 4, 73.56
2026/09/07 04:25:10.946, 0, 100, 109894, 509.32
2026/09/07 04:25:10.949, 1, 0, 4, 73.55
2026/09/07 04:25:11.952, 0, 100, 109894, 510.20
2026/09/07 04:25:11.955, 1, 0, 4, 73.62
2026/09/07 04:25:12.957, 0, 99, 109894, 511.24
2026/09/07 04:25:12.961, 1, 0, 4, 73.60
2026/09/07 04:25:13.964, 0, 100, 109894, 514.35
2026/09/07 04:25:13.967, 1, 0, 4, 73.51
2026/09/07 04:25:14.969, 0, 99, 109894, 522.39
2026/09/07 04:25:14.974, 1, 0, 4, 73.56
2026/09/07 04:25:15.976, 0, 100, 109894, 533.12
2026/09/07 04:25:15.979, 1, 0, 4, 73.55
2026/09/07 04:25:16.982, 0, 100, 109894, 520.79
2026/09/07 04:25:16.988, 1, 0, 4, 73.55
2026/09/07 04:25:17.990, 0, 100, 109894, 521.70
2026/09/07 04:25:17.993, 1, 0, 4, 73.59
2026/09/07 04:25:18.995, 0, 100, 109894, 529.29
2026/09/07 04:25:18.998, 1, 0, 4, 73.58
2026/09/07 04:25:20.001, 0, 100, 109894, 522.89
2026/09/07 04:25:20.003, 1, 0, 4, 73.59
2026/09/07 04:25:21.006, 0, 98, 109894, 499.56
2026/09/07 04:25:21.008, 1, 0, 4, 73.55
2026/09/07 04:25:22.010, 0, 100, 109894, 518.91
2026/09/07 04:25:22.013, 1, 0, 4, 73.58
2026/09/07 04:25:23.015, 0, 99, 109894, 519.12
2026/09/07 04:25:23.017, 1, 0, 4, 73.55
2026/09/07 04:25:24.020, 0, 100, 109894, 513.85
2026/09/07 04:25:24.022, 1, 0, 4, 73.56
2026/09/07 04:25:25.024, 0, 100, 109894, 501.24
2026/09/07 04:25:25.026, 1, 0, 4, 73.54
2026/09/07 04:25:26.029, 0, 100, 109894, 509.00
2026/09/07 04:25:26.031, 1, 0, 4, 73.62
2026/09/07 04:25:27.033, 0, 100, 109894, 521.26
2026/09/07 04:25:27.035, 1, 0, 4, 73.55
2026/09/07 04:25:28.038, 0, 100, 109894, 520.64
2026/09/07 04:25:28.041, 1, 0, 4, 73.53
2026/09/07 04:25:29.043, 0, 100, 109894, 523.29
2026/09/07 04:25:29.045, 1, 0, 4, 73.60
2026/09/07 04:25:30.047, 0, 100, 109894, 521.48
2026/09/07 04:25:30.049, 1, 0, 4, 73.49
2026/09/07 04:25:31.051, 0, 100, 109894, 524.79
2026/09/07 04:25:31.055, 1, 0, 4, 73.50
2026/09/07 04:25:32.058, 0, 100, 109894, 534.59
2026/09/07 04:25:32.060, 1, 0, 4, 73.52
2026/09/07 04:25:33.063, 0, 100, 109894, 529.88
2026/09/07 04:25:33.065, 1, 0, 4, 73.51
2026/09/07 04:25:34.067, 0, 100, 109894, 530.69
2026/09/07 04:25:34.069, 1, 0, 4, 73.54
2026/09/07 04:25:35.072, 0, 100, 109894, 527.81
2026/09/07 04:25:35.074, 1, 0, 4, 73.55
2026/09/07 04:25:36.076, 0, 100, 109894, 531.21
2026/09/07 04:25:36.079, 1, 0, 4, 73.56
2026/09/07 04:25:37.081, 0, 100, 109894, 534.01
2026/09/07 04:25:37.083, 1, 0, 4, 73.42
2026/09/07 04:25:38.086, 0, 100, 109894, 540.96
2026/09/07 04:25:38.089, 1, 0, 4, 73.56
2026/09/07 04:25:39.091, 0, 100, 109894, 524.66
2026/09/07 04:25:39.094, 1, 0, 4, 73.49
2026/09/07 04:25:40.096, 0, 100, 109894, 507.97
2026/09/07 04:25:40.098, 1, 0, 4, 73.49
2026/09/07 04:25:41.101, 0, 100, 109894, 542.78
2026/09/07 04:25:41.104, 1, 0, 4, 73.56
2026/09/07 04:25:42.106, 0, 100, 109894, 430.85
2026/09/07 04:25:42.108, 1, 0, 4, 73.55
2026/09/07 04:25:43.111, 0, 100, 109894, 540.42
2026/09/07 04:25:43.113, 1, 0, 4, 73.55
2026/09/07 04:25:44.115, 0, 100, 109894, 519.89
2026/09/07 04:25:44.118, 1, 0, 4, 73.59
2026/09/07 04:25:45.120, 0, 100, 109894, 537.51
2026/09/07 04:25:45.122, 1, 0, 4, 73.58
2026/09/07 04:25:46.125, 0, 100, 109894, 532.01
2026/09/07 04:25:46.127, 1, 0, 4, 73.53
2026/09/07 04:25:47.130, 0, 100, 109894, 535.95
2026/09/07 04:25:47.132, 1, 0, 4, 73.50
2026/09/07 04:25:48.134, 0, 100, 109894, 538.07
2026/09/07 04:25:48.136, 1, 0, 4, 73.55
2026/09/07 04:25:49.139, 0, 100, 109894, 541.60
2026/09/07 04:25:49.141, 1, 0, 4, 73.52
2026/09/07 04:25:50.144, 0, 100, 109894, 529.90
2026/09/07 04:25:50.146, 1, 0, 4, 73.50
2026/09/07 04:25:51.148, 0, 100, 109894, 555.77
2026/09/07 04:25:51.151, 1, 0, 4, 73.59
2026/09/07 04:25:52.153, 0, 100, 109894, 555.35
2026/09/07 04:25:52.156, 1, 0, 4, 73.50
2026/09/07 04:25:53.160, 0, 100, 109894, 553.45
2026/09/07 04:25:53.162, 1, 0, 4, 73.44
2026/09/07 04:25:54.165, 0, 100, 109894, 554.84
2026/09/07 04:25:54.169, 1, 0, 4, 73.50
2026/09/07 04:25:55.172, 0, 100, 109894, 551.69
2026/09/07 04:25:55.174, 1, 0, 4, 73.51
2026/09/07 04:25:56.176, 0, 52, 109894, 525.10
2026/09/07 04:25:56.180, 1, 0, 4, 73.54
2026/09/07 04:25:57.183, 0, 54, 109894, 526.67
2026/09/07 04:25:57.186, 1, 0, 4, 73.60
2026/09/07 04:25:58.189, 0, 100, 109894, 532.62
2026/09/07 04:25:58.192, 1, 0, 4, 73.59
2026/09/07 04:25:59.194, 0, 100, 109894, 496.31
2026/09/07 04:25:59.197, 1, 0, 4, 73.58
2026/09/07 04:26:00.199, 0, 100, 109894, 520.67
2026/09/07 04:26:00.202, 1, 0, 4, 73.54
2026/09/07 04:26:01.204, 0, 100, 109894, 527.12
2026/09/07 04:26:01.206, 1, 0, 4, 73.57
2026/09/07 04:26:02.209, 0, 100, 109894, 522.70
2026/09/07 04:26:02.211, 1, 0, 4, 73.61
2026/09/07 04:26:03.214, 0, 100, 109894, 501.94
2026/09/07 04:26:03.216, 1, 0, 4, 73.55
2026/09/07 04:26:04.219, 0, 100, 109894, 499.75
2026/09/07 04:26:04.221, 1, 0, 4, 73.56
2026/09/07 04:26:05.225, 0, 100, 109894, 521.46
2026/09/07 04:26:05.228, 1, 0, 4, 73.54
2026/09/07 04:26:06.230, 0, 100, 109894, 523.22
2026/09/07 04:26:06.232, 1, 0, 4, 73.57
2026/09/07 04:26:07.235, 0, 100, 109894, 534.09
2026/09/07 04:26:07.238, 1, 0, 4, 73.61
2026/09/07 04:26:08.241, 0, 99, 109894, 524.96
2026/09/07 04:26:08.244, 1, 0, 4, 73.56
2026/09/07 04:26:09.246, 0, 100, 109894, 519.50
2026/09/07 04:26:09.249, 1, 0, 4, 73.52
2026/09/07 04:26:10.252, 0, 100, 109894, 528.18
2026/09/07 04:26:10.255, 1, 0, 4, 73.51
2026/09/07 04:26:11.258, 0, 100, 109894, 529.23
2026/09/07 04:26:11.260, 1, 0, 4, 73.59
2026/09/07 04:26:12.263, 0, 100, 109894, 517.34
2026/09/07 04:26:12.265, 1, 0, 4, 73.55
2026/09/07 04:26:13.267, 0, 77, 109894, 506.71
2026/09/07 04:26:13.269, 1, 0, 4, 73.61
2026/09/07 04:26:14.271, 0, 100, 109894, 492.67
2026/09/07 04:26:14.275, 1, 0, 4, 73.54
2026/09/07 04:26:15.278, 0, 100, 109894, 512.26
2026/09/07 04:26:15.281, 1, 0, 4, 73.54
2026/09/07 04:26:16.283, 0, 100, 109894, 497.92
2026/09/07 04:26:16.286, 1, 0, 4, 73.50
2026/09/07 04:26:17.288, 0, 100, 109894, 513.49
2026/09/07 04:26:17.291, 1, 0, 4, 73.53
2026/09/07 04:26:18.294, 0, 100, 109894, 528.42
2026/09/07 04:26:18.296, 1, 0, 4, 73.54
2026/09/07 04:26:19.298, 0, 100, 109894, 528.73
2026/09/07 04:26:19.301, 1, 0, 4, 73.52
2026/09/07 04:26:20.305, 0, 99, 109894, 524.47
2026/09/07 04:26:20.308, 1, 0, 4, 73.56
2026/09/07 04:26:21.310, 0, 100, 109894, 527.87
2026/09/07 04:26:21.313, 1, 0, 4, 73.56
2026/09/07 04:26:22.316, 0, 100, 109894, 527.22
2026/09/07 04:26:22.318, 1, 0, 4, 73.57
2026/09/07 04:26:23.321, 0, 100, 109894, 492.10
2026/09/07 04:26:23.324, 1, 0, 4, 73.53
2026/09/07 04:26:24.326, 0, 99, 109894, 518.34
2026/09/07 04:26:24.329, 1, 0, 4, 73.49
2026/09/07 04:26:25.331, 0, 100, 109894, 495.09
2026/09/07 04:26:25.333, 1, 0, 4, 73.50
2026/09/07 04:26:26.335, 0, 97, 109894, 502.52
2026/09/07 04:26:26.338, 1, 0, 4, 73.81
2026/09/07 04:26:27.341, 0, 100, 109894, 509.12
2026/09/07 04:26:27.344, 1, 0, 4, 73.74
2026/09/07 04:26:28.346, 0, 99, 109894, 487.65
2026/09/07 04:26:28.348, 1, 0, 4, 73.83
2026/09/07 04:26:29.351, 0, 100, 109894, 481.82
2026/09/07 04:26:29.354, 1, 0, 4, 73.88
2026/09/07 04:26:30.356, 0, 99, 109894, 518.83
2026/09/07 04:26:30.358, 1, 0, 4, 73.87
2026/09/07 04:26:31.361, 0, 100, 109894, 506.07
2026/09/07 04:26:31.363, 1, 0, 4, 73.81
2026/09/07 04:26:32.365, 0, 100, 109894, 511.06
2026/09/07 04:26:32.368, 1, 0, 4, 73.86
2026/09/07 04:26:33.370, 0, 100, 109894, 509.71
2026/09/07 04:26:33.373, 1, 0, 4, 73.85
2026/09/07 04:26:34.375, 0, 100, 109894, 515.60
2026/09/07 04:26:34.378, 1, 0, 4, 73.83
2026/09/07 04:26:35.380, 0, 100, 109894, 401.03
2026/09/07 04:26:35.382, 1, 0, 4, 73.81
2026/09/07 04:26:36.385, 0, 99, 109894, 497.03
2026/09/07 04:26:36.387, 1, 0, 4, 73.82
2026/09/07 04:26:37.389, 0, 100, 109894, 502.64
2026/09/07 04:26:37.392, 1, 0, 4, 73.86
2026/09/07 04:26:38.394, 0, 100, 109894, 503.54
2026/09/07 04:26:38.397, 1, 0, 4, 73.83
2026/09/07 04:26:39.399, 0, 99, 109894, 505.59
2026/09/07 04:26:39.401, 1, 0, 4, 73.81
2026/09/07 04:26:40.403, 0, 100, 109894, 503.57
2026/09/07 04:26:40.406, 1, 0, 4, 73.79
2026/09/07 04:26:41.408, 0, 100, 109894, 498.14
2026/09/07 04:26:41.411, 1, 0, 4, 73.81
2026/09/07 04:26:42.413, 0, 100, 109894, 485.29
2026/09/07 04:26:42.416, 1, 0, 4, 73.82
2026/09/07 04:26:43.418, 0, 98, 109894, 497.61
2026/09/07 04:26:43.421, 1, 0, 4, 73.83
2026/09/07 04:26:44.422, 0, 99, 109894, 505.76
2026/09/07 04:26:44.425, 1, 0, 4, 73.88
2026/09/07 04:26:45.427, 0, 100, 109894, 505.90
2026/09/07 04:26:45.430, 1, 0, 4, 73.86
2026/09/07 04:26:46.432, 0, 99, 109894, 512.50
2026/09/07 04:26:46.435, 1, 0, 4, 73.85
2026/09/07 04:26:47.437, 0, 100, 109894, 502.64
2026/09/07 04:26:47.440, 1, 0, 4, 73.81
2026/09/07 04:26:48.442, 0, 100, 109894, 511.38
2026/09/07 04:26:48.444, 1, 0, 4, 73.82
2026/09/07 04:26:49.447, 0, 100, 109894, 519.43
2026/09/07 04:26:49.449, 1, 0, 4, 73.81
2026/09/07 04:26:50.452, 0, 100, 109894, 513.78
2026/09/07 04:26:50.454, 1, 0, 4, 73.82
2026/09/07 04:26:51.457, 0, 99, 109894, 519.40
2026/09/07 04:26:51.459, 1, 0, 4, 73.82
2026/09/07 04:26:52.462, 0, 99, 109894, 519.43
2026/09/07 04:26:52.465, 1, 0, 4, 73.83
2026/09/07 04:26:53.466, 0, 100, 109894, 531.52
2026/09/07 04:26:53.469, 1, 0, 4, 73.89
2026/09/07 04:26:54.472, 0, 100, 109894, 516.03
2026/09/07 04:26:54.474, 1, 0, 4, 73.88
2026/09/07 04:26:55.476, 0, 100, 109894, 526.96
2026/09/07 04:26:55.479, 1, 0, 4, 73.82
2026/09/07 04:26:56.482, 0, 100, 109894, 530.64
2026/09/07 04:26:56.484, 1, 0, 4, 73.78
2026/09/07 04:26:57.486, 0, 100, 109894, 522.82
2026/09/07 04:26:57.489, 1, 0, 4, 73.77
2026/09/07 04:26:58.492, 0, 100, 109894, 526.98
2026/09/07 04:26:58.495, 1, 0, 4, 73.82
2026/09/07 04:26:59.497, 0, 100, 109894, 537.47
2026/09/07 04:26:59.500, 1, 0, 4, 73.89
2026/09/07 04:27:00.503, 0, 100, 109894, 523.52
2026/09/07 04:27:00.505, 1, 0, 4, 73.85
2026/09/07 04:27:01.508, 0, 100, 109894, 532.97
2026/09/07 04:27:01.512, 1, 0, 4, 73.76
2026/09/07 04:27:02.518, 0, 100, 109894, 537.22
2026/09/07 04:27:02.520, 1, 0, 4, 73.83
2026/09/07 04:27:03.522, 0, 100, 109894, 531.28
2026/09/07 04:27:03.525, 1, 0, 4, 73.99
2026/09/07 04:27:04.527, 0, 100, 109894, 507.06
2026/09/07 04:27:04.530, 1, 0, 4, 73.89
2026/09/07 04:27:05.532, 0, 100, 109894, 526.77
2026/09/07 04:27:05.535, 1, 0, 4, 73.76
2026/09/07 04:27:06.537, 0, 100, 109894, 525.68
2026/09/07 04:27:06.541, 1, 0, 4, 73.90
2026/09/07 04:27:07.544, 0, 100, 109894, 519.23
2026/09/07 04:27:07.547, 1, 0, 4, 73.86
2026/09/07 04:27:08.550, 0, 100, 109894, 521.12
2026/09/07 04:27:08.553, 1, 0, 4, 73.78
2026/09/07 04:27:09.556, 0, 100, 109894, 526.16
2026/09/07 04:27:09.559, 1, 0, 4, 73.78
2026/09/07 04:27:10.561, 0, 100, 109894, 547.82
2026/09/07 04:27:10.564, 1, 0, 4, 73.81
2026/09/07 04:27:11.566, 0, 100, 109894, 545.33
2026/09/07 04:27:11.569, 1, 0, 4, 73.77
2026/09/07 04:27:12.573, 0, 100, 109894, 525.53
2026/09/07 04:27:12.575, 1, 0, 4, 73.77
2026/09/07 04:27:13.577, 0, 100, 109894, 545.45
2026/09/07 04:27:13.580, 1, 0, 4, 73.73
2026/09/07 04:27:14.583, 0, 100, 109894, 540.78
2026/09/07 04:27:14.586, 1, 0, 4, 73.82
2026/09/07 04:27:15.588, 0, 100, 109894, 524.18
2026/09/07 04:27:15.591, 1, 0, 4, 73.74
2026/09/07 04:27:16.594, 0, 100, 109894, 443.75
2026/09/07 04:27:16.597, 1, 0, 4, 73.85
2026/09/07 04:27:17.599, 0, 100, 109894, 528.10
2026/09/07 04:27:17.602, 1, 0, 4, 73.84
2026/09/07 04:27:18.605, 0, 100, 109894, 531.33
2026/09/07 04:27:18.607, 1, 0, 4, 73.79
2026/09/07 04:27:19.609, 0, 100, 109894, 546.66
2026/09/07 04:27:19.612, 1, 0, 4, 73.80
2026/09/07 04:27:20.614, 0, 100, 109894, 535.68
2026/09/07 04:27:20.617, 1, 0, 4, 73.79
2026/09/07 04:27:21.619, 0, 100, 109894, 539.61
2026/09/07 04:27:21.622, 1, 0, 4, 73.82
2026/09/07 04:27:22.626, 0, 100, 109894, 540.47
2026/09/07 04:27:22.629, 1, 0, 4, 73.84
2026/09/07 04:27:23.632, 0, 100, 109894, 513.33
2026/09/07 04:27:23.635, 1, 0, 4, 73.83
2026/09/07 04:27:24.637, 0, 100, 109894, 533.28
2026/09/07 04:27:24.640, 1, 0, 4, 73.83
2026/09/07 04:27:25.643, 0, 100, 109894, 533.36
2026/09/07 04:27:25.646, 1, 0, 4, 73.65
2026/09/07 04:27:26.648, 0, 100, 109894, 537.78
2026/09/07 04:27:26.654, 1, 0, 4, 73.53
2026/09/07 04:27:27.657, 0, 100, 109894, 538.28
2026/09/07 04:27:27.660, 1, 0, 4, 73.55
2026/09/07 04:27:28.665, 0, 100, 109894, 538.87
2026/09/07 04:27:28.667, 1, 0, 4, 73.58
2026/09/07 04:27:29.673, 0, 100, 109894, 536.59
2026/09/07 04:27:29.675, 1, 0, 4, 73.53
2026/09/07 04:27:30.677, 0, 100, 109894, 496.67
2026/09/07 04:27:30.680, 1, 0, 4, 73.57
2026/09/07 04:27:31.682, 0, 100, 109894, 451.87
2026/09/07 04:27:31.685, 1, 0, 4, 73.56
2026/09/07 04:27:32.687, 0, 0, 109894, 359.79
2026/09/07 04:27:32.690, 1, 0, 4, 73.60
2026/09/07 04:27:33.692, 0, 0, 109894, 420.05
2026/09/07 04:27:33.695, 1, 0, 4, 73.54
2026/09/07 04:27:34.697, 0, 100, 109894, 521.18
2026/09/07 04:27:34.700, 1, 0, 4, 73.60
2026/09/07 04:27:35.702, 0, 100, 109894, 525.51
2026/09/07 04:27:35.704, 1, 0, 4, 73.56
2026/09/07 04:27:36.706, 0, 100, 109894, 524.39
2026/09/07 04:27:36.709, 1, 0, 4, 73.44
2026/09/07 04:27:37.711, 0, 91, 109894, 525.42
2026/09/07 04:27:37.714, 1, 0, 4, 73.56
2026/09/07 04:27:38.716, 0, 0, 109894, 402.87
2026/09/07 04:27:38.719, 1, 0, 4, 73.59
2026/09/07 04:27:39.721, 0, 100, 109894, 522.34
2026/09/07 04:27:39.724, 1, 0, 4, 73.60
2026/09/07 04:27:40.727, 0, 100, 109894, 523.39
2026/09/07 04:27:40.729, 1, 0, 4, 73.58
2026/09/07 04:27:41.731, 0, 100, 109894, 528.39
2026/09/07 04:27:41.734, 1, 0, 4, 73.57
2026/09/07 04:27:42.736, 0, 100, 109894, 528.40
2026/09/07 04:27:42.739, 1, 0, 4, 73.51
2026/09/07 04:27:43.742, 0, 98, 109894, 519.32
2026/09/07 04:27:43.745, 1, 0, 4, 73.48
2026/09/07 04:27:44.748, 0, 100, 109894, 523.35
2026/09/07 04:27:44.751, 1, 0, 4, 73.53
2026/09/07 04:27:45.754, 0, 100, 109894, 521.75
2026/09/07 04:27:45.757, 1, 0, 4, 73.55
2026/09/07 04:27:46.759, 0, 99, 109894, 523.00
2026/09/07 04:27:46.762, 1, 0, 4, 73.57
2026/09/07 04:27:47.764, 0, 100, 109894, 519.04
2026/09/07 04:27:47.767, 1, 0, 4, 73.60
2026/09/07 04:27:48.770, 0, 100, 109894, 486.04
2026/09/07 04:27:48.773, 1, 0, 4, 73.61
2026/09/07 04:27:49.776, 0, 98, 109894, 504.29
2026/09/07 04:27:49.778, 1, 0, 4, 73.53
2026/09/07 04:27:50.781, 0, 39, 109894, 469.09
2026/09/07 04:27:50.784, 1, 0, 4, 73.49
2026/09/07 04:27:51.786, 0, 99, 109894, 446.74
2026/09/07 04:27:51.788, 1, 0, 4, 73.57
2026/09/07 04:27:52.791, 0, 100, 109894, 504.02
2026/09/07 04:27:52.793, 1, 0, 4, 73.57
2026/09/07 04:27:53.795, 0, 100, 109894, 516.30
2026/09/07 04:27:53.797, 1, 0, 4, 73.55
2026/09/07 04:27:54.799, 0, 99, 109894, 505.74
2026/09/07 04:27:54.802, 1, 0, 4, 73.60
2026/09/07 04:27:55.804, 0, 100, 109894, 512.22
2026/09/07 04:27:55.807, 1, 0, 4, 73.54
2026/09/07 04:27:56.810, 0, 99, 109894, 509.33
2026/09/07 04:27:56.812, 1, 0, 4, 73.51
2026/09/07 04:27:57.815, 0, 100, 109894, 517.04
2026/09/07 04:27:57.818, 1, 0, 4, 73.54
2026/09/07 04:27:58.820, 0, 97, 109894, 517.75
2026/09/07 04:27:58.823, 1, 0, 4, 73.52
2026/09/07 04:27:59.826, 0, 100, 109894, 514.70
2026/09/07 04:27:59.828, 1, 0, 4, 73.50
2026/09/07 04:28:00.831, 0, 4, 109894, 412.68
2026/09/07 04:28:00.833, 1, 0, 4, 73.58
2026/09/07 04:28:01.835, 0, 97, 109894, 509.40
2026/09/07 04:28:01.838, 1, 0, 4, 73.54
2026/09/07 04:28:02.841, 0, 100, 109894, 508.55
2026/09/07 04:28:02.844, 1, 0, 4, 73.57
2026/09/07 04:28:03.846, 0, 99, 109894, 392.29
2026/09/07 04:28:03.849, 1, 0, 4, 73.59
2026/09/07 04:28:04.852, 0, 100, 109894, 504.54
2026/09/07 04:28:04.855, 1, 0, 4, 73.58
2026/09/07 04:28:05.858, 0, 100, 109894, 504.40
2026/09/07 04:28:05.861, 1, 0, 4, 73.51
2026/09/07 04:28:06.863, 0, 100, 109894, 510.04
2026/09/07 04:28:06.865, 1, 0, 4, 73.51
2026/09/07 04:28:07.868, 0, 59, 109894, 487.25
2026/09/07 04:28:07.871, 1, 0, 4, 73.50
2026/09/07 04:28:08.873, 0, 100, 109894, 504.32
2026/09/07 04:28:08.876, 1, 0, 4, 73.53
2026/09/07 04:28:09.878, 0, 100, 109894, 508.52
2026/09/07 04:28:09.880, 1, 0, 4, 73.53
2026/09/07 04:28:10.882, 0, 100, 109894, 502.67
2026/09/07 04:28:10.884, 1, 0, 4, 73.54
2026/09/07 04:28:11.886, 0, 98, 109894, 510.55
2026/09/07 04:28:11.889, 1, 0, 4, 73.56
2026/09/07 04:28:12.891, 0, 100, 109894, 518.27
2026/09/07 04:28:12.893, 1, 0, 4, 73.57
2026/09/07 04:28:13.895, 0, 100, 109894, 517.46
2026/09/07 04:28:13.898, 1, 0, 4, 73.51
2026/09/07 04:28:14.900, 0, 100, 109894, 517.48
2026/09/07 04:28:14.903, 1, 0, 4, 73.59
2026/09/07 04:28:15.905, 0, 100, 109894, 515.55
2026/09/07 04:28:15.908, 1, 0, 4, 73.47
2026/09/07 04:28:16.910, 0, 99, 109894, 524.60
2026/09/07 04:28:16.913, 1, 0, 4, 73.56
2026/09/07 04:28:17.915, 0, 100, 109894, 485.04
2026/09/07 04:28:17.917, 1, 0, 4, 73.54
2026/09/07 04:28:18.920, 0, 100, 109894, 503.88
2026/09/07 04:28:18.922, 1, 0, 4, 73.58
2026/09/07 04:28:19.924, 0, 100, 109894, 516.47
2026/09/07 04:28:19.927, 1, 0, 4, 73.55
2026/09/07 04:28:20.929, 0, 100, 109894, 503.11
2026/09/07 04:28:20.931, 1, 0, 4, 73.56
2026/09/07 04:28:21.935, 0, 100, 109894, 513.41
2026/09/07 04:28:21.938, 1, 0, 4, 73.53
2026/09/07 04:28:22.939, 0, 100, 109894, 513.04
2026/09/07 04:28:22.942, 1, 0, 4, 73.55
2026/09/07 04:28:23.946, 0, 99, 109894, 509.98
2026/09/07 04:28:23.949, 1, 0, 4, 73.55
2026/09/07 04:28:24.951, 0, 100, 109894, 519.25
2026/09/07 04:28:24.954, 1, 0, 4, 73.53
2026/09/07 04:28:25.956, 0, 100, 109894, 520.37
2026/09/07 04:28:25.959, 1, 0, 4, 73.61
2026/09/07 04:28:26.961, 0, 100, 109894, 527.06
2026/09/07 04:28:26.965, 1, 0, 4, 73.60
2026/09/07 04:28:27.968, 0, 100, 109894, 527.12
2026/09/07 04:28:27.971, 1, 0, 4, 73.58
2026/09/07 04:28:28.973, 0, 100, 109894, 528.02
2026/09/07 04:28:28.977, 1, 0, 4, 73.56
2026/09/07 04:28:29.978, 0, 100, 109894, 533.62
2026/09/07 04:28:29.981, 1, 0, 4, 73.52
2026/09/07 04:28:30.983, 0, 100, 109894, 522.17
2026/09/07 04:28:30.989, 1, 0, 4, 73.49
2026/09/07 04:28:31.994, 0, 100, 109894, 523.75
2026/09/07 04:28:31.996, 1, 0, 4, 73.53
2026/09/07 04:28:32.998, 0, 100, 109894, 531.96
2026/09/07 04:28:33.001, 1, 0, 4, 73.56
2026/09/07 04:28:34.003, 0, 100, 109894, 530.15
2026/09/07 04:28:34.006, 1, 0, 4, 73.67
2026/09/07 04:28:35.008, 0, 100, 109894, 541.67
2026/09/07 04:28:35.011, 1, 0, 4, 73.52
2026/09/07 04:28:36.013, 0, 100, 109894, 534.50
2026/09/07 04:28:36.016, 1, 0, 4, 73.55
2026/09/07 04:28:37.018, 0, 100, 109894, 528.24
2026/09/07 04:28:37.021, 1, 0, 4, 73.51
2026/09/07 04:28:38.024, 0, 100, 109894, 516.97
2026/09/07 04:28:38.027, 1, 0, 4, 73.49
2026/09/07 04:28:39.029, 0, 100, 109894, 555.38
2026/09/07 04:28:39.032, 1, 0, 4, 73.54
2026/09/07 04:28:40.034, 0, 100, 109894, 544.15
2026/09/07 04:28:40.037, 1, 0, 4, 73.54
2026/09/07 04:28:41.039, 0, 100, 109894, 515.83
2026/09/07 04:28:41.042, 1, 0, 4, 73.53
2026/09/07 04:28:42.045, 0, 50, 109894, 512.56
2026/09/07 04:28:42.047, 1, 0, 4, 73.61
2026/09/07 04:28:43.050, 0, 100, 109894, 535.10
2026/09/07 04:28:43.054, 1, 0, 4, 73.56
2026/09/07 04:28:44.057, 0, 100, 109894, 541.12
2026/09/07 04:28:44.059, 1, 0, 4, 73.48
2026/09/07 04:28:45.061, 0, 100, 109894, 537.86
2026/09/07 04:28:45.064, 1, 0, 4, 73.53
2026/09/07 04:28:46.067, 0, 100, 109894, 546.03
2026/09/07 04:28:46.070, 1, 0, 4, 73.46
2026/09/07 04:28:47.072, 0, 100, 109894, 542.62
2026/09/07 04:28:47.074, 1, 0, 4, 73.51
2026/09/07 04:28:48.076, 0, 100, 109894, 536.68
2026/09/07 04:28:48.079, 1, 0, 4, 73.57
2026/09/07 04:28:49.081, 0, 100, 109894, 547.91
2026/09/07 04:28:49.087, 1, 0, 4, 73.49
2026/09/07 04:28:50.090, 0, 100, 109894, 545.27
2026/09/07 04:28:50.093, 1, 0, 4, 73.53
2026/09/07 04:28:51.096, 0, 100, 109894, 546.43
2026/09/07 04:28:51.098, 1, 0, 4, 73.54
2026/09/07 04:28:52.100, 0, 100, 109894, 535.49
2026/09/07 04:28:52.103, 1, 0, 4, 73.50
2026/09/07 04:28:53.105, 0, 100, 109894, 547.92
2026/09/07 04:28:53.108, 1, 0, 4, 73.52
2026/09/07 04:28:54.110, 0, 100, 109894, 547.90
2026/09/07 04:28:54.113, 1, 0, 4, 73.48
2026/09/07 04:28:55.115, 0, 100, 109894, 545.51
2026/09/07 04:28:55.117, 1, 0, 4, 73.50
2026/09/07 04:28:56.119, 0, 100, 109894, 550.15
2026/09/07 04:28:56.122, 1, 0, 4, 73.49
2026/09/07 04:28:57.124, 0, 100, 109894, 550.94
2026/09/07 04:28:57.128, 1, 0, 4, 73.51
2026/09/07 04:28:58.130, 0, 100, 109894, 549.24
2026/09/07 04:28:58.134, 1, 0, 4, 73.53
2026/09/07 04:28:59.137, 0, 100, 109894, 560.05
2026/09/07 04:28:59.139, 1, 0, 4, 73.50
2026/09/07 04:29:00.141, 0, 49, 109894, 439.17
2026/09/07 04:29:00.145, 1, 0, 4, 73.57
2026/09/07 04:29:01.148, 0, 100, 109894, 542.00
2026/09/07 04:29:01.151, 1, 0, 4, 73.53
2026/09/07 04:29:02.153, 0, 100, 109894, 546.45
2026/09/07 04:29:02.157, 1, 0, 4, 73.52
2026/09/07 04:29:03.162, 0, 100, 109894, 542.85
2026/09/07 04:29:03.165, 1, 0, 4, 73.54
2026/09/07 04:29:04.167, 0, 100, 109894, 442.08
2026/09/07 04:29:04.170, 1, 0, 4, 73.55
2026/09/07 04:29:05.174, 0, 100, 109894, 509.89
2026/09/07 04:29:05.176, 1, 0, 4, 73.57
2026/09/07 04:29:06.178, 0, 100, 109894, 528.11
2026/09/07 04:29:06.182, 1, 0, 4, 73.62
2026/09/07 04:29:07.185, 0, 100, 109894, 536.92
2026/09/07 04:29:07.189, 1, 0, 4, 73.59
2026/09/07 04:29:08.191, 0, 100, 109894, 430.82
2026/09/07 04:29:08.194, 1, 0, 4, 73.58
2026/09/07 04:29:09.198, 0, 99, 109894, 526.91
2026/09/07 04:29:09.200, 1, 0, 4, 73.58
2026/09/07 04:29:10.202, 0, 100, 109894, 511.24
2026/09/07 04:29:10.205, 1, 0, 4, 73.56
2026/09/07 04:29:11.207, 0, 100, 109894, 525.38
2026/09/07 04:29:11.210, 1, 0, 4, 73.54
2026/09/07 04:29:12.212, 0, 100, 109894, 535.45
2026/09/07 04:29:12.215, 1, 0, 4, 73.60
2026/09/07 04:29:13.217, 0, 100, 109894, 527.15
2026/09/07 04:29:13.220, 1, 0, 4, 73.65
2026/09/07 04:29:14.222, 0, 100, 109894, 535.18
2026/09/07 04:29:14.224, 1, 0, 4, 73.56
2026/09/07 04:29:15.226, 0, 100, 109894, 411.69
2026/09/07 04:29:15.230, 1, 0, 4, 73.56
2026/09/07 04:29:16.232, 0, 100, 109894, 520.76
2026/09/07 04:29:16.234, 1, 0, 4, 73.56
2026/09/07 04:29:17.237, 0, 100, 109894, 527.71
2026/09/07 04:29:17.239, 1, 0, 4, 73.59
2026/09/07 04:29:18.241, 0, 100, 109894, 518.30
2026/09/07 04:29:18.243, 1, 0, 4, 73.54
2026/09/07 04:29:19.245, 0, 100, 109894, 511.40
2026/09/07 04:29:19.248, 1, 0, 4, 73.56
2026/09/07 04:29:20.250, 0, 100, 109894, 516.09
2026/09/07 04:29:20.252, 1, 0, 4, 73.59
2026/09/07 04:29:21.257, 0, 100, 109894, 520.51
2026/09/07 04:29:21.260, 1, 0, 4, 73.55
2026/09/07 04:29:22.262, 0, 100, 109894, 512.15
2026/09/07 04:29:22.265, 1, 0, 4, 73.51
2026/09/07 04:29:23.267, 0, 98, 109894, 516.17
2026/09/07 04:29:23.270, 1, 0, 4, 73.49
2026/09/07 04:29:24.275, 0, 100, 109894, 517.96
2026/09/07 04:29:24.277, 1, 0, 4, 73.52
2026/09/07 04:29:25.280, 0, 4, 109894, 426.29
2026/09/07 04:29:25.282, 1, 0, 4, 73.54
2026/09/07 04:29:26.286, 0, 100, 109894, 505.78
2026/09/07 04:29:26.290, 1, 0, 4, 73.51
2026/09/07 04:29:27.294, 0, 100, 109894, 520.14
2026/09/07 04:29:27.296, 1, 0, 4, 73.57
2026/09/07 04:29:28.298, 0, 100, 109894, 396.09
2026/09/07 04:29:28.301, 1, 0, 4, 73.58
2026/09/07 04:29:29.303, 0, 99, 109894, 510.46
2026/09/07 04:29:29.305, 1, 0, 4, 73.55
2026/09/07 04:29:30.308, 0, 100, 109894, 508.49
2026/09/07 04:29:30.310, 1, 0, 4, 73.48
2026/09/07 04:29:31.312, 0, 62, 109894, 387.06
2026/09/07 04:29:31.316, 1, 0, 4, 73.55
2026/09/07 04:29:32.318, 0, 100, 109894, 506.47
2026/09/07 04:29:32.321, 1, 0, 4, 73.50
2026/09/07 04:29:33.324, 0, 100, 109894, 511.23
2026/09/07 04:29:33.326, 1, 0, 4, 73.52
2026/09/07 04:29:34.329, 0, 100, 109894, 514.62
2026/09/07 04:29:34.332, 1, 0, 4, 73.48
2026/09/07 04:29:35.334, 0, 100, 109894, 511.23
2026/09/07 04:29:35.337, 1, 0, 4, 73.57
2026/09/07 04:29:36.339, 0, 100, 109894, 518.70
2026/09/07 04:29:36.341, 1, 0, 4, 73.58
2026/09/07 04:29:37.344, 0, 100, 109894, 517.63
2026/09/07 04:29:37.347, 1, 0, 4, 73.60
2026/09/07 04:29:38.350, 0, 98, 109894, 477.14
2026/09/07 04:29:38.352, 1, 0, 4, 73.53
2026/09/07 04:29:39.355, 0, 100, 109894, 508.01
2026/09/07 04:29:39.358, 1, 0, 4, 73.51
2026/09/07 04:29:40.360, 0, 100, 109894, 505.69
2026/09/07 04:29:40.363, 1, 0, 4, 73.57
2026/09/07 04:29:41.365, 0, 100, 109894, 504.70
2026/09/07 04:29:41.368, 1, 0, 4, 73.56
2026/09/07 04:29:42.370, 0, 100, 109894, 511.73
2026/09/07 04:29:42.373, 1, 0, 4, 73.62
2026/09/07 04:29:43.375, 0, 100, 109894, 495.35
2026/09/07 04:29:43.378, 1, 0, 4, 73.55
2026/09/07 04:29:44.381, 0, 75, 109894, 489.85
2026/09/07 04:29:44.383, 1, 0, 4, 73.56
2026/09/07 04:29:45.385, 0, 100, 109894, 495.01
2026/09/07 04:29:45.388, 1, 0, 4, 73.58
2026/09/07 04:29:46.390, 0, 100, 109894, 506.14
2026/09/07 04:29:46.392, 1, 0, 4, 73.57
2026/09/07 04:29:47.395, 0, 98, 109894, 504.84
2026/09/07 04:29:47.397, 1, 0, 4, 73.55
2026/09/07 04:29:48.400, 0, 100, 109894, 501.82
2026/09/07 04:29:48.403, 1, 0, 4, 73.55
2026/09/07 04:29:49.405, 0, 99, 109894, 508.40
2026/09/07 04:29:49.407, 1, 0, 4, 73.51
2026/09/07 04:29:50.409, 0, 100, 109894, 515.30
2026/09/07 04:29:50.412, 1, 0, 4, 73.55
2026/09/07 04:29:51.414, 0, 100, 109894, 513.41
2026/09/07 04:29:51.416, 1, 0, 4, 73.56
2026/09/07 04:29:52.419, 0, 100, 109894, 509.02
2026/09/07 04:29:52.422, 1, 0, 4, 73.63
2026/09/07 04:29:53.424, 0, 99, 109894, 508.46
2026/09/07 04:29:53.426, 1, 0, 4, 73.57
2026/09/07 04:29:54.428, 0, 100, 109894, 488.16
2026/09/07 04:29:54.431, 1, 0, 4, 73.55
2026/09/07 04:29:55.434, 0, 100, 109894, 502.56
2026/09/07 04:29:55.436, 1, 0, 4, 73.50
2026/09/07 04:29:56.438, 0, 100, 109894, 511.39
2026/09/07 04:29:56.441, 1, 0, 4, 73.53
2026/09/07 04:29:57.443, 0, 100, 109894, 508.75
2026/09/07 04:29:57.446, 1, 0, 4, 73.51
2026/09/07 04:29:58.448, 0, 100, 109894, 515.04
2026/09/07 04:29:58.451, 1, 0, 4, 73.49
2026/09/07 04:29:59.453, 0, 100, 109894, 505.39
2026/09/07 04:29:59.455, 1, 0, 4, 73.55
2026/09/07 04:30:00.458, 0, 100, 109894, 514.83
2026/09/07 04:30:00.461, 1, 0, 4, 73.53
2026/09/07 04:30:01.463, 0, 100, 109894, 517.05
2026/09/07 04:30:01.465, 1, 0, 4, 73.51
2026/09/07 04:30:02.467, 0, 100, 109894, 518.08
2026/09/07 04:30:02.471, 1, 0, 4, 73.51
2026/09/07 04:30:03.473, 0, 100, 109894, 521.43
2026/09/07 04:30:03.476, 1, 0, 4, 73.52
2026/09/07 04:30:04.478, 0, 100, 109894, 526.59
2026/09/07 04:30:04.481, 1, 0, 4, 73.50
2026/09/07 04:30:05.483, 0, 100, 109894, 518.14
2026/09/07 04:30:05.486, 1, 0, 4, 73.55
2026/09/07 04:30:06.488, 0, 100, 109894, 522.33
2026/09/07 04:30:06.490, 1, 0, 4, 73.62
2026/09/07 04:30:07.492, 0, 100, 109894, 522.29
2026/09/07 04:30:07.495, 1, 0, 4, 73.62
2026/09/07 04:30:08.497, 0, 100, 109894, 522.93
2026/09/07 04:30:08.500, 1, 0, 4, 73.56
2026/09/07 04:30:09.502, 0, 100, 109894, 530.05
2026/09/07 04:30:09.505, 1, 0, 4, 73.54
2026/09/07 04:30:10.508, 0, 100, 109894, 531.43
2026/09/07 04:30:10.510, 1, 0, 4, 73.55
2026/09/07 04:30:11.512, 0, 100, 109894, 531.16
2026/09/07 04:30:11.516, 1, 0, 4, 73.58
2026/09/07 04:30:12.519, 0, 100, 109894, 531.85
2026/09/07 04:30:12.521, 1, 0, 4, 73.38
2026/09/07 04:30:13.522, 0, 100, 109894, 535.97
2026/09/07 04:30:13.525, 1, 0, 4, 73.66
2026/09/07 04:30:14.527, 0, 100, 109894, 534.10
2026/09/07 04:30:14.529, 1, 0, 4, 73.55
2026/09/07 04:30:15.532, 0, 100, 109894, 556.36
2026/09/07 04:30:15.535, 1, 0, 4, 73.54
2026/09/07 04:30:16.537, 0, 100, 109894, 536.64
2026/09/07 04:30:16.540, 1, 0, 4, 73.54
2026/09/07 04:30:17.543, 0, 68, 109894, 430.12
2026/09/07 04:30:17.545, 1, 0, 4, 73.50
2026/09/07 04:30:18.547, 0, 100, 109894, 529.00
2026/09/07 04:30:18.550, 1, 0, 4, 73.49
2026/09/07 04:30:19.552, 0, 100, 109894, 522.07
2026/09/07 04:30:19.554, 1, 0, 4, 73.73
2026/09/07 04:30:20.556, 0, 100, 109894, 523.07
2026/09/07 04:30:20.559, 1, 0, 4, 73.82
2026/09/07 04:30:21.561, 0, 100, 109894, 539.40
2026/09/07 04:30:21.563, 1, 0, 4, 73.79
2026/09/07 04:30:22.566, 0, 100, 109894, 535.02
2026/09/07 04:30:22.568, 1, 0, 4, 73.79
2026/09/07 04:30:23.570, 0, 100, 109894, 534.46
2026/09/07 04:30:23.572, 1, 0, 4, 73.82
2026/09/07 04:30:24.575, 0, 100, 109894, 533.84
2026/09/07 04:30:24.577, 1, 0, 4, 73.74
2026/09/07 04:30:25.578, 0, 100, 109894, 542.14
2026/09/07 04:30:25.580, 1, 0, 4, 73.76
2026/09/07 04:30:26.583, 0, 100, 109894, 541.64
2026/09/07 04:30:26.585, 1, 0, 4, 73.80
2026/09/07 04:30:27.587, 0, 100, 109894, 543.73
2026/09/07 04:30:27.589, 1, 0, 4, 73.77
2026/09/07 04:30:28.592, 0, 100, 109894, 546.32
2026/09/07 04:30:28.594, 1, 0, 4, 73.75
2026/09/07 04:30:29.596, 0, 100, 109894, 543.75
2026/09/07 04:30:29.599, 1, 0, 4, 73.76
2026/09/07 04:30:30.602, 0, 100, 109894, 545.89
2026/09/07 04:30:30.605, 1, 0, 4, 73.77
2026/09/07 04:30:31.607, 0, 100, 109894, 547.98
2026/09/07 04:30:31.610, 1, 0, 4, 73.81
2026/09/07 04:30:32.612, 0, 100, 109894, 521.17
2026/09/07 04:30:32.614, 1, 0, 4, 73.77
2026/09/07 04:30:33.616, 0, 100, 109894, 548.60
2026/09/07 04:30:33.618, 1, 0, 4, 73.77
2026/09/07 04:30:34.620, 0, 100, 109894, 553.17
2026/09/07 04:30:34.623, 1, 0, 4, 73.74
2026/09/07 04:30:35.626, 0, 100, 109894, 553.28
2026/09/07 04:30:35.629, 1, 0, 4, 73.76
2026/09/07 04:30:36.632, 0, 100, 109894, 537.66
2026/09/07 04:30:36.636, 1, 0, 4, 73.76
2026/09/07 04:30:37.638, 0, 100, 109894, 533.62
2026/09/07 04:30:37.640, 1, 0, 4, 73.79
2026/09/07 04:30:38.642, 0, 100, 109894, 541.66
2026/09/07 04:30:38.645, 1, 0, 4, 73.85
2026/09/07 04:30:39.646, 0, 100, 109894, 543.73
2026/09/07 04:30:39.649, 1, 0, 4, 73.87
2026/09/07 04:30:40.652, 0, 99, 109894, 434.39
2026/09/07 04:30:40.654, 1, 0, 4, 73.84
2026/09/07 04:30:41.657, 0, 100, 109894, 487.78
2026/09/07 04:30:41.659, 1, 0, 4, 73.76
2026/09/07 04:30:42.661, 0, 100, 109894, 543.84
2026/09/07 04:30:42.664, 1, 0, 4, 73.79
2026/09/07 04:30:43.666, 0, 100, 109894, 538.43
2026/09/07 04:30:43.668, 1, 0, 4, 73.75
2026/09/07 04:30:44.670, 0, 100, 109894, 511.24
2026/09/07 04:30:44.672, 1, 0, 4, 73.79
2026/09/07 04:30:45.674, 0, 97, 109894, 487.42
2026/09/07 04:30:45.677, 1, 0, 4, 73.82
2026/09/07 04:30:46.679, 0, 83, 109894, 509.47
2026/09/07 04:30:46.681, 1, 0, 4, 73.76
2026/09/07 04:30:47.684, 0, 98, 109894, 499.13
2026/09/07 04:30:47.686, 1, 0, 4, 73.77
2026/09/07 04:30:48.689, 0, 100, 109894, 521.82
2026/09/07 04:30:48.691, 1, 0, 4, 73.75
2026/09/07 04:30:49.693, 0, 100, 109894, 498.72
2026/09/07 04:30:49.695, 1, 0, 4, 73.80
2026/09/07 04:30:50.697, 0, 98, 109894, 516.57
2026/09/07 04:30:50.699, 1, 0, 4, 73.79
2026/09/07 04:30:51.702, 0, 95, 109894, 481.45
2026/09/07 04:30:51.706, 1, 0, 4, 73.84
2026/09/07 04:30:52.710, 0, 100, 109894, 470.50
2026/09/07 04:30:52.712, 1, 0, 4, 73.82
2026/09/07 04:30:53.715, 0, 99, 109894, 504.14
2026/09/07 04:30:53.717, 1, 0, 4, 73.81
2026/09/07 04:30:54.720, 0, 100, 109894, 492.16
2026/09/07 04:30:54.722, 1, 0, 4, 73.80
2026/09/07 04:30:55.724, 0, 91, 109894, 475.08
2026/09/07 04:30:55.729, 1, 0, 4, 73.81
2026/09/07 04:30:56.732, 0, 100, 109894, 488.64
2026/09/07 04:30:56.737, 1, 0, 4, 73.76
2026/09/07 04:30:57.744, 0, 97, 109894, 489.78
2026/09/07 04:30:57.746, 1, 0, 4, 73.72
2026/09/07 04:30:58.749, 0, 100, 109894, 519.20
2026/09/07 04:30:58.751, 1, 0, 4, 73.75
2026/09/07 04:30:59.753, 0, 100, 109894, 501.70
2026/09/07 04:30:59.756, 1, 0, 4, 73.81
2026/09/07 04:31:00.758, 0, 63, 109894, 502.97
2026/09/07 04:31:00.760, 1, 0, 4, 73.79
2026/09/07 04:31:01.762, 0, 100, 109894, 532.24
2026/09/07 04:31:01.765, 1, 0, 4, 73.82
2026/09/07 04:31:02.767, 0, 100, 109894, 473.06
2026/09/07 04:31:02.771, 1, 0, 4, 73.83
2026/09/07 04:31:03.774, 0, 98, 109894, 480.25
2026/09/07 04:31:03.776, 1, 0, 4, 73.80
2026/09/07 04:31:04.779, 0, 100, 109894, 479.59
2026/09/07 04:31:04.781, 1, 0, 4, 73.78
2026/09/07 04:31:05.783, 0, 98, 109894, 487.00
2026/09/07 04:31:05.785, 1, 0, 4, 73.77
2026/09/07 04:31:06.788, 0, 98, 109894, 504.42
2026/09/07 04:31:06.790, 1, 0, 4, 73.84
2026/09/07 04:31:07.792, 0, 81, 109894, 459.12
2026/09/07 04:31:07.795, 1, 0, 4, 73.80
2026/09/07 04:31:08.797, 0, 100, 109894, 436.61
2026/09/07 04:31:08.800, 1, 0, 4, 73.83
2026/09/07 04:31:09.802, 0, 100, 109894, 507.68
2026/09/07 04:31:09.804, 1, 0, 4, 73.89
2026/09/07 04:31:10.806, 0, 100, 109894, 488.05
2026/09/07 04:31:10.808, 1, 0, 4, 73.82
2026/09/07 04:31:11.810, 0, 99, 109894, 515.81
2026/09/07 04:31:11.813, 1, 0, 4, 73.81
2026/09/07 04:31:12.815, 0, 100, 109894, 491.94
2026/09/07 04:31:12.817, 1, 0, 4, 73.79
2026/09/07 04:31:13.819, 0, 100, 109894, 471.21
2026/09/07 04:31:13.822, 1, 0, 4, 73.79
2026/09/07 04:31:14.824, 0, 100, 109894, 454.74
2026/09/07 04:31:14.826, 1, 0, 4, 73.81
2026/09/07 04:31:15.828, 0, 100, 109894, 486.84
2026/09/07 04:31:15.831, 1, 0, 4, 73.82
2026/09/07 04:31:16.833, 0, 100, 109894, 503.81
2026/09/07 04:31:16.836, 1, 0, 4, 73.89
2026/09/07 04:31:17.837, 0, 100, 109894, 461.39
2026/09/07 04:31:17.840, 1, 0, 4, 73.71
2026/09/07 04:31:18.842, 0, 99, 109894, 445.03
2026/09/07 04:31:18.844, 1, 0, 4, 73.73
2026/09/07 04:31:19.847, 0, 100, 109894, 461.70
2026/09/07 04:31:19.849, 1, 0, 4, 73.79
2026/09/07 04:31:20.852, 0, 96, 109894, 422.56
2026/09/07 04:31:20.854, 1, 0, 4, 73.76
2026/09/07 04:31:21.856, 0, 100, 109894, 438.60
2026/09/07 04:31:21.858, 1, 0, 4, 73.77
2026/09/07 04:31:22.861, 0, 100, 109894, 448.44
2026/09/07 04:31:22.864, 1, 0, 4, 73.79
2026/09/07 04:31:23.866, 0, 100, 109894, 447.75
2026/09/07 04:31:23.868, 1, 0, 4, 73.81
2026/09/07 04:31:24.871, 0, 100, 109894, 465.12
2026/09/07 04:31:24.873, 1, 0, 4, 73.81
2026/09/07 04:31:25.876, 0, 41, 109894, 411.62
2026/09/07 04:31:25.878, 1, 0, 4, 73.84
2026/09/07 04:31:26.881, 0, 96, 109894, 396.11
2026/09/07 04:31:26.883, 1, 0, 4, 73.85
2026/09/07 04:31:27.885, 0, 100, 109894, 442.27
2026/09/07 04:31:27.888, 1, 0, 4, 73.80
2026/09/07 04:31:28.890, 0, 100, 109894, 447.76
2026/09/07 04:31:28.893, 1, 0, 4, 73.79
2026/09/07 04:31:29.896, 0, 26, 109894, 427.82
2026/09/07 04:31:29.898, 1, 0, 4, 73.78
2026/09/07 04:31:30.901, 0, 47, 109894, 436.98
2026/09/07 04:31:30.903, 1, 0, 4, 73.83
2026/09/07 04:31:31.905, 0, 99, 109894, 473.22
2026/09/07 04:31:31.908, 1, 0, 4, 73.81
2026/09/07 04:31:32.910, 0, 97, 109894, 480.66
2026/09/07 04:31:32.913, 1, 0, 4, 73.82
2026/09/07 04:31:33.915, 0, 96, 109894, 469.45
2026/09/07 04:31:33.917, 1, 0, 4, 73.78
2026/09/07 04:31:34.920, 0, 96, 109894, 442.58
2026/09/07 04:31:34.922, 1, 0, 4, 73.81
2026/09/07 04:31:35.924, 0, 98, 109894, 463.38
2026/09/07 04:31:35.928, 1, 0, 4, 73.77
2026/09/07 04:31:36.931, 0, 100, 109894, 463.31
2026/09/07 04:31:36.933, 1, 0, 4, 73.80
2026/09/07 04:31:37.935, 0, 99, 109894, 463.52
2026/09/07 04:31:37.938, 1, 0, 4, 73.80
2026/09/07 04:31:38.940, 0, 95, 109894, 479.46
2026/09/07 04:31:38.944, 1, 0, 4, 73.79
2026/09/07 04:31:39.948, 0, 89, 109894, 425.02
2026/09/07 04:31:39.951, 1, 0, 4, 73.82
2026/09/07 04:31:40.953, 0, 87, 109894, 460.87
2026/09/07 04:31:40.958, 1, 0, 4, 73.85
2026/09/07 04:31:41.960, 0, 100, 109894, 464.29
2026/09/07 04:31:41.963, 1, 0, 4, 73.79
2026/09/07 04:31:42.964, 0, 96, 109894, 448.56
2026/09/07 04:31:42.968, 1, 0, 4, 73.82
2026/09/07 04:31:43.971, 0, 99, 109894, 459.24
2026/09/07 04:31:43.974, 1, 0, 4, 73.81
2026/09/07 04:31:44.976, 0, 100, 109894, 488.06
2026/09/07 04:31:44.980, 1, 0, 4, 73.78
2026/09/07 04:31:45.982, 0, 94, 109894, 484.26
2026/09/07 04:31:45.986, 1, 0, 4, 73.79
2026/09/07 04:31:46.988, 0, 100, 109894, 470.43
2026/09/07 04:31:46.991, 1, 0, 4, 73.85
2026/09/07 04:31:47.993, 0, 99, 109894, 471.75
2026/09/07 04:31:47.996, 1, 0, 4, 73.82
2026/09/07 04:31:48.999, 0, 100, 109894, 474.74
2026/09/07 04:31:49.001, 1, 0, 4, 73.79
2026/09/07 04:31:50.004, 0, 95, 109894, 446.54
2026/09/07 04:31:50.007, 1, 0, 4, 73.83
2026/09/07 04:31:51.009, 0, 95, 109894, 444.29
2026/09/07 04:31:51.011, 1, 0, 4, 73.78
2026/09/07 04:31:52.014, 0, 96, 109894, 488.20
2026/09/07 04:31:52.016, 1, 0, 4, 73.73
2026/09/07 04:31:53.019, 0, 100, 109894, 468.65
2026/09/07 04:31:53.021, 1, 0, 4, 73.80
2026/09/07 04:31:54.024, 0, 100, 109894, 438.68
2026/09/07 04:31:54.027, 1, 0, 4, 73.81
2026/09/07 04:31:55.029, 0, 98, 109894, 490.76
2026/09/07 04:31:55.032, 1, 0, 4, 73.82
2026/09/07 04:31:56.034, 0, 98, 109894, 482.65
2026/09/07 04:31:56.037, 1, 0, 4, 73.79
2026/09/07 04:31:57.039, 0, 96, 109894, 442.69
2026/09/07 04:31:57.042, 1, 0, 4, 73.81
2026/09/07 04:31:58.045, 0, 100, 109894, 466.63
2026/09/07 04:31:58.047, 1, 0, 4, 73.82
2026/09/07 04:31:59.050, 0, 100, 109894, 492.32
2026/09/07 04:31:59.053, 1, 0, 4, 73.79
2026/09/07 04:32:00.055, 0, 100, 109894, 435.94
2026/09/07 04:32:00.058, 1, 0, 4, 73.80
2026/09/07 04:32:01.060, 0, 100, 109894, 496.07
2026/09/07 04:32:01.062, 1, 0, 4, 73.84
2026/09/07 04:32:02.065, 0, 96, 109894, 465.69
2026/09/07 04:32:02.068, 1, 0, 4, 73.75
2026/09/07 04:32:03.070, 0, 81, 109894, 463.29
2026/09/07 04:32:03.072, 1, 0, 4, 73.80
2026/09/07 04:32:04.075, 0, 100, 109894, 462.86
2026/09/07 04:32:04.078, 1, 0, 4, 73.81
2026/09/07 04:32:05.080, 0, 99, 109894, 467.23
2026/09/07 04:32:05.083, 1, 0, 4, 73.88
2026/09/07 04:32:06.085, 0, 100, 109894, 499.34
2026/09/07 04:32:06.088, 1, 0, 4, 73.78
2026/09/07 04:32:07.091, 0, 100, 109894, 469.94
2026/09/07 04:32:07.093, 1, 0, 4, 73.76
2026/09/07 04:32:08.096, 0, 100, 109894, 450.46
2026/09/07 04:32:08.098, 1, 0, 4, 73.80
2026/09/07 04:32:09.100, 0, 99, 109894, 513.28
2026/09/07 04:32:09.102, 1, 0, 4, 73.71
2026/09/07 04:32:10.104, 0, 100, 109894, 497.12
2026/09/07 04:32:10.106, 1, 0, 4, 73.78
2026/09/07 04:32:11.108, 0, 78, 109894, 467.64
2026/09/07 04:32:11.111, 1, 0, 4, 73.82
2026/09/07 04:32:12.113, 0, 100, 109894, 453.95
2026/09/07 04:32:12.116, 1, 0, 4, 73.86
2026/09/07 04:32:13.118, 0, 100, 109894, 495.73
2026/09/07 04:32:13.121, 1, 0, 4, 73.82
2026/09/07 04:32:14.123, 0, 100, 109894, 477.68
2026/09/07 04:32:14.126, 1, 0, 4, 73.80
2026/09/07 04:32:15.128, 0, 47, 109894, 459.43
2026/09/07 04:32:15.130, 1, 0, 4, 73.80
2026/09/07 04:32:16.133, 0, 97, 109894, 495.08
2026/09/07 04:32:16.137, 1, 0, 4, 73.77
2026/09/07 04:32:17.143, 0, 100, 109894, 472.79
2026/09/07 04:32:17.146, 1, 0, 4, 73.81
2026/09/07 04:32:18.148, 0, 60, 109894, 492.63
2026/09/07 04:32:18.151, 1, 0, 4, 73.82
2026/09/07 04:32:19.154, 0, 68, 109894, 471.41
2026/09/07 04:32:19.157, 1, 0, 4, 73.88
2026/09/07 04:32:20.159, 0, 99, 109894, 496.36
2026/09/07 04:32:20.163, 1, 0, 4, 73.78
2026/09/07 04:32:21.165, 0, 100, 109894, 488.49
2026/09/07 04:32:21.168, 1, 0, 4, 73.74
2026/09/07 04:32:22.171, 0, 96, 109894, 514.74
2026/09/07 04:32:22.175, 1, 0, 4, 73.78
2026/09/07 04:32:23.178, 0, 100, 109894, 519.81
2026/09/07 04:32:23.180, 1, 0, 4, 73.72
2026/09/07 04:32:24.183, 0, 98, 109894, 511.24
2026/09/07 04:32:24.186, 1, 0, 4, 73.79
2026/09/07 04:32:25.189, 0, 100, 109894, 528.12
2026/09/07 04:32:25.192, 1, 0, 4, 73.85
2026/09/07 04:32:26.195, 0, 100, 109894, 475.90
2026/09/07 04:32:26.199, 1, 0, 4, 73.80
2026/09/07 04:32:27.202, 0, 100, 109894, 512.79
2026/09/07 04:32:27.204, 1, 0, 4, 73.79
2026/09/07 04:32:28.209, 0, 100, 109894, 480.90
2026/09/07 04:32:28.211, 1, 0, 4, 73.82
2026/09/07 04:32:29.213, 0, 100, 109894, 509.80
2026/09/07 04:32:29.215, 1, 0, 4, 73.84
2026/09/07 04:32:30.218, 0, 98, 109894, 512.44
2026/09/07 04:32:30.220, 1, 0, 4, 73.76
2026/09/07 04:32:31.223, 0, 100, 109894, 516.44
2026/09/07 04:32:31.226, 1, 0, 4, 73.77
2026/09/07 04:32:32.228, 0, 100, 109894, 490.50
2026/09/07 04:32:32.230, 1, 0, 4, 73.78
2026/09/07 04:32:33.232, 0, 100, 109894, 503.24
2026/09/07 04:32:33.235, 1, 0, 4, 73.82
2026/09/07 04:32:34.238, 0, 96, 109894, 496.48
2026/09/07 04:32:34.241, 1, 0, 4, 73.82
2026/09/07 04:32:35.244, 0, 100, 109894, 501.71
2026/09/07 04:32:35.248, 1, 0, 4, 73.77
2026/09/07 04:32:36.251, 0, 100, 109894, 508.13
2026/09/07 04:32:36.254, 1, 0, 4, 73.80
2026/09/07 04:32:37.257, 0, 96, 109894, 496.34
2026/09/07 04:32:37.261, 1, 0, 4, 73.81
2026/09/07 04:32:38.263, 0, 100, 109894, 519.38
2026/09/07 04:32:38.265, 1, 0, 4, 73.78
2026/09/07 04:32:39.268, 0, 100, 109894, 485.29
2026/09/07 04:32:39.273, 1, 0, 4, 73.79
2026/09/07 04:32:40.276, 0, 97, 109894, 528.11
2026/09/07 04:32:40.279, 1, 0, 4, 73.76
2026/09/07 04:32:41.281, 0, 100, 109894, 514.39
2026/09/07 04:32:41.283, 1, 0, 4, 73.80
2026/09/07 04:32:42.285, 0, 100, 109894, 515.91
2026/09/07 04:32:42.289, 1, 0, 4, 73.83
2026/09/07 04:32:43.292, 0, 100, 109894, 525.95
2026/09/07 04:32:43.294, 1, 0, 4, 73.81
2026/09/07 04:32:44.296, 0, 100, 109894, 530.93
2026/09/07 04:32:44.300, 1, 0, 4, 73.74
2026/09/07 04:32:45.303, 0, 48, 109894, 510.07
2026/09/07 04:32:45.305, 1, 0, 4, 73.81
2026/09/07 04:32:46.307, 0, 100, 109894, 474.03
2026/09/07 04:32:46.309, 1, 0, 4, 73.78
2026/09/07 04:32:47.311, 0, 100, 109894, 524.49
2026/09/07 04:32:47.313, 1, 0, 4, 73.74
2026/09/07 04:32:48.314, 0, 100, 109894, 516.29
2026/09/07 04:32:48.316, 1, 0, 4, 73.79
2026/09/07 04:32:49.318, 0, 100, 109894, 525.41
2026/09/07 04:32:49.321, 1, 0, 4, 73.85
2026/09/07 04:32:50.323, 0, 100, 109894, 524.61
2026/09/07 04:32:50.325, 1, 0, 4, 73.84
2026/09/07 04:32:51.327, 0, 97, 109894, 509.97
2026/09/07 04:32:51.329, 1, 0, 4, 73.81
2026/09/07 04:32:52.331, 0, 97, 109894, 500.50
2026/09/07 04:32:52.333, 1, 0, 4, 73.82
2026/09/07 04:32:53.335, 0, 100, 109894, 506.39
2026/09/07 04:32:53.338, 1, 0, 4, 73.77
2026/09/07 04:32:54.340, 0, 99, 109894, 520.49
2026/09/07 04:32:54.344, 1, 0, 4, 73.79
2026/09/07 04:32:55.350, 0, 100, 109894, 517.06
2026/09/07 04:32:55.352, 1, 0, 4, 73.78
2026/09/07 04:32:56.355, 0, 100, 109894, 481.92
2026/09/07 04:32:56.357, 1, 0, 4, 73.82
2026/09/07 04:32:57.359, 0, 100, 109894, 524.11
2026/09/07 04:32:57.361, 1, 0, 4, 73.82
2026/09/07 04:32:58.364, 0, 100, 109894, 521.50
2026/09/07 04:32:58.367, 1, 0, 4, 73.76
2026/09/07 04:32:59.369, 0, 100, 109894, 498.55
2026/09/07 04:32:59.372, 1, 0, 4, 73.75
2026/09/07 04:33:00.374, 0, 61, 109894, 491.90
2026/09/07 04:33:00.376, 1, 0, 4, 73.80
2026/09/07 04:33:01.378, 0, 100, 109894, 490.56
2026/09/07 04:33:01.381, 1, 0, 4, 73.78
2026/09/07 04:33:02.383, 0, 100, 109894, 485.40
2026/09/07 04:33:02.385, 1, 0, 4, 73.83
2026/09/07 04:33:03.388, 0, 69, 109894, 498.89
2026/09/07 04:33:03.391, 1, 0, 4, 73.81
2026/09/07 04:33:04.393, 0, 96, 109894, 517.46
2026/09/07 04:33:04.399, 1, 0, 4, 73.81
2026/09/07 04:33:05.403, 0, 100, 109894, 482.88
2026/09/07 04:33:05.405, 1, 0, 4, 73.81
2026/09/07 04:33:06.407, 0, 100, 109894, 492.84
2026/09/07 04:33:06.411, 1, 0, 4, 73.75
2026/09/07 04:33:07.416, 0, 98, 109894, 476.67
2026/09/07 04:33:07.420, 1, 0, 4, 73.53
2026/09/07 04:33:08.424, 0, 98, 109894, 504.68
2026/09/07 04:33:08.427, 1, 0, 4, 73.48
2026/09/07 04:33:09.429, 0, 100, 109894, 507.26
2026/09/07 04:33:09.432, 1, 0, 4, 73.49
2026/09/07 04:33:10.434, 0, 94, 109894, 483.45
2026/09/07 04:33:10.437, 1, 0, 4, 73.52
2026/09/07 04:33:11.439, 0, 100, 109894, 481.87
2026/09/07 04:33:11.443, 1, 0, 4, 73.57
2026/09/07 04:33:12.445, 0, 98, 109894, 504.21
2026/09/07 04:33:12.448, 1, 0, 4, 73.57
2026/09/07 04:33:13.450, 0, 100, 109894, 503.93
2026/09/07 04:33:13.452, 1, 0, 4, 73.55
2026/09/07 04:33:14.454, 0, 94, 109894, 504.46
2026/09/07 04:33:14.457, 1, 0, 4, 73.50
2026/09/07 04:33:15.460, 0, 100, 109894, 489.08
2026/09/07 04:33:15.463, 1, 0, 4, 73.48
2026/09/07 04:33:16.465, 0, 97, 109894, 492.26
2026/09/07 04:33:16.468, 1, 0, 4, 73.44
2026/09/07 04:33:17.470, 0, 100, 109894, 496.76
2026/09/07 04:33:17.473, 1, 0, 4, 73.48
2026/09/07 04:33:18.475, 0, 97, 109894, 460.17
2026/09/07 04:33:18.478, 1, 0, 4, 73.49
2026/09/07 04:33:19.480, 0, 100, 109894, 509.00
2026/09/07 04:33:19.483, 1, 0, 4, 73.53
2026/09/07 04:33:20.486, 0, 91, 109894, 477.46
2026/09/07 04:33:20.489, 1, 0, 4, 73.59
2026/09/07 04:33:21.492, 0, 98, 109894, 449.61
2026/09/07 04:33:21.495, 1, 0, 4, 73.49
2026/09/07 04:33:22.501, 0, 100, 109894, 513.46
2026/09/07 04:33:22.503, 1, 0, 4, 73.48
2026/09/07 04:33:23.506, 0, 66, 109894, 490.15
2026/09/07 04:33:23.508, 1, 0, 4, 73.50
2026/09/07 04:33:24.511, 0, 100, 109894, 506.77
2026/09/07 04:33:24.513, 1, 0, 4, 73.49
2026/09/07 04:33:25.516, 0, 100, 109894, 459.69
2026/09/07 04:33:25.518, 1, 0, 4, 73.50
2026/09/07 04:33:26.521, 0, 100, 109894, 515.81
2026/09/07 04:33:26.524, 1, 0, 4, 73.52
2026/09/07 04:33:27.528, 0, 100, 109894, 490.94
2026/09/07 04:33:27.531, 1, 0, 4, 73.55
2026/09/07 04:33:28.533, 0, 98, 109894, 514.78
2026/09/07 04:33:28.536, 1, 0, 4, 73.54
2026/09/07 04:33:29.538, 0, 98, 109894, 470.31
2026/09/07 04:33:29.542, 1, 0, 4, 73.53
2026/09/07 04:33:30.544, 0, 100, 109894, 476.81
2026/09/07 04:33:30.546, 1, 0, 4, 73.49
2026/09/07 04:33:31.549, 0, 96, 109894, 500.09
2026/09/07 04:33:31.552, 1, 0, 4, 73.53
2026/09/07 04:33:32.559, 0, 100, 109894, 507.62
2026/09/07 04:33:32.564, 1, 0, 4, 73.49
2026/09/07 04:33:33.567, 0, 98, 109894, 505.36
2026/09/07 04:33:33.569, 1, 0, 4, 73.53
2026/09/07 04:33:34.571, 0, 98, 109894, 483.08
2026/09/07 04:33:34.574, 1, 0, 4, 73.54
2026/09/07 04:33:35.576, 0, 100, 109894, 495.86
2026/09/07 04:33:35.578, 1, 0, 4, 73.51
2026/09/07 04:33:36.581, 0, 100, 109894, 509.63
2026/09/07 04:33:36.584, 1, 0, 4, 73.51
2026/09/07 04:33:37.586, 0, 94, 109894, 509.78
2026/09/07 04:33:37.589, 1, 0, 4, 73.57
2026/09/07 04:33:38.592, 0, 100, 109894, 504.49
2026/09/07 04:33:38.595, 1, 0, 4, 73.47
2026/09/07 04:33:39.597, 0, 98, 109894, 509.81
2026/09/07 04:33:39.600, 1, 0, 4, 73.52
2026/09/07 04:33:40.601, 0, 100, 109894, 507.65
2026/09/07 04:33:40.604, 1, 0, 4, 73.52
2026/09/07 04:33:41.606, 0, 96, 109894, 510.51
2026/09/07 04:33:41.609, 1, 0, 4, 73.54
2026/09/07 04:33:42.613, 0, 100, 109894, 509.67
2026/09/07 04:33:42.616, 1, 0, 4, 73.52
2026/09/07 04:33:43.618, 0, 96, 109894, 520.46
2026/09/07 04:33:43.621, 1, 0, 4, 73.55
2026/09/07 04:33:44.623, 0, 100, 109894, 513.71
2026/09/07 04:33:44.626, 1, 0, 4, 73.60
2026/09/07 04:33:45.628, 0, 100, 109894, 513.39
2026/09/07 04:33:45.632, 1, 0, 4, 73.50
2026/09/07 04:33:46.634, 0, 97, 109894, 528.04
2026/09/07 04:33:46.637, 1, 0, 4, 73.52
2026/09/07 04:33:47.639, 0, 100, 109894, 513.22
2026/09/07 04:33:47.642, 1, 0, 4, 73.51
2026/09/07 04:33:48.645, 0, 100, 109894, 511.66
2026/09/07 04:33:48.648, 1, 0, 4, 73.51
2026/09/07 04:33:49.650, 0, 100, 109894, 503.78
2026/09/07 04:33:49.652, 1, 0, 4, 73.48
2026/09/07 04:33:50.654, 0, 98, 109894, 496.27
2026/09/07 04:33:50.657, 1, 0, 4, 73.50
2026/09/07 04:33:51.659, 0, 96, 109894, 507.83
2026/09/07 04:33:51.662, 1, 0, 4, 73.53
2026/09/07 04:33:52.664, 0, 95, 109894, 495.02
2026/09/07 04:33:52.667, 1, 0, 4, 73.48
2026/09/07 04:33:53.669, 0, 100, 109894, 502.76
2026/09/07 04:33:53.672, 1, 0, 4, 73.52
2026/09/07 04:33:54.674, 0, 100, 109894, 516.30
2026/09/07 04:33:54.677, 1, 0, 4, 73.49
2026/09/07 04:33:55.680, 0, 100, 109894, 509.60
2026/09/07 04:33:55.682, 1, 0, 4, 73.53
2026/09/07 04:33:56.684, 0, 100, 109894, 517.68
2026/09/07 04:33:56.686, 1, 0, 4, 73.57
2026/09/07 04:33:57.689, 0, 100, 109894, 489.20
2026/09/07 04:33:57.691, 1, 0, 4, 73.51
2026/09/07 04:33:58.694, 0, 100, 109894, 473.20
2026/09/07 04:33:58.697, 1, 0, 4, 73.51
2026/09/07 04:33:59.699, 0, 97, 109894, 485.55
2026/09/07 04:33:59.701, 1, 0, 4, 73.47
2026/09/07 04:34:00.704, 0, 100, 109894, 478.05
2026/09/07 04:34:00.706, 1, 0, 4, 73.49
2026/09/07 04:34:01.709, 0, 96, 109894, 484.47
2026/09/07 04:34:01.712, 1, 0, 4, 73.45
2026/09/07 04:34:02.714, 0, 96, 109894, 484.19
2026/09/07 04:34:02.717, 1, 0, 4, 73.48
2026/09/07 04:34:03.720, 0, 98, 109894, 484.62
2026/09/07 04:34:03.723, 1, 0, 4, 73.49
2026/09/07 04:34:04.726, 0, 96, 109894, 484.89
2026/09/07 04:34:04.729, 1, 0, 4, 73.52
2026/09/07 04:34:05.732, 0, 100, 109894, 489.05
2026/09/07 04:34:05.735, 1, 0, 4, 73.52
2026/09/07 04:34:06.737, 0, 95, 109894, 495.98
2026/09/07 04:34:06.740, 1, 0, 4, 73.54
2026/09/07 04:34:07.742, 0, 96, 109894, 493.51
2026/09/07 04:34:07.745, 1, 0, 4, 73.44
2026/09/07 04:34:08.748, 0, 100, 109894, 494.74
2026/09/07 04:34:08.750, 1, 0, 4, 73.48
2026/09/07 04:34:09.752, 0, 100, 109894, 495.60
2026/09/07 04:34:09.755, 1, 0, 4, 73.48
2026/09/07 04:34:10.757, 0, 94, 109894, 488.76
2026/09/07 04:34:10.760, 1, 0, 4, 73.48
2026/09/07 04:34:11.763, 0, 100, 109894, 487.31
2026/09/07 04:34:11.766, 1, 0, 4, 73.48
2026/09/07 04:34:12.768, 0, 100, 109894, 498.06
2026/09/07 04:34:12.770, 1, 0, 4, 73.50
2026/09/07 04:34:13.772, 0, 96, 109894, 485.68
2026/09/07 04:34:13.775, 1, 0, 4, 73.51
2026/09/07 04:34:14.778, 0, 100, 109894, 483.35
2026/09/07 04:34:14.780, 1, 0, 4, 73.56
2026/09/07 04:34:15.782, 0, 95, 109894, 469.52
2026/09/07 04:34:15.785, 1, 0, 4, 73.46
2026/09/07 04:34:16.788, 0, 100, 109894, 481.28
2026/09/07 04:34:16.790, 1, 0, 4, 73.46
2026/09/07 04:34:17.793, 0, 100, 109894, 481.59
2026/09/07 04:34:17.796, 1, 0, 4, 73.47
2026/09/07 04:34:18.799, 0, 95, 109894, 485.78
2026/09/07 04:34:18.801, 1, 0, 4, 73.49
2026/09/07 04:34:19.804, 0, 82, 109894, 467.09
2026/09/07 04:34:19.806, 1, 0, 4, 73.47
2026/09/07 04:34:20.808, 0, 98, 109894, 465.01
2026/09/07 04:34:20.811, 1, 0, 4, 73.53
2026/09/07 04:34:21.814, 0, 100, 109894, 468.46
2026/09/07 04:34:21.816, 1, 0, 4, 73.56
2026/09/07 04:34:22.819, 0, 99, 109894, 474.12
2026/09/07 04:34:22.821, 1, 0, 4, 73.57
2026/09/07 04:34:23.824, 0, 99, 109894, 476.14
2026/09/07 04:34:23.826, 1, 0, 4, 73.53
2026/09/07 04:34:24.828, 0, 100, 109894, 462.38
2026/09/07 04:34:24.831, 1, 0, 4, 73.49
2026/09/07 04:34:25.833, 0, 100, 109894, 473.68
2026/09/07 04:34:25.836, 1, 0, 4, 73.50
2026/09/07 04:34:26.838, 0, 100, 109894, 467.03
2026/09/07 04:34:26.840, 1, 0, 4, 73.46
2026/09/07 04:34:27.842, 0, 99, 109894, 452.29
2026/09/07 04:34:27.845, 1, 0, 4, 73.51
2026/09/07 04:34:28.847, 0, 98, 109894, 460.59
2026/09/07 04:34:28.849, 1, 0, 4, 73.54
2026/09/07 04:34:29.852, 0, 96, 109894, 451.81
2026/09/07 04:34:29.854, 1, 0, 4, 73.51
2026/09/07 04:34:30.856, 0, 98, 109894, 460.11
2026/09/07 04:34:30.858, 1, 0, 4, 73.54
2026/09/07 04:34:31.860, 0, 100, 109894, 463.16
2026/09/07 04:34:31.863, 1, 0, 4, 73.51
2026/09/07 04:34:32.865, 0, 100, 109894, 458.39
2026/09/07 04:34:32.868, 1, 0, 4, 73.46
2026/09/07 04:34:33.870, 0, 100, 109894, 462.63
2026/09/07 04:34:33.873, 1, 0, 4, 73.48
2026/09/07 04:34:34.875, 0, 99, 109894, 458.25
2026/09/07 04:34:34.878, 1, 0, 4, 73.52
2026/09/07 04:34:35.880, 0, 97, 109894, 450.38
2026/09/07 04:34:35.883, 1, 0, 4, 73.55
2026/09/07 04:34:36.885, 0, 100, 109894, 443.21
2026/09/07 04:34:36.888, 1, 0, 4, 73.53
2026/09/07 04:34:37.890, 0, 98, 109894, 428.00
2026/09/07 04:34:37.892, 1, 0, 4, 73.53
2026/09/07 04:34:38.894, 0, 98, 109894, 422.11
2026/09/07 04:34:38.897, 1, 0, 4, 73.48
2026/09/07 04:34:39.899, 0, 98, 109894, 423.57
2026/09/07 04:34:39.902, 1, 0, 4, 73.50
2026/09/07 04:34:40.904, 0, 98, 109894, 420.92
2026/09/07 04:34:40.907, 1, 0, 4, 73.52
2026/09/07 04:34:41.909, 0, 100, 109894, 419.49
2026/09/07 04:34:41.911, 1, 0, 4, 73.53
2026/09/07 04:34:42.913, 0, 0, 109894, 148.33
2026/09/07 04:34:42.916, 1, 0, 4, 73.57
2026/09/07 04:34:43.919, 0, 0, 109894, 128.10
2026/09/07 04:34:43.921, 1, 0, 4, 73.61
2026/09/07 04:34:44.924, 0, 0, 109894, 127.59
2026/09/07 04:34:44.927, 1, 0, 4, 73.62
2026/09/07 04:34:45.930, 0, 0, 109894, 127.26
2026/09/07 04:34:45.933, 1, 0, 4, 73.55
2026/09/07 04:34:46.935, 0, 0, 109894, 126.86
2026/09/07 04:34:46.937, 1, 0, 4, 73.56
2026/09/07 04:34:47.940, 0, 0, 109894, 125.96
2026/09/07 04:34:47.942, 1, 0, 4, 73.55
2026/09/07 04:34:48.944, 0, 0, 109894, 125.47
2026/09/07 04:34:48.948, 1, 0, 4, 73.50
2026/09/07 04:34:49.951, 0, 0, 109894, 125.27
2026/09/07 04:34:49.954, 1, 0, 4, 73.53
2026/09/07 04:34:50.957, 0, 0, 109894, 125.04
2026/09/07 04:34:50.960, 1, 0, 4, 73.60
2026/09/07 04:34:51.963, 0, 0, 109894, 124.85
2026/09/07 04:34:51.966, 1, 0, 4, 73.59
2026/09/07 04:34:52.969, 0, 0, 109894, 124.59
2026/09/07 04:34:52.972, 1, 0, 4, 73.57
2026/09/07 04:34:53.976, 0, 0, 109894, 124.39
2026/09/07 04:34:53.979, 1, 0, 4, 73.55
2026/09/07 04:34:54.982, 0, 0, 109894, 124.78
2026/09/07 04:34:54.986, 1, 0, 4, 73.54
2026/09/07 04:34:55.989, 0, 0, 109894, 124.78
2026/09/07 04:34:55.992, 1, 0, 4, 73.57
2026/09/07 04:34:56.994, 0, 0, 109894, 124.56
2026/09/07 04:34:56.997, 1, 0, 4, 73.56
2026/09/07 04:34:57.999, 0, 0, 109894, 124.36
2026/09/07 04:34:58.001, 1, 0, 4, 73.57
2026/09/07 04:34:59.003, 0, 0, 109894, 124.26
2026/09/07 04:34:59.006, 1, 0, 4, 73.60
2026/09/07 04:35:00.009, 0, 0, 109894, 124.12
2026/09/07 04:35:00.012, 1, 0, 4, 73.58
2026/09/07 04:35:01.014, 0, 0, 109894, 123.97
2026/09/07 04:35:01.017, 1, 0, 4, 73.54
2026/09/07 04:35:02.021, 0, 0, 109894, 123.81
2026/09/07 04:35:02.024, 1, 0, 4, 73.54
2026/09/07 04:35:03.026, 0, 0, 109894, 123.73
2026/09/07 04:35:03.029, 1, 0, 4, 73.54
2026/09/07 04:35:04.032, 0, 0, 109894, 124.08
2026/09/07 04:35:04.034, 1, 0, 4, 73.52
2026/09/07 04:35:05.036, 0, 0, 109894, 123.89
2026/09/07 04:35:05.039, 1, 0, 4, 73.55
2026/09/07 04:35:06.041, 0, 0, 109894, 123.82
2026/09/07 04:35:06.044, 1, 0, 4, 73.54
2026/09/07 04:35:07.047, 0, 0, 109894, 123.76
2026/09/07 04:35:07.049, 1, 0, 4, 73.59
2026/09/07 04:35:08.051, 0, 0, 109894, 123.06
2026/09/07 04:35:08.054, 1, 0, 4, 73.58
2026/09/07 04:35:09.056, 0, 0, 109894, 122.91
2026/09/07 04:35:09.059, 1, 0, 4, 73.57
2026/09/07 04:35:10.062, 0, 0, 109894, 122.89
2026/09/07 04:35:10.064, 1, 0, 4, 73.55
2026/09/07 04:35:11.067, 0, 0, 109894, 122.71
2026/09/07 04:35:11.069, 1, 0, 4, 73.53
2026/09/07 04:35:12.072, 0, 0, 109894, 122.56
2026/09/07 04:35:12.074, 1, 0, 4, 73.51
2026/09/07 04:35:13.076, 0, 0, 109894, 122.53
2026/09/07 04:35:13.078, 1, 0, 4, 73.55
2026/09/07 04:35:14.081, 0, 0, 109894, 122.38
2026/09/07 04:35:14.085, 1, 0, 4, 73.56
2026/09/07 04:35:15.088, 0, 0, 109894, 122.34
2026/09/07 04:35:15.090, 1, 0, 4, 73.56
2026/09/07 04:35:16.093, 0, 0, 109894, 122.34
2026/09/07 04:35:16.095, 1, 0, 4, 73.55
2026/09/07 04:35:17.098, 0, 0, 109894, 122.19
2026/09/07 04:35:17.101, 1, 0, 4, 73.54
2026/09/07 04:35:18.103, 0, 0, 109894, 122.09
2026/09/07 04:35:18.106, 1, 0, 4, 73.54
2026/09/07 04:35:19.109, 0, 0, 109894, 122.04
2026/09/07 04:35:19.111, 1, 0, 4, 73.56
2026/09/07 04:35:20.114, 0, 0, 109894, 121.91
2026/09/07 04:35:20.118, 1, 0, 4, 73.58
2026/09/07 04:35:21.122, 0, 0, 109894, 121.97
2026/09/07 04:35:21.125, 1, 0, 4, 73.56
2026/09/07 04:35:22.127, 0, 0, 109894, 121.85
2026/09/07 04:35:22.130, 1, 0, 4, 73.54
2026/09/07 04:35:23.133, 0, 0, 109894, 121.76
2026/09/07 04:35:23.136, 1, 0, 4, 73.57
2026/09/07 04:35:24.139, 0, 0, 109894, 121.69
2026/09/07 04:35:24.142, 1, 0, 4, 73.55
2026/09/07 04:35:25.146, 0, 0, 109894, 121.62
2026/09/07 04:35:25.149, 1, 0, 4, 73.55
2026/09/07 04:35:26.151, 0, 0, 109894, 121.62
2026/09/07 04:35:26.155, 1, 0, 4, 73.53
2026/09/07 04:35:27.158, 0, 0, 109894, 121.51
2026/09/07 04:35:27.161, 1, 0, 4, 73.57
2026/09/07 04:35:28.163, 0, 0, 109894, 121.52
2026/09/07 04:35:28.166, 1, 0, 4, 73.56
2026/09/07 04:35:29.176, 0, 0, 109894, 121.47
2026/09/07 04:35:29.179, 1, 0, 4, 73.56
2026/09/07 04:35:30.182, 0, 0, 109894, 121.34
2026/09/07 04:35:30.188, 1, 0, 4, 73.61
2026/09/07 04:35:31.190, 0, 0, 109894, 121.35
2026/09/07 04:35:31.193, 1, 0, 4, 73.60
2026/09/07 04:35:32.196, 0, 0, 109894, 121.27
2026/09/07 04:35:32.198, 1, 0, 4, 73.52
2026/09/07 04:35:33.201, 0, 0, 109894, 121.24
2026/09/07 04:35:33.203, 1, 0, 4, 73.51
2026/09/07 04:35:34.205, 0, 0, 109894, 121.12
2026/09/07 04:35:34.208, 1, 0, 4, 73.56
2026/09/07 04:35:35.210, 0, 0, 109894, 121.13
2026/09/07 04:35:35.213, 1, 0, 4, 73.57
2026/09/07 04:35:36.215, 0, 0, 109894, 121.08
2026/09/07 04:35:36.218, 1, 0, 4, 73.58
2026/09/07 04:35:37.220, 0, 0, 109894, 121.03
2026/09/07 04:35:37.223, 1, 0, 4, 73.56
2026/09/07 04:35:38.225, 0, 0, 109894, 120.97
2026/09/07 04:35:38.227, 1, 0, 4, 73.53
2026/09/07 04:35:39.229, 0, 0, 109894, 120.95
2026/09/07 04:35:39.232, 1, 0, 4, 73.58
2026/09/07 04:35:40.235, 0, 0, 109894, 120.90
2026/09/07 04:35:40.237, 1, 0, 4, 73.54
2026/09/07 04:35:41.240, 0, 0, 109894, 120.87
2026/09/07 04:35:41.244, 1, 0, 4, 73.54
2026/09/07 04:35:42.246, 0, 0, 109894, 120.85
2026/09/07 04:35:42.249, 1, 0, 4, 73.54
2026/09/07 04:35:43.252, 0, 0, 109894, 120.75
2026/09/07 04:35:43.254, 1, 0, 4, 73.56
2026/09/07 04:35:44.257, 0, 0, 109894, 120.74
2026/09/07 04:35:44.261, 1, 0, 4, 73.58
2026/09/07 04:35:45.264, 0, 0, 109894, 120.72
2026/09/07 04:35:45.267, 1, 0, 4, 73.57
2026/09/07 04:35:46.269, 0, 0, 109894, 120.66
2026/09/07 04:35:46.271, 1, 0, 4, 73.56
2026/09/07 04:35:47.273, 0, 0, 109894, 120.66
2026/09/07 04:35:47.276, 1, 0, 4, 73.56
2026/09/07 04:35:48.278, 0, 0, 109894, 120.60
2026/09/07 04:35:48.281, 1, 0, 4, 73.51
2026/09/07 04:35:49.284, 0, 0, 109894, 120.54
2026/09/07 04:35:49.287, 1, 0, 4, 73.55
2026/09/07 04:35:50.289, 0, 0, 109894, 120.54
2026/09/07 04:35:50.292, 1, 0, 4, 73.52
2026/09/07 04:35:51.295, 0, 0, 109894, 120.49
2026/09/07 04:35:51.298, 1, 0, 4, 73.56
2026/09/07 04:35:52.301, 0, 0, 109894, 120.47
2026/09/07 04:35:52.303, 1, 0, 4, 73.57
2026/09/07 04:35:53.305, 0, 0, 109894, 120.46
2026/09/07 04:35:53.308, 1, 0, 4, 73.59
2026/09/07 04:35:54.310, 0, 0, 109894, 120.42
2026/09/07 04:35:54.313, 1, 0, 4, 73.54
2026/09/07 04:35:55.315, 0, 0, 109894, 120.39
2026/09/07 04:35:55.317, 1, 0, 4, 73.57
2026/09/07 04:35:56.320, 0, 0, 109894, 120.34
2026/09/07 04:35:56.322, 1, 0, 4, 73.52
2026/09/07 04:35:57.324, 0, 0, 109894, 120.36
2026/09/07 04:35:57.327, 1, 0, 4, 73.54
2026/09/07 04:35:58.329, 0, 0, 109894, 120.29
2026/09/07 04:35:58.332, 1, 0, 4, 73.59
2026/09/07 04:35:59.334, 0, 0, 109894, 120.32
2026/09/07 04:35:59.337, 1, 0, 4, 73.59
2026/09/07 04:36:00.339, 0, 0, 109894, 120.21
2026/09/07 04:36:00.342, 1, 0, 4, 73.61
2026/09/07 04:36:01.344, 0, 0, 109894, 120.27
2026/09/07 04:36:01.346, 1, 0, 4, 73.54
2026/09/07 04:36:02.348, 0, 0, 109894, 120.18
2026/09/07 04:36:02.351, 1, 0, 4, 73.53
2026/09/07 04:36:03.353, 0, 0, 109894, 120.14
2026/09/07 04:36:03.356, 1, 0, 4, 73.56
2026/09/07 04:36:04.358, 0, 0, 109894, 120.18
2026/09/07 04:36:04.360, 1, 0, 4, 73.58
2026/09/07 04:36:05.362, 0, 0, 109894, 120.12
2026/09/07 04:36:05.364, 1, 0, 4, 73.55
2026/09/07 04:36:06.366, 0, 0, 109894, 120.16
2026/09/07 04:36:06.368, 1, 0, 4, 73.57
2026/09/07 04:36:07.371, 0, 0, 109894, 120.10
2026/09/07 04:36:07.373, 1, 0, 4, 73.58
2026/09/07 04:36:08.375, 0, 0, 109894, 120.10
2026/09/07 04:36:08.378, 1, 0, 4, 73.58
2026/09/07 04:36:09.380, 0, 0, 109894, 120.07
2026/09/07 04:36:09.383, 1, 0, 4, 73.55
2026/09/07 04:36:10.386, 0, 0, 109894, 120.03
2026/09/07 04:36:10.388, 1, 0, 4, 73.54
2026/09/07 04:36:11.390, 0, 0, 109894, 120.05
2026/09/07 04:36:11.392, 1, 0, 4, 73.51
2026/09/07 04:36:12.394, 0, 0, 109894, 119.97
2026/09/07 04:36:12.396, 1, 0, 4, 73.54
2026/09/07 04:36:13.398, 0, 0, 109894, 120.00
2026/09/07 04:36:13.400, 1, 0, 4, 73.54
2026/09/07 04:36:14.402, 0, 0, 109894, 119.94
2026/09/07 04:36:14.405, 1, 0, 4, 73.60
2026/09/07 04:36:15.407, 0, 0, 109894, 119.92
2026/09/07 04:36:15.410, 1, 0, 4, 73.56
2026/09/07 04:36:16.412, 0, 0, 109894, 119.95
2026/09/07 04:36:16.414, 1, 0, 4, 73.57
2026/09/07 04:36:17.416, 0, 0, 109894, 119.91
2026/09/07 04:36:17.419, 1, 0, 4, 73.54
2026/09/07 04:36:18.421, 0, 0, 109894, 119.91
2026/09/07 04:36:18.423, 1, 0, 4, 73.53
2026/09/07 04:36:19.425, 0, 0, 109894, 119.87
2026/09/07 04:36:19.428, 1, 0, 4, 73.54
2026/09/07 04:36:20.430, 0, 0, 109894, 119.82
2026/09/07 04:36:20.433, 1, 0, 4, 73.55
2026/09/07 04:36:21.436, 0, 0, 109894, 119.86
2026/09/07 04:36:21.438, 1, 0, 4, 73.55
2026/09/07 04:36:22.440, 0, 0, 109894, 119.83
2026/09/07 04:36:22.443, 1, 0, 4, 73.59
2026/09/07 04:36:23.445, 0, 0, 109894, 119.81
2026/09/07 04:36:23.447, 1, 0, 4, 73.57
2026/09/07 04:36:24.449, 0, 0, 109894, 119.83
2026/09/07 04:36:24.452, 1, 0, 4, 73.56
2026/09/07 04:36:25.455, 0, 0, 109894, 119.78
2026/09/07 04:36:25.459, 1, 0, 4, 73.51
2026/09/07 04:36:26.462, 0, 0, 109894, 119.79
2026/09/07 04:36:26.465, 1, 0, 4, 73.50
2026/09/07 04:36:27.467, 0, 0, 109894, 119.77
2026/09/07 04:36:27.470, 1, 0, 4, 73.53
2026/09/07 04:36:28.472, 0, 0, 109894, 119.71
2026/09/07 04:36:28.475, 1, 0, 4, 73.56
2026/09/07 04:36:29.478, 0, 0, 109894, 119.78
2026/09/07 04:36:29.480, 1, 0, 4, 73.57
2026/09/07 04:36:30.483, 0, 0, 109894, 119.73
2026/09/07 04:36:30.485, 1, 0, 4, 73.57
2026/09/07 04:36:31.488, 0, 0, 109894, 119.70
2026/09/07 04:36:31.490, 1, 0, 4, 73.56
2026/09/07 04:36:32.493, 0, 0, 109894, 119.72
2026/09/07 04:36:32.496, 1, 0, 4, 73.54
2026/09/07 04:36:33.498, 0, 0, 109894, 119.67
2026/09/07 04:36:33.501, 1, 0, 4, 73.52
2026/09/07 04:36:34.504, 0, 0, 109894, 119.64
2026/09/07 04:36:34.506, 1, 0, 4, 73.53
2026/09/07 04:36:35.509, 0, 0, 109894, 119.65
2026/09/07 04:36:35.511, 1, 0, 4, 73.50
2026/09/07 04:36:36.514, 0, 0, 109894, 119.61
2026/09/07 04:36:36.518, 1, 0, 4, 73.52
2026/09/07 04:36:37.520, 0, 0, 109894, 119.67
2026/09/07 04:36:37.523, 1, 0, 4, 73.57
2026/09/07 04:36:38.525, 0, 0, 109894, 119.61
2026/09/07 04:36:38.528, 1, 0, 4, 73.50
2026/09/07 04:36:39.530, 0, 0, 109894, 119.55
2026/09/07 04:36:39.533, 1, 0, 4, 73.49
2026/09/07 04:36:40.536, 0, 0, 109894, 119.57
2026/09/07 04:36:40.538, 1, 0, 4, 73.48
2026/09/07 04:36:41.540, 0, 0, 109894, 119.59
2026/09/07 04:36:41.544, 1, 0, 4, 73.52
2026/09/07 04:36:42.547, 0, 0, 109894, 119.54
2026/09/07 04:36:42.550, 1, 0, 4, 73.56
2026/09/07 04:36:43.553, 0, 0, 109894, 119.57
2026/09/07 04:36:43.555, 1, 0, 4, 73.58
2026/09/07 04:36:44.557, 0, 0, 109894, 119.52
2026/09/07 04:36:44.559, 1, 0, 4, 73.56
2026/09/07 04:36:45.561, 0, 0, 109894, 119.54
2026/09/07 04:36:45.563, 1, 0, 4, 73.53
2026/09/07 04:36:46.566, 0, 0, 109894, 119.54
2026/09/07 04:36:46.568, 1, 0, 4, 73.57
2026/09/07 04:36:47.570, 0, 0, 109894, 119.55
2026/09/07 04:36:47.573, 1, 0, 4, 73.52
2026/09/07 04:36:48.576, 0, 0, 109894, 119.48
2026/09/07 04:36:48.578, 1, 0, 4, 73.72
2026/09/07 04:36:49.580, 0, 0, 109894, 119.55
2026/09/07 04:36:49.583, 1, 0, 4, 73.81
2026/09/07 04:36:50.585, 0, 0, 109894, 119.50
2026/09/07 04:36:50.588, 1, 0, 4, 73.83
2026/09/07 04:36:51.590, 0, 0, 109894, 119.46
2026/09/07 04:36:51.593, 1, 0, 4, 73.88
2026/09/07 04:36:52.595, 0, 0, 109894, 119.49
2026/09/07 04:36:52.598, 1, 0, 4, 73.82
2026/09/07 04:36:53.600, 0, 0, 109894, 119.49
2026/09/07 04:36:53.603, 1, 0, 4, 73.78
2026/09/07 04:36:54.605, 0, 0, 109894, 119.44
2026/09/07 04:36:54.607, 1, 0, 4, 73.79
2026/09/07 04:36:55.610, 0, 0, 109894, 119.47
2026/09/07 04:36:55.613, 1, 0, 4, 73.77
2026/09/07 04:36:56.615, 0, 0, 109894, 119.44
2026/09/07 04:36:56.618, 1, 0, 4, 73.75
2026/09/07 04:36:57.620, 0, 0, 109894, 119.42
2026/09/07 04:36:57.622, 1, 0, 4, 73.79
2026/09/07 04:36:58.625, 0, 0, 109894, 119.42
2026/09/07 04:36:58.627, 1, 0, 4, 73.81
2026/09/07 04:36:59.630, 0, 0, 109894, 119.39
2026/09/07 04:36:59.633, 1, 0, 4, 73.83
2026/09/07 04:37:00.635, 0, 0, 109894, 119.41
2026/09/07 04:37:00.638, 1, 0, 4, 73.81
2026/09/07 04:37:01.641, 0, 0, 109894, 119.39
2026/09/07 04:37:01.644, 1, 0, 4, 73.80
2026/09/07 04:37:02.646, 0, 0, 109894, 119.42
2026/09/07 04:37:02.649, 1, 0, 4, 73.81
2026/09/07 04:37:03.653, 0, 0, 109894, 119.36
2026/09/07 04:37:03.656, 1, 0, 4, 73.79
2026/09/07 04:37:04.659, 0, 0, 109894, 119.29
2026/09/07 04:37:04.662, 1, 0, 4, 73.82
2026/09/07 04:37:05.664, 0, 0, 109894, 119.36
2026/09/07 04:37:05.667, 1, 0, 4, 73.82
2026/09/07 04:37:06.670, 0, 0, 109894, 119.39
2026/09/07 04:37:06.672, 1, 0, 4, 73.82
2026/09/07 04:37:07.675, 0, 0, 109894, 119.32
2026/09/07 04:37:07.678, 1, 0, 4, 73.79
2026/09/07 04:37:08.681, 0, 0, 109894, 119.35
2026/09/07 04:37:08.683, 1, 0, 4, 73.79
2026/09/07 04:37:09.686, 0, 0, 109894, 119.31
2026/09/07 04:37:09.688, 1, 0, 4, 73.78
2026/09/07 04:37:10.691, 0, 0, 109894, 119.31
2026/09/07 04:37:10.693, 1, 0, 4, 73.79
2026/09/07 04:37:11.696, 0, 0, 109894, 119.28
2026/09/07 04:37:11.699, 1, 0, 4, 73.84
2026/09/07 04:37:12.702, 0, 0, 109894, 119.32
2026/09/07 04:37:12.705, 1, 0, 4, 73.83
2026/09/07 04:37:13.709, 0, 0, 109894, 119.29
2026/09/07 04:37:13.711, 1, 0, 4, 73.82
2026/09/07 04:37:14.714, 0, 0, 109894, 119.27
2026/09/07 04:37:14.717, 1, 0, 4, 73.81
2026/09/07 04:37:15.719, 0, 0, 109894, 119.32
2026/09/07 04:37:15.722, 1, 0, 4, 73.78
2026/09/07 04:37:16.724, 0, 0, 109894, 119.24
2026/09/07 04:37:16.727, 1, 0, 4, 73.78
2026/09/07 04:37:17.730, 0, 0, 109894, 119.24
2026/09/07 04:37:17.732, 1, 0, 4, 73.77
2026/09/07 04:37:18.735, 0, 0, 109894, 119.28
2026/09/07 04:37:18.738, 1, 0, 4, 73.80
2026/09/07 04:37:19.740, 0, 0, 109894, 119.29
2026/09/07 04:37:19.743, 1, 0, 4, 73.87
2026/09/07 04:37:20.745, 0, 0, 109894, 119.22
2026/09/07 04:37:20.748, 1, 0, 4, 73.78
2026/09/07 04:37:21.750, 0, 0, 109894, 119.24
2026/09/07 04:37:21.753, 1, 0, 4, 73.81
2026/09/07 04:37:22.756, 0, 0, 109894, 119.27
2026/09/07 04:37:22.759, 1, 0, 4, 73.85
2026/09/07 04:37:23.761, 0, 0, 109894, 119.24
2026/09/07 04:37:23.763, 1, 0, 4, 73.83
2026/09/07 04:37:24.765, 0, 0, 109894, 119.20
2026/09/07 04:37:24.768, 1, 0, 4, 73.84
2026/09/07 04:37:25.770, 0, 0, 109894, 119.28
2026/09/07 04:37:25.772, 1, 0, 4, 73.82
2026/09/07 04:37:26.775, 0, 0, 109894, 119.24
2026/09/07 04:37:26.777, 1, 0, 4, 73.84
2026/09/07 04:37:27.780, 0, 0, 109894, 119.20
2026/09/07 04:37:27.783, 1, 0, 4, 73.82
2026/09/07 04:37:28.785, 0, 0, 109894, 119.19
2026/09/07 04:37:28.788, 1, 0, 4, 73.78
2026/09/07 04:37:29.790, 0, 0, 109894, 119.20
2026/09/07 04:37:29.793, 1, 0, 4, 73.78
2026/09/07 04:37:30.796, 0, 0, 109894, 119.23
2026/09/07 04:37:30.800, 1, 0, 4, 73.80
2026/09/07 04:37:31.802, 0, 0, 109894, 119.19
2026/09/07 04:37:31.805, 1, 0, 4, 73.81
2026/09/07 04:37:32.807, 0, 0, 109894, 119.21
2026/09/07 04:37:32.810, 1, 0, 4, 73.83
2026/09/07 04:37:33.812, 0, 0, 109894, 119.19
2026/09/07 04:37:33.815, 1, 0, 4, 73.83
2026/09/07 04:37:34.817, 0, 0, 109894, 119.18
2026/09/07 04:37:34.820, 1, 0, 4, 73.85
2026/09/07 04:37:35.823, 0, 0, 109894, 119.14
2026/09/07 04:37:35.825, 1, 0, 4, 73.79
2026/09/07 04:37:36.827, 0, 0, 109894, 119.19
2026/09/07 04:37:36.831, 1, 0, 4, 73.78
2026/09/07 04:37:37.833, 0, 0, 109894, 119.16
2026/09/07 04:37:37.835, 1, 0, 4, 73.79
2026/09/07 04:37:38.838, 0, 0, 109894, 119.15
2026/09/07 04:37:38.841, 1, 0, 4, 73.78
2026/09/07 04:37:39.843, 0, 0, 109894, 119.18
2026/09/07 04:37:39.846, 1, 0, 4, 73.83
2026/09/07 04:37:40.848, 0, 0, 109894, 119.14
2026/09/07 04:37:40.851, 1, 0, 4, 73.86
2026/09/07 04:37:41.853, 0, 0, 109894, 119.14
2026/09/07 04:37:41.856, 1, 0, 4, 73.74
2026/09/07 04:37:42.859, 0, 0, 109894, 119.10
2026/09/07 04:37:42.861, 1, 0, 4, 73.77
2026/09/07 04:37:43.865, 0, 0, 109894, 119.19
2026/09/07 04:37:43.868, 1, 0, 4, 73.78
2026/09/07 04:37:44.871, 0, 0, 109894, 119.16
2026/09/07 04:37:44.873, 1, 0, 4, 73.81
2026/09/07 04:37:45.876, 0, 0, 109894, 119.14
2026/09/07 04:37:45.879, 1, 0, 4, 73.84
2026/09/07 04:37:46.881, 0, 0, 109894, 119.14
2026/09/07 04:37:46.884, 1, 0, 4, 73.81
2026/09/07 04:37:47.887, 0, 0, 109894, 119.10
2026/09/07 04:37:47.889, 1, 0, 4, 73.86
2026/09/07 04:37:48.892, 0, 0, 109894, 119.11
2026/09/07 04:37:48.894, 1, 0, 4, 73.80
2026/09/07 04:37:49.896, 0, 0, 109894, 119.12
2026/09/07 04:37:49.898, 1, 0, 4, 73.80
2026/09/07 04:37:50.901, 0, 0, 109894, 119.11
2026/09/07 04:37:50.903, 1, 0, 4, 73.80
2026/09/07 04:37:51.906, 0, 0, 109894, 119.11
2026/09/07 04:37:51.908, 1, 0, 4, 73.82
2026/09/07 04:37:52.910, 0, 0, 109894, 119.10
2026/09/07 04:37:52.913, 1, 0, 4, 73.81
2026/09/07 04:37:53.915, 0, 0, 109894, 119.07
2026/09/07 04:37:53.917, 1, 0, 4, 73.81
2026/09/07 04:37:54.919, 0, 0, 109894, 119.10
2026/09/07 04:37:54.921, 1, 0, 4, 73.81
2026/09/07 04:37:55.923, 0, 0, 109894, 119.14
2026/09/07 04:37:55.925, 1, 0, 4, 73.81
2026/09/07 04:37:56.927, 0, 0, 109894, 119.11
2026/09/07 04:37:56.930, 1, 0, 4, 73.81
2026/09/07 04:37:57.932, 0, 0, 109894, 119.10
2026/09/07 04:37:57.934, 1, 0, 4, 73.80
2026/09/07 04:37:58.936, 0, 0, 109894, 119.07
2026/09/07 04:37:58.939, 1, 0, 4, 73.82
2026/09/07 04:37:59.941, 0, 0, 109894, 119.08
2026/09/07 04:37:59.943, 1, 0, 4, 73.80
2026/09/07 04:38:00.945, 0, 0, 109894, 119.11
2026/09/07 04:38:00.949, 1, 0, 4, 73.81
2026/09/07 04:38:01.954, 0, 0, 109894, 119.07
2026/09/07 04:38:01.957, 1, 0, 4, 73.83
2026/09/07 04:38:02.959, 0, 0, 109894, 119.11
2026/09/07 04:38:02.961, 1, 0, 4, 73.77
2026/09/07 04:38:03.963, 0, 0, 109894, 119.08
2026/09/07 04:38:03.965, 1, 0, 4, 73.76
2026/09/07 04:38:04.967, 0, 0, 109894, 119.02
2026/09/07 04:38:04.971, 1, 0, 4, 73.81
2026/09/07 04:38:05.974, 0, 0, 109894, 119.05
2026/09/07 04:38:05.976, 1, 0, 4, 73.81
2026/09/07 04:38:06.978, 0, 0, 109894, 119.05
2026/09/07 04:38:06.982, 1, 0, 4, 73.85
2026/09/07 04:38:07.984, 0, 0, 109894, 119.08
2026/09/07 04:38:07.986, 1, 0, 4, 73.83
2026/09/07 04:38:08.989, 0, 0, 109894, 119.08
2026/09/07 04:38:08.992, 1, 0, 4, 73.77
2026/09/07 04:38:09.994, 0, 0, 109894, 119.05
2026/09/07 04:38:09.996, 1, 0, 4, 73.81
2026/09/07 04:38:10.999, 0, 0, 109894, 119.04
2026/09/07 04:38:11.012, 1, 0, 4, 73.80
2026/09/07 04:38:12.022, 0, 0, 109894, 119.03
2026/09/07 04:38:12.024, 1, 0, 4, 73.78
2026/09/07 04:38:13.026, 0, 0, 109894, 119.03
2026/09/07 04:38:13.029, 1, 0, 4, 73.80
2026/09/07 04:38:14.031, 0, 0, 109894, 119.02
2026/09/07 04:38:14.033, 1, 0, 4, 73.82
2026/09/07 04:38:15.036, 0, 0, 109894, 119.03
2026/09/07 04:38:15.039, 1, 0, 4, 73.79
2026/09/07 04:38:16.041, 0, 0, 109894, 119.06
2026/09/07 04:38:16.044, 1, 0, 4, 73.80
2026/09/07 04:38:17.045, 0, 0, 109894, 119.01
2026/09/07 04:38:17.048, 1, 0, 4, 73.78
2026/09/07 04:38:18.050, 0, 0, 109894, 119.04
2026/09/07 04:38:18.053, 1, 0, 4, 73.78
2026/09/07 04:38:19.056, 0, 0, 109894, 119.02
2026/09/07 04:38:19.059, 1, 0, 4, 73.79
2026/09/07 04:38:20.061, 0, 0, 109894, 119.05
2026/09/07 04:38:20.064, 1, 0, 4, 73.78
2026/09/07 04:38:21.066, 0, 0, 109894, 119.03
2026/09/07 04:38:21.070, 1, 0, 4, 73.80
2026/09/07 04:38:22.072, 0, 0, 109894, 119.04
2026/09/07 04:38:22.075, 1, 0, 4, 73.84
2026/09/07 04:38:23.078, 0, 0, 109894, 119.04
2026/09/07 04:38:23.080, 1, 0, 4, 73.76
2026/09/07 04:38:24.082, 0, 0, 109894, 119.02
2026/09/07 04:38:24.085, 1, 0, 4, 73.79
2026/09/07 04:38:25.088, 0, 0, 109894, 118.95
2026/09/07 04:38:25.090, 1, 0, 4, 73.78
2026/09/07 04:38:26.093, 0, 0, 109894, 118.97
2026/09/07 04:38:26.096, 1, 0, 4, 73.77
2026/09/07 04:38:27.098, 0, 0, 109894, 119.01
2026/09/07 04:38:27.100, 1, 0, 4, 73.84
2026/09/07 04:38:28.103, 0, 0, 109894, 119.06
2026/09/07 04:38:28.105, 1, 0, 4, 73.82
2026/09/07 04:38:29.108, 0, 0, 109894, 118.96
2026/09/07 04:38:29.110, 1, 0, 4, 73.82
2026/09/07 04:38:30.112, 0, 0, 109894, 118.97
2026/09/07 04:38:30.115, 1, 0, 4, 73.78
2026/09/07 04:38:31.117, 0, 0, 109894, 118.99
2026/09/07 04:38:31.120, 1, 0, 4, 73.75
2026/09/07 04:38:32.122, 0, 0, 109894, 119.03
2026/09/07 04:38:32.125, 1, 0, 4, 73.76
2026/09/07 04:38:33.127, 0, 0, 109894, 119.02
2026/09/07 04:38:33.130, 1, 0, 4, 73.77
2026/09/07 04:38:34.132, 0, 0, 109894, 118.96
2026/09/07 04:38:34.135, 1, 0, 4, 73.79
2026/09/07 04:38:35.137, 0, 0, 109894, 119.01
2026/09/07 04:38:35.140, 1, 0, 4, 73.85
2026/09/07 04:38:36.143, 0, 0, 109894, 118.97
2026/09/07 04:38:36.145, 1, 0, 4, 73.80
2026/09/07 04:38:37.148, 0, 0, 109894, 119.00
2026/09/07 04:38:37.150, 1, 0, 4, 73.81
2026/09/07 04:38:38.153, 0, 0, 109894, 118.98
2026/09/07 04:38:38.156, 1, 0, 4, 73.77
2026/09/07 04:38:39.159, 0, 0, 109894, 119.00
2026/09/07 04:38:39.161, 1, 0, 4, 73.74
2026/09/07 04:38:40.164, 0, 0, 109894, 119.00
2026/09/07 04:38:40.169, 1, 0, 4, 73.79
2026/09/07 04:38:41.172, 0, 0, 109894, 118.98
2026/09/07 04:38:41.175, 1, 0, 4, 73.81
2026/09/07 04:38:42.177, 0, 0, 109894, 118.96
2026/09/07 04:38:42.181, 1, 0, 4, 73.83
2026/09/07 04:38:43.184, 0, 0, 109894, 118.94
2026/09/07 04:38:43.187, 1, 0, 4, 73.77
2026/09/07 04:38:44.189, 0, 0, 109894, 118.95
2026/09/07 04:38:44.194, 1, 0, 4, 73.77
2026/09/07 04:38:45.197, 0, 0, 109894, 118.99
2026/09/07 04:38:45.200, 1, 0, 4, 73.78
2026/09/07 04:38:46.202, 0, 0, 109894, 118.98
2026/09/07 04:38:46.206, 1, 0, 4, 73.81
2026/09/07 04:38:47.208, 0, 0, 109894, 119.00
2026/09/07 04:38:47.211, 1, 0, 4, 73.82
2026/09/07 04:38:48.213, 0, 0, 109894, 118.95
2026/09/07 04:38:48.216, 1, 0, 4, 73.82
2026/09/07 04:38:49.219, 0, 0, 109894, 118.95
2026/09/07 04:38:49.222, 1, 0, 4, 73.81
2026/09/07 04:38:50.225, 0, 0, 109894, 118.96
2026/09/07 04:38:50.227, 1, 0, 4, 73.79
2026/09/07 04:38:51.230, 0, 0, 109894, 118.95
2026/09/07 04:38:51.233, 1, 0, 4, 73.76
2026/09/07 04:38:52.238, 0, 0, 109894, 118.97
2026/09/07 04:38:52.241, 1, 0, 4, 73.79
2026/09/07 04:38:53.243, 0, 0, 109894, 118.99
2026/09/07 04:38:53.246, 1, 0, 4, 73.82
2026/09/07 04:38:54.249, 0, 0, 109894, 118.92
2026/09/07 04:38:54.251, 1, 0, 4, 73.83
2026/09/07 04:38:55.254, 0, 0, 109894, 118.95
2026/09/07 04:38:55.256, 1, 0, 4, 73.83
2026/09/07 04:38:56.259, 0, 0, 109894, 118.95
2026/09/07 04:38:56.261, 1, 0, 4, 73.81
2026/09/07 04:38:57.264, 0, 0, 109894, 118.97
2026/09/07 04:38:57.267, 1, 0, 4, 73.78
2026/09/07 04:38:58.269, 0, 0, 109894, 118.96
2026/09/07 04:38:58.272, 1, 0, 4, 73.78
2026/09/07 04:38:59.275, 0, 0, 109894, 118.93
2026/09/07 04:38:59.277, 1, 0, 4, 73.78
2026/09/07 04:39:00.279, 0, 0, 109894, 118.93
2026/09/07 04:39:00.282, 1, 0, 4, 73.78
2026/09/07 04:39:01.285, 0, 0, 109894, 118.92
2026/09/07 04:39:01.288, 1, 0, 4, 73.80
2026/09/07 04:39:02.290, 0, 0, 109894, 118.95
2026/09/07 04:39:02.294, 1, 0, 4, 73.84
2026/09/07 04:39:03.297, 0, 0, 109894, 118.94
2026/09/07 04:39:03.300, 1, 0, 4, 73.77
2026/09/07 04:39:04.303, 0, 0, 109894, 118.90
2026/09/07 04:39:04.305, 1, 0, 4, 73.74
2026/09/07 04:39:05.308, 0, 0, 109894, 118.95
2026/09/07 04:39:05.310, 1, 0, 4, 73.78
2026/09/07 04:39:06.313, 0, 0, 109894, 118.90
2026/09/07 04:39:06.316, 1, 0, 4, 73.83
2026/09/07 04:39:07.318, 0, 0, 109894, 118.95
2026/09/07 04:39:07.321, 1, 0, 4, 73.83
2026/09/07 04:39:08.325, 0, 0, 109894, 118.93
2026/09/07 04:39:08.328, 1, 0, 4, 73.85
2026/09/07 04:39:09.330, 0, 0, 109894, 118.90
2026/09/07 04:39:09.333, 1, 0, 4, 73.79
2026/09/07 04:39:10.336, 0, 0, 109894, 118.92
2026/09/07 04:39:10.340, 1, 0, 4, 73.78
2026/09/07 04:39:11.344, 0, 0, 109894, 118.98
2026/09/07 04:39:11.346, 1, 0, 4, 73.77
2026/09/07 04:39:12.349, 0, 0, 109894, 118.96
2026/09/07 04:39:12.352, 1, 0, 4, 73.86
2026/09/07 04:39:13.354, 0, 0, 109894, 118.93
2026/09/07 04:39:13.356, 1, 0, 4, 73.84
2026/09/07 04:39:14.359, 0, 0, 109894, 118.92
2026/09/07 04:39:14.363, 1, 0, 4, 73.80
2026/09/07 04:39:15.369, 0, 0, 109894, 118.93
2026/09/07 04:39:15.372, 1, 0, 4, 73.81
2026/09/07 04:39:16.374, 0, 0, 109894, 118.94
2026/09/07 04:39:16.377, 1, 0, 4, 73.86
2026/09/07 04:39:17.379, 0, 0, 109894, 118.90
2026/09/07 04:39:17.382, 1, 0, 4, 73.79
2026/09/07 04:39:18.385, 0, 0, 109894, 118.91
2026/09/07 04:39:18.387, 1, 0, 4, 73.75
2026/09/07 04:39:19.390, 0, 0, 109894, 118.90
2026/09/07 04:39:19.393, 1, 0, 4, 73.79
2026/09/07 04:39:20.395, 0, 0, 109894, 118.90
2026/09/07 04:39:20.398, 1, 0, 4, 73.82
2026/09/07 04:39:21.401, 0, 0, 109894, 118.93
2026/09/07 04:39:21.404, 1, 0, 4, 73.86
2026/09/07 04:39:22.407, 0, 0, 109894, 118.88
2026/09/07 04:39:22.409, 1, 0, 4, 73.85
2026/09/07 04:39:23.412, 0, 0, 109894, 118.90
2026/09/07 04:39:23.415, 1, 0, 4, 73.79
2026/09/07 04:39:24.418, 0, 0, 109894, 118.89
2026/09/07 04:39:24.420, 1, 0, 4, 73.79
2026/09/07 04:39:25.422, 0, 0, 109894, 118.89
2026/09/07 04:39:25.425, 1, 0, 4, 73.77
2026/09/07 04:39:26.428, 0, 0, 109894, 118.90
2026/09/07 04:39:26.430, 1, 0, 4, 73.78
2026/09/07 04:39:27.433, 0, 0, 109894, 118.90
2026/09/07 04:39:27.435, 1, 0, 4, 73.81
2026/09/07 04:39:28.437, 0, 0, 109894, 118.93
2026/09/07 04:39:28.440, 1, 0, 4, 73.80
2026/09/07 04:39:29.442, 0, 0, 109894, 118.92
2026/09/07 04:39:29.445, 1, 0, 4, 73.86
2026/09/07 04:39:30.446, 0, 0, 109894, 118.88
2026/09/07 04:39:30.449, 1, 0, 4, 73.78
2026/09/07 04:39:31.452, 0, 0, 109894, 118.88
2026/09/07 04:39:31.454, 1, 0, 4, 73.74
2026/09/07 04:39:32.456, 0, 0, 109894, 118.89
2026/09/07 04:39:32.459, 1, 0, 4, 73.79
2026/09/07 04:39:33.461, 0, 0, 109894, 118.91
2026/09/07 04:39:33.463, 1, 0, 4, 73.76
2026/09/07 04:39:34.467, 0, 0, 109894, 118.91
2026/09/07 04:39:34.469, 1, 0, 4, 73.84
2026/09/07 04:39:35.472, 0, 0, 109894, 118.88
2026/09/07 04:39:35.475, 1, 0, 4, 73.84
2026/09/07 04:39:36.477, 0, 0, 109894, 118.90
2026/09/07 04:39:36.480, 1, 0, 4, 73.80
2026/09/07 04:39:37.482, 0, 0, 4, 127.99
2026/09/07 04:39:37.485, 1, 0, 4, 73.80
2026/09/07 04:39:38.487, 0, 0, 4, 123.21
2026/09/07 04:39:38.490, 1, 0, 4, 73.79
2026/09/07 04:39:39.493, 0, 0, 4, 103.70
2026/09/07 04:39:39.496, 1, 0, 4, 73.77
