2026/09/06 06:01:21.642, 0, 0, 4, 78.24
2026/09/06 06:01:21.652, 1, 0, 4, 81.06
2026/09/06 06:01:22.661, 0, 0, 4, 78.28
2026/09/06 06:01:22.664, 1, 0, 4, 81.03
2026/09/06 06:01:23.667, 0, 0, 4, 78.28
2026/09/06 06:01:23.670, 1, 0, 4, 81.09
2026/09/06 06:01:24.672, 0, 0, 4, 78.36
2026/09/06 06:01:24.675, 1, 0, 4, 81.10
2026/09/06 06:01:25.677, 0, 0, 4, 78.28
2026/09/06 06:01:25.681, 1, 0, 4, 81.06
2026/09/06 06:01:26.683, 0, 0, 4, 78.40
2026/09/06 06:01:26.686, 1, 0, 4, 81.02
2026/09/06 06:01:27.689, 0, 0, 4, 78.35
2026/09/06 06:01:27.692, 1, 0, 4, 81.08
2026/09/06 06:01:28.694, 0, 0, 4, 78.44
2026/09/06 06:01:28.696, 1, 0, 4, 81.05
2026/09/06 06:01:29.698, 0, 0, 4, 78.39
2026/09/06 06:01:29.703, 1, 0, 4, 81.13
2026/09/06 06:01:30.707, 0, 0, 4, 78.38
2026/09/06 06:01:30.709, 1, 0, 4, 81.12
2026/09/06 06:01:31.713, 0, 0, 4, 78.42
2026/09/06 06:01:31.715, 1, 0, 4, 81.14
2026/09/06 06:01:32.718, 0, 0, 4, 78.39
2026/09/06 06:01:32.720, 1, 0, 4, 81.13
2026/09/06 06:01:33.722, 0, 0, 4, 78.54
2026/09/06 06:01:33.725, 1, 0, 4, 81.07
2026/09/06 06:01:34.727, 0, 0, 4, 78.42
2026/09/06 06:01:34.730, 1, 0, 4, 81.14
2026/09/06 06:01:35.732, 0, 0, 4, 78.52
2026/09/06 06:01:35.737, 1, 0, 4, 81.16
2026/09/06 06:01:36.740, 0, 0, 4, 78.42
2026/09/06 06:01:36.742, 1, 0, 4, 81.17
2026/09/06 06:01:37.744, 0, 0, 4, 78.44
2026/09/06 06:01:37.746, 1, 0, 4, 81.23
2026/09/06 06:01:38.748, 0, 0, 4, 78.48
2026/09/06 06:01:38.753, 1, 0, 4, 81.28
2026/09/06 06:01:39.757, 0, 0, 4, 78.46
2026/09/06 06:01:39.760, 1, 0, 4, 81.18
2026/09/06 06:01:40.762, 0, 0, 4, 78.53
2026/09/06 06:01:40.765, 1, 0, 4, 81.17
2026/09/06 06:01:41.769, 0, 0, 4, 78.56
2026/09/06 06:01:41.772, 1, 0, 4, 81.15
2026/09/06 06:01:42.774, 0, 0, 4, 78.51
2026/09/06 06:01:42.776, 1, 0, 4, 81.19
2026/09/06 06:01:43.779, 0, 0, 4, 78.56
2026/09/06 06:01:43.781, 1, 0, 4, 81.33
2026/09/06 06:01:44.783, 0, 0, 4, 78.52
2026/09/06 06:01:44.785, 1, 0, 4, 81.25
2026/09/06 06:01:45.787, 0, 0, 4, 78.56
2026/09/06 06:01:45.791, 1, 0, 4, 81.20
2026/09/06 06:01:46.792, 0, 0, 4, 78.40
2026/09/06 06:01:46.797, 1, 0, 4, 81.21
2026/09/06 06:01:47.799, 0, 0, 4, 78.56
2026/09/06 06:01:47.801, 1, 0, 4, 81.24
2026/09/06 06:01:48.803, 0, 0, 4, 78.55
2026/09/06 06:01:48.805, 1, 0, 4, 81.20
2026/09/06 06:01:49.815, 0, 0, 4, 78.53
2026/09/06 06:01:49.816, 1, 0, 4, 81.22
2026/09/06 06:01:50.817, 0, 0, 4, 78.46
2026/09/06 06:01:50.822, 1, 0, 4, 81.24
2026/09/06 06:01:51.824, 0, 0, 4, 78.51
2026/09/06 06:01:51.826, 1, 0, 4, 81.20
2026/09/06 06:01:52.828, 0, 0, 4, 78.46
2026/09/06 06:01:52.831, 1, 0, 4, 81.17
2026/09/06 06:01:53.833, 0, 0, 4, 78.47
2026/09/06 06:01:53.835, 1, 0, 4, 81.14
2026/09/06 06:01:54.837, 0, 0, 4, 78.49
2026/09/06 06:01:54.840, 1, 0, 4, 81.17
2026/09/06 06:01:55.842, 0, 0, 4, 78.42
2026/09/06 06:01:55.845, 1, 0, 4, 81.11
2026/09/06 06:01:56.847, 0, 0, 4, 78.42
2026/09/06 06:01:56.851, 1, 0, 4, 81.10
2026/09/06 06:01:57.853, 0, 0, 4, 78.34
2026/09/06 06:01:57.856, 1, 0, 4, 81.09
2026/09/06 06:01:58.858, 0, 0, 4, 78.42
2026/09/06 06:01:58.866, 1, 0, 4, 81.09
2026/09/06 06:01:59.873, 0, 0, 4, 78.38
2026/09/06 06:01:59.876, 1, 0, 4, 81.01
2026/09/06 06:02:00.879, 0, 0, 4, 78.33
2026/09/06 06:02:00.881, 1, 0, 4, 81.05
2026/09/06 06:02:01.883, 0, 0, 4, 78.37
2026/09/06 06:02:01.885, 1, 0, 4, 81.03
2026/09/06 06:02:02.888, 0, 0, 4, 78.31
2026/09/06 06:02:02.891, 1, 0, 4, 81.01
2026/09/06 06:02:03.894, 0, 0, 4, 78.36
2026/09/06 06:02:03.897, 1, 0, 4, 81.01
2026/09/06 06:02:04.899, 0, 0, 4, 78.37
2026/09/06 06:02:04.904, 1, 0, 4, 81.09
2026/09/06 06:02:05.908, 0, 0, 4, 78.34
2026/09/06 06:02:05.913, 1, 0, 4, 80.99
2026/09/06 06:02:06.915, 0, 0, 4, 78.40
2026/09/06 06:02:06.916, 1, 0, 4, 80.97
2026/09/06 06:02:07.919, 0, 0, 4, 78.38
2026/09/06 06:02:07.922, 1, 0, 4, 81.05
2026/09/06 06:02:08.923, 0, 0, 4, 78.31
2026/09/06 06:02:08.926, 1, 0, 4, 80.94
2026/09/06 06:02:09.927, 0, 0, 4, 78.25
2026/09/06 06:02:09.930, 1, 0, 4, 80.91
2026/09/06 06:02:10.931, 0, 0, 4, 78.34
2026/09/06 06:02:10.933, 1, 0, 4, 80.99
2026/09/06 06:02:11.935, 0, 0, 4, 78.38
2026/09/06 06:02:11.938, 1, 0, 4, 81.08
2026/09/06 06:02:12.940, 0, 0, 4, 78.36
2026/09/06 06:02:12.942, 1, 0, 4, 80.95
2026/09/06 06:02:13.943, 0, 0, 4, 78.29
2026/09/06 06:02:13.945, 1, 0, 4, 80.98
2026/09/06 06:02:14.947, 0, 0, 4, 78.37
2026/09/06 06:02:14.949, 1, 0, 4, 80.99
2026/09/06 06:02:15.951, 0, 0, 4, 78.39
2026/09/06 06:02:15.954, 1, 0, 4, 80.99
2026/09/06 06:02:16.957, 0, 0, 4, 78.48
2026/09/06 06:02:16.959, 1, 0, 4, 80.96
2026/09/06 06:02:17.961, 0, 0, 4, 78.29
2026/09/06 06:02:17.963, 1, 0, 4, 81.10
2026/09/06 06:02:18.965, 0, 0, 4, 78.44
2026/09/06 06:02:18.966, 1, 0, 4, 81.03
2026/09/06 06:02:19.968, 0, 0, 4, 78.35
2026/09/06 06:02:19.970, 1, 0, 4, 81.07
2026/09/06 06:02:20.972, 0, 0, 4, 78.38
2026/09/06 06:02:20.974, 1, 0, 4, 80.95
2026/09/06 06:02:21.976, 0, 0, 4, 78.53
2026/09/06 06:02:21.978, 1, 0, 4, 81.09
2026/09/06 06:02:22.980, 0, 0, 4, 78.45
2026/09/06 06:02:22.982, 1, 0, 4, 81.01
2026/09/06 06:02:23.984, 0, 0, 4, 78.46
2026/09/06 06:02:23.987, 1, 0, 4, 81.02
2026/09/06 06:02:24.989, 0, 0, 4, 78.46
2026/09/06 06:02:24.991, 1, 0, 4, 81.04
2026/09/06 06:02:25.992, 0, 0, 4, 78.47
2026/09/06 06:02:25.994, 1, 0, 4, 81.13
2026/09/06 06:02:26.996, 0, 0, 4, 78.47
2026/09/06 06:02:26.998, 1, 0, 4, 81.03
2026/09/06 06:02:28.000, 0, 0, 4, 78.49
2026/09/06 06:02:28.001, 1, 0, 4, 80.96
2026/09/06 06:02:29.003, 0, 0, 4, 78.49
2026/09/06 06:02:29.004, 1, 0, 4, 81.05
2026/09/06 06:02:30.006, 0, 0, 4, 78.45
2026/09/06 06:02:30.007, 1, 0, 4, 81.10
2026/09/06 06:02:31.009, 0, 0, 4, 78.48
2026/09/06 06:02:31.011, 1, 0, 4, 81.19
2026/09/06 06:02:32.014, 0, 0, 4, 78.48
2026/09/06 06:02:32.016, 1, 0, 4, 81.22
2026/09/06 06:02:33.018, 0, 0, 4, 78.46
2026/09/06 06:02:33.021, 1, 0, 4, 81.06
2026/09/06 06:02:34.023, 0, 0, 4, 78.37
2026/09/06 06:02:34.025, 1, 0, 4, 81.02
2026/09/06 06:02:35.027, 0, 0, 4, 78.56
2026/09/06 06:02:35.029, 1, 0, 4, 81.07
2026/09/06 06:02:36.030, 0, 0, 4, 78.38
2026/09/06 06:02:36.032, 1, 0, 4, 81.01
2026/09/06 06:02:37.034, 0, 0, 4, 78.42
2026/09/06 06:02:37.035, 1, 0, 4, 81.07
2026/09/06 06:02:38.037, 0, 0, 526, 94.64
2026/09/06 06:02:38.039, 1, 0, 4, 81.00
2026/09/06 06:02:39.041, 0, 0, 526, 120.08
2026/09/06 06:02:39.042, 1, 0, 4, 80.99
2026/09/06 06:02:40.045, 0, 0, 1970, 121.45
2026/09/06 06:02:40.046, 1, 0, 4, 81.00
2026/09/06 06:02:41.048, 0, 0, 3062, 120.81
2026/09/06 06:02:41.050, 1, 0, 4, 80.83
2026/09/06 06:02:42.052, 0, 0, 4290, 121.04
2026/09/06 06:02:42.054, 1, 0, 4, 80.97
2026/09/06 06:02:43.056, 0, 0, 5040, 120.82
2026/09/06 06:02:43.057, 1, 0, 4, 80.94
2026/09/06 06:02:44.059, 0, 0, 6268, 120.85
2026/09/06 06:02:44.061, 1, 0, 4, 80.89
2026/09/06 06:02:45.062, 0, 5, 9760, 121.24
2026/09/06 06:02:45.065, 1, 0, 4, 80.92
2026/09/06 06:02:46.066, 0, 8, 35394, 126.13
2026/09/06 06:02:46.067, 1, 0, 4, 80.89
2026/09/06 06:02:47.069, 0, 0, 35398, 121.05
2026/09/06 06:02:47.072, 1, 0, 4, 80.86
2026/09/06 06:02:48.074, 0, 5, 35398, 120.32
2026/09/06 06:02:48.076, 1, 0, 4, 80.80
2026/09/06 06:02:49.078, 0, 4, 35398, 121.14
2026/09/06 06:02:49.080, 1, 0, 4, 80.79
2026/09/06 06:02:50.081, 0, 3, 35398, 121.17
2026/09/06 06:02:50.083, 1, 0, 4, 80.90
2026/09/06 06:02:51.086, 0, 4, 35398, 121.30
2026/09/06 06:02:51.087, 1, 0, 4, 80.91
2026/09/06 06:02:52.089, 0, 5, 35398, 120.88
2026/09/06 06:02:52.092, 1, 0, 4, 80.96
2026/09/06 06:02:53.094, 0, 5, 35398, 120.82
2026/09/06 06:02:53.096, 1, 0, 4, 80.89
2026/09/06 06:02:54.098, 0, 6, 35398, 121.26
2026/09/06 06:02:54.100, 1, 0, 4, 80.79
2026/09/06 06:02:55.101, 0, 4, 35398, 121.04
2026/09/06 06:02:55.103, 1, 0, 4, 80.89
2026/09/06 06:02:56.104, 0, 4, 35398, 120.69
2026/09/06 06:02:56.106, 1, 0, 4, 80.84
2026/09/06 06:02:57.108, 0, 3, 35398, 121.11
2026/09/06 06:02:57.110, 1, 0, 4, 80.82
2026/09/06 06:02:58.112, 0, 4, 35398, 121.42
2026/09/06 06:02:58.114, 1, 0, 4, 80.88
2026/09/06 06:02:59.115, 0, 5, 35398, 121.30
2026/09/06 06:02:59.117, 1, 0, 4, 80.83
2026/09/06 06:03:00.119, 0, 3, 35398, 121.37
2026/09/06 06:03:00.120, 1, 0, 4, 80.93
2026/09/06 06:03:01.121, 0, 4, 35398, 121.17
2026/09/06 06:03:01.123, 1, 0, 4, 80.84
2026/09/06 06:03:02.125, 0, 5, 35398, 120.97
2026/09/06 06:03:02.127, 1, 0, 4, 80.86
2026/09/06 06:03:03.129, 0, 4, 35398, 121.29
2026/09/06 06:03:03.131, 1, 0, 4, 80.86
2026/09/06 06:03:04.133, 0, 0, 35398, 121.21
2026/09/06 06:03:04.135, 1, 0, 4, 80.82
2026/09/06 06:03:05.137, 0, 0, 35398, 120.33
2026/09/06 06:03:05.140, 1, 0, 4, 80.99
2026/09/06 06:03:06.141, 0, 0, 25374, 121.64
2026/09/06 06:03:06.142, 1, 0, 4, 80.95
2026/09/06 06:03:07.144, 0, 2, 25374, 120.83
2026/09/06 06:03:07.145, 1, 0, 4, 80.97
2026/09/06 06:03:08.147, 0, 3, 25374, 120.84
2026/09/06 06:03:08.150, 1, 0, 4, 80.92
2026/09/06 06:03:09.151, 0, 3, 25374, 120.82
2026/09/06 06:03:09.152, 1, 0, 4, 80.93
2026/09/06 06:03:10.154, 0, 3, 25374, 120.92
2026/09/06 06:03:10.157, 1, 0, 4, 80.95
2026/09/06 06:03:11.164, 0, 3, 25374, 120.83
2026/09/06 06:03:11.166, 1, 0, 4, 80.97
2026/09/06 06:03:12.168, 0, 3, 25374, 120.93
2026/09/06 06:03:12.176, 1, 0, 4, 80.95
2026/09/06 06:03:13.182, 0, 11, 28254, 123.06
2026/09/06 06:03:13.184, 1, 0, 4, 81.05
2026/09/06 06:03:14.185, 0, 7, 28254, 121.29
2026/09/06 06:03:14.192, 1, 0, 4, 81.05
2026/09/06 06:03:15.194, 0, 10, 28254, 121.43
2026/09/06 06:03:15.196, 1, 0, 4, 80.97
2026/09/06 06:03:16.198, 0, 11, 28254, 121.44
2026/09/06 06:03:16.200, 1, 0, 4, 81.00
2026/09/06 06:03:17.203, 0, 5, 25378, 121.79
2026/09/06 06:03:17.205, 1, 0, 4, 80.99
2026/09/06 06:03:18.207, 0, 6, 25384, 121.48
2026/09/06 06:03:18.212, 1, 0, 4, 80.98
2026/09/06 06:03:19.216, 0, 5, 25392, 121.43
2026/09/06 06:03:19.217, 1, 0, 4, 81.09
2026/09/06 06:03:20.219, 0, 100, 25394, 122.36
2026/09/06 06:03:20.220, 1, 0, 4, 81.03
2026/09/06 06:03:21.223, 0, 0, 812, 122.59
2026/09/06 06:03:21.224, 1, 0, 4, 81.05
2026/09/06 06:03:22.225, 0, 0, 812, 120.64
2026/09/06 06:03:22.227, 1, 0, 4, 81.00
2026/09/06 06:03:23.228, 0, 0, 812, 120.58
2026/09/06 06:03:23.230, 1, 0, 4, 80.97
2026/09/06 06:03:24.231, 0, 0, 812, 120.51
2026/09/06 06:03:24.233, 1, 0, 4, 81.04
2026/09/06 06:03:25.234, 0, 0, 812, 120.54
2026/09/06 06:03:25.236, 1, 0, 4, 81.03
2026/09/06 06:03:26.237, 0, 0, 812, 120.61
2026/09/06 06:03:26.239, 1, 0, 4, 81.02
2026/09/06 06:03:27.241, 0, 0, 812, 120.48
2026/09/06 06:03:27.242, 1, 0, 4, 80.97
2026/09/06 06:03:28.244, 0, 0, 812, 120.38
2026/09/06 06:03:28.246, 1, 0, 4, 80.98
2026/09/06 06:03:29.247, 0, 0, 812, 120.43
2026/09/06 06:03:29.249, 1, 0, 4, 80.92
2026/09/06 06:03:30.250, 0, 0, 812, 120.40
2026/09/06 06:03:30.253, 1, 0, 4, 80.86
2026/09/06 06:03:31.254, 0, 0, 812, 120.48
2026/09/06 06:03:31.256, 1, 0, 4, 80.94
2026/09/06 06:03:32.258, 0, 0, 812, 120.31
2026/09/06 06:03:32.259, 1, 0, 4, 81.01
2026/09/06 06:03:33.262, 0, 0, 812, 120.39
2026/09/06 06:03:33.272, 1, 0, 4, 80.88
2026/09/06 06:03:34.273, 0, 0, 812, 120.27
2026/09/06 06:03:34.275, 1, 0, 4, 80.81
2026/09/06 06:03:35.277, 0, 0, 812, 120.29
2026/09/06 06:03:35.279, 1, 0, 4, 80.89
2026/09/06 06:03:36.280, 0, 0, 812, 120.26
2026/09/06 06:03:36.283, 1, 0, 4, 80.83
2026/09/06 06:03:37.286, 0, 0, 812, 120.24
2026/09/06 06:03:37.289, 1, 0, 4, 80.95
2026/09/06 06:03:38.290, 0, 0, 812, 120.29
2026/09/06 06:03:38.292, 1, 0, 4, 80.81
2026/09/06 06:03:39.294, 0, 0, 812, 120.28
2026/09/06 06:03:39.296, 1, 0, 4, 80.89
2026/09/06 06:03:40.298, 0, 0, 812, 120.30
2026/09/06 06:03:40.300, 1, 0, 4, 80.85
2026/09/06 06:03:41.302, 0, 0, 812, 120.29
2026/09/06 06:03:41.304, 1, 0, 4, 80.94
2026/09/06 06:03:42.306, 0, 0, 812, 120.26
2026/09/06 06:03:42.308, 1, 0, 4, 80.85
2026/09/06 06:03:43.310, 0, 0, 812, 120.46
2026/09/06 06:03:43.312, 1, 0, 4, 80.89
2026/09/06 06:03:44.314, 0, 0, 812, 120.26
2026/09/06 06:03:44.316, 1, 0, 4, 80.90
2026/09/06 06:03:45.318, 0, 0, 812, 120.27
2026/09/06 06:03:45.321, 1, 0, 4, 80.88
2026/09/06 06:03:46.323, 0, 0, 812, 120.29
2026/09/06 06:03:46.325, 1, 0, 4, 80.97
2026/09/06 06:03:47.326, 0, 0, 812, 120.38
2026/09/06 06:03:47.328, 1, 0, 4, 80.94
2026/09/06 06:03:48.331, 0, 0, 812, 120.38
2026/09/06 06:03:48.333, 1, 0, 4, 80.85
2026/09/06 06:03:49.335, 0, 0, 812, 120.36
2026/09/06 06:03:49.337, 1, 0, 4, 80.97
2026/09/06 06:03:50.339, 0, 0, 812, 120.52
2026/09/06 06:03:50.341, 1, 0, 4, 80.87
2026/09/06 06:03:51.343, 0, 0, 812, 120.36
2026/09/06 06:03:51.345, 1, 0, 4, 80.82
2026/09/06 06:03:52.347, 0, 0, 812, 120.56
2026/09/06 06:03:52.349, 1, 0, 724, 115.39
2026/09/06 06:03:53.352, 0, 0, 812, 120.51
2026/09/06 06:03:53.353, 1, 0, 724, 122.72
2026/09/06 06:03:54.356, 0, 0, 812, 120.53
2026/09/06 06:03:54.357, 1, 0, 9552, 123.00
2026/09/06 06:03:55.359, 0, 0, 812, 120.45
2026/09/06 06:03:55.362, 1, 5, 9552, 123.08
2026/09/06 06:03:56.365, 0, 0, 812, 120.51
2026/09/06 06:03:56.367, 1, 9, 9552, 123.89
2026/09/06 06:03:57.370, 0, 0, 812, 120.52
2026/09/06 06:03:57.372, 1, 10, 9552, 123.75
2026/09/06 06:03:58.376, 0, 0, 812, 120.59
2026/09/06 06:03:58.378, 1, 0, 9734, 123.42
2026/09/06 06:03:59.380, 0, 0, 812, 120.70
2026/09/06 06:03:59.383, 1, 0, 107838, 131.60
2026/09/06 06:04:00.385, 0, 0, 812, 120.71
2026/09/06 06:04:00.387, 1, 0, 107840, 123.17
2026/09/06 06:04:01.388, 0, 0, 812, 120.58
2026/09/06 06:04:01.390, 1, 0, 107842, 123.25
2026/09/06 06:04:02.392, 0, 0, 812, 120.75
2026/09/06 06:04:02.393, 1, 0, 107908, 123.17
2026/09/06 06:04:03.396, 0, 0, 812, 120.75
2026/09/06 06:04:03.398, 1, 0, 107908, 123.22
2026/09/06 06:04:04.399, 0, 0, 812, 120.72
2026/09/06 06:04:04.401, 1, 0, 107908, 123.25
2026/09/06 06:04:05.403, 0, 0, 812, 120.54
2026/09/06 06:04:05.405, 1, 0, 107908, 123.21
2026/09/06 06:04:06.409, 0, 0, 812, 120.62
2026/09/06 06:04:06.411, 1, 0, 107908, 123.35
2026/09/06 06:04:07.413, 0, 0, 812, 120.54
2026/09/06 06:04:07.415, 1, 0, 107908, 123.15
2026/09/06 06:04:08.418, 0, 0, 812, 120.50
2026/09/06 06:04:08.420, 1, 0, 107908, 123.10
2026/09/06 06:04:09.421, 0, 0, 812, 120.38
2026/09/06 06:04:09.423, 1, 0, 107908, 123.08
2026/09/06 06:04:10.425, 0, 0, 812, 120.34
2026/09/06 06:04:10.427, 1, 0, 107908, 123.02
2026/09/06 06:04:11.430, 0, 0, 812, 120.27
2026/09/06 06:04:11.432, 1, 0, 107908, 123.00
2026/09/06 06:04:12.434, 0, 0, 812, 120.22
2026/09/06 06:04:12.436, 1, 0, 107908, 123.07
2026/09/06 06:04:13.438, 0, 0, 812, 120.20
2026/09/06 06:04:13.441, 1, 0, 107908, 123.00
2026/09/06 06:04:14.442, 0, 0, 812, 120.11
2026/09/06 06:04:14.445, 1, 0, 107908, 123.01
2026/09/06 06:04:15.447, 0, 0, 812, 120.12
2026/09/06 06:04:15.450, 1, 0, 107908, 122.94
2026/09/06 06:04:16.453, 0, 0, 812, 120.05
2026/09/06 06:04:16.454, 1, 0, 107908, 122.83
2026/09/06 06:04:17.458, 0, 0, 812, 119.97
2026/09/06 06:04:17.460, 1, 0, 107908, 122.71
2026/09/06 06:04:18.462, 0, 0, 812, 119.91
2026/09/06 06:04:18.463, 1, 8, 107932, 124.82
2026/09/06 06:04:19.465, 0, 0, 812, 119.97
2026/09/06 06:04:19.467, 1, 0, 107936, 132.19
2026/09/06 06:04:20.470, 0, 0, 812, 120.01
2026/09/06 06:04:20.471, 1, 0, 107938, 124.85
2026/09/06 06:04:21.474, 0, 0, 812, 120.04
2026/09/06 06:04:21.476, 1, 0, 107938, 122.93
2026/09/06 06:04:22.478, 0, 0, 812, 120.05
2026/09/06 06:04:22.480, 1, 0, 107938, 122.97
2026/09/06 06:04:23.482, 0, 0, 812, 119.89
2026/09/06 06:04:23.484, 1, 0, 107974, 123.00
2026/09/06 06:04:24.486, 0, 0, 812, 119.85
2026/09/06 06:04:24.488, 1, 0, 107974, 122.96
2026/09/06 06:04:25.489, 0, 0, 812, 119.84
2026/09/06 06:04:25.491, 1, 0, 107974, 122.83
2026/09/06 06:04:26.494, 0, 0, 812, 119.95
2026/09/06 06:04:26.496, 1, 0, 107974, 123.05
2026/09/06 06:04:27.499, 0, 0, 812, 119.92
2026/09/06 06:04:27.501, 1, 0, 108230, 145.59
2026/09/06 06:04:28.503, 0, 0, 812, 120.00
2026/09/06 06:04:28.504, 1, 0, 108230, 123.15
2026/09/06 06:04:29.506, 0, 0, 812, 120.04
2026/09/06 06:04:29.508, 1, 0, 108230, 147.89
2026/09/06 06:04:30.511, 0, 0, 812, 119.97
2026/09/06 06:04:30.513, 1, 0, 108230, 146.24
2026/09/06 06:04:31.514, 0, 0, 812, 119.90
2026/09/06 06:04:31.516, 1, 0, 108230, 123.25
2026/09/06 06:04:32.519, 0, 0, 812, 120.05
2026/09/06 06:04:32.520, 1, 0, 108230, 145.08
2026/09/06 06:04:33.522, 0, 0, 812, 120.08
2026/09/06 06:04:33.525, 1, 0, 108230, 148.00
2026/09/06 06:04:34.526, 0, 0, 812, 120.00
2026/09/06 06:04:34.528, 1, 0, 108230, 132.23
2026/09/06 06:04:35.530, 0, 0, 812, 120.04
2026/09/06 06:04:35.532, 1, 0, 108230, 145.05
2026/09/06 06:04:36.534, 0, 0, 812, 120.03
2026/09/06 06:04:36.536, 1, 0, 108230, 123.33
2026/09/06 06:04:37.538, 0, 0, 812, 120.23
2026/09/06 06:04:37.540, 1, 0, 108230, 124.23
2026/09/06 06:04:38.542, 0, 0, 812, 120.04
2026/09/06 06:04:38.544, 1, 0, 108230, 123.32
2026/09/06 06:04:39.546, 0, 0, 812, 120.10
2026/09/06 06:04:39.548, 1, 0, 108230, 123.26
2026/09/06 06:04:40.550, 0, 0, 812, 120.21
2026/09/06 06:04:40.551, 1, 0, 108230, 123.31
2026/09/06 06:04:41.553, 0, 0, 812, 120.15
2026/09/06 06:04:41.555, 1, 0, 108230, 123.33
2026/09/06 06:04:42.556, 0, 0, 812, 120.18
2026/09/06 06:04:42.559, 1, 3, 108244, 124.97
2026/09/06 06:04:43.561, 0, 0, 812, 120.24
2026/09/06 06:04:43.563, 1, 0, 108244, 123.46
2026/09/06 06:04:44.564, 0, 0, 812, 120.23
2026/09/06 06:04:44.566, 1, 0, 108244, 123.49
2026/09/06 06:04:45.569, 0, 0, 812, 120.21
2026/09/06 06:04:45.571, 1, 0, 108244, 123.40
2026/09/06 06:04:46.573, 0, 0, 812, 120.35
2026/09/06 06:04:46.576, 1, 0, 108244, 123.53
2026/09/06 06:04:47.577, 0, 0, 812, 120.27
2026/09/06 06:04:47.578, 1, 0, 108244, 123.55
2026/09/06 06:04:48.580, 0, 0, 812, 120.36
2026/09/06 06:04:48.581, 1, 0, 108244, 123.56
2026/09/06 06:04:49.583, 0, 0, 812, 120.24
2026/09/06 06:04:49.584, 1, 0, 108244, 123.57
2026/09/06 06:04:50.586, 0, 0, 812, 120.38
2026/09/06 06:04:50.588, 1, 0, 108244, 123.57
2026/09/06 06:04:51.590, 0, 0, 812, 120.33
2026/09/06 06:04:51.592, 1, 0, 108244, 123.56
2026/09/06 06:04:52.594, 0, 0, 812, 120.40
2026/09/06 06:04:52.596, 1, 0, 108244, 123.64
2026/09/06 06:04:53.597, 0, 0, 812, 120.40
2026/09/06 06:04:53.598, 1, 0, 108244, 123.63
2026/09/06 06:04:54.600, 0, 0, 812, 120.44
2026/09/06 06:04:54.602, 1, 0, 108244, 123.64
2026/09/06 06:04:55.606, 0, 0, 812, 120.56
2026/09/06 06:04:55.609, 1, 0, 108244, 123.71
2026/09/06 06:04:56.611, 0, 0, 812, 120.44
2026/09/06 06:04:56.613, 1, 0, 108244, 123.68
2026/09/06 06:04:57.614, 0, 0, 812, 120.47
2026/09/06 06:04:57.616, 1, 0, 108244, 123.65
2026/09/06 06:04:58.618, 0, 0, 812, 120.57
2026/09/06 06:04:58.620, 1, 0, 108244, 123.68
2026/09/06 06:04:59.622, 0, 0, 812, 120.39
2026/09/06 06:04:59.624, 1, 0, 108244, 123.66
2026/09/06 06:05:00.626, 0, 0, 812, 120.52
2026/09/06 06:05:00.628, 1, 0, 108244, 123.67
2026/09/06 06:05:01.629, 0, 0, 812, 120.52
2026/09/06 06:05:01.631, 1, 0, 108244, 123.70
2026/09/06 06:05:02.633, 0, 0, 812, 120.42
2026/09/06 06:05:02.635, 1, 0, 108244, 123.61
2026/09/06 06:05:03.636, 0, 0, 812, 120.46
2026/09/06 06:05:03.638, 1, 0, 108244, 123.55
2026/09/06 06:05:04.639, 0, 0, 812, 120.32
2026/09/06 06:05:04.641, 1, 0, 108244, 123.62
2026/09/06 06:05:05.643, 0, 0, 812, 120.36
2026/09/06 06:05:05.645, 1, 0, 108244, 123.53
2026/09/06 06:05:06.647, 0, 0, 812, 120.32
2026/09/06 06:05:06.648, 1, 0, 108244, 123.56
2026/09/06 06:05:07.650, 0, 0, 812, 120.43
2026/09/06 06:05:07.653, 1, 0, 108244, 123.56
2026/09/06 06:05:08.655, 0, 0, 812, 120.39
2026/09/06 06:05:08.656, 1, 0, 108244, 123.56
2026/09/06 06:05:09.658, 0, 0, 812, 120.37
2026/09/06 06:05:09.660, 1, 0, 108244, 123.53
2026/09/06 06:05:10.661, 0, 0, 812, 120.30
2026/09/06 06:05:10.663, 1, 0, 108244, 123.51
2026/09/06 06:05:11.665, 0, 0, 1335, 120.41
2026/09/06 06:05:11.667, 1, 0, 108244, 123.51
2026/09/06 06:05:12.669, 0, 0, 1335, 120.37
2026/09/06 06:05:12.671, 1, 0, 108244, 123.47
2026/09/06 06:05:13.674, 0, 0, 3257, 121.95
2026/09/06 06:05:13.676, 1, 0, 108244, 123.48
2026/09/06 06:05:14.678, 0, 0, 4007, 120.99
2026/09/06 06:05:14.680, 1, 0, 108244, 123.50
2026/09/06 06:05:15.682, 0, 0, 5099, 121.30
2026/09/06 06:05:15.685, 1, 0, 108244, 123.47
2026/09/06 06:05:16.689, 0, 0, 5849, 121.64
2026/09/06 06:05:16.691, 1, 0, 108244, 123.54
2026/09/06 06:05:17.693, 0, 0, 6805, 121.13
2026/09/06 06:05:17.695, 1, 0, 108244, 123.57
2026/09/06 06:05:18.703, 0, 0, 7213, 120.95
2026/09/06 06:05:18.705, 1, 0, 108244, 123.54
2026/09/06 06:05:19.706, 0, 11, 35603, 125.74
2026/09/06 06:05:19.710, 1, 0, 108244, 123.57
2026/09/06 06:05:20.713, 0, 10, 36217, 122.34
2026/09/06 06:05:20.714, 1, 0, 108244, 123.62
2026/09/06 06:05:21.716, 0, 0, 36221, 120.67
2026/09/06 06:05:21.719, 1, 0, 108244, 123.56
2026/09/06 06:05:22.720, 0, 4, 36221, 120.85
2026/09/06 06:05:22.722, 1, 0, 108244, 123.53
2026/09/06 06:05:23.723, 0, 3, 36221, 121.45
2026/09/06 06:05:23.725, 1, 0, 108244, 123.56
2026/09/06 06:05:24.726, 0, 4, 36221, 121.41
2026/09/06 06:05:24.728, 1, 0, 108244, 123.55
2026/09/06 06:05:25.729, 0, 3, 36221, 121.16
2026/09/06 06:05:25.731, 1, 0, 108244, 123.60
2026/09/06 06:05:26.732, 0, 6, 36221, 121.28
2026/09/06 06:05:26.734, 1, 0, 108244, 123.51
2026/09/06 06:05:27.736, 0, 3, 36221, 121.59
2026/09/06 06:05:27.737, 1, 0, 108244, 123.65
2026/09/06 06:05:28.739, 0, 3, 36221, 121.50
2026/09/06 06:05:28.740, 1, 0, 108244, 123.69
2026/09/06 06:05:29.742, 0, 2, 36221, 121.36
2026/09/06 06:05:29.744, 1, 0, 108244, 123.71
2026/09/06 06:05:30.746, 0, 3, 36221, 121.32
2026/09/06 06:05:30.747, 1, 0, 108244, 123.70
2026/09/06 06:05:31.756, 0, 3, 36221, 121.86
2026/09/06 06:05:31.758, 1, 0, 108244, 123.68
2026/09/06 06:05:32.760, 0, 3, 36221, 121.33
2026/09/06 06:05:32.762, 1, 0, 108244, 123.77
2026/09/06 06:05:33.764, 0, 5, 36221, 121.41
2026/09/06 06:05:33.765, 1, 0, 108244, 123.70
2026/09/06 06:05:34.767, 0, 4, 36221, 121.30
2026/09/06 06:05:34.769, 1, 0, 108244, 123.84
2026/09/06 06:05:35.772, 0, 2, 36221, 121.82
2026/09/06 06:05:35.774, 1, 0, 108244, 123.81
2026/09/06 06:05:36.775, 0, 4, 36221, 121.70
2026/09/06 06:05:36.777, 1, 0, 108244, 123.82
2026/09/06 06:05:37.779, 0, 10, 36221, 121.84
2026/09/06 06:05:37.781, 1, 0, 108244, 123.96
2026/09/06 06:05:38.783, 0, 0, 36221, 121.59
2026/09/06 06:05:38.785, 1, 0, 108244, 123.81
2026/09/06 06:05:39.787, 0, 0, 26183, 122.14
2026/09/06 06:05:39.790, 1, 0, 108244, 123.92
2026/09/06 06:05:40.791, 0, 4, 26183, 121.45
2026/09/06 06:05:40.793, 1, 0, 108244, 123.98
2026/09/06 06:05:41.795, 0, 4, 26183, 121.50
2026/09/06 06:05:41.798, 1, 0, 108244, 123.91
2026/09/06 06:05:42.799, 0, 5, 26183, 121.54
2026/09/06 06:05:42.806, 1, 0, 108244, 123.91
2026/09/06 06:05:43.807, 0, 4, 26183, 121.35
2026/09/06 06:05:43.810, 1, 0, 108244, 124.01
2026/09/06 06:05:44.811, 0, 7, 29063, 123.10
2026/09/06 06:05:44.813, 1, 0, 108244, 123.94
2026/09/06 06:05:45.815, 0, 8, 29063, 121.77
2026/09/06 06:05:45.817, 1, 0, 108244, 123.77
2026/09/06 06:05:46.819, 0, 8, 29063, 121.63
2026/09/06 06:05:46.822, 1, 0, 108244, 123.85
2026/09/06 06:05:47.824, 0, 7, 29063, 121.59
2026/09/06 06:05:47.826, 1, 0, 108244, 123.78
2026/09/06 06:05:48.828, 0, 8, 29063, 121.65
2026/09/06 06:05:48.830, 1, 0, 108244, 123.75
2026/09/06 06:05:49.831, 0, 8, 29063, 121.54
2026/09/06 06:05:49.833, 1, 0, 108244, 123.60
2026/09/06 06:05:50.835, 0, 8, 29063, 121.50
2026/09/06 06:05:50.837, 1, 0, 108244, 123.63
2026/09/06 06:05:51.839, 0, 0, 26183, 120.95
2026/09/06 06:05:51.841, 1, 0, 108244, 123.46
2026/09/06 06:05:52.842, 0, 0, 25665, 120.58
2026/09/06 06:05:52.844, 1, 0, 108244, 123.37
2026/09/06 06:05:53.846, 0, 0, 25665, 120.45
2026/09/06 06:05:53.895, 1, 0, 108244, 123.44
2026/09/06 06:05:54.913, 0, 0, 1611, 124.32
2026/09/06 06:05:54.921, 1, 0, 108244, 123.33
2026/09/06 06:05:55.924, 0, 0, 1611, 120.44
2026/09/06 06:05:55.926, 1, 0, 108244, 123.36
2026/09/06 06:05:56.928, 0, 0, 1611, 120.44
2026/09/06 06:05:56.929, 1, 0, 108244, 123.30
2026/09/06 06:05:57.931, 0, 28, 25679, 121.74
2026/09/06 06:05:57.933, 1, 1, 109202, 123.40
2026/09/06 06:05:58.934, 0, 13, 26541, 127.79
2026/09/06 06:05:58.936, 1, 73, 110102, 135.28
2026/09/06 06:05:59.937, 0, 6, 1801, 124.63
2026/09/06 06:05:59.939, 1, 0, 108278, 131.81
2026/09/06 06:06:00.941, 0, 0, 1801, 122.24
2026/09/06 06:06:00.943, 1, 0, 108278, 123.37
2026/09/06 06:06:01.945, 0, 0, 1801, 120.26
2026/09/06 06:06:01.946, 1, 0, 108300, 123.35
2026/09/06 06:06:02.948, 0, 0, 1801, 120.27
2026/09/06 06:06:02.949, 1, 0, 108324, 123.52
2026/09/06 06:06:03.951, 0, 0, 1801, 120.27
2026/09/06 06:06:03.953, 1, 67, 108546, 171.46
2026/09/06 06:06:04.954, 0, 0, 1801, 120.14
2026/09/06 06:06:04.956, 1, 70, 108546, 288.67
2026/09/06 06:06:05.957, 0, 0, 1801, 120.23
2026/09/06 06:06:05.959, 1, 69, 108546, 290.36
2026/09/06 06:06:06.960, 0, 0, 1801, 120.22
2026/09/06 06:06:06.961, 1, 69, 108546, 288.71
2026/09/06 06:06:07.963, 0, 0, 1801, 120.18
2026/09/06 06:06:07.965, 1, 68, 108546, 291.86
2026/09/06 06:06:08.966, 0, 0, 1801, 120.17
2026/09/06 06:06:08.968, 1, 70, 108546, 285.92
2026/09/06 06:06:09.970, 0, 0, 1801, 120.20
2026/09/06 06:06:09.972, 1, 66, 108546, 291.22
2026/09/06 06:06:10.974, 0, 0, 1801, 120.17
2026/09/06 06:06:10.975, 1, 70, 108546, 286.88
2026/09/06 06:06:11.977, 0, 0, 1801, 120.04
2026/09/06 06:06:11.979, 1, 64, 108546, 287.63
2026/09/06 06:06:12.980, 0, 0, 1801, 120.07
2026/09/06 06:06:12.982, 1, 64, 108546, 280.90
2026/09/06 06:06:13.985, 0, 0, 1801, 119.98
2026/09/06 06:06:13.986, 1, 66, 108546, 285.56
2026/09/06 06:06:14.987, 0, 0, 1801, 120.12
2026/09/06 06:06:14.994, 1, 68, 108546, 283.64
2026/09/06 06:06:15.996, 0, 0, 1801, 120.09
2026/09/06 06:06:15.998, 1, 63, 108546, 285.25
2026/09/06 06:06:16.999, 0, 0, 1801, 120.04
2026/09/06 06:06:17.002, 1, 60, 108546, 278.74
2026/09/06 06:06:18.006, 0, 0, 1801, 119.96
2026/09/06 06:06:18.007, 1, 62, 108546, 279.24
2026/09/06 06:06:19.010, 0, 0, 1801, 119.98
2026/09/06 06:06:19.012, 1, 65, 108546, 279.96
2026/09/06 06:06:20.015, 0, 0, 1801, 119.94
2026/09/06 06:06:20.017, 1, 64, 108546, 280.88
2026/09/06 06:06:21.019, 0, 0, 1801, 119.99
2026/09/06 06:06:21.021, 1, 66, 108546, 286.01
2026/09/06 06:06:22.022, 0, 0, 1801, 119.90
2026/09/06 06:06:22.025, 1, 67, 108546, 288.27
2026/09/06 06:06:23.028, 0, 0, 1801, 119.93
2026/09/06 06:06:23.030, 1, 69, 108546, 291.42
2026/09/06 06:06:24.033, 0, 0, 1801, 120.00
2026/09/06 06:06:24.038, 1, 64, 108546, 287.03
2026/09/06 06:06:25.039, 0, 0, 1801, 119.95
2026/09/06 06:06:25.041, 1, 68, 108546, 288.32
2026/09/06 06:06:26.043, 0, 0, 1801, 119.89
2026/09/06 06:06:26.045, 1, 65, 108546, 288.12
2026/09/06 06:06:27.046, 0, 0, 1801, 119.99
2026/09/06 06:06:27.047, 1, 68, 108546, 291.17
2026/09/06 06:06:28.049, 0, 0, 1801, 119.77
2026/09/06 06:06:28.050, 1, 0, 108642, 191.83
2026/09/06 06:06:29.052, 0, 0, 1801, 120.07
2026/09/06 06:06:29.053, 1, 67, 108642, 290.16
2026/09/06 06:06:30.055, 0, 0, 1801, 119.86
2026/09/06 06:06:30.057, 1, 68, 108642, 292.47
2026/09/06 06:06:31.058, 0, 0, 1801, 119.95
2026/09/06 06:06:31.060, 1, 67, 108642, 297.10
2026/09/06 06:06:32.061, 0, 0, 1801, 120.01
2026/09/06 06:06:32.062, 1, 63, 108642, 297.44
2026/09/06 06:06:33.064, 0, 0, 1801, 120.00
2026/09/06 06:06:33.066, 1, 67, 108642, 298.29
2026/09/06 06:06:34.067, 0, 0, 1801, 120.12
2026/09/06 06:06:34.069, 1, 70, 108642, 300.68
2026/09/06 06:06:35.070, 0, 0, 1801, 120.03
2026/09/06 06:06:35.071, 1, 67, 108642, 294.77
2026/09/06 06:06:36.073, 0, 0, 1801, 120.11
2026/09/06 06:06:36.074, 1, 67, 108642, 298.35
2026/09/06 06:06:37.076, 0, 0, 1801, 120.06
2026/09/06 06:06:37.077, 1, 65, 108642, 299.00
2026/09/06 06:06:38.079, 0, 0, 1801, 120.11
2026/09/06 06:06:38.080, 1, 66, 108642, 300.62
2026/09/06 06:06:39.081, 0, 0, 1801, 120.26
2026/09/06 06:06:39.083, 1, 67, 108642, 297.14
2026/09/06 06:06:40.084, 0, 0, 1801, 120.11
2026/09/06 06:06:40.086, 1, 0, 108644, 267.40
2026/09/06 06:06:41.087, 0, 0, 1801, 120.32
2026/09/06 06:06:41.089, 1, 67, 108644, 298.90
2026/09/06 06:06:42.090, 0, 0, 1801, 120.26
2026/09/06 06:06:42.092, 1, 67, 108644, 299.50
2026/09/06 06:06:43.094, 0, 0, 1801, 120.32
2026/09/06 06:06:43.095, 1, 68, 108644, 301.06
2026/09/06 06:06:44.097, 0, 0, 1801, 120.29
2026/09/06 06:06:44.098, 1, 67, 108644, 298.94
2026/09/06 06:06:45.100, 0, 0, 1801, 120.36
2026/09/06 06:06:45.101, 1, 65, 108644, 301.22
2026/09/06 06:06:46.102, 0, 0, 1801, 120.51
2026/09/06 06:06:46.104, 1, 69, 108644, 299.27
2026/09/06 06:06:47.105, 0, 0, 1801, 121.02
2026/09/06 06:06:47.107, 1, 66, 108644, 302.78
2026/09/06 06:06:48.108, 0, 0, 1801, 121.10
2026/09/06 06:06:48.110, 1, 70, 108644, 300.99
2026/09/06 06:06:49.111, 0, 0, 1801, 120.83
2026/09/06 06:06:49.112, 1, 68, 108644, 304.93
2026/09/06 06:06:50.113, 0, 0, 1801, 120.41
2026/09/06 06:06:50.115, 1, 70, 108644, 303.58
2026/09/06 06:06:51.116, 0, 0, 1801, 120.50
2026/09/06 06:06:51.118, 1, 67, 108644, 305.11
2026/09/06 06:06:52.120, 0, 0, 1801, 120.51
2026/09/06 06:06:52.121, 1, 71, 108644, 310.34
2026/09/06 06:06:53.123, 0, 0, 1801, 120.39
2026/09/06 06:06:53.124, 1, 69, 108644, 311.07
2026/09/06 06:06:54.126, 0, 0, 1801, 120.45
2026/09/06 06:06:54.128, 1, 66, 108644, 307.42
2026/09/06 06:06:55.129, 0, 0, 1801, 120.44
2026/09/06 06:06:55.132, 1, 68, 108644, 302.19
2026/09/06 06:06:56.134, 0, 0, 1801, 120.41
2026/09/06 06:06:56.136, 1, 0, 108644, 241.61
2026/09/06 06:06:57.137, 0, 82, 25857, 121.99
2026/09/06 06:06:57.139, 1, 50, 108658, 185.99
2026/09/06 06:06:58.141, 0, 0, 26169, 120.90
2026/09/06 06:06:58.143, 1, 70, 108658, 304.02
2026/09/06 06:06:59.145, 0, 5, 26425, 161.51
2026/09/06 06:06:59.146, 1, 68, 108658, 306.75
2026/09/06 06:07:00.148, 0, 39, 26425, 278.13
2026/09/06 06:07:00.151, 1, 69, 108658, 308.10
2026/09/06 06:07:01.153, 0, 49, 26425, 293.40
2026/09/06 06:07:01.156, 1, 68, 108658, 306.39
2026/09/06 06:07:02.157, 0, 86, 26425, 253.05
2026/09/06 06:07:02.161, 1, 69, 108658, 308.58
2026/09/06 06:07:03.164, 0, 0, 26425, 204.88
2026/09/06 06:07:03.165, 1, 67, 108658, 316.22
2026/09/06 06:07:04.167, 0, 41, 26429, 243.31
2026/09/06 06:07:04.169, 1, 71, 108658, 308.10
2026/09/06 06:07:05.173, 0, 0, 26685, 192.15
2026/09/06 06:07:05.174, 1, 68, 108658, 307.85
2026/09/06 06:07:06.176, 0, 0, 26685, 191.75
2026/09/06 06:07:06.178, 1, 68, 108658, 310.57
2026/09/06 06:07:07.181, 0, 0, 26685, 121.81
2026/09/06 06:07:07.183, 1, 69, 108658, 312.64
2026/09/06 06:07:08.185, 0, 23, 27089, 236.50
2026/09/06 06:07:08.187, 1, 69, 108658, 307.79
2026/09/06 06:07:09.189, 0, 68, 27089, 211.98
2026/09/06 06:07:09.191, 1, 70, 108658, 307.41
2026/09/06 06:07:10.194, 0, 4, 27089, 250.57
2026/09/06 06:07:10.196, 1, 67, 108658, 305.70
2026/09/06 06:07:11.200, 0, 59, 27089, 265.27
2026/09/06 06:07:11.202, 1, 66, 108658, 281.12
2026/09/06 06:07:12.203, 0, 100, 27089, 262.74
2026/09/06 06:07:12.207, 1, 71, 108658, 317.68
2026/09/06 06:07:13.210, 0, 91, 27089, 273.40
2026/09/06 06:07:13.212, 1, 70, 108658, 316.79
2026/09/06 06:07:14.213, 0, 0, 27089, 239.80
2026/09/06 06:07:14.215, 1, 70, 108658, 310.58
2026/09/06 06:07:15.216, 0, 75, 27089, 181.71
2026/09/06 06:07:15.218, 1, 68, 108658, 322.68
2026/09/06 06:07:16.219, 0, 58, 27089, 206.70
2026/09/06 06:07:16.227, 1, 67, 108658, 314.95
2026/09/06 06:07:17.228, 0, 0, 27089, 191.42
2026/09/06 06:07:17.230, 1, 68, 108658, 316.43
2026/09/06 06:07:18.232, 0, 0, 27089, 229.89
2026/09/06 06:07:18.233, 1, 66, 108658, 321.16
2026/09/06 06:07:19.236, 0, 0, 27089, 193.34
2026/09/06 06:07:19.237, 1, 68, 108658, 316.43
2026/09/06 06:07:20.240, 0, 0, 27089, 193.10
2026/09/06 06:07:20.241, 1, 66, 108658, 320.95
2026/09/06 06:07:21.243, 0, 70, 27089, 232.83
2026/09/06 06:07:21.245, 1, 69, 108658, 289.11
2026/09/06 06:07:22.246, 0, 0, 27089, 197.65
2026/09/06 06:07:22.247, 1, 70, 108658, 322.78
2026/09/06 06:07:23.249, 0, 0, 27089, 192.73
2026/09/06 06:07:23.251, 1, 67, 108658, 314.23
2026/09/06 06:07:24.253, 0, 0, 27089, 193.03
2026/09/06 06:07:24.254, 1, 66, 108658, 317.23
2026/09/06 06:07:25.256, 0, 13, 27089, 232.80
2026/09/06 06:07:25.258, 1, 68, 108658, 319.69
2026/09/06 06:07:26.259, 0, 0, 27089, 201.17
2026/09/06 06:07:26.261, 1, 68, 108658, 319.00
2026/09/06 06:07:27.272, 0, 0, 27089, 122.68
2026/09/06 06:07:27.273, 1, 69, 108658, 324.09
2026/09/06 06:07:28.275, 0, 0, 27089, 148.46
2026/09/06 06:07:28.277, 1, 64, 108658, 323.23
2026/09/06 06:07:29.279, 0, 0, 27089, 149.43
2026/09/06 06:07:29.280, 1, 70, 108658, 321.46
2026/09/06 06:07:30.282, 0, 0, 27089, 148.08
2026/09/06 06:07:30.284, 1, 70, 108658, 320.36
2026/09/06 06:07:31.286, 0, 0, 27089, 148.68
2026/09/06 06:07:31.288, 1, 70, 108658, 326.15
2026/09/06 06:07:32.289, 0, 47, 27089, 167.89
2026/09/06 06:07:32.291, 1, 69, 108658, 323.78
2026/09/06 06:07:33.294, 0, 0, 27089, 145.69
2026/09/06 06:07:33.295, 1, 70, 108658, 329.73
2026/09/06 06:07:34.296, 0, 0, 27089, 153.82
2026/09/06 06:07:34.298, 1, 69, 108658, 326.30
2026/09/06 06:07:35.300, 0, 0, 27089, 165.49
2026/09/06 06:07:35.301, 1, 69, 108658, 327.90
2026/09/06 06:07:36.303, 0, 78, 27089, 173.18
2026/09/06 06:07:36.305, 1, 71, 108658, 324.96
2026/09/06 06:07:37.306, 0, 0, 27089, 163.97
2026/09/06 06:07:37.308, 1, 69, 108658, 328.84
2026/09/06 06:07:38.310, 0, 96, 27089, 206.53
2026/09/06 06:07:38.312, 1, 69, 108658, 295.86
2026/09/06 06:07:39.314, 0, 5, 27089, 207.56
2026/09/06 06:07:39.315, 1, 70, 108658, 327.40
2026/09/06 06:07:40.318, 0, 1, 27089, 247.38
2026/09/06 06:07:40.320, 1, 71, 108658, 333.58
2026/09/06 06:07:41.321, 0, 0, 27089, 166.84
2026/09/06 06:07:41.323, 1, 71, 108658, 328.62
2026/09/06 06:07:42.326, 0, 0, 27089, 163.69
2026/09/06 06:07:42.327, 1, 73, 108658, 335.23
2026/09/06 06:07:43.328, 0, 59, 27089, 141.88
2026/09/06 06:07:43.330, 1, 72, 108658, 329.82
2026/09/06 06:07:44.332, 0, 0, 27089, 173.04
2026/09/06 06:07:44.334, 1, 69, 108658, 330.45
2026/09/06 06:07:45.336, 0, 0, 27089, 151.61
2026/09/06 06:07:45.338, 1, 70, 108658, 328.52
2026/09/06 06:07:46.339, 0, 0, 27089, 171.85
2026/09/06 06:07:46.341, 1, 70, 108658, 330.59
2026/09/06 06:07:47.343, 0, 0, 27089, 162.50
2026/09/06 06:07:47.345, 1, 69, 108658, 329.90
2026/09/06 06:07:48.352, 0, 16, 27089, 212.37
2026/09/06 06:07:48.355, 1, 67, 108658, 332.95
2026/09/06 06:07:49.357, 0, 0, 27089, 169.73
2026/09/06 06:07:49.359, 1, 68, 108658, 335.13
2026/09/06 06:07:50.362, 0, 37, 27089, 213.90
2026/09/06 06:07:50.363, 1, 70, 108658, 334.29
2026/09/06 06:07:51.366, 0, 0, 27089, 168.22
2026/09/06 06:07:51.374, 1, 70, 108658, 336.24
2026/09/06 06:07:52.378, 0, 68, 27345, 219.58
2026/09/06 06:07:52.380, 1, 71, 108658, 335.67
2026/09/06 06:07:53.381, 0, 0, 27345, 177.45
2026/09/06 06:07:53.383, 1, 66, 108658, 337.74
2026/09/06 06:07:54.385, 0, 29, 27345, 245.04
2026/09/06 06:07:54.387, 1, 70, 108658, 337.83
2026/09/06 06:07:55.388, 0, 0, 27345, 251.04
2026/09/06 06:07:55.390, 1, 71, 108658, 333.78
2026/09/06 06:07:56.392, 0, 43, 27345, 232.99
2026/09/06 06:07:56.393, 1, 71, 108658, 332.71
2026/09/06 06:07:57.395, 0, 0, 27345, 144.77
2026/09/06 06:07:57.396, 1, 69, 108658, 341.57
2026/09/06 06:07:58.398, 0, 0, 27345, 122.67
2026/09/06 06:07:58.400, 1, 62, 108658, 330.16
2026/09/06 06:07:59.401, 0, 0, 27345, 123.72
2026/09/06 06:07:59.403, 1, 69, 108658, 336.23
2026/09/06 06:08:00.404, 0, 18, 27347, 152.48
2026/09/06 06:08:00.406, 1, 71, 108658, 305.52
2026/09/06 06:08:01.407, 0, 16, 27347, 172.56
2026/09/06 06:08:01.409, 1, 70, 108658, 332.81
2026/09/06 06:08:02.411, 0, 13, 27347, 142.99
2026/09/06 06:08:02.413, 1, 71, 108658, 341.12
2026/09/06 06:08:03.414, 0, 0, 27347, 164.87
2026/09/06 06:08:03.415, 1, 69, 108658, 337.66
2026/09/06 06:08:04.416, 0, 16, 27347, 236.74
2026/09/06 06:08:04.418, 1, 72, 108658, 340.50
2026/09/06 06:08:05.421, 0, 21, 27347, 251.35
2026/09/06 06:08:05.422, 1, 73, 108658, 341.40
2026/09/06 06:08:06.424, 0, 7, 27347, 237.24
2026/09/06 06:08:06.426, 1, 70, 108658, 346.61
2026/09/06 06:08:07.427, 0, 0, 27347, 223.91
2026/09/06 06:08:07.429, 1, 69, 108658, 344.60
2026/09/06 06:08:08.431, 0, 100, 27347, 225.99
2026/09/06 06:08:08.433, 1, 70, 108658, 345.80
2026/09/06 06:08:09.435, 0, 0, 27347, 185.79
2026/09/06 06:08:09.437, 1, 72, 108658, 344.18
2026/09/06 06:08:10.438, 0, 29, 27347, 199.21
2026/09/06 06:08:10.440, 1, 71, 108658, 343.26
2026/09/06 06:08:11.441, 0, 0, 27347, 136.69
2026/09/06 06:08:11.443, 1, 72, 108658, 346.73
2026/09/06 06:08:12.446, 0, 44, 27347, 199.67
2026/09/06 06:08:12.448, 1, 70, 108658, 347.01
2026/09/06 06:08:13.450, 0, 0, 27347, 193.29
2026/09/06 06:08:13.452, 1, 69, 108658, 352.24
2026/09/06 06:08:14.454, 0, 20, 27347, 230.09
2026/09/06 06:08:14.456, 1, 69, 108658, 346.31
2026/09/06 06:08:15.458, 0, 59, 27347, 241.74
2026/09/06 06:08:16.589, 1, 72, 108658, 345.11
2026/09/06 06:08:17.594, 0, 32, 27347, 249.47
2026/09/06 06:08:17.629, 1, 71, 108658, 345.12
2026/09/06 06:08:18.631, 0, 0, 27347, 191.75
2026/09/06 06:08:18.632, 1, 69, 108658, 349.37
2026/09/06 06:08:19.634, 0, 62, 27347, 247.46
2026/09/06 06:08:19.636, 1, 70, 108658, 351.18
2026/09/06 06:08:20.638, 0, 13, 27347, 166.74
2026/09/06 06:08:20.639, 1, 70, 108658, 342.88
2026/09/06 06:08:21.641, 0, 0, 27347, 186.07
2026/09/06 06:08:21.645, 1, 69, 108658, 337.79
2026/09/06 06:08:22.646, 0, 0, 27861, 173.01
2026/09/06 06:08:22.650, 1, 67, 108658, 344.07
2026/09/06 06:08:23.651, 0, 0, 27861, 127.11
2026/09/06 06:08:23.653, 1, 70, 108658, 337.45
2026/09/06 06:08:24.655, 0, 0, 28165, 158.10
2026/09/06 06:08:24.658, 1, 68, 108658, 342.37
2026/09/06 06:08:25.659, 0, 0, 28165, 123.24
2026/09/06 06:08:25.661, 1, 67, 108658, 338.00
2026/09/06 06:08:26.663, 0, 0, 28273, 129.48
2026/09/06 06:08:26.665, 1, 67, 108658, 333.83
2026/09/06 06:08:27.666, 0, 0, 28319, 122.50
2026/09/06 06:08:27.668, 1, 69, 108658, 338.47
2026/09/06 06:08:28.670, 0, 0, 28853, 153.90
2026/09/06 06:08:28.672, 1, 68, 108658, 339.81
2026/09/06 06:08:29.674, 0, 90, 29109, 236.84
2026/09/06 06:08:29.676, 1, 71, 108658, 341.81
2026/09/06 06:08:30.678, 0, 0, 29109, 242.77
2026/09/06 06:08:30.680, 1, 71, 108658, 343.67
2026/09/06 06:08:31.682, 0, 41, 29109, 161.32
2026/09/06 06:08:31.684, 1, 0, 108660, 305.65
2026/09/06 06:08:32.685, 0, 0, 29109, 211.79
2026/09/06 06:08:32.687, 1, 72, 108660, 338.93
2026/09/06 06:08:33.689, 0, 87, 29109, 163.55
2026/09/06 06:08:33.691, 1, 69, 108660, 343.16
2026/09/06 06:08:34.693, 0, 0, 29109, 163.73
2026/09/06 06:08:34.695, 1, 68, 108660, 341.20
2026/09/06 06:08:35.697, 0, 0, 29109, 197.21
2026/09/06 06:08:35.699, 1, 68, 108660, 344.99
2026/09/06 06:08:36.700, 0, 0, 29109, 199.98
2026/09/06 06:08:36.702, 1, 70, 108660, 345.25
2026/09/06 06:08:37.704, 0, 0, 29109, 146.48
2026/09/06 06:08:37.706, 1, 68, 108660, 336.00
2026/09/06 06:08:38.707, 0, 0, 29109, 122.42
2026/09/06 06:08:38.709, 1, 70, 108660, 343.37
2026/09/06 06:08:39.711, 0, 99, 29109, 147.23
2026/09/06 06:08:39.712, 1, 68, 108660, 344.89
2026/09/06 06:08:40.714, 0, 0, 29109, 122.28
2026/09/06 06:08:40.724, 1, 73, 108660, 344.76
2026/09/06 06:08:41.727, 0, 0, 29109, 152.57
2026/09/06 06:08:41.729, 1, 72, 108660, 341.06
2026/09/06 06:08:42.731, 0, 0, 29109, 122.35
2026/09/06 06:08:42.733, 1, 66, 108660, 341.61
2026/09/06 06:08:43.735, 0, 0, 29109, 146.69
2026/09/06 06:08:43.738, 1, 67, 108660, 337.40
2026/09/06 06:08:44.740, 0, 0, 29109, 155.43
2026/09/06 06:08:44.742, 1, 68, 108660, 345.27
2026/09/06 06:08:45.743, 0, 0, 29109, 122.07
2026/09/06 06:08:45.745, 1, 71, 108660, 345.36
2026/09/06 06:08:46.747, 0, 0, 29109, 166.09
2026/09/06 06:08:46.749, 1, 70, 108660, 348.31
2026/09/06 06:08:47.750, 0, 0, 29109, 174.47
2026/09/06 06:08:47.752, 1, 68, 108660, 331.42
2026/09/06 06:08:48.753, 0, 0, 29109, 122.20
2026/09/06 06:08:48.758, 1, 69, 108660, 328.51
2026/09/06 06:08:49.761, 0, 0, 29109, 167.46
2026/09/06 06:08:49.762, 1, 68, 108660, 319.02
2026/09/06 06:08:50.764, 0, 0, 29109, 164.32
2026/09/06 06:08:50.767, 1, 67, 108660, 326.31
2026/09/06 06:08:51.769, 0, 0, 29109, 165.57
2026/09/06 06:08:51.771, 1, 70, 108660, 328.55
2026/09/06 06:08:52.773, 0, 18, 29109, 210.91
2026/09/06 06:08:52.776, 1, 70, 108660, 325.52
2026/09/06 06:08:53.778, 0, 0, 29109, 122.40
2026/09/06 06:08:53.780, 1, 72, 108660, 328.41
2026/09/06 06:08:54.781, 0, 0, 29109, 121.87
2026/09/06 06:08:54.784, 1, 68, 108660, 333.04
2026/09/06 06:08:55.787, 0, 0, 29109, 121.72
2026/09/06 06:08:55.789, 1, 69, 108660, 333.71
2026/09/06 06:08:56.791, 0, 0, 29109, 121.51
2026/09/06 06:08:56.794, 1, 71, 108660, 290.22
2026/09/06 06:08:57.797, 0, 0, 29109, 121.43
2026/09/06 06:08:57.800, 1, 68, 108660, 331.19
2026/09/06 06:08:58.801, 0, 0, 29109, 121.29
2026/09/06 06:08:58.805, 1, 68, 108660, 329.22
2026/09/06 06:08:59.807, 0, 100, 34299, 168.95
2026/09/06 06:08:59.810, 1, 68, 108660, 334.57
2026/09/06 06:09:00.811, 0, 0, 34299, 123.06
2026/09/06 06:09:00.814, 1, 68, 108660, 318.92
2026/09/06 06:09:01.817, 0, 0, 34299, 121.39
2026/09/06 06:09:01.820, 1, 67, 108660, 319.85
2026/09/06 06:09:02.821, 0, 0, 34299, 121.28
2026/09/06 06:09:02.828, 1, 69, 108660, 323.60
2026/09/06 06:09:03.830, 0, 0, 34299, 120.97
2026/09/06 06:09:03.832, 1, 69, 108660, 329.41
2026/09/06 06:09:04.834, 0, 0, 34299, 120.62
2026/09/06 06:09:04.836, 1, 70, 108660, 321.13
2026/09/06 06:09:05.837, 0, 0, 34299, 120.60
2026/09/06 06:09:05.839, 1, 69, 108660, 321.91
2026/09/06 06:09:06.841, 0, 0, 34299, 168.17
2026/09/06 06:09:06.842, 1, 69, 108660, 327.86
2026/09/06 06:09:07.845, 0, 0, 34299, 120.78
2026/09/06 06:09:07.846, 1, 69, 108660, 326.05
2026/09/06 06:09:08.848, 0, 0, 34299, 120.72
2026/09/06 06:09:08.850, 1, 70, 108660, 324.82
2026/09/06 06:09:09.851, 0, 0, 34299, 120.64
2026/09/06 06:09:09.853, 1, 67, 108660, 325.03
2026/09/06 06:09:10.854, 0, 0, 34299, 120.52
2026/09/06 06:09:10.855, 1, 69, 108660, 321.05
2026/09/06 06:09:11.857, 0, 0, 34299, 120.53
2026/09/06 06:09:11.858, 1, 70, 108660, 324.84
2026/09/06 06:09:12.860, 0, 96, 34301, 163.95
2026/09/06 06:09:12.862, 1, 71, 108660, 328.77
2026/09/06 06:09:13.865, 0, 0, 34301, 129.17
2026/09/06 06:09:13.867, 1, 67, 108660, 329.08
2026/09/06 06:09:14.868, 0, 3, 34301, 169.82
2026/09/06 06:09:14.870, 1, 68, 108660, 324.12
2026/09/06 06:09:15.872, 0, 0, 34301, 120.72
2026/09/06 06:09:15.873, 1, 67, 108660, 327.13
2026/09/06 06:09:16.875, 0, 0, 34301, 168.32
2026/09/06 06:09:16.876, 1, 69, 108660, 332.15
2026/09/06 06:09:17.878, 0, 0, 34301, 120.68
2026/09/06 06:09:17.879, 1, 69, 108660, 328.97
2026/09/06 06:09:18.881, 0, 0, 34301, 170.19
2026/09/06 06:09:18.884, 1, 68, 108660, 329.99
2026/09/06 06:09:19.885, 0, 0, 34301, 120.49
2026/09/06 06:09:19.888, 1, 70, 108660, 333.39
2026/09/06 06:09:20.891, 0, 0, 34301, 169.83
2026/09/06 06:09:20.892, 1, 69, 108660, 326.73
2026/09/06 06:09:21.894, 0, 0, 34301, 122.27
2026/09/06 06:09:21.896, 1, 69, 108660, 334.46
2026/09/06 06:09:22.897, 0, 0, 34301, 120.57
2026/09/06 06:09:22.899, 1, 70, 108660, 330.45
2026/09/06 06:09:23.901, 0, 0, 34301, 160.24
2026/09/06 06:09:23.902, 1, 68, 108660, 337.08
2026/09/06 06:09:24.904, 0, 0, 34301, 120.54
2026/09/06 06:09:24.906, 1, 69, 108660, 330.33
2026/09/06 06:09:25.908, 0, 0, 34301, 154.91
2026/09/06 06:09:25.909, 1, 70, 108660, 333.54
2026/09/06 06:09:26.911, 0, 0, 34301, 160.95
2026/09/06 06:09:26.913, 1, 71, 108660, 331.57
2026/09/06 06:09:27.914, 0, 0, 34301, 163.95
2026/09/06 06:09:27.916, 1, 71, 108660, 333.42
2026/09/06 06:09:28.917, 0, 1, 34303, 164.28
2026/09/06 06:09:28.919, 1, 67, 108660, 314.87
2026/09/06 06:09:29.920, 0, 79, 34303, 191.22
2026/09/06 06:09:29.922, 1, 69, 108660, 310.15
2026/09/06 06:09:30.924, 0, 26, 34303, 207.28
2026/09/06 06:09:30.926, 1, 67, 108660, 306.24
2026/09/06 06:09:31.927, 0, 0, 34303, 198.41
2026/09/06 06:09:31.929, 1, 65, 108660, 317.03
2026/09/06 06:09:32.931, 0, 0, 34303, 155.21
2026/09/06 06:09:32.932, 1, 67, 108660, 304.68
2026/09/06 06:09:33.934, 0, 0, 34303, 120.65
2026/09/06 06:09:33.935, 1, 69, 108660, 308.22
2026/09/06 06:09:34.937, 0, 0, 34303, 120.68
2026/09/06 06:09:34.939, 1, 67, 108660, 314.15
2026/09/06 06:09:35.941, 0, 9, 34303, 238.32
2026/09/06 06:09:35.942, 1, 69, 108660, 316.01
2026/09/06 06:09:36.944, 0, 0, 34303, 196.43
2026/09/06 06:09:36.946, 1, 66, 108660, 312.00
2026/09/06 06:09:37.947, 0, 0, 34303, 236.23
2026/09/06 06:09:37.949, 1, 70, 108660, 315.21
2026/09/06 06:09:38.951, 0, 0, 34303, 227.75
2026/09/06 06:09:38.953, 1, 68, 108660, 304.63
2026/09/06 06:09:39.954, 0, 0, 34303, 280.35
2026/09/06 06:09:39.955, 1, 69, 108660, 305.13
2026/09/06 06:09:40.957, 0, 10, 34303, 288.26
2026/09/06 06:09:40.959, 1, 69, 108660, 306.85
2026/09/06 06:09:41.961, 0, 0, 34303, 197.96
2026/09/06 06:09:41.962, 1, 69, 108660, 307.20
2026/09/06 06:09:42.964, 0, 0, 34303, 208.02
2026/09/06 06:09:42.965, 1, 69, 108660, 307.08
2026/09/06 06:09:43.966, 0, 100, 34303, 205.35
2026/09/06 06:09:43.968, 1, 68, 108660, 305.22
2026/09/06 06:09:44.969, 0, 0, 34303, 180.94
2026/09/06 06:09:44.971, 1, 69, 108660, 306.58
2026/09/06 06:09:45.973, 0, 26, 34303, 215.14
2026/09/06 06:09:45.975, 1, 70, 108660, 312.06
2026/09/06 06:09:46.977, 0, 74, 34303, 154.34
2026/09/06 06:09:46.980, 1, 69, 108660, 308.64
2026/09/06 06:09:47.983, 0, 0, 34303, 159.52
2026/09/06 06:09:47.984, 1, 67, 108660, 309.95
2026/09/06 06:09:48.986, 0, 0, 34303, 167.32
2026/09/06 06:09:48.988, 1, 69, 108660, 308.92
2026/09/06 06:09:49.989, 0, 0, 34303, 122.16
2026/09/06 06:09:49.991, 1, 69, 108660, 311.11
2026/09/06 06:09:50.993, 0, 0, 34305, 164.34
2026/09/06 06:09:50.995, 1, 67, 108660, 309.90
2026/09/06 06:09:51.997, 0, 0, 34305, 158.30
2026/09/06 06:09:51.999, 1, 67, 108660, 312.77
2026/09/06 06:09:53.000, 0, 0, 34305, 261.48
2026/09/06 06:09:53.002, 1, 67, 108660, 310.89
2026/09/06 06:09:54.004, 0, 0, 35519, 126.77
2026/09/06 06:09:54.006, 1, 69, 108660, 310.05
2026/09/06 06:09:55.008, 0, 0, 35519, 160.48
2026/09/06 06:09:55.009, 1, 71, 108660, 311.70
2026/09/06 06:09:56.011, 0, 0, 35519, 130.26
2026/09/06 06:09:56.013, 1, 68, 108660, 311.20
2026/09/06 06:09:57.014, 0, 3, 35519, 321.14
2026/09/06 06:09:57.016, 1, 70, 108660, 316.13
2026/09/06 06:09:58.018, 0, 0, 35519, 210.06
2026/09/06 06:09:58.021, 1, 68, 108660, 311.15
2026/09/06 06:09:59.022, 0, 0, 35519, 191.65
2026/09/06 06:09:59.023, 1, 68, 108660, 315.29
2026/09/06 06:10:00.025, 0, 9, 35519, 189.92
2026/09/06 06:10:00.026, 1, 70, 108660, 314.73
2026/09/06 06:10:01.028, 0, 0, 35519, 222.52
2026/09/06 06:10:01.029, 1, 68, 108660, 310.06
2026/09/06 06:10:02.031, 0, 100, 35519, 186.23
2026/09/06 06:10:02.032, 1, 68, 108660, 314.17
2026/09/06 06:10:03.034, 0, 0, 35519, 122.62
2026/09/06 06:10:03.036, 1, 70, 108660, 320.10
2026/09/06 06:10:04.037, 0, 0, 35519, 122.44
2026/09/06 06:10:04.039, 1, 70, 108660, 314.53
2026/09/06 06:10:05.042, 0, 48, 35519, 181.99
2026/09/06 06:10:05.043, 1, 70, 108660, 316.43
2026/09/06 06:10:06.046, 0, 43, 35519, 219.01
2026/09/06 06:10:06.047, 1, 69, 108660, 316.85
2026/09/06 06:10:07.048, 0, 44, 35519, 188.70
2026/09/06 06:10:07.050, 1, 68, 108660, 319.50
2026/09/06 06:10:08.051, 0, 0, 35519, 222.72
2026/09/06 06:10:08.053, 1, 70, 108660, 315.25
2026/09/06 06:10:09.055, 0, 80, 35519, 280.62
2026/09/06 06:10:09.056, 1, 68, 108660, 316.24
2026/09/06 06:10:10.058, 0, 34, 35519, 255.94
2026/09/06 06:10:10.060, 1, 71, 108660, 316.77
2026/09/06 06:10:11.061, 0, 0, 35519, 197.16
2026/09/06 06:10:11.063, 1, 61, 108660, 323.79
2026/09/06 06:10:12.065, 0, 72, 35519, 230.94
2026/09/06 06:10:12.067, 1, 64, 108660, 324.60
2026/09/06 06:10:13.068, 0, 100, 35519, 190.88
2026/09/06 06:10:13.070, 1, 62, 108660, 321.21
2026/09/06 06:10:14.072, 0, 57, 35519, 190.18
2026/09/06 06:10:14.073, 1, 65, 108660, 324.54
2026/09/06 06:10:15.075, 0, 0, 35519, 145.30
2026/09/06 06:10:15.078, 1, 65, 108660, 324.54
2026/09/06 06:10:16.080, 0, 26, 35519, 186.70
2026/09/06 06:10:16.082, 1, 63, 108660, 324.56
2026/09/06 06:10:17.083, 0, 0, 35519, 167.15
2026/09/06 06:10:17.085, 1, 66, 108660, 325.46
2026/09/06 06:10:18.086, 0, 0, 35519, 123.15
2026/09/06 06:10:18.088, 1, 65, 108660, 325.38
2026/09/06 06:10:19.089, 0, 0, 35519, 159.10
2026/09/06 06:10:19.091, 1, 63, 108660, 325.35
2026/09/06 06:10:20.092, 0, 0, 35519, 146.96
2026/09/06 06:10:20.094, 1, 65, 108660, 324.09
2026/09/06 06:10:21.097, 0, 32, 36033, 215.94
2026/09/06 06:10:21.098, 1, 65, 108660, 326.33
2026/09/06 06:10:22.100, 0, 9, 36037, 129.64
2026/09/06 06:10:22.101, 1, 64, 108660, 324.88
2026/09/06 06:10:23.103, 0, 6, 36045, 123.73
2026/09/06 06:10:23.104, 1, 64, 108660, 323.76
2026/09/06 06:10:24.107, 0, 6, 36053, 123.68
2026/09/06 06:10:24.108, 1, 65, 108660, 325.79
2026/09/06 06:10:25.110, 0, 4, 36059, 123.62
2026/09/06 06:10:25.112, 1, 66, 108660, 326.94
2026/09/06 06:10:26.114, 0, 6, 36067, 123.44
2026/09/06 06:10:26.116, 1, 63, 108660, 326.31
2026/09/06 06:10:27.117, 0, 0, 36069, 122.98
2026/09/06 06:10:27.119, 1, 63, 108660, 324.99
2026/09/06 06:10:28.121, 0, 3, 36349, 123.31
2026/09/06 06:10:28.123, 1, 63, 108660, 321.01
2026/09/06 06:10:29.125, 0, 4, 36349, 123.22
2026/09/06 06:10:29.127, 1, 64, 108660, 323.79
2026/09/06 06:10:30.129, 0, 6, 36349, 122.98
2026/09/06 06:10:30.130, 1, 63, 108660, 322.33
2026/09/06 06:10:31.132, 0, 4, 36349, 122.89
2026/09/06 06:10:31.134, 1, 66, 108660, 319.87
2026/09/06 06:10:32.135, 0, 2, 36349, 122.42
2026/09/06 06:10:32.136, 1, 62, 108660, 321.99
2026/09/06 06:10:33.138, 0, 4, 36349, 122.31
2026/09/06 06:10:33.140, 1, 62, 108660, 322.20
2026/09/06 06:10:34.141, 0, 4, 36349, 122.38
2026/09/06 06:10:34.143, 1, 63, 108660, 320.87
2026/09/06 06:10:35.145, 0, 5, 36349, 121.98
2026/09/06 06:10:35.147, 1, 63, 108660, 325.41
2026/09/06 06:10:36.148, 0, 2, 36349, 122.14
2026/09/06 06:10:36.156, 1, 66, 108660, 320.06
2026/09/06 06:10:37.159, 0, 0, 36349, 121.14
2026/09/06 06:10:37.160, 1, 64, 108660, 323.93
2026/09/06 06:10:38.162, 0, 0, 38775, 122.44
2026/09/06 06:10:38.164, 1, 62, 108660, 324.01
2026/09/06 06:10:39.167, 0, 0, 31639, 121.73
2026/09/06 06:10:39.169, 1, 64, 108660, 322.68
2026/09/06 06:10:40.171, 0, 0, 31639, 120.80
2026/09/06 06:10:40.173, 1, 65, 108660, 323.44
2026/09/06 06:10:41.175, 0, 49, 31655, 124.50
2026/09/06 06:10:41.176, 1, 63, 108660, 322.04
2026/09/06 06:10:42.178, 0, 0, 31967, 124.18
2026/09/06 06:10:42.180, 1, 65, 108660, 323.51
2026/09/06 06:10:43.182, 0, 0, 32381, 121.13
2026/09/06 06:10:43.184, 1, 66, 108660, 320.84
2026/09/06 06:10:44.185, 0, 10, 42057, 163.29
2026/09/06 06:10:44.187, 1, 65, 108660, 318.48
2026/09/06 06:10:45.189, 0, 32, 42057, 172.81
2026/09/06 06:10:45.191, 1, 64, 108660, 323.50
2026/09/06 06:10:46.192, 0, 45, 42057, 265.71
2026/09/06 06:10:46.194, 1, 66, 108660, 322.76
2026/09/06 06:10:47.196, 0, 25, 42057, 256.25
2026/09/06 06:10:47.198, 1, 55, 108660, 320.22
2026/09/06 06:10:48.199, 0, 18, 42057, 225.93
2026/09/06 06:10:48.204, 1, 65, 108660, 325.62
2026/09/06 06:10:49.205, 0, 0, 42057, 216.12
2026/09/06 06:10:49.208, 1, 44, 108660, 320.97
2026/09/06 06:10:50.209, 0, 19, 42057, 213.40
2026/09/06 06:10:50.211, 1, 0, 108660, 129.98
2026/09/06 06:10:51.213, 0, 0, 42057, 235.22
2026/09/06 06:10:51.214, 1, 0, 108660, 128.99
2026/09/06 06:10:52.216, 0, 0, 42057, 159.42
2026/09/06 06:10:52.217, 1, 0, 108660, 128.66
2026/09/06 06:10:53.218, 0, 15, 42271, 157.35
2026/09/06 06:10:53.220, 1, 0, 108660, 128.53
2026/09/06 06:10:54.222, 0, 18, 42271, 236.24
2026/09/06 06:10:54.224, 1, 0, 108660, 128.37
2026/09/06 06:10:55.226, 0, 0, 42271, 208.63
2026/09/06 06:10:55.228, 1, 0, 108660, 128.68
2026/09/06 06:10:56.230, 0, 49, 42271, 230.09
2026/09/06 06:10:56.232, 1, 0, 108660, 128.62
2026/09/06 06:10:57.233, 0, 42, 42271, 250.97
2026/09/06 06:10:57.236, 1, 0, 108660, 128.56
2026/09/06 06:10:58.237, 0, 26, 42271, 247.08
2026/09/06 06:10:58.238, 1, 0, 108660, 128.49
2026/09/06 06:10:59.240, 0, 25, 42271, 221.40
2026/09/06 06:10:59.242, 1, 0, 108660, 128.40
2026/09/06 06:11:00.243, 0, 9, 42271, 218.79
2026/09/06 06:11:00.245, 1, 0, 108660, 128.21
2026/09/06 06:11:01.247, 0, 81, 42271, 213.92
2026/09/06 06:11:01.249, 1, 0, 108660, 128.14
2026/09/06 06:11:02.250, 0, 23, 42271, 203.49
2026/09/06 06:11:02.253, 1, 0, 108660, 128.10
2026/09/06 06:11:03.255, 0, 41, 42787, 170.05
2026/09/06 06:11:03.257, 1, 0, 108660, 128.06
2026/09/06 06:11:04.259, 0, 0, 42787, 132.97
2026/09/06 06:11:04.297, 1, 0, 108660, 127.96
2026/09/06 06:11:05.300, 0, 0, 42789, 121.98
2026/09/06 06:11:05.301, 1, 0, 108660, 127.89
2026/09/06 06:11:06.303, 0, 7, 46447, 160.18
2026/09/06 06:11:06.304, 1, 0, 108660, 127.77
2026/09/06 06:11:07.306, 0, 0, 46447, 128.24
2026/09/06 06:11:07.308, 1, 0, 108660, 127.74
2026/09/06 06:11:08.310, 0, 54, 46447, 235.41
2026/09/06 06:11:08.312, 1, 0, 108660, 127.66
2026/09/06 06:11:09.314, 0, 100, 46447, 244.07
2026/09/06 06:11:09.316, 1, 0, 108660, 127.58
2026/09/06 06:11:10.318, 0, 17, 46447, 155.73
2026/09/06 06:11:10.320, 1, 0, 108660, 127.54
2026/09/06 06:11:11.322, 0, 0, 46447, 213.44
2026/09/06 06:11:11.324, 1, 0, 108660, 127.51
2026/09/06 06:11:12.325, 0, 0, 46447, 163.09
2026/09/06 06:11:12.327, 1, 0, 108660, 127.43
2026/09/06 06:11:13.328, 0, 0, 46447, 162.44
2026/09/06 06:11:13.330, 1, 0, 108660, 127.33
2026/09/06 06:11:14.332, 0, 0, 46447, 205.95
2026/09/06 06:11:14.333, 1, 0, 108660, 127.25
2026/09/06 06:11:15.334, 0, 0, 46447, 203.14
2026/09/06 06:11:15.336, 1, 0, 108660, 127.20
2026/09/06 06:11:16.338, 0, 0, 46447, 122.23
2026/09/06 06:11:16.339, 1, 0, 108660, 127.13
2026/09/06 06:11:17.341, 0, 0, 46447, 122.12
2026/09/06 06:11:17.342, 1, 0, 108660, 127.10
2026/09/06 06:11:18.345, 0, 0, 46447, 145.42
2026/09/06 06:11:18.347, 1, 0, 108660, 127.08
2026/09/06 06:11:19.349, 0, 0, 46447, 151.66
2026/09/06 06:11:19.351, 1, 0, 108660, 126.99
2026/09/06 06:11:20.353, 0, 0, 46447, 122.07
2026/09/06 06:11:20.354, 1, 0, 108660, 126.86
2026/09/06 06:11:21.355, 0, 0, 46447, 146.64
2026/09/06 06:11:21.357, 1, 0, 108660, 126.84
2026/09/06 06:11:22.360, 0, 11, 46447, 154.98
2026/09/06 06:11:22.361, 1, 0, 108660, 126.80
2026/09/06 06:11:23.363, 0, 0, 46447, 121.99
2026/09/06 06:11:23.365, 1, 0, 108660, 126.79
2026/09/06 06:11:24.368, 0, 0, 46447, 165.11
2026/09/06 06:11:24.369, 1, 0, 108660, 126.76
2026/09/06 06:11:25.370, 0, 0, 46447, 171.96
2026/09/06 06:11:25.374, 1, 0, 108660, 126.68
2026/09/06 06:11:26.375, 0, 0, 46447, 122.01
2026/09/06 06:11:26.377, 1, 0, 108660, 126.63
2026/09/06 06:11:27.380, 0, 0, 46447, 165.78
2026/09/06 06:11:27.383, 1, 0, 108660, 126.57
2026/09/06 06:11:28.386, 0, 0, 46447, 210.18
2026/09/06 06:11:28.388, 1, 0, 108660, 126.47
2026/09/06 06:11:29.390, 0, 79, 46447, 161.99
2026/09/06 06:11:29.391, 1, 0, 108660, 126.44
2026/09/06 06:11:30.394, 0, 0, 46447, 174.13
2026/09/06 06:11:30.396, 1, 0, 108660, 126.47
2026/09/06 06:11:31.399, 0, 0, 46447, 122.00
2026/09/06 06:11:31.400, 1, 0, 108660, 126.38
2026/09/06 06:11:32.402, 0, 0, 46447, 121.87
2026/09/06 06:11:32.404, 1, 0, 108660, 126.36
2026/09/06 06:11:33.405, 0, 0, 46447, 121.90
2026/09/06 06:11:33.407, 1, 0, 108660, 126.30
2026/09/06 06:11:34.408, 0, 0, 46447, 121.75
2026/09/06 06:11:34.411, 1, 0, 108660, 126.19
2026/09/06 06:11:35.413, 0, 0, 46447, 121.69
2026/09/06 06:11:35.416, 1, 0, 108660, 126.20
2026/09/06 06:11:36.418, 0, 0, 51637, 121.71
2026/09/06 06:11:36.420, 1, 0, 108660, 126.11
2026/09/06 06:11:37.422, 0, 0, 51637, 169.39
2026/09/06 06:11:37.424, 1, 0, 108660, 126.08
2026/09/06 06:11:38.426, 0, 0, 51637, 121.66
2026/09/06 06:11:38.428, 1, 0, 108660, 126.08
2026/09/06 06:11:39.430, 0, 0, 51637, 121.63
2026/09/06 06:11:39.431, 1, 0, 108660, 126.04
2026/09/06 06:11:40.433, 0, 0, 51637, 121.63
2026/09/06 06:11:40.435, 1, 0, 108660, 125.98
2026/09/06 06:11:41.437, 0, 0, 51637, 121.59
2026/09/06 06:11:41.438, 1, 0, 108660, 125.89
2026/09/06 06:11:42.440, 0, 0, 51637, 121.52
2026/09/06 06:11:42.442, 1, 0, 108660, 125.88
2026/09/06 06:11:43.444, 0, 0, 51639, 167.43
2026/09/06 06:11:43.445, 1, 0, 108660, 125.83
2026/09/06 06:11:44.448, 0, 0, 51639, 121.60
2026/09/06 06:11:44.449, 1, 0, 108660, 125.88
2026/09/06 06:11:45.451, 0, 0, 51639, 121.51
2026/09/06 06:11:45.453, 1, 0, 108660, 125.86
2026/09/06 06:11:46.456, 0, 0, 51639, 121.47
2026/09/06 06:11:46.459, 1, 0, 108660, 125.77
2026/09/06 06:11:47.461, 0, 0, 51639, 121.47
2026/09/06 06:11:47.463, 1, 0, 108660, 125.69
2026/09/06 06:11:48.464, 0, 0, 51639, 121.38
2026/09/06 06:11:48.466, 1, 0, 108660, 125.75
2026/09/06 06:11:49.468, 0, 0, 51639, 168.70
2026/09/06 06:11:49.470, 1, 0, 108660, 125.59
2026/09/06 06:11:50.472, 0, 0, 51639, 121.48
2026/09/06 06:11:50.473, 1, 0, 108660, 125.65
2026/09/06 06:11:51.474, 0, 0, 51639, 170.09
2026/09/06 06:11:51.476, 1, 0, 108660, 125.61
2026/09/06 06:11:52.477, 0, 0, 51639, 121.50
2026/09/06 06:11:52.479, 1, 0, 108660, 125.60
2026/09/06 06:11:53.480, 0, 0, 51639, 168.81
2026/09/06 06:11:53.481, 1, 0, 108660, 125.66
2026/09/06 06:11:54.483, 0, 14, 51639, 168.59
2026/09/06 06:11:54.485, 1, 0, 108660, 125.57
2026/09/06 06:11:55.486, 0, 0, 51639, 121.70
2026/09/06 06:11:55.488, 1, 0, 108660, 125.53
2026/09/06 06:11:56.490, 0, 0, 51639, 121.37
2026/09/06 06:11:56.492, 1, 0, 108660, 125.45
2026/09/06 06:11:57.494, 0, 0, 51639, 172.23
2026/09/06 06:11:57.495, 1, 0, 108660, 125.43
2026/09/06 06:11:58.497, 0, 0, 51639, 121.48
2026/09/06 06:11:58.499, 1, 0, 108660, 125.37
2026/09/06 06:11:59.500, 0, 0, 51639, 161.86
2026/09/06 06:11:59.502, 1, 0, 108660, 125.36
2026/09/06 06:12:00.504, 0, 0, 51639, 121.43
2026/09/06 06:12:00.506, 1, 0, 108660, 125.35
2026/09/06 06:12:01.507, 0, 0, 51639, 155.03
2026/09/06 06:12:01.509, 1, 0, 108660, 125.29
2026/09/06 06:12:02.511, 0, 0, 51639, 159.52
2026/09/06 06:12:02.512, 1, 0, 108660, 125.26
2026/09/06 06:12:03.514, 0, 97, 51639, 160.72
2026/09/06 06:12:03.516, 1, 0, 108660, 125.27
2026/09/06 06:12:04.517, 0, 0, 51639, 133.59
2026/09/06 06:12:04.518, 1, 0, 108660, 125.22
2026/09/06 06:12:05.520, 0, 3, 51639, 284.31
2026/09/06 06:12:05.521, 1, 0, 108660, 125.34
2026/09/06 06:12:06.523, 0, 0, 51639, 199.25
2026/09/06 06:12:06.524, 1, 0, 108660, 125.21
2026/09/06 06:12:07.526, 0, 63, 51639, 197.30
2026/09/06 06:12:07.527, 1, 0, 108660, 125.17
2026/09/06 06:12:08.529, 0, 0, 51639, 123.21
2026/09/06 06:12:08.531, 1, 0, 108660, 125.09
2026/09/06 06:12:09.533, 0, 0, 51639, 121.56
2026/09/06 06:12:09.535, 1, 0, 108660, 125.14
2026/09/06 06:12:10.538, 0, 25, 51639, 230.26
2026/09/06 06:12:10.540, 1, 0, 108660, 125.10
2026/09/06 06:12:11.541, 0, 0, 51639, 198.59
2026/09/06 06:12:11.543, 1, 0, 108660, 125.09
2026/09/06 06:12:12.545, 0, 87, 51639, 237.31
2026/09/06 06:12:12.546, 1, 0, 108660, 125.05
2026/09/06 06:12:13.548, 0, 79, 51639, 245.33
2026/09/06 06:12:13.550, 1, 0, 108660, 125.06
2026/09/06 06:12:14.551, 0, 0, 51639, 293.13
2026/09/06 06:12:14.553, 1, 0, 108660, 125.03
2026/09/06 06:12:15.555, 0, 55, 51639, 299.51
2026/09/06 06:12:15.556, 1, 0, 108660, 124.97
2026/09/06 06:12:16.558, 0, 0, 51641, 160.49
2026/09/06 06:12:16.560, 1, 0, 108660, 124.92
2026/09/06 06:12:17.562, 0, 59, 51641, 252.67
2026/09/06 06:12:17.564, 1, 0, 108660, 124.97
2026/09/06 06:12:18.565, 0, 2, 51641, 196.08
2026/09/06 06:12:18.567, 1, 0, 108660, 124.95
2026/09/06 06:12:19.568, 0, 73, 51641, 210.47
2026/09/06 06:12:19.570, 1, 0, 108660, 124.94
2026/09/06 06:12:20.571, 0, 0, 51641, 143.84
2026/09/06 06:12:20.573, 1, 0, 108660, 124.92
2026/09/06 06:12:21.575, 0, 82, 51641, 191.98
2026/09/06 06:12:21.577, 1, 0, 108660, 124.91
2026/09/06 06:12:22.580, 0, 84, 51641, 146.41
2026/09/06 06:12:22.581, 1, 0, 108660, 124.83
2026/09/06 06:12:23.582, 0, 0, 51641, 143.69
2026/09/06 06:12:23.584, 1, 0, 108660, 124.92
2026/09/06 06:12:24.585, 0, 0, 51641, 139.22
2026/09/06 06:12:24.588, 1, 0, 108660, 124.85
2026/09/06 06:12:25.590, 0, 0, 51641, 163.15
2026/09/06 06:12:25.592, 1, 0, 108660, 124.88
2026/09/06 06:12:26.594, 0, 0, 51641, 160.23
2026/09/06 06:12:26.596, 1, 0, 108660, 124.88
2026/09/06 06:12:27.598, 0, 1, 52855, 261.77
2026/09/06 06:12:27.599, 1, 0, 108660, 124.84
2026/09/06 06:12:28.600, 0, 39, 56009, 281.98
2026/09/06 06:12:28.602, 1, 0, 108660, 124.75
2026/09/06 06:12:29.604, 0, 0, 56009, 252.94
2026/09/06 06:12:29.606, 1, 0, 108660, 124.82
2026/09/06 06:12:30.608, 0, 0, 56009, 209.21
2026/09/06 06:12:30.609, 1, 0, 108660, 124.80
2026/09/06 06:12:31.611, 0, 0, 56009, 187.39
2026/09/06 06:12:31.613, 1, 0, 108660, 124.74
2026/09/06 06:12:32.615, 0, 0, 56009, 190.69
2026/09/06 06:12:32.617, 1, 0, 108660, 124.79
2026/09/06 06:12:33.619, 0, 0, 56009, 234.01
2026/09/06 06:12:33.621, 1, 0, 108660, 124.77
2026/09/06 06:12:34.623, 0, 87, 56009, 179.29
2026/09/06 06:12:34.625, 1, 0, 108660, 124.75
2026/09/06 06:12:35.627, 0, 0, 56009, 122.72
2026/09/06 06:12:35.629, 1, 0, 108660, 124.69
2026/09/06 06:12:36.630, 0, 0, 56009, 122.35
2026/09/06 06:12:36.632, 1, 0, 108660, 124.67
2026/09/06 06:12:37.633, 0, 9, 56009, 212.62
2026/09/06 06:12:37.636, 1, 0, 108660, 124.66
2026/09/06 06:12:38.637, 0, 0, 56009, 185.51
2026/09/06 06:12:38.639, 1, 0, 108660, 124.65
2026/09/06 06:12:39.641, 0, 19, 56009, 215.84
2026/09/06 06:12:39.642, 1, 0, 108660, 124.68
2026/09/06 06:12:40.643, 0, 35, 56009, 217.35
2026/09/06 06:12:40.645, 1, 0, 108660, 124.64
2026/09/06 06:12:41.646, 0, 41, 56009, 254.57
2026/09/06 06:12:41.648, 1, 0, 108660, 124.56
2026/09/06 06:12:42.650, 0, 0, 56009, 267.16
2026/09/06 06:12:42.652, 1, 0, 108660, 124.52
2026/09/06 06:12:43.653, 0, 0, 56009, 198.34
2026/09/06 06:12:43.656, 1, 0, 108660, 124.60
2026/09/06 06:12:44.659, 0, 91, 56009, 217.27
2026/09/06 06:12:44.660, 1, 0, 108660, 124.55
2026/09/06 06:12:45.661, 0, 0, 56009, 172.48
2026/09/06 06:12:45.663, 1, 0, 108660, 124.57
2026/09/06 06:12:46.665, 0, 43, 56009, 214.64
2026/09/06 06:12:46.667, 1, 0, 108660, 124.55
2026/09/06 06:12:47.669, 0, 0, 56009, 151.77
2026/09/06 06:12:47.671, 1, 0, 108660, 124.57
2026/09/06 06:12:48.672, 0, 59, 56009, 179.76
2026/09/06 06:12:48.673, 1, 0, 108660, 124.46
2026/09/06 06:12:49.675, 0, 0, 56009, 143.42
2026/09/06 06:12:49.677, 1, 0, 108660, 124.43
2026/09/06 06:12:50.679, 0, 43, 56011, 137.72
2026/09/06 06:12:50.680, 1, 0, 108660, 124.21
2026/09/06 06:12:51.682, 0, 84, 56011, 173.46
2026/09/06 06:12:51.684, 1, 0, 108660, 123.88
2026/09/06 06:12:52.685, 0, 0, 56011, 147.71
2026/09/06 06:12:52.687, 1, 0, 108660, 123.88
2026/09/06 06:12:53.689, 0, 6, 56527, 202.01
2026/09/06 06:12:53.691, 1, 0, 108660, 123.85
2026/09/06 06:12:54.692, 0, 6, 56533, 123.13
2026/09/06 06:12:54.695, 1, 0, 108660, 123.92
2026/09/06 06:12:55.697, 0, 6, 56541, 123.07
2026/09/06 06:12:55.699, 1, 0, 108660, 123.89
2026/09/06 06:12:56.701, 0, 4, 56547, 122.95
2026/09/06 06:12:56.703, 1, 0, 108660, 123.83
2026/09/06 06:12:57.705, 0, 4, 56555, 123.02
2026/09/06 06:12:57.708, 1, 0, 108660, 123.92
2026/09/06 06:12:58.710, 0, 3, 56561, 122.88
2026/09/06 06:12:58.712, 1, 0, 108660, 123.93
2026/09/06 06:12:59.714, 0, 30, 56839, 122.60
2026/09/06 06:12:59.716, 1, 0, 108660, 123.96
2026/09/06 06:13:00.717, 0, 3, 56841, 122.73
2026/09/06 06:13:00.720, 1, 0, 108660, 123.96
2026/09/06 06:13:01.721, 0, 5, 56841, 122.75
2026/09/06 06:13:01.723, 1, 0, 108660, 123.95
2026/09/06 06:13:02.725, 0, 2, 56841, 122.79
2026/09/06 06:13:02.729, 1, 0, 108660, 123.95
2026/09/06 06:13:03.731, 0, 2, 56841, 122.87
2026/09/06 06:13:03.733, 1, 0, 108660, 123.99
2026/09/06 06:13:04.735, 0, 2, 56841, 122.74
2026/09/06 06:13:04.737, 1, 0, 108660, 124.02
2026/09/06 06:13:05.739, 0, 3, 56841, 122.54
2026/09/06 06:13:05.741, 1, 0, 108660, 124.06
2026/09/06 06:13:06.742, 0, 5, 56841, 122.93
2026/09/06 06:13:06.743, 1, 0, 108660, 124.05
2026/09/06 06:13:07.745, 0, 4, 56841, 123.00
2026/09/06 06:13:07.747, 1, 0, 108660, 124.07
2026/09/06 06:13:08.749, 0, 0, 56841, 122.50
2026/09/06 06:13:08.752, 1, 0, 108660, 124.09
2026/09/06 06:13:09.754, 0, 55, 59267, 125.24
2026/09/06 06:13:09.757, 1, 0, 108660, 124.08
2026/09/06 06:13:10.759, 0, 0, 44047, 123.34
2026/09/06 06:13:10.762, 1, 0, 108660, 124.11
2026/09/06 06:13:11.765, 0, 1, 43049, 122.33
2026/09/06 06:13:11.767, 1, 0, 108660, 124.17
2026/09/06 06:13:12.769, 0, 0, 42813, 122.41
2026/09/06 06:13:12.772, 1, 0, 108660, 124.20
2026/09/06 06:13:13.774, 0, 39, 43537, 126.18
2026/09/06 06:13:13.776, 1, 0, 108660, 124.22
2026/09/06 06:13:14.778, 0, 0, 44207, 125.56
2026/09/06 06:13:14.779, 1, 0, 110108, 125.73
2026/09/06 06:13:15.782, 0, 1, 43825, 137.05
2026/09/06 06:13:15.784, 1, 2, 108348, 144.94
2026/09/06 06:13:16.786, 0, 0, 42805, 122.46
2026/09/06 06:13:16.788, 1, 0, 108282, 124.36
2026/09/06 06:13:17.790, 0, 46, 21701, 125.56
2026/09/06 06:13:17.792, 1, 0, 108304, 124.36
2026/09/06 06:13:18.793, 0, 1, 38007, 124.23
2026/09/06 06:13:18.795, 1, 70, 108572, 239.99
2026/09/06 06:13:19.798, 0, 0, 38263, 299.75
2026/09/06 06:13:19.799, 1, 69, 108572, 293.80
2026/09/06 06:13:20.802, 0, 0, 38263, 281.12
2026/09/06 06:13:20.803, 1, 70, 108572, 293.71
2026/09/06 06:13:21.805, 0, 25, 38263, 256.76
2026/09/06 06:13:21.806, 1, 67, 108572, 292.84
2026/09/06 06:13:22.807, 0, 43, 38263, 270.06
2026/09/06 06:13:22.809, 1, 69, 108572, 295.07
2026/09/06 06:13:23.811, 0, 89, 38265, 216.75
2026/09/06 06:13:23.813, 1, 69, 108572, 296.32
2026/09/06 06:13:24.814, 0, 0, 38523, 251.03
2026/09/06 06:13:24.816, 1, 68, 108572, 295.16
2026/09/06 06:13:25.818, 0, 0, 38523, 206.55
2026/09/06 06:13:25.820, 1, 60, 108572, 292.55
2026/09/06 06:13:26.822, 0, 0, 38523, 161.83
2026/09/06 06:13:26.824, 1, 65, 108572, 287.30
2026/09/06 06:13:27.825, 0, 81, 38523, 160.05
2026/09/06 06:13:27.828, 1, 65, 108572, 289.31
2026/09/06 06:13:28.830, 0, 100, 38523, 246.27
2026/09/06 06:13:28.832, 1, 69, 108572, 285.34
2026/09/06 06:13:29.834, 0, 36, 38523, 199.67
2026/09/06 06:13:29.836, 1, 67, 108572, 289.79
2026/09/06 06:13:30.837, 0, 95, 38523, 245.06
2026/09/06 06:13:30.839, 1, 67, 108572, 286.82
2026/09/06 06:13:31.841, 0, 67, 38523, 242.14
2026/09/06 06:13:31.844, 1, 63, 108572, 291.53
2026/09/06 06:13:32.846, 0, 37, 38523, 240.95
2026/09/06 06:13:32.847, 1, 66, 108572, 287.74
2026/09/06 06:13:33.849, 0, 1, 38523, 254.14
2026/09/06 06:13:33.852, 1, 65, 108572, 289.36
2026/09/06 06:13:34.853, 0, 0, 38577, 269.84
2026/09/06 06:13:34.855, 1, 67, 108572, 292.10
2026/09/06 06:13:35.857, 0, 0, 38577, 250.27
2026/09/06 06:13:35.858, 1, 65, 108572, 294.05
2026/09/06 06:13:36.860, 0, 56, 38577, 267.52
2026/09/06 06:13:36.862, 1, 69, 108572, 291.53
2026/09/06 06:13:37.863, 0, 0, 38629, 229.39
2026/09/06 06:13:37.865, 1, 67, 108572, 294.13
2026/09/06 06:13:38.866, 0, 45, 38885, 382.02
2026/09/06 06:13:38.868, 1, 67, 108572, 289.35
2026/09/06 06:13:39.870, 0, 3, 38885, 289.59
2026/09/06 06:13:39.872, 1, 66, 108572, 298.08
2026/09/06 06:13:40.873, 0, 33, 38885, 288.25
2026/09/06 06:13:40.875, 1, 66, 108572, 289.89
2026/09/06 06:13:41.876, 0, 38, 38885, 267.55
2026/09/06 06:13:41.878, 1, 68, 108572, 291.57
2026/09/06 06:13:42.880, 0, 98, 38885, 250.32
2026/09/06 06:13:42.882, 1, 63, 108572, 297.73
2026/09/06 06:13:43.884, 0, 0, 38885, 239.16
2026/09/06 06:13:43.887, 1, 68, 108572, 294.79
2026/09/06 06:13:44.888, 0, 0, 38885, 253.59
2026/09/06 06:13:44.892, 1, 69, 108572, 293.61
2026/09/06 06:13:45.894, 0, 0, 38885, 209.31
2026/09/06 06:13:45.896, 1, 69, 108572, 300.58
2026/09/06 06:13:46.898, 0, 0, 38885, 124.14
2026/09/06 06:13:46.901, 1, 65, 108572, 293.74
2026/09/06 06:13:47.902, 0, 28, 38885, 274.68
2026/09/06 06:13:47.905, 1, 69, 108572, 293.98
2026/09/06 06:13:48.906, 0, 91, 38885, 239.78
2026/09/06 06:13:48.908, 1, 69, 108572, 297.17
2026/09/06 06:13:49.910, 0, 0, 38885, 262.47
2026/09/06 06:13:49.913, 1, 68, 108572, 299.74
2026/09/06 06:13:50.914, 0, 0, 38885, 260.95
2026/09/06 06:13:50.915, 1, 69, 108572, 305.41
2026/09/06 06:13:51.918, 0, 73, 38885, 304.01
2026/09/06 06:13:51.919, 1, 70, 108572, 296.88
2026/09/06 06:13:52.921, 0, 70, 38885, 305.44
2026/09/06 06:13:52.923, 1, 69, 108572, 308.93
2026/09/06 06:13:53.924, 0, 0, 39049, 290.37
2026/09/06 06:13:53.926, 1, 70, 108572, 307.20
2026/09/06 06:13:54.928, 0, 2, 39049, 301.83
2026/09/06 06:13:54.930, 1, 70, 108572, 308.78
2026/09/06 06:13:55.931, 0, 53, 39049, 280.40
2026/09/06 06:13:55.933, 1, 72, 108572, 304.33
2026/09/06 06:13:56.935, 0, 72, 39679, 400.91
2026/09/06 06:13:56.937, 1, 67, 108572, 317.71
2026/09/06 06:13:57.938, 0, 85, 39679, 326.02
2026/09/06 06:13:57.940, 1, 68, 108572, 313.88
2026/09/06 06:13:58.942, 0, 0, 39679, 301.32
2026/09/06 06:13:58.943, 1, 70, 108572, 305.56
2026/09/06 06:13:59.945, 0, 65, 39679, 307.92
2026/09/06 06:13:59.947, 1, 66, 108572, 317.27
2026/09/06 06:14:00.949, 0, 0, 39679, 227.23
2026/09/06 06:14:00.951, 1, 71, 108572, 305.81
2026/09/06 06:14:01.953, 0, 65, 39935, 294.54
2026/09/06 06:14:01.954, 1, 68, 108572, 305.49
2026/09/06 06:14:02.957, 0, 6, 39935, 275.94
2026/09/06 06:14:02.960, 1, 70, 108572, 306.26
2026/09/06 06:14:03.962, 0, 0, 39935, 174.27
2026/09/06 06:14:03.964, 1, 70, 108572, 308.86
2026/09/06 06:14:04.965, 0, 44, 39935, 198.86
2026/09/06 06:14:04.968, 1, 69, 108572, 302.07
2026/09/06 06:14:05.970, 0, 89, 39935, 301.21
2026/09/06 06:14:05.971, 1, 70, 108572, 305.16
2026/09/06 06:14:06.973, 0, 6, 39935, 242.10
2026/09/06 06:14:06.975, 1, 70, 108572, 311.81
2026/09/06 06:14:07.978, 0, 54, 39935, 275.62
2026/09/06 06:14:07.980, 1, 68, 108572, 307.12
2026/09/06 06:14:08.982, 0, 27, 39935, 329.58
2026/09/06 06:14:08.985, 1, 69, 108572, 305.30
2026/09/06 06:14:09.986, 0, 26, 39935, 302.06
2026/09/06 06:14:09.990, 1, 64, 108572, 317.13
2026/09/06 06:14:10.991, 0, 5, 40717, 319.88
2026/09/06 06:14:10.993, 1, 64, 108572, 318.27
2026/09/06 06:14:11.997, 0, 47, 40717, 304.16
2026/09/06 06:14:11.998, 1, 66, 108572, 322.80
2026/09/06 06:14:13.000, 0, 0, 40717, 281.56
2026/09/06 06:14:13.002, 1, 66, 108572, 322.81
2026/09/06 06:14:14.004, 0, 100, 41303, 442.73
2026/09/06 06:14:14.005, 1, 64, 108572, 321.21
2026/09/06 06:14:15.007, 0, 61, 41821, 299.71
2026/09/06 06:14:15.009, 1, 65, 108572, 321.59
2026/09/06 06:14:16.011, 0, 0, 41823, 253.33
2026/09/06 06:14:16.013, 1, 64, 108572, 322.60
2026/09/06 06:14:17.015, 0, 0, 41823, 186.94
2026/09/06 06:14:17.017, 1, 65, 108572, 322.21
2026/09/06 06:14:18.018, 0, 0, 41823, 207.71
2026/09/06 06:14:18.020, 1, 65, 108572, 324.67
2026/09/06 06:14:19.022, 0, 0, 41823, 267.65
2026/09/06 06:14:19.023, 1, 65, 108572, 321.76
2026/09/06 06:14:20.025, 0, 0, 41823, 205.45
2026/09/06 06:14:20.026, 1, 64, 108572, 321.85
2026/09/06 06:14:21.028, 0, 0, 41823, 137.64
2026/09/06 06:14:21.031, 1, 66, 108572, 322.51
2026/09/06 06:14:22.033, 0, 0, 41823, 124.97
2026/09/06 06:14:22.035, 1, 65, 108572, 321.26
2026/09/06 06:14:23.037, 0, 0, 41823, 145.50
2026/09/06 06:14:23.039, 1, 66, 108572, 325.64
2026/09/06 06:14:24.040, 0, 91, 41823, 282.23
2026/09/06 06:14:24.042, 1, 64, 108572, 323.40
2026/09/06 06:14:25.043, 0, 0, 41823, 168.95
2026/09/06 06:14:25.045, 1, 65, 108572, 320.18
2026/09/06 06:14:26.046, 0, 23, 41823, 299.28
2026/09/06 06:14:26.049, 1, 65, 108572, 325.94
2026/09/06 06:14:27.051, 0, 50, 41823, 259.47
2026/09/06 06:14:27.053, 1, 65, 108572, 323.20
2026/09/06 06:14:28.055, 0, 36, 41823, 295.81
2026/09/06 06:14:28.058, 1, 66, 108572, 323.82
2026/09/06 06:14:29.059, 0, 46, 41823, 325.91
2026/09/06 06:14:29.061, 1, 65, 108572, 324.76
2026/09/06 06:14:30.063, 0, 21, 41823, 215.80
2026/09/06 06:14:30.064, 1, 67, 108572, 325.07
2026/09/06 06:14:31.066, 0, 0, 41823, 227.86
2026/09/06 06:14:31.068, 1, 65, 108572, 325.41
2026/09/06 06:14:32.069, 0, 0, 41823, 193.33
2026/09/06 06:14:32.071, 1, 63, 108572, 326.08
2026/09/06 06:14:33.073, 0, 0, 41823, 218.28
2026/09/06 06:14:33.075, 1, 63, 108572, 321.57
2026/09/06 06:14:34.077, 0, 15, 41823, 172.05
2026/09/06 06:14:34.078, 1, 66, 108572, 323.27
2026/09/06 06:14:35.080, 0, 0, 41823, 165.77
2026/09/06 06:14:35.081, 1, 66, 108572, 323.05
2026/09/06 06:14:36.083, 0, 0, 41823, 171.84
2026/09/06 06:14:36.085, 1, 64, 108572, 323.72
2026/09/06 06:14:37.086, 0, 0, 41823, 123.78
2026/09/06 06:14:37.089, 1, 65, 108572, 325.42
2026/09/06 06:14:38.091, 0, 0, 41823, 169.05
2026/09/06 06:14:38.093, 1, 65, 108572, 325.10
2026/09/06 06:14:39.095, 0, 84, 41823, 175.15
2026/09/06 06:14:39.096, 1, 65, 108572, 324.73
2026/09/06 06:14:40.098, 0, 64, 43039, 416.94
2026/09/06 06:14:40.100, 1, 67, 108572, 324.74
2026/09/06 06:14:41.102, 0, 100, 43039, 530.42
2026/09/06 06:14:41.103, 1, 66, 108572, 324.48
2026/09/06 06:14:42.105, 0, 40, 43039, 251.31
2026/09/06 06:14:42.107, 1, 66, 108572, 325.51
2026/09/06 06:14:43.108, 0, 0, 43039, 247.32
2026/09/06 06:14:43.110, 1, 65, 108572, 326.10
2026/09/06 06:14:44.112, 0, 0, 43039, 175.07
2026/09/06 06:14:44.114, 1, 66, 108572, 325.98
2026/09/06 06:14:45.116, 0, 55, 43039, 309.01
2026/09/06 06:14:45.118, 1, 65, 108572, 327.09
2026/09/06 06:14:46.119, 0, 0, 43039, 187.33
2026/09/06 06:14:46.122, 1, 66, 108572, 328.67
2026/09/06 06:14:47.123, 0, 0, 43039, 168.07
2026/09/06 06:14:47.125, 1, 63, 108572, 324.35
2026/09/06 06:14:48.127, 0, 0, 43039, 123.42
2026/09/06 06:14:48.128, 1, 66, 108572, 323.96
2026/09/06 06:14:49.130, 0, 58, 43039, 160.08
2026/09/06 06:14:49.132, 1, 65, 108572, 326.01
2026/09/06 06:14:50.133, 0, 0, 43039, 277.89
2026/09/06 06:14:50.136, 1, 64, 108572, 329.59
2026/09/06 06:14:51.137, 0, 0, 43039, 171.81
2026/09/06 06:14:51.139, 1, 65, 108572, 327.70
2026/09/06 06:14:52.140, 0, 0, 43039, 317.96
2026/09/06 06:14:52.142, 1, 65, 108572, 327.93
2026/09/06 06:14:53.144, 0, 99, 43039, 320.96
2026/09/06 06:14:53.145, 1, 65, 108572, 325.49
2026/09/06 06:14:54.147, 0, 99, 43039, 318.58
2026/09/06 06:14:54.148, 1, 65, 108572, 324.49
2026/09/06 06:14:55.150, 0, 8, 43039, 326.42
2026/09/06 06:14:55.151, 1, 65, 108572, 325.87
2026/09/06 06:14:56.153, 0, 66, 43039, 228.70
2026/09/06 06:14:56.155, 1, 63, 108572, 325.68
2026/09/06 06:14:57.157, 0, 4, 43039, 206.35
2026/09/06 06:14:57.159, 1, 65, 108572, 327.21
2026/09/06 06:14:58.161, 0, 54, 43039, 215.29
2026/09/06 06:14:58.164, 1, 66, 108572, 328.26
2026/09/06 06:14:59.166, 0, 62, 43039, 200.90
2026/09/06 06:14:59.167, 1, 66, 108572, 328.18
2026/09/06 06:15:00.168, 0, 0, 43039, 159.10
2026/09/06 06:15:00.171, 1, 66, 108572, 325.98
2026/09/06 06:15:01.175, 0, 67, 43041, 185.84
2026/09/06 06:15:01.177, 1, 65, 108572, 324.61
2026/09/06 06:15:02.179, 0, 0, 43041, 154.59
2026/09/06 06:15:02.184, 1, 67, 108572, 328.99
2026/09/06 06:15:03.188, 0, 0, 43041, 123.01
2026/09/06 06:15:03.189, 1, 66, 108572, 328.13
2026/09/06 06:15:04.191, 0, 14, 43041, 182.87
2026/09/06 06:15:04.195, 1, 64, 108572, 325.79
2026/09/06 06:15:05.197, 0, 0, 43041, 167.30
2026/09/06 06:15:05.199, 1, 0, 108572, 165.70
2026/09/06 06:15:06.200, 0, 98, 43431, 562.45
2026/09/06 06:15:06.202, 1, 0, 108572, 129.15
2026/09/06 06:15:07.204, 0, 47, 45485, 313.64
2026/09/06 06:15:07.206, 1, 0, 108572, 128.70
2026/09/06 06:15:08.208, 0, 28, 45485, 249.69
2026/09/06 06:15:08.210, 1, 0, 108572, 128.49
2026/09/06 06:15:09.211, 0, 0, 45485, 185.45
2026/09/06 06:15:09.212, 1, 0, 108572, 128.26
2026/09/06 06:15:10.214, 0, 0, 45485, 268.16
2026/09/06 06:15:10.215, 1, 0, 108572, 128.05
2026/09/06 06:15:11.217, 0, 0, 45485, 296.28
2026/09/06 06:15:11.218, 1, 0, 108572, 127.82
2026/09/06 06:15:12.220, 0, 64, 45485, 183.39
2026/09/06 06:15:12.222, 1, 0, 108572, 127.77
2026/09/06 06:15:13.223, 0, 0, 45485, 123.13
2026/09/06 06:15:13.225, 1, 0, 108572, 127.47
2026/09/06 06:15:14.227, 0, 0, 45485, 122.80
2026/09/06 06:15:14.230, 1, 0, 108572, 127.32
2026/09/06 06:15:15.231, 0, 17, 45485, 278.56
2026/09/06 06:15:15.233, 1, 0, 108572, 127.22
2026/09/06 06:15:16.235, 0, 0, 45485, 239.95
2026/09/06 06:15:16.238, 1, 0, 108572, 127.07
2026/09/06 06:15:17.240, 0, 27, 45485, 283.40
2026/09/06 06:15:17.242, 1, 0, 108572, 127.02
2026/09/06 06:15:18.244, 0, 5, 45485, 281.52
2026/09/06 06:15:18.246, 1, 0, 108572, 126.87
2026/09/06 06:15:19.248, 0, 86, 45485, 346.85
2026/09/06 06:15:19.250, 1, 0, 108572, 126.74
2026/09/06 06:15:20.252, 0, 95, 45485, 346.44
2026/09/06 06:15:20.255, 1, 0, 108572, 126.61
2026/09/06 06:15:21.258, 0, 0, 45485, 244.21
2026/09/06 06:15:21.260, 1, 0, 108572, 126.61
2026/09/06 06:15:22.262, 0, 0, 45485, 265.64
2026/09/06 06:15:22.264, 1, 0, 108572, 126.43
2026/09/06 06:15:23.266, 0, 0, 45485, 213.63
2026/09/06 06:15:23.271, 1, 0, 108572, 126.45
2026/09/06 06:15:24.274, 0, 0, 45485, 216.64
2026/09/06 06:15:24.275, 1, 0, 108572, 126.39
2026/09/06 06:15:25.277, 0, 0, 45485, 149.64
2026/09/06 06:15:25.279, 1, 0, 108572, 126.29
2026/09/06 06:15:26.281, 0, 0, 45485, 201.83
2026/09/06 06:15:26.283, 1, 0, 108572, 126.16
2026/09/06 06:15:27.285, 0, 0, 45485, 176.35
2026/09/06 06:15:27.287, 1, 0, 108572, 125.97
2026/09/06 06:15:28.289, 0, 0, 45485, 124.61
2026/09/06 06:15:28.291, 1, 0, 108572, 125.94
2026/09/06 06:15:29.292, 0, 0, 45485, 172.59
2026/09/06 06:15:29.294, 1, 0, 108572, 125.95
2026/09/06 06:15:30.296, 0, 0, 45485, 149.74
2026/09/06 06:15:30.298, 1, 0, 108572, 125.88
2026/09/06 06:15:31.300, 0, 68, 46071, 236.13
2026/09/06 06:15:31.302, 1, 0, 108572, 125.87
2026/09/06 06:15:32.305, 0, 43, 46675, 594.01
2026/09/06 06:15:32.306, 1, 0, 108572, 125.69
2026/09/06 06:15:33.308, 0, 11, 46855, 126.23
2026/09/06 06:15:33.309, 1, 0, 108572, 125.68
2026/09/06 06:15:34.313, 0, 13, 46855, 124.55
2026/09/06 06:15:34.316, 1, 0, 108572, 125.58
2026/09/06 06:15:35.318, 0, 15, 49281, 124.11
2026/09/06 06:15:35.320, 1, 0, 108572, 125.59
2026/09/06 06:15:36.322, 0, 0, 38251, 125.04
2026/09/06 06:15:36.324, 1, 0, 108572, 125.50
2026/09/06 06:15:37.326, 0, 0, 37251, 121.99
2026/09/06 06:15:37.328, 1, 0, 108572, 125.46
2026/09/06 06:15:38.330, 0, 0, 37251, 121.67
2026/09/06 06:15:38.332, 1, 0, 108572, 125.42
2026/09/06 06:15:39.334, 0, 2, 43543, 126.47
2026/09/06 06:15:39.336, 1, 0, 108572, 125.39
2026/09/06 06:15:40.338, 0, 54, 43545, 175.67
2026/09/06 06:15:40.340, 1, 0, 108572, 125.29
2026/09/06 06:15:41.342, 0, 0, 43545, 283.94
2026/09/06 06:15:41.343, 1, 0, 108572, 125.23
2026/09/06 06:15:42.346, 0, 100, 43545, 334.03
2026/09/06 06:15:42.348, 1, 0, 108572, 125.22
2026/09/06 06:15:43.349, 0, 100, 43545, 276.35
2026/09/06 06:15:43.351, 1, 0, 108572, 125.18
2026/09/06 06:15:44.353, 0, 0, 43545, 212.86
2026/09/06 06:15:44.355, 1, 0, 108572, 125.18
2026/09/06 06:15:45.357, 0, 14, 43547, 266.71
2026/09/06 06:15:45.360, 1, 0, 108572, 125.10
2026/09/06 06:15:46.361, 0, 0, 43547, 242.26
2026/09/06 06:15:46.363, 1, 0, 108572, 125.00
2026/09/06 06:15:47.365, 0, 0, 43547, 161.50
2026/09/06 06:15:47.367, 1, 0, 108572, 125.10
2026/09/06 06:15:48.370, 0, 86, 43547, 200.35
2026/09/06 06:15:48.372, 1, 0, 108572, 124.99
2026/09/06 06:15:49.375, 0, 82, 43547, 243.50
2026/09/06 06:15:49.376, 1, 0, 108572, 124.91
2026/09/06 06:15:50.378, 0, 83, 43547, 241.00
2026/09/06 06:15:50.380, 1, 0, 108572, 124.90
2026/09/06 06:15:51.381, 0, 39, 43547, 244.73
2026/09/06 06:15:51.384, 1, 0, 108572, 124.94
2026/09/06 06:15:52.385, 0, 27, 43547, 288.00
2026/09/06 06:15:52.387, 1, 0, 108572, 124.85
2026/09/06 06:15:53.389, 0, 47, 43547, 287.09
2026/09/06 06:15:53.392, 1, 0, 108572, 124.90
2026/09/06 06:15:54.395, 0, 19, 43549, 286.63
2026/09/06 06:15:54.396, 1, 0, 108572, 124.83
2026/09/06 06:15:55.397, 0, 42, 43549, 276.82
2026/09/06 06:15:55.399, 1, 0, 108572, 124.74
2026/09/06 06:15:56.400, 0, 0, 43549, 223.19
2026/09/06 06:15:56.402, 1, 0, 108572, 124.75
2026/09/06 06:15:57.404, 0, 16, 59827, 317.38
2026/09/06 06:15:57.406, 1, 0, 108572, 124.73
2026/09/06 06:15:58.408, 0, 0, 59827, 308.23
2026/09/06 06:15:58.410, 1, 0, 108572, 124.70
2026/09/06 06:15:59.411, 0, 76, 59827, 326.77
2026/09/06 06:15:59.413, 1, 0, 108572, 124.71
2026/09/06 06:16:00.416, 0, 0, 59827, 325.02
2026/09/06 06:16:00.418, 1, 0, 108572, 124.69
2026/09/06 06:16:01.420, 0, 64, 59827, 300.12
2026/09/06 06:16:01.422, 1, 0, 108572, 124.59
2026/09/06 06:16:02.424, 0, 100, 59827, 225.68
2026/09/06 06:16:02.426, 1, 0, 108572, 124.58
2026/09/06 06:16:03.428, 0, 14, 59827, 290.23
2026/09/06 06:16:03.430, 1, 0, 108572, 124.61
2026/09/06 06:16:04.432, 0, 36, 59827, 234.85
2026/09/06 06:16:04.434, 1, 0, 108572, 124.67
2026/09/06 06:16:05.436, 0, 0, 59827, 123.28
2026/09/06 06:16:05.439, 1, 0, 108572, 124.74
2026/09/06 06:16:06.441, 0, 76, 59827, 259.69
2026/09/06 06:16:06.442, 1, 0, 108572, 124.69
2026/09/06 06:16:07.444, 0, 0, 59827, 253.09
2026/09/06 06:16:07.446, 1, 0, 108572, 124.69
2026/09/06 06:16:08.448, 0, 43, 59827, 281.82
2026/09/06 06:16:08.449, 1, 0, 108572, 124.73
2026/09/06 06:16:09.451, 0, 25, 59827, 292.53
2026/09/06 06:16:09.453, 1, 0, 108572, 124.72
2026/09/06 06:16:10.454, 0, 11, 59827, 300.97
2026/09/06 06:16:10.456, 1, 0, 108572, 124.78
2026/09/06 06:16:11.458, 0, 0, 59827, 305.88
2026/09/06 06:16:11.460, 1, 0, 108572, 124.85
2026/09/06 06:16:12.461, 0, 94, 59827, 283.98
2026/09/06 06:16:12.462, 1, 0, 108572, 124.84
2026/09/06 06:16:13.464, 0, 68, 59827, 281.93
2026/09/06 06:16:13.465, 1, 0, 108572, 124.85
2026/09/06 06:16:14.467, 0, 0, 59827, 230.08
2026/09/06 06:16:14.469, 1, 0, 108572, 124.84
2026/09/06 06:16:15.471, 0, 7, 79715, 332.37
2026/09/06 06:16:15.473, 1, 0, 108572, 124.86
2026/09/06 06:16:16.474, 0, 19, 79715, 310.50
2026/09/06 06:16:16.476, 1, 0, 108572, 124.91
2026/09/06 06:16:17.478, 0, 55, 79715, 364.23
2026/09/06 06:16:17.479, 1, 0, 108572, 124.94
2026/09/06 06:16:18.480, 0, 47, 79715, 302.60
2026/09/06 06:16:18.482, 1, 0, 108572, 124.99
2026/09/06 06:16:19.484, 0, 17, 79715, 227.72
2026/09/06 06:16:19.485, 1, 0, 108572, 125.01
2026/09/06 06:16:20.486, 0, 39, 79715, 303.67
2026/09/06 06:16:20.488, 1, 0, 108572, 124.99
2026/09/06 06:16:21.489, 0, 0, 79715, 274.54
2026/09/06 06:16:21.490, 1, 0, 108572, 124.96
2026/09/06 06:16:22.492, 0, 0, 79715, 173.86
2026/09/06 06:16:22.493, 1, 0, 108572, 124.97
2026/09/06 06:16:23.495, 0, 81, 79715, 217.57
2026/09/06 06:16:23.496, 1, 0, 108572, 124.99
2026/09/06 06:16:24.498, 0, 62, 79715, 266.68
2026/09/06 06:16:24.500, 1, 0, 108572, 125.10
2026/09/06 06:16:25.502, 0, 96, 79717, 274.39
2026/09/06 06:16:25.503, 1, 0, 108572, 125.03
2026/09/06 06:16:26.504, 0, 39, 79717, 308.75
2026/09/06 06:16:26.507, 1, 0, 108572, 125.03
2026/09/06 06:16:27.508, 0, 34, 79717, 310.18
2026/09/06 06:16:27.510, 1, 0, 108572, 125.00
2026/09/06 06:16:28.511, 0, 70, 79717, 328.91
2026/09/06 06:16:28.513, 1, 0, 108572, 124.90
2026/09/06 06:16:29.514, 0, 0, 79717, 340.51
2026/09/06 06:16:29.517, 1, 0, 108572, 124.82
2026/09/06 06:16:30.518, 0, 0, 79717, 310.30
2026/09/06 06:16:30.520, 1, 0, 108572, 124.87
2026/09/06 06:16:31.522, 0, 10, 79717, 250.00
2026/09/06 06:16:31.524, 1, 0, 108572, 124.84
2026/09/06 06:16:32.527, 0, 43, 111245, 447.49
2026/09/06 06:16:32.528, 1, 0, 108572, 124.86
2026/09/06 06:16:33.530, 0, 25, 111245, 149.95
2026/09/06 06:16:33.531, 1, 0, 108572, 124.94
2026/09/06 06:16:34.533, 0, 25, 111245, 124.70
2026/09/06 06:16:34.535, 1, 0, 108572, 124.88
2026/09/06 06:16:35.536, 0, 81, 111759, 208.30
2026/09/06 06:16:35.538, 1, 0, 108572, 124.92
2026/09/06 06:16:36.540, 0, 72, 111763, 215.94
2026/09/06 06:16:36.542, 1, 0, 108572, 124.92
2026/09/06 06:16:37.543, 0, 0, 111763, 245.80
2026/09/06 06:16:37.545, 1, 0, 108572, 124.94
2026/09/06 06:16:38.547, 0, 61, 111763, 259.27
2026/09/06 06:16:38.549, 1, 0, 108572, 124.96
2026/09/06 06:16:39.551, 0, 40, 111763, 159.34
2026/09/06 06:16:39.553, 1, 0, 108572, 124.98
2026/09/06 06:16:40.554, 0, 69, 111763, 278.63
2026/09/06 06:16:40.556, 1, 0, 108572, 125.01
2026/09/06 06:16:41.558, 0, 0, 111763, 207.95
2026/09/06 06:16:41.560, 1, 0, 108572, 124.96
2026/09/06 06:16:42.562, 0, 0, 111763, 167.13
2026/09/06 06:16:42.564, 1, 0, 108572, 124.98
2026/09/06 06:16:43.566, 0, 0, 111763, 124.15
2026/09/06 06:16:43.567, 1, 0, 108572, 125.02
2026/09/06 06:16:44.570, 0, 0, 111763, 124.01
2026/09/06 06:16:44.572, 1, 0, 108572, 124.99
2026/09/06 06:16:45.574, 0, 0, 111763, 290.90
2026/09/06 06:16:45.576, 1, 0, 108572, 125.06
2026/09/06 06:16:46.578, 0, 0, 111763, 168.40
2026/09/06 06:16:46.580, 1, 0, 108572, 125.05
2026/09/06 06:16:47.582, 0, 41, 111763, 305.08
2026/09/06 06:16:47.585, 1, 0, 108572, 125.14
2026/09/06 06:16:48.586, 0, 100, 111763, 283.06
2026/09/06 06:16:48.588, 1, 0, 108572, 125.05
2026/09/06 06:16:49.590, 0, 83, 111763, 317.34
2026/09/06 06:16:49.591, 1, 0, 108572, 125.07
2026/09/06 06:16:50.593, 0, 32, 111763, 317.57
2026/09/06 06:16:50.594, 1, 0, 108572, 125.05
2026/09/06 06:16:51.596, 0, 0, 111763, 203.57
2026/09/06 06:16:51.598, 1, 0, 108572, 125.16
2026/09/06 06:16:52.599, 0, 95, 111763, 216.79
2026/09/06 06:16:52.601, 1, 0, 108572, 125.15
2026/09/06 06:16:53.602, 0, 0, 111763, 223.60
2026/09/06 06:16:53.604, 1, 0, 108572, 125.25
2026/09/06 06:16:54.605, 0, 100, 111763, 190.84
2026/09/06 06:16:54.607, 1, 0, 108572, 125.15
2026/09/06 06:16:55.608, 0, 0, 111763, 157.64
2026/09/06 06:16:55.610, 1, 0, 108572, 125.12
2026/09/06 06:16:56.611, 0, 51, 111763, 190.17
2026/09/06 06:16:56.612, 1, 0, 108572, 125.09
2026/09/06 06:16:57.614, 0, 0, 111763, 146.48
2026/09/06 06:16:57.615, 1, 0, 108572, 125.16
2026/09/06 06:16:58.617, 0, 52, 111763, 166.41
2026/09/06 06:16:58.618, 1, 0, 108572, 125.12
2026/09/06 06:16:59.620, 0, 100, 111763, 153.95
2026/09/06 06:16:59.622, 1, 0, 108572, 125.18
2026/09/06 06:17:00.624, 0, 0, 111763, 150.98
2026/09/06 06:17:00.626, 1, 0, 108572, 125.17
2026/09/06 06:17:01.628, 0, 22, 112979, 405.85
2026/09/06 06:17:01.630, 1, 0, 108572, 125.10
2026/09/06 06:17:02.632, 0, 59, 112979, 386.16
2026/09/06 06:17:02.634, 1, 0, 108572, 125.15
2026/09/06 06:17:03.636, 0, 49, 112979, 366.90
2026/09/06 06:17:03.638, 1, 0, 108572, 125.06
2026/09/06 06:17:04.640, 0, 56, 112979, 232.28
2026/09/06 06:17:04.642, 1, 0, 108572, 125.16
2026/09/06 06:17:05.643, 0, 0, 112979, 255.72
2026/09/06 06:17:05.645, 1, 0, 108572, 125.13
2026/09/06 06:17:06.646, 0, 93, 112979, 271.67
2026/09/06 06:17:06.648, 1, 0, 108572, 125.12
2026/09/06 06:17:07.649, 0, 24, 112979, 162.50
2026/09/06 06:17:07.651, 1, 0, 108572, 125.11
2026/09/06 06:17:08.652, 0, 64, 112979, 288.19
2026/09/06 06:17:08.654, 1, 0, 108572, 125.06
2026/09/06 06:17:09.655, 0, 0, 112979, 221.74
2026/09/06 06:17:09.657, 1, 0, 108572, 125.08
2026/09/06 06:17:10.659, 0, 0, 112979, 170.21
2026/09/06 06:17:10.660, 1, 0, 108572, 124.95
2026/09/06 06:17:11.662, 0, 0, 112979, 124.39
2026/09/06 06:17:11.663, 1, 0, 108572, 125.12
2026/09/06 06:17:12.665, 0, 0, 112979, 124.13
2026/09/06 06:17:12.667, 1, 0, 108572, 125.01
2026/09/06 06:17:13.668, 0, 37, 112979, 306.94
2026/09/06 06:17:13.669, 1, 0, 108572, 125.04
2026/09/06 06:17:14.671, 0, 0, 112979, 186.34
2026/09/06 06:17:14.672, 1, 0, 108572, 124.99
2026/09/06 06:17:15.674, 0, 97, 112979, 322.05
2026/09/06 06:17:15.676, 1, 0, 108572, 124.89
2026/09/06 06:17:16.677, 0, 63, 112981, 271.00
2026/09/06 06:17:16.679, 1, 0, 108572, 124.79
2026/09/06 06:17:17.682, 0, 58, 112981, 327.52
2026/09/06 06:17:17.684, 1, 0, 108572, 124.86
2026/09/06 06:17:18.686, 0, 60, 112981, 370.42
2026/09/06 06:17:18.688, 1, 0, 108572, 124.79
2026/09/06 06:17:19.689, 0, 0, 112981, 192.16
2026/09/06 06:17:19.691, 1, 0, 108572, 124.76
2026/09/06 06:17:20.693, 0, 81, 112981, 242.54
2026/09/06 06:17:20.695, 1, 0, 108572, 124.77
2026/09/06 06:17:21.696, 0, 0, 112981, 193.56
2026/09/06 06:17:21.698, 1, 0, 108572, 124.75
2026/09/06 06:17:22.699, 0, 84, 112981, 223.66
2026/09/06 06:17:22.701, 1, 0, 108572, 124.64
2026/09/06 06:17:23.703, 0, 0, 112981, 158.10
2026/09/06 06:17:23.705, 1, 0, 108572, 124.65
2026/09/06 06:17:24.706, 0, 91, 112981, 190.66
2026/09/06 06:17:24.708, 1, 0, 108572, 124.57
2026/09/06 06:17:25.710, 0, 0, 112981, 146.80
2026/09/06 06:17:25.712, 1, 0, 108572, 124.54
2026/09/06 06:17:26.713, 0, 0, 112981, 123.02
2026/09/06 06:17:26.716, 1, 0, 108572, 124.50
2026/09/06 06:17:27.718, 0, 0, 112981, 166.28
2026/09/06 06:17:27.720, 1, 0, 108572, 123.94
2026/09/06 06:17:28.722, 0, 0, 112981, 150.91
2026/09/06 06:17:28.724, 1, 0, 108572, 123.90
2026/09/06 06:17:29.726, 0, 100, 112981, 647.07
2026/09/06 06:17:29.728, 1, 0, 108572, 123.79
2026/09/06 06:17:30.730, 0, 53, 112981, 202.00
2026/09/06 06:17:30.731, 1, 0, 108572, 123.76
2026/09/06 06:17:31.733, 0, 55, 112981, 182.12
2026/09/06 06:17:31.735, 1, 0, 108572, 123.85
2026/09/06 06:17:32.736, 0, 68, 112981, 281.35
2026/09/06 06:17:32.739, 1, 0, 108572, 123.78
2026/09/06 06:17:33.740, 0, 100, 112981, 258.35
2026/09/06 06:17:33.743, 1, 0, 108572, 123.77
2026/09/06 06:17:34.744, 0, 0, 112981, 231.39
2026/09/06 06:17:34.746, 1, 0, 108572, 123.68
2026/09/06 06:17:35.747, 0, 95, 112981, 209.18
2026/09/06 06:17:35.748, 1, 0, 108572, 123.66
2026/09/06 06:17:36.750, 0, 7, 112981, 284.42
2026/09/06 06:17:36.754, 1, 0, 108572, 123.64
2026/09/06 06:17:37.757, 0, 21, 112981, 219.01
2026/09/06 06:17:37.759, 1, 0, 108572, 123.63
2026/09/06 06:17:38.760, 0, 0, 112981, 123.42
2026/09/06 06:17:38.762, 1, 0, 108572, 123.57
2026/09/06 06:17:39.765, 0, 0, 112981, 123.06
2026/09/06 06:17:39.767, 1, 0, 108572, 123.58
2026/09/06 06:17:40.768, 0, 62, 112981, 219.26
2026/09/06 06:17:40.771, 1, 0, 108572, 123.56
2026/09/06 06:17:41.776, 0, 86, 112981, 270.72
2026/09/06 06:17:41.777, 1, 0, 108572, 123.62
2026/09/06 06:17:42.780, 0, 100, 112981, 251.11
2026/09/06 06:17:42.782, 1, 0, 108572, 123.49
2026/09/06 06:17:43.783, 0, 0, 112981, 288.29
2026/09/06 06:17:43.786, 1, 0, 108572, 123.49
2026/09/06 06:17:44.787, 0, 9, 112981, 342.43
2026/09/06 06:17:44.789, 1, 0, 108572, 123.43
2026/09/06 06:17:45.790, 0, 63, 112981, 335.97
2026/09/06 06:17:45.792, 1, 0, 108572, 123.48
2026/09/06 06:17:46.794, 0, 0, 112981, 231.58
2026/09/06 06:17:46.796, 1, 0, 108572, 123.47
2026/09/06 06:17:47.798, 0, 0, 112981, 252.17
2026/09/06 06:17:47.799, 1, 0, 108572, 123.52
2026/09/06 06:17:48.801, 0, 0, 112981, 173.35
2026/09/06 06:17:48.802, 1, 0, 108572, 123.50
2026/09/06 06:17:49.803, 0, 0, 112981, 211.34
2026/09/06 06:17:49.805, 1, 0, 108572, 123.42
2026/09/06 06:17:50.806, 0, 0, 112981, 176.26
2026/09/06 06:17:50.808, 1, 0, 108572, 123.43
2026/09/06 06:17:51.811, 0, 0, 112981, 157.09
2026/09/06 06:17:51.814, 1, 0, 108572, 123.41
2026/09/06 06:17:52.815, 0, 0, 112981, 187.29
2026/09/06 06:17:52.817, 1, 0, 108572, 123.41
2026/09/06 06:17:53.819, 0, 0, 112981, 145.28
2026/09/06 06:17:53.821, 1, 0, 108572, 123.45
2026/09/06 06:17:54.822, 0, 79, 112981, 168.18
2026/09/06 06:17:54.824, 1, 0, 108572, 123.39
2026/09/06 06:17:55.826, 0, 100, 112981, 149.32
2026/09/06 06:17:55.827, 1, 0, 108572, 123.38
2026/09/06 06:17:56.829, 0, 14, 112981, 162.06
2026/09/06 06:17:56.831, 1, 0, 108572, 123.34
2026/09/06 06:17:57.833, 0, 52, 113763, 608.76
2026/09/06 06:17:57.834, 1, 0, 108572, 123.34
2026/09/06 06:17:58.836, 0, 12, 113765, 128.41
2026/09/06 06:17:58.837, 1, 0, 108572, 123.37
2026/09/06 06:17:59.839, 0, 12, 113765, 124.33
2026/09/06 06:17:59.841, 1, 0, 108572, 123.34
2026/09/06 06:18:00.844, 0, 5, 116191, 124.62
2026/09/06 06:18:00.846, 1, 0, 108572, 123.35
2026/09/06 06:18:01.848, 0, 0, 116191, 126.19
2026/09/06 06:18:01.850, 1, 0, 108572, 123.34
2026/09/06 06:18:02.852, 0, 1, 43549, 127.40
2026/09/06 06:18:02.855, 1, 0, 108572, 123.25
2026/09/06 06:18:03.856, 0, 0, 42815, 121.89
2026/09/06 06:18:03.858, 1, 0, 108572, 123.28
2026/09/06 06:18:04.860, 0, 0, 39187, 122.49
2026/09/06 06:18:04.865, 1, 0, 108572, 123.20
2026/09/06 06:18:05.868, 0, 0, 43549, 124.88
2026/09/06 06:18:05.926, 1, 0, 108572, 123.29
2026/09/06 06:18:06.928, 0, 14, 44219, 129.62
2026/09/06 06:18:06.931, 1, 32, 110108, 134.22
2026/09/06 06:18:07.933, 0, 0, 43615, 124.49
2026/09/06 06:18:07.935, 1, 0, 108570, 130.33
2026/09/06 06:18:08.937, 0, 0, 42815, 121.62
2026/09/06 06:18:08.939, 1, 0, 108282, 123.44
2026/09/06 06:18:09.941, 0, 69, 21713, 124.71
2026/09/06 06:18:09.943, 1, 0, 108302, 123.32
2026/09/06 06:18:10.945, 0, 100, 40645, 212.24
2026/09/06 06:18:10.947, 1, 69, 108566, 232.63
2026/09/06 06:18:11.949, 0, 99, 40647, 692.56
2026/09/06 06:18:11.950, 1, 70, 108566, 291.86
2026/09/06 06:18:12.952, 0, 0, 40647, 467.04
2026/09/06 06:18:12.954, 1, 68, 108566, 290.21
2026/09/06 06:18:13.955, 0, 48, 40647, 318.94
2026/09/06 06:18:13.957, 1, 0, 108566, 198.88
2026/09/06 06:18:14.959, 0, 13, 40647, 286.89
2026/09/06 06:18:14.962, 1, 65, 108566, 283.03
2026/09/06 06:18:15.965, 0, 8, 40647, 244.74
2026/09/06 06:18:15.967, 1, 69, 108566, 287.84
2026/09/06 06:18:16.969, 0, 0, 40647, 233.38
2026/09/06 06:18:16.970, 1, 64, 108566, 289.63
2026/09/06 06:18:17.972, 0, 26, 40647, 279.68
2026/09/06 06:18:17.974, 1, 68, 108566, 293.96
2026/09/06 06:18:18.975, 0, 44, 40647, 263.54
2026/09/06 06:18:18.977, 1, 68, 108566, 297.62
2026/09/06 06:18:19.979, 0, 49, 40647, 212.71
2026/09/06 06:18:19.982, 1, 66, 108566, 290.98
2026/09/06 06:18:20.983, 0, 0, 40647, 122.91
2026/09/06 06:18:20.985, 1, 67, 108566, 301.11
2026/09/06 06:18:21.987, 0, 0, 40647, 240.85
2026/09/06 06:18:21.988, 1, 67, 108566, 290.28
2026/09/06 06:18:22.990, 0, 14, 40647, 234.61
2026/09/06 06:18:22.993, 1, 67, 108566, 293.48
2026/09/06 06:18:23.995, 0, 87, 40647, 262.28
2026/09/06 06:18:24.001, 1, 69, 108566, 294.21
2026/09/06 06:18:25.003, 0, 40, 40647, 263.18
2026/09/06 06:18:25.008, 1, 68, 108566, 299.56
2026/09/06 06:18:26.016, 0, 44, 40647, 267.04
2026/09/06 06:18:26.018, 1, 69, 108566, 296.27
2026/09/06 06:18:27.020, 0, 36, 40649, 259.59
2026/09/06 06:18:27.021, 1, 68, 108566, 298.37
2026/09/06 06:18:28.023, 0, 5, 40649, 309.74
2026/09/06 06:18:28.024, 1, 67, 108566, 292.58
2026/09/06 06:18:29.026, 0, 0, 40649, 281.23
2026/09/06 06:18:29.028, 1, 68, 108566, 298.34
2026/09/06 06:18:30.030, 0, 0, 40649, 257.29
2026/09/06 06:18:30.031, 1, 68, 108566, 290.32
2026/09/06 06:18:31.033, 0, 18, 40649, 285.00
2026/09/06 06:18:31.034, 1, 69, 108566, 300.60
2026/09/06 06:18:32.036, 0, 35, 44153, 537.45
2026/09/06 06:18:32.037, 1, 64, 108566, 296.00
2026/09/06 06:18:33.039, 0, 100, 47583, 695.84
2026/09/06 06:18:33.040, 1, 67, 108566, 295.77
2026/09/06 06:18:34.042, 0, 100, 47583, 691.61
2026/09/06 06:18:34.044, 1, 67, 108566, 292.69
2026/09/06 06:18:35.046, 0, 100, 47583, 693.56
2026/09/06 06:18:35.047, 1, 67, 108566, 291.40
2026/09/06 06:18:36.049, 0, 96, 47587, 694.60
2026/09/06 06:18:36.051, 1, 68, 108566, 296.20
2026/09/06 06:18:37.053, 0, 100, 47587, 688.51
2026/09/06 06:18:37.055, 1, 68, 108566, 297.21
2026/09/06 06:18:38.057, 0, 100, 47587, 695.05
2026/09/06 06:18:38.059, 1, 68, 108566, 300.20
2026/09/06 06:18:39.061, 0, 100, 47587, 691.35
2026/09/06 06:18:39.063, 1, 68, 108566, 298.54
2026/09/06 06:18:40.064, 0, 4, 47587, 332.52
2026/09/06 06:18:40.067, 1, 67, 108566, 299.57
2026/09/06 06:18:41.068, 0, 100, 47587, 250.51
2026/09/06 06:18:41.070, 1, 68, 108566, 299.86
2026/09/06 06:18:42.072, 0, 0, 47587, 170.52
2026/09/06 06:18:42.074, 1, 68, 108566, 298.34
2026/09/06 06:18:43.076, 0, 59, 47587, 274.87
2026/09/06 06:18:43.077, 1, 68, 108566, 300.99
2026/09/06 06:18:44.079, 0, 72, 47587, 276.85
2026/09/06 06:18:44.081, 1, 69, 108566, 298.05
2026/09/06 06:18:45.082, 0, 0, 47587, 170.07
2026/09/06 06:18:45.084, 1, 69, 108566, 301.95
2026/09/06 06:18:46.086, 0, 0, 47587, 123.92
2026/09/06 06:18:46.088, 1, 70, 108566, 303.97
2026/09/06 06:18:47.089, 0, 0, 47587, 123.45
2026/09/06 06:18:47.092, 1, 68, 108566, 300.88
2026/09/06 06:18:48.093, 0, 68, 47587, 157.96
2026/09/06 06:18:48.095, 1, 69, 108566, 300.17
2026/09/06 06:18:49.097, 0, 0, 47587, 289.15
2026/09/06 06:18:49.099, 1, 67, 108566, 304.60
2026/09/06 06:18:50.101, 0, 0, 47587, 176.38
2026/09/06 06:18:50.103, 1, 69, 108566, 300.46
2026/09/06 06:18:51.106, 0, 32, 47587, 327.91
2026/09/06 06:18:51.107, 1, 68, 108566, 304.26
2026/09/06 06:18:52.109, 0, 25, 47587, 281.48
2026/09/06 06:18:52.111, 1, 69, 108566, 305.56
2026/09/06 06:18:53.113, 0, 37, 47587, 323.76
2026/09/06 06:18:53.114, 1, 67, 108566, 306.76
2026/09/06 06:18:54.116, 0, 58, 47587, 370.30
2026/09/06 06:18:54.117, 1, 69, 108566, 306.41
2026/09/06 06:18:55.119, 0, 0, 47587, 207.30
2026/09/06 06:18:55.121, 1, 69, 108566, 304.32
2026/09/06 06:18:56.123, 0, 68, 47587, 230.51
2026/09/06 06:18:56.125, 1, 69, 108566, 304.68
2026/09/06 06:18:57.126, 0, 0, 47587, 196.15
2026/09/06 06:18:57.128, 1, 70, 108566, 308.50
2026/09/06 06:18:58.130, 0, 0, 47587, 205.44
2026/09/06 06:18:58.131, 1, 68, 108566, 306.62
2026/09/06 06:18:59.133, 0, 0, 47587, 146.69
2026/09/06 06:18:59.136, 1, 69, 108566, 308.43
2026/09/06 06:19:00.137, 0, 0, 47587, 202.44
2026/09/06 06:19:00.138, 1, 69, 108566, 311.14
2026/09/06 06:19:01.140, 0, 0, 47587, 172.33
2026/09/06 06:19:01.142, 1, 70, 108566, 308.68
2026/09/06 06:19:02.144, 0, 0, 47587, 123.07
2026/09/06 06:19:02.147, 1, 66, 108566, 308.52
2026/09/06 06:19:03.150, 0, 0, 47587, 172.57
2026/09/06 06:19:03.152, 1, 69, 108566, 308.20
2026/09/06 06:19:04.154, 0, 0, 47587, 150.83
2026/09/06 06:19:04.155, 1, 68, 108566, 311.73
2026/09/06 06:19:05.158, 0, 100, 47587, 276.93
2026/09/06 06:19:05.160, 1, 69, 108566, 306.91
2026/09/06 06:19:06.161, 0, 100, 47587, 696.92
2026/09/06 06:19:06.163, 1, 70, 108566, 312.27
2026/09/06 06:19:07.165, 0, 100, 48191, 542.79
2026/09/06 06:19:07.167, 1, 70, 108566, 314.40
2026/09/06 06:19:08.168, 0, 12, 48371, 128.35
2026/09/06 06:19:08.171, 1, 69, 108566, 309.94
2026/09/06 06:19:09.174, 0, 11, 48371, 125.65
2026/09/06 06:19:09.176, 1, 66, 108566, 305.44
2026/09/06 06:19:10.178, 0, 15, 50797, 125.04
2026/09/06 06:19:10.180, 1, 61, 108566, 297.71
2026/09/06 06:19:11.183, 0, 0, 38259, 126.18
2026/09/06 06:19:11.185, 1, 69, 108566, 312.33
2026/09/06 06:19:12.186, 0, 0, 37257, 123.52
2026/09/06 06:19:12.188, 1, 67, 108566, 307.19
2026/09/06 06:19:13.190, 0, 0, 37257, 123.18
2026/09/06 06:19:13.192, 1, 67, 108566, 307.33
2026/09/06 06:19:14.193, 0, 0, 43553, 128.01
2026/09/06 06:19:14.195, 1, 69, 108566, 306.31
2026/09/06 06:19:15.197, 0, 100, 82965, 327.76
2026/09/06 06:19:15.199, 1, 68, 108566, 309.06
2026/09/06 06:19:16.201, 0, 100, 83477, 313.38
2026/09/06 06:19:16.202, 1, 70, 108566, 309.77
2026/09/06 06:19:17.204, 0, 36, 83477, 263.67
2026/09/06 06:19:17.206, 1, 72, 108566, 312.61
2026/09/06 06:19:18.207, 0, 18, 83477, 285.89
2026/09/06 06:19:18.209, 1, 70, 108566, 310.60
2026/09/06 06:19:19.210, 0, 32, 83479, 358.87
2026/09/06 06:19:19.212, 1, 70, 108566, 305.47
2026/09/06 06:19:20.214, 0, 19, 83479, 286.71
2026/09/06 06:19:20.215, 1, 69, 108566, 313.39
2026/09/06 06:19:21.217, 0, 18, 83479, 334.96
2026/09/06 06:19:21.218, 1, 68, 108566, 308.86
2026/09/06 06:19:22.221, 0, 88, 83479, 273.14
2026/09/06 06:19:22.222, 1, 69, 108566, 312.67
2026/09/06 06:19:23.223, 0, 0, 83479, 317.03
2026/09/06 06:19:23.225, 1, 69, 108566, 311.54
2026/09/06 06:19:24.226, 0, 0, 83479, 313.85
2026/09/06 06:19:24.228, 1, 67, 108566, 306.93
2026/09/06 06:19:25.229, 0, 0, 83479, 317.48
2026/09/06 06:19:25.231, 1, 70, 108566, 313.00
2026/09/06 06:19:26.233, 0, 1, 83479, 229.92
2026/09/06 06:19:26.235, 1, 68, 108566, 312.57
2026/09/06 06:19:27.237, 0, 54, 83479, 270.61
2026/09/06 06:19:27.239, 1, 68, 108566, 317.20
2026/09/06 06:19:28.241, 0, 0, 83481, 215.27
2026/09/06 06:19:28.243, 1, 70, 108566, 310.73
2026/09/06 06:19:29.244, 0, 0, 83481, 168.27
2026/09/06 06:19:29.245, 1, 68, 108566, 316.49
2026/09/06 06:19:30.246, 0, 79, 83481, 214.81
2026/09/06 06:19:30.248, 1, 68, 108566, 311.58
2026/09/06 06:19:31.249, 0, 81, 83481, 262.55
2026/09/06 06:19:31.251, 1, 64, 108566, 319.08
2026/09/06 06:19:32.253, 0, 0, 83481, 260.75
2026/09/06 06:19:32.255, 1, 64, 108566, 324.22
2026/09/06 06:19:33.256, 0, 28, 83481, 266.04
2026/09/06 06:19:33.259, 1, 62, 108566, 321.29
2026/09/06 06:19:34.260, 0, 0, 83481, 308.92
2026/09/06 06:19:34.262, 1, 65, 108566, 320.88
2026/09/06 06:19:35.266, 0, 94, 83481, 279.47
2026/09/06 06:19:35.267, 1, 66, 108566, 323.95
2026/09/06 06:19:36.269, 0, 0, 83481, 289.86
2026/09/06 06:19:36.271, 1, 64, 108566, 326.26
2026/09/06 06:19:37.272, 0, 0, 83481, 294.27
2026/09/06 06:19:37.274, 1, 64, 108566, 324.97
2026/09/06 06:19:38.276, 0, 0, 83481, 279.80
2026/09/06 06:19:38.278, 1, 65, 108566, 320.55
2026/09/06 06:19:39.279, 0, 8, 83481, 313.07
2026/09/06 06:19:39.281, 1, 66, 108566, 323.49
2026/09/06 06:19:40.284, 0, 49, 83481, 374.43
2026/09/06 06:19:40.285, 1, 62, 108566, 324.40
2026/09/06 06:19:41.286, 0, 18, 83481, 256.41
2026/09/06 06:19:41.288, 1, 63, 108566, 320.79
2026/09/06 06:19:42.289, 0, 25, 83481, 133.20
2026/09/06 06:19:42.291, 1, 67, 108566, 321.26
2026/09/06 06:19:43.293, 0, 26, 83481, 124.85
2026/09/06 06:19:43.295, 1, 66, 108566, 324.05
2026/09/06 06:19:44.296, 0, 28, 83481, 124.70
2026/09/06 06:19:44.297, 1, 64, 108566, 321.17
2026/09/06 06:19:45.298, 0, 26, 83481, 124.56
2026/09/06 06:19:45.300, 1, 64, 108566, 323.85
2026/09/06 06:19:46.302, 0, 25, 83481, 124.43
2026/09/06 06:19:46.303, 1, 65, 108566, 328.98
2026/09/06 06:19:47.305, 0, 60, 83995, 206.22
2026/09/06 06:19:47.307, 1, 64, 108566, 325.70
2026/09/06 06:19:48.309, 0, 30, 83995, 274.62
2026/09/06 06:19:48.311, 1, 66, 108566, 327.57
2026/09/06 06:19:49.313, 0, 16, 83995, 170.05
2026/09/06 06:19:49.315, 1, 64, 108566, 322.93
2026/09/06 06:19:50.316, 0, 100, 94731, 371.77
2026/09/06 06:19:50.318, 1, 66, 108566, 327.64
2026/09/06 06:19:51.319, 0, 100, 95947, 703.40
2026/09/06 06:19:51.321, 1, 63, 108566, 329.66
2026/09/06 06:19:52.323, 0, 36, 95947, 216.17
2026/09/06 06:19:52.325, 1, 65, 108566, 326.72
2026/09/06 06:19:53.327, 0, 55, 95947, 187.84
2026/09/06 06:19:53.329, 1, 65, 108566, 327.03
2026/09/06 06:19:54.331, 0, 100, 96191, 493.20
2026/09/06 06:19:54.332, 1, 64, 108566, 326.32
2026/09/06 06:19:55.335, 0, 18, 96191, 555.18
2026/09/06 06:19:55.337, 1, 64, 108566, 327.89
2026/09/06 06:19:56.339, 0, 18, 96191, 181.35
2026/09/06 06:19:56.341, 1, 66, 108566, 328.37
2026/09/06 06:19:57.343, 0, 52, 96191, 199.04
2026/09/06 06:19:57.344, 1, 64, 108566, 331.22
2026/09/06 06:19:58.346, 0, 100, 96191, 623.16
2026/09/06 06:19:58.348, 1, 64, 108566, 330.11
2026/09/06 06:19:59.350, 0, 27, 96191, 376.09
2026/09/06 06:19:59.351, 1, 63, 108566, 328.66
2026/09/06 06:20:00.353, 0, 45, 96191, 208.35
2026/09/06 06:20:00.355, 1, 65, 108566, 329.45
2026/09/06 06:20:01.356, 0, 100, 96193, 684.46
2026/09/06 06:20:01.358, 1, 65, 108566, 329.75
2026/09/06 06:20:02.361, 0, 38, 96193, 172.45
2026/09/06 06:20:02.363, 1, 66, 108566, 329.37
2026/09/06 06:20:03.364, 0, 54, 96193, 183.19
2026/09/06 06:20:03.366, 1, 66, 108566, 330.55
2026/09/06 06:20:04.369, 0, 100, 96193, 468.28
2026/09/06 06:20:04.370, 1, 0, 108566, 159.71
2026/09/06 06:20:05.372, 0, 17, 96193, 573.99
2026/09/06 06:20:05.375, 1, 0, 108566, 131.25
2026/09/06 06:20:06.378, 0, 18, 96193, 181.59
2026/09/06 06:20:06.380, 1, 0, 108566, 130.91
2026/09/06 06:20:07.382, 0, 50, 96193, 193.44
2026/09/06 06:20:07.385, 1, 0, 108566, 130.62
2026/09/06 06:20:08.388, 0, 100, 96193, 564.06
2026/09/06 06:20:08.390, 1, 0, 108566, 130.51
2026/09/06 06:20:09.392, 0, 18, 96193, 387.09
2026/09/06 06:20:09.395, 1, 0, 108566, 130.19
2026/09/06 06:20:10.396, 0, 40, 96193, 193.54
2026/09/06 06:20:10.398, 1, 0, 108566, 130.15
2026/09/06 06:20:11.400, 0, 74, 96193, 304.18
2026/09/06 06:20:11.401, 1, 0, 108566, 129.98
2026/09/06 06:20:12.403, 0, 0, 96193, 235.51
2026/09/06 06:20:12.405, 1, 0, 108566, 129.75
2026/09/06 06:20:13.406, 0, 0, 96193, 223.78
2026/09/06 06:20:13.408, 1, 0, 108566, 129.62
2026/09/06 06:20:14.410, 0, 10, 96193, 228.26
2026/09/06 06:20:14.411, 1, 0, 108566, 129.54
2026/09/06 06:20:15.414, 0, 0, 96193, 284.41
2026/09/06 06:20:15.416, 1, 0, 108566, 129.48
2026/09/06 06:20:16.418, 0, 0, 96193, 205.24
2026/09/06 06:20:16.420, 1, 0, 108566, 129.69
2026/09/06 06:20:17.421, 0, 0, 96193, 144.50
2026/09/06 06:20:17.424, 1, 0, 108566, 129.70
2026/09/06 06:20:18.426, 0, 0, 96193, 125.65
2026/09/06 06:20:18.428, 1, 0, 108566, 129.64
2026/09/06 06:20:19.430, 0, 0, 96193, 131.50
2026/09/06 06:20:19.432, 1, 0, 108566, 129.42
2026/09/06 06:20:20.433, 0, 0, 96193, 323.70
2026/09/06 06:20:20.435, 1, 0, 108566, 129.31
2026/09/06 06:20:21.436, 0, 0, 96193, 177.93
2026/09/06 06:20:21.438, 1, 0, 108566, 129.21
2026/09/06 06:20:22.439, 0, 42, 96193, 315.49
2026/09/06 06:20:22.441, 1, 0, 108566, 129.09
2026/09/06 06:20:23.443, 0, 51, 96193, 293.36
2026/09/06 06:20:23.444, 1, 0, 108566, 129.16
2026/09/06 06:20:24.446, 0, 42, 96193, 286.68
2026/09/06 06:20:24.447, 1, 0, 108566, 128.99
2026/09/06 06:20:25.449, 0, 56, 96193, 373.22
2026/09/06 06:20:25.453, 1, 0, 108566, 128.92
2026/09/06 06:20:26.457, 0, 0, 96193, 234.47
2026/09/06 06:20:26.459, 1, 0, 108566, 128.79
2026/09/06 06:20:27.461, 0, 28, 96193, 237.38
2026/09/06 06:20:27.463, 1, 0, 108566, 128.70
2026/09/06 06:20:28.464, 0, 0, 96193, 198.48
2026/09/06 06:20:28.465, 1, 0, 108566, 128.62
2026/09/06 06:20:29.467, 0, 0, 96193, 222.12
2026/09/06 06:20:29.468, 1, 0, 108566, 128.59
2026/09/06 06:20:30.469, 0, 0, 96193, 159.95
2026/09/06 06:20:30.471, 1, 0, 108566, 128.51
2026/09/06 06:20:31.473, 0, 0, 96193, 195.29
2026/09/06 06:20:31.474, 1, 0, 108566, 128.49
2026/09/06 06:20:32.476, 0, 0, 96193, 170.65
2026/09/06 06:20:32.478, 1, 0, 108566, 128.39
2026/09/06 06:20:33.480, 0, 0, 96193, 143.54
2026/09/06 06:20:33.481, 1, 0, 108566, 128.30
2026/09/06 06:20:34.484, 0, 93, 96193, 173.83
2026/09/06 06:20:34.485, 1, 0, 108566, 128.14
2026/09/06 06:20:35.486, 0, 95, 96193, 151.26
2026/09/06 06:20:35.492, 1, 0, 108566, 128.18
2026/09/06 06:20:36.496, 0, 0, 96193, 154.05
2026/09/06 06:20:36.498, 1, 0, 108566, 128.09
2026/09/06 06:20:37.499, 0, 99, 96193, 629.96
2026/09/06 06:20:37.503, 1, 0, 108566, 128.02
2026/09/06 06:20:38.510, 0, 18, 96193, 231.70
2026/09/06 06:20:38.511, 1, 0, 108566, 127.95
2026/09/06 06:20:39.512, 0, 17, 96193, 163.52
2026/09/06 06:20:39.521, 1, 0, 108566, 127.98
2026/09/06 06:20:40.527, 0, 42, 96193, 249.21
2026/09/06 06:20:40.529, 1, 0, 108566, 127.87
2026/09/06 06:20:41.531, 0, 60, 96795, 638.04
2026/09/06 06:20:41.533, 1, 0, 108566, 127.76
2026/09/06 06:20:42.542, 0, 9, 96977, 131.35
2026/09/06 06:20:42.550, 1, 0, 108566, 127.77
2026/09/06 06:20:43.553, 0, 9, 96977, 127.43
2026/09/06 06:20:43.556, 1, 0, 108566, 127.73
2026/09/06 06:20:44.559, 0, 10, 96977, 126.90
2026/09/06 06:20:44.567, 1, 0, 108566, 127.71
2026/09/06 06:20:45.569, 0, 15, 99403, 127.11
2026/09/06 06:20:45.572, 1, 0, 108566, 127.63
2026/09/06 06:20:46.575, 0, 0, 99403, 128.75
2026/09/06 06:20:46.579, 1, 0, 108566, 127.53
2026/09/06 06:20:47.582, 0, 0, 43559, 129.34
2026/09/06 06:20:47.586, 1, 0, 108566, 127.49
2026/09/06 06:20:48.589, 0, 0, 42821, 124.98
2026/09/06 06:20:48.593, 1, 0, 108566, 127.41
2026/09/06 06:20:49.598, 0, 0, 37371, 125.69
2026/09/06 06:20:49.603, 1, 0, 108566, 127.35
2026/09/06 06:20:50.607, 0, 0, 43561, 127.97
2026/09/06 06:20:50.611, 1, 0, 108566, 127.31
2026/09/06 06:20:51.614, 0, 4, 44231, 129.76
2026/09/06 06:20:51.618, 1, 79, 110106, 136.43
2026/09/06 06:20:52.620, 0, 0, 44171, 137.53
2026/09/06 06:20:52.629, 1, 0, 108892, 145.25
2026/09/06 06:20:53.632, 0, 6, 42823, 124.71
2026/09/06 06:20:53.635, 1, 0, 108282, 127.33
2026/09/06 06:20:54.637, 0, 77, 39189, 125.26
2026/09/06 06:20:54.641, 1, 0, 108282, 127.06
2026/09/06 06:20:55.643, 0, 0, 37751, 128.19
2026/09/06 06:20:55.650, 1, 8, 108410, 129.21
2026/09/06 06:20:56.655, 0, 53, 38543, 205.04
2026/09/06 06:20:56.661, 1, 65, 108524, 239.39
2026/09/06 06:20:57.665, 0, 22, 38799, 252.51
2026/09/06 06:20:57.668, 1, 68, 108524, 281.31
2026/09/06 06:20:58.670, 0, 0, 38799, 265.71
2026/09/06 06:20:58.671, 1, 69, 108524, 292.99
2026/09/06 06:20:59.673, 0, 0, 38799, 271.78
2026/09/06 06:20:59.676, 1, 66, 108524, 284.06
2026/09/06 06:21:00.683, 0, 0, 38799, 251.23
2026/09/06 06:21:00.686, 1, 67, 108524, 290.87
2026/09/06 06:21:01.688, 0, 0, 38799, 198.64
2026/09/06 06:21:01.692, 1, 66, 108524, 291.90
2026/09/06 06:21:02.695, 0, 27, 38799, 260.00
2026/09/06 06:21:02.697, 1, 66, 108524, 296.67
2026/09/06 06:21:03.699, 0, 1, 41933, 450.34
2026/09/06 06:21:03.700, 1, 66, 108524, 291.75
2026/09/06 06:21:04.701, 0, 41, 43153, 519.14
2026/09/06 06:21:04.703, 1, 65, 108524, 288.33
2026/09/06 06:21:05.704, 0, 0, 43153, 215.49
2026/09/06 06:21:05.708, 1, 67, 108524, 291.50
2026/09/06 06:21:06.715, 0, 77, 43153, 213.38
2026/09/06 06:21:06.717, 1, 68, 108524, 288.51
2026/09/06 06:21:07.718, 0, 0, 43153, 179.91
2026/09/06 06:21:07.720, 1, 66, 108524, 292.83
2026/09/06 06:21:08.721, 0, 0, 43153, 221.02
2026/09/06 06:21:08.723, 1, 62, 108524, 295.56
2026/09/06 06:21:09.724, 0, 0, 43153, 156.02
2026/09/06 06:21:09.726, 1, 66, 108524, 297.36
2026/09/06 06:21:10.727, 0, 0, 43153, 177.76
2026/09/06 06:21:10.728, 1, 67, 108524, 299.57
2026/09/06 06:21:11.729, 0, 0, 43153, 171.52
2026/09/06 06:21:11.731, 1, 68, 108524, 297.36
2026/09/06 06:21:12.732, 0, 0, 43153, 123.98
2026/09/06 06:21:12.736, 1, 69, 108524, 297.10
2026/09/06 06:21:13.738, 0, 0, 43153, 170.90
2026/09/06 06:21:13.739, 1, 67, 108524, 298.72
2026/09/06 06:21:14.741, 0, 0, 43153, 149.91
2026/09/06 06:21:14.742, 1, 67, 108524, 298.61
2026/09/06 06:21:15.744, 0, 0, 43155, 158.80
2026/09/06 06:21:15.746, 1, 65, 108524, 300.04
2026/09/06 06:21:16.747, 0, 100, 46755, 702.41
2026/09/06 06:21:16.748, 1, 71, 108524, 302.39
2026/09/06 06:21:17.749, 0, 76, 47539, 481.27
2026/09/06 06:21:17.751, 1, 67, 108524, 304.06
2026/09/06 06:21:18.752, 0, 11, 47539, 126.98
2026/09/06 06:21:18.755, 1, 66, 108524, 289.18
2026/09/06 06:21:19.757, 0, 12, 47539, 125.87
2026/09/06 06:21:19.765, 1, 65, 108524, 296.73
2026/09/06 06:21:20.768, 0, 15, 49965, 125.43
2026/09/06 06:21:20.770, 1, 67, 108524, 294.44
2026/09/06 06:21:21.773, 0, 0, 38267, 126.65
2026/09/06 06:21:21.774, 1, 65, 108524, 297.92
2026/09/06 06:21:22.776, 0, 0, 37263, 123.75
2026/09/06 06:21:22.786, 1, 67, 108524, 299.11
2026/09/06 06:21:23.791, 0, 0, 37263, 123.29
2026/09/06 06:21:23.793, 1, 66, 108524, 299.42
2026/09/06 06:21:24.794, 0, 0, 37263, 123.25
2026/09/06 06:21:24.797, 1, 68, 108524, 298.48
2026/09/06 06:21:25.799, 0, 0, 43563, 127.91
2026/09/06 06:21:25.800, 1, 66, 108524, 306.80
2026/09/06 06:21:26.802, 0, 69, 58627, 219.31
2026/09/06 06:21:26.805, 1, 67, 108524, 304.91
2026/09/06 06:21:27.807, 0, 0, 58627, 252.46
2026/09/06 06:21:27.809, 1, 68, 108524, 307.57
2026/09/06 06:21:28.811, 0, 53, 58627, 310.34
2026/09/06 06:21:28.813, 1, 68, 108524, 307.81
2026/09/06 06:21:29.817, 0, 18, 58627, 264.47
2026/09/06 06:21:29.818, 1, 69, 108524, 306.74
2026/09/06 06:21:30.820, 0, 49, 58627, 293.09
2026/09/06 06:21:30.822, 1, 69, 108524, 304.71
2026/09/06 06:21:31.823, 0, 16, 58627, 209.39
2026/09/06 06:21:31.824, 1, 69, 108524, 308.27
2026/09/06 06:21:32.826, 0, 100, 72697, 349.39
2026/09/06 06:21:32.827, 1, 69, 108524, 309.08
2026/09/06 06:21:33.829, 0, 18, 112107, 338.19
2026/09/06 06:21:33.831, 1, 68, 108524, 307.32
2026/09/06 06:21:34.833, 0, 26, 112107, 145.76
2026/09/06 06:21:34.834, 1, 69, 108524, 310.06
2026/09/06 06:21:35.836, 0, 24, 112107, 123.41
2026/09/06 06:21:35.838, 1, 69, 108524, 307.27
2026/09/06 06:21:36.840, 0, 88, 113833, 312.53
2026/09/06 06:21:36.841, 1, 69, 108524, 312.40
2026/09/06 06:21:37.843, 0, 100, 113835, 355.60
2026/09/06 06:21:37.844, 1, 67, 108524, 305.30
2026/09/06 06:21:38.845, 0, 25, 113835, 267.66
2026/09/06 06:21:38.848, 1, 67, 108524, 311.84
2026/09/06 06:21:39.850, 0, 31, 113837, 214.88
2026/09/06 06:21:39.851, 1, 69, 108524, 315.12
2026/09/06 06:21:40.853, 0, 14, 113837, 257.27
2026/09/06 06:21:40.855, 1, 69, 108524, 313.88
2026/09/06 06:21:41.857, 0, 64, 113837, 208.99
2026/09/06 06:21:41.858, 1, 68, 108524, 313.25
2026/09/06 06:21:42.860, 0, 72, 113837, 202.86
2026/09/06 06:21:42.862, 1, 69, 108524, 311.60
2026/09/06 06:21:43.863, 0, 0, 113837, 147.13
2026/09/06 06:21:43.864, 1, 69, 108524, 311.17
2026/09/06 06:21:44.866, 0, 59, 113839, 197.32
2026/09/06 06:21:44.868, 1, 69, 108524, 324.36
2026/09/06 06:21:45.870, 0, 89, 113839, 171.07
2026/09/06 06:21:45.872, 1, 68, 108524, 314.88
2026/09/06 06:21:46.873, 0, 0, 113839, 123.36
2026/09/06 06:21:46.875, 1, 65, 108524, 311.64
2026/09/06 06:21:47.876, 0, 0, 113839, 163.52
2026/09/06 06:21:47.878, 1, 68, 108524, 309.57
2026/09/06 06:21:48.880, 0, 0, 113839, 149.70
2026/09/06 06:21:48.881, 1, 69, 108524, 313.94
2026/09/06 06:21:49.883, 0, 9, 113839, 168.96
2026/09/06 06:21:49.885, 1, 68, 108524, 310.31
2026/09/06 06:21:50.888, 0, 17, 113843, 549.21
2026/09/06 06:21:50.890, 1, 69, 108524, 311.59
2026/09/06 06:21:51.892, 0, 23, 113843, 179.70
2026/09/06 06:21:51.893, 1, 68, 108524, 315.29
2026/09/06 06:21:52.894, 0, 30, 113843, 178.07
2026/09/06 06:21:52.896, 1, 71, 108524, 310.04
2026/09/06 06:21:53.897, 0, 100, 113843, 494.10
2026/09/06 06:21:53.898, 1, 68, 108524, 310.75
2026/09/06 06:21:54.900, 0, 65, 114627, 395.29
2026/09/06 06:21:54.903, 1, 69, 108524, 307.52
2026/09/06 06:21:55.907, 0, 12, 114627, 125.62
2026/09/06 06:21:55.909, 1, 65, 108524, 303.68
2026/09/06 06:21:56.911, 0, 12, 114627, 125.50
2026/09/06 06:21:56.913, 1, 64, 108524, 300.52
2026/09/06 06:21:57.914, 0, 67, 117053, 128.15
2026/09/06 06:21:57.915, 1, 65, 108524, 309.64
2026/09/06 06:21:58.918, 0, 0, 43559, 128.62
2026/09/06 06:21:58.919, 1, 68, 108524, 310.15
2026/09/06 06:21:59.921, 0, 0, 42827, 123.49
2026/09/06 06:21:59.923, 1, 68, 108524, 313.17
2026/09/06 06:22:00.925, 0, 0, 37315, 124.17
2026/09/06 06:22:00.927, 1, 68, 108524, 308.62
2026/09/06 06:22:01.928, 0, 0, 43565, 126.87
2026/09/06 06:22:01.930, 1, 69, 108524, 316.41
2026/09/06 06:22:02.932, 0, 0, 43565, 123.98
2026/09/06 06:22:02.933, 1, 0, 108524, 165.43
2026/09/06 06:22:03.934, 0, 9, 44175, 137.81
2026/09/06 06:22:03.935, 1, 62, 109646, 149.91
2026/09/06 06:22:04.937, 0, 0, 43853, 122.40
2026/09/06 06:22:04.939, 1, 54, 109838, 207.01
2026/09/06 06:22:05.941, 0, 0, 42829, 121.70
2026/09/06 06:22:05.943, 1, 0, 109774, 128.65
2026/09/06 06:22:06.944, 0, 7, 21723, 123.26
2026/09/06 06:22:06.946, 1, 71, 109802, 374.63
2026/09/06 06:22:07.947, 0, 0, 38237, 156.24
2026/09/06 06:22:07.949, 1, 68, 109802, 279.40
2026/09/06 06:22:08.950, 0, 0, 38493, 280.47
2026/09/06 06:22:08.952, 1, 68, 109802, 317.29
2026/09/06 06:22:09.953, 0, 1, 38493, 274.08
2026/09/06 06:22:09.955, 1, 69, 109802, 313.09
2026/09/06 06:22:10.957, 0, 0, 38493, 249.54
2026/09/06 06:22:10.958, 1, 65, 109802, 312.17
2026/09/06 06:22:11.960, 0, 13, 38493, 250.12
2026/09/06 06:22:11.961, 1, 70, 109802, 314.30
2026/09/06 06:22:12.963, 0, 0, 38493, 198.19
2026/09/06 06:22:12.964, 1, 70, 109802, 317.01
2026/09/06 06:22:13.966, 0, 100, 41411, 422.28
2026/09/06 06:22:13.967, 1, 71, 109802, 314.43
2026/09/06 06:22:14.968, 0, 18, 43137, 469.75
2026/09/06 06:22:14.970, 1, 70, 109802, 320.64
2026/09/06 06:22:15.972, 0, 11, 43137, 187.38
2026/09/06 06:22:15.973, 1, 69, 109802, 320.29
2026/09/06 06:22:16.975, 0, 0, 43137, 221.88
2026/09/06 06:22:16.977, 1, 68, 109802, 316.80
2026/09/06 06:22:17.979, 0, 53, 43137, 193.27
2026/09/06 06:22:17.981, 1, 69, 109802, 319.51
2026/09/06 06:22:18.983, 0, 11, 43137, 194.04
2026/09/06 06:22:18.985, 1, 69, 109802, 315.30
2026/09/06 06:22:19.987, 0, 0, 43137, 153.63
2026/09/06 06:22:19.989, 1, 67, 109802, 322.25
2026/09/06 06:22:20.991, 0, 32, 43137, 167.35
2026/09/06 06:22:20.993, 1, 68, 109802, 317.53
2026/09/06 06:22:21.994, 0, 0, 43137, 159.29
2026/09/06 06:22:21.996, 1, 68, 109802, 321.52
2026/09/06 06:22:22.997, 0, 0, 43137, 121.57
2026/09/06 06:22:23.001, 1, 69, 109802, 313.87
2026/09/06 06:22:24.003, 0, 0, 43137, 162.42
2026/09/06 06:22:24.004, 1, 70, 109802, 321.93
2026/09/06 06:22:25.006, 0, 0, 43137, 145.71
2026/09/06 06:22:25.009, 1, 68, 109802, 323.56
2026/09/06 06:22:26.011, 0, 81, 43137, 292.88
2026/09/06 06:22:26.013, 1, 68, 109802, 323.57
2026/09/06 06:22:27.014, 0, 100, 46873, 691.50
2026/09/06 06:22:27.016, 1, 68, 109802, 322.54
2026/09/06 06:22:28.018, 0, 100, 47477, 575.34
2026/09/06 06:22:28.020, 1, 69, 109802, 320.48
2026/09/06 06:22:29.022, 0, 13, 47657, 127.14
2026/09/06 06:22:29.025, 1, 70, 109802, 313.39
2026/09/06 06:22:30.027, 0, 11, 47657, 124.36
2026/09/06 06:22:30.030, 1, 66, 109802, 317.02
2026/09/06 06:22:31.032, 0, 15, 50083, 123.51
2026/09/06 06:22:31.035, 1, 66, 109804, 271.03
2026/09/06 06:22:32.036, 0, 29, 38287, 123.88
2026/09/06 06:22:32.037, 1, 70, 109804, 327.80
2026/09/06 06:22:33.039, 0, 2, 37267, 121.35
2026/09/06 06:22:33.041, 1, 69, 109804, 323.97
2026/09/06 06:22:34.043, 0, 0, 37267, 120.95
2026/09/06 06:22:34.044, 1, 70, 109804, 327.63
2026/09/06 06:22:35.047, 0, 95, 17583, 124.74
2026/09/06 06:22:35.048, 1, 70, 109804, 325.90
2026/09/06 06:22:36.049, 0, 78, 43567, 124.05
2026/09/06 06:22:36.051, 1, 71, 109804, 320.76
2026/09/06 06:22:37.052, 0, 76, 51115, 246.01
2026/09/06 06:22:37.054, 1, 70, 109804, 329.91
2026/09/06 06:22:38.055, 0, 0, 51115, 255.48
2026/09/06 06:22:38.056, 1, 70, 109804, 328.84
2026/09/06 06:22:39.057, 0, 0, 51115, 257.16
2026/09/06 06:22:39.059, 1, 70, 109804, 324.00
2026/09/06 06:22:40.061, 0, 59, 51115, 249.18
2026/09/06 06:22:40.062, 1, 69, 109804, 323.93
2026/09/06 06:22:41.063, 0, 0, 51115, 199.95
2026/09/06 06:22:41.065, 1, 71, 109804, 328.82
2026/09/06 06:22:42.066, 0, 99, 51115, 239.72
2026/09/06 06:22:42.068, 1, 72, 109804, 327.70
2026/09/06 06:22:43.069, 0, 16, 70219, 296.15
2026/09/06 06:22:43.070, 1, 58, 109804, 305.69
2026/09/06 06:22:44.072, 0, 17, 109629, 331.78
2026/09/06 06:22:44.073, 1, 72, 109804, 319.02
2026/09/06 06:22:45.075, 0, 25, 109629, 143.26
2026/09/06 06:22:45.076, 1, 71, 109804, 331.95
2026/09/06 06:22:46.078, 0, 25, 110141, 123.62
2026/09/06 06:22:46.080, 1, 70, 109804, 331.25
2026/09/06 06:22:47.081, 0, 82, 111355, 358.97
2026/09/06 06:22:47.082, 1, 67, 109804, 322.99
2026/09/06 06:22:48.084, 0, 27, 111355, 268.78
2026/09/06 06:22:48.086, 1, 68, 109804, 315.64
2026/09/06 06:22:49.087, 0, 72, 111355, 196.15
2026/09/06 06:22:49.089, 1, 69, 109804, 319.75
2026/09/06 06:22:50.090, 0, 0, 111355, 202.56
2026/09/06 06:22:50.092, 1, 67, 109804, 321.82
2026/09/06 06:22:51.094, 0, 0, 111355, 191.97
2026/09/06 06:22:51.095, 1, 67, 109804, 325.00
2026/09/06 06:22:52.097, 0, 0, 111355, 193.88
2026/09/06 06:22:52.099, 1, 70, 109804, 320.86
2026/09/06 06:22:53.101, 0, 0, 111355, 143.18
2026/09/06 06:22:53.105, 1, 69, 109804, 322.55
2026/09/06 06:22:54.107, 0, 78, 111355, 189.37
2026/09/06 06:22:54.109, 1, 70, 109804, 321.88
2026/09/06 06:22:55.111, 0, 77, 111355, 166.26
2026/09/06 06:22:55.113, 1, 67, 109804, 327.52
2026/09/06 06:22:56.115, 0, 0, 111355, 120.78
2026/09/06 06:22:56.116, 1, 66, 109804, 319.54
2026/09/06 06:22:57.118, 0, 0, 111355, 160.66
2026/09/06 06:22:57.119, 1, 69, 109804, 321.72
2026/09/06 06:22:58.122, 0, 60, 111355, 145.09
2026/09/06 06:22:58.123, 1, 69, 109804, 326.29
2026/09/06 06:22:59.125, 0, 0, 111355, 145.58
2026/09/06 06:22:59.127, 1, 71, 109804, 328.35
2026/09/06 06:23:00.129, 0, 18, 111355, 351.97
2026/09/06 06:23:00.131, 1, 68, 109804, 284.50
2026/09/06 06:23:01.133, 0, 87, 111361, 298.48
2026/09/06 06:23:01.134, 1, 69, 109804, 327.33
2026/09/06 06:23:02.135, 0, 18, 111361, 489.78
2026/09/06 06:23:02.137, 1, 68, 109804, 328.07
2026/09/06 06:23:03.139, 0, 17, 111361, 176.34
2026/09/06 06:23:03.141, 1, 70, 109804, 331.42
2026/09/06 06:23:04.142, 0, 59, 111361, 218.78
2026/09/06 06:23:04.145, 1, 69, 109804, 329.62
2026/09/06 06:23:05.147, 0, 100, 111361, 652.99
2026/09/06 06:23:05.149, 1, 68, 109804, 332.42
2026/09/06 06:23:06.150, 0, 12, 112145, 159.17
2026/09/06 06:23:06.158, 1, 69, 109804, 327.93
2026/09/06 06:23:07.161, 0, 12, 112145, 123.68
2026/09/06 06:23:07.163, 1, 67, 109804, 323.15
2026/09/06 06:23:08.166, 0, 11, 112145, 122.61
2026/09/06 06:23:08.168, 1, 68, 109804, 323.48
2026/09/06 06:23:09.171, 0, 0, 114571, 125.07
2026/09/06 06:23:09.172, 1, 68, 109804, 329.03
2026/09/06 06:23:10.173, 0, 1, 44077, 125.87
2026/09/06 06:23:10.177, 1, 69, 109804, 330.37
2026/09/06 06:23:11.180, 0, 0, 42829, 120.46
2026/09/06 06:23:11.182, 1, 67, 109804, 330.55
2026/09/06 06:23:12.183, 0, 0, 39193, 121.14
2026/09/06 06:23:12.185, 1, 65, 109804, 315.60
2026/09/06 06:23:13.186, 0, 0, 43567, 123.55
2026/09/06 06:23:13.188, 1, 68, 109804, 299.08
2026/09/06 06:23:14.189, 0, 0, 43567, 121.44
2026/09/06 06:23:14.191, 1, 0, 109804, 179.97
2026/09/06 06:23:15.192, 0, 13, 44177, 134.41
2026/09/06 06:23:15.194, 1, 81, 110384, 143.12
2026/09/06 06:23:16.195, 0, 0, 43567, 121.79
2026/09/06 06:23:16.202, 1, 69, 109790, 381.16
2026/09/06 06:23:17.205, 0, 0, 42831, 120.05
2026/09/06 06:23:17.207, 1, 68, 109790, 305.36
2026/09/06 06:23:18.208, 0, 78, 21731, 124.98
2026/09/06 06:23:18.237, 1, 1, 109792, 255.75
2026/09/06 06:23:19.239, 0, 96, 40219, 269.88
2026/09/06 06:23:19.240, 1, 68, 109806, 269.42
2026/09/06 06:23:20.241, 0, 0, 40219, 330.75
2026/09/06 06:23:20.243, 1, 70, 109806, 306.63
2026/09/06 06:23:21.245, 0, 0, 40219, 265.08
2026/09/06 06:23:21.247, 1, 69, 109806, 309.72
2026/09/06 06:23:22.249, 0, 0, 40219, 270.41
2026/09/06 06:23:22.251, 1, 70, 109806, 301.63
2026/09/06 06:23:23.252, 0, 2, 40219, 264.16
2026/09/06 06:23:23.254, 1, 70, 109806, 320.64
2026/09/06 06:23:24.256, 0, 0, 40219, 208.66
2026/09/06 06:23:24.257, 1, 70, 109806, 313.61
2026/09/06 06:23:25.258, 0, 60, 40219, 252.74
2026/09/06 06:23:25.260, 1, 67, 109806, 318.26
2026/09/06 06:23:26.261, 0, 54, 40219, 229.59
2026/09/06 06:23:26.263, 1, 66, 109806, 307.72
2026/09/06 06:23:27.264, 0, 0, 40219, 167.29
2026/09/06 06:23:27.266, 1, 69, 109806, 308.84
2026/09/06 06:23:28.268, 0, 0, 40219, 120.91
2026/09/06 06:23:28.269, 1, 68, 109806, 312.96
2026/09/06 06:23:29.271, 0, 26, 40219, 265.33
2026/09/06 06:23:29.272, 1, 66, 109806, 311.39
2026/09/06 06:23:30.274, 0, 11, 40219, 197.78
2026/09/06 06:23:30.276, 1, 67, 109806, 314.37
2026/09/06 06:23:31.277, 0, 68, 40219, 253.78
2026/09/06 06:23:31.279, 1, 65, 109806, 314.34
2026/09/06 06:23:32.281, 0, 97, 40219, 233.04
2026/09/06 06:23:32.282, 1, 67, 109806, 311.28
2026/09/06 06:23:33.283, 0, 0, 40219, 240.84
2026/09/06 06:23:33.285, 1, 67, 109806, 317.38
2026/09/06 06:23:34.287, 0, 89, 40219, 276.61
2026/09/06 06:23:34.288, 1, 68, 109806, 317.15
2026/09/06 06:23:35.290, 0, 10, 40219, 243.76
2026/09/06 06:23:35.292, 1, 68, 109806, 316.51
2026/09/06 06:23:36.293, 0, 55, 40219, 257.77
2026/09/06 06:23:36.295, 1, 69, 109806, 310.48
2026/09/06 06:23:37.296, 0, 0, 40219, 227.16
2026/09/06 06:23:37.298, 1, 66, 109806, 316.47
2026/09/06 06:23:38.299, 0, 46, 40731, 306.04
2026/09/06 06:23:38.301, 1, 68, 109806, 314.97
2026/09/06 06:23:39.302, 0, 100, 43981, 681.76
2026/09/06 06:23:39.304, 1, 67, 109806, 322.60
2026/09/06 06:23:40.305, 0, 40, 43981, 539.93
2026/09/06 06:23:40.307, 1, 68, 109806, 322.51
2026/09/06 06:23:41.309, 0, 31, 43981, 242.08
2026/09/06 06:23:41.311, 1, 68, 109806, 320.55
2026/09/06 06:23:42.313, 0, 38, 43981, 216.12
2026/09/06 06:23:42.315, 1, 67, 109806, 315.35
2026/09/06 06:23:43.316, 0, 0, 43981, 179.71
2026/09/06 06:23:43.318, 1, 69, 109806, 311.27
2026/09/06 06:23:44.320, 0, 68, 43981, 234.90
2026/09/06 06:23:44.321, 1, 68, 109806, 275.83
2026/09/06 06:23:45.323, 0, 28, 43981, 241.62
2026/09/06 06:23:45.324, 1, 68, 109806, 306.88
2026/09/06 06:23:46.326, 0, 46, 43981, 160.20
2026/09/06 06:23:46.328, 1, 69, 109806, 295.27
2026/09/06 06:23:47.330, 0, 0, 43981, 121.27
2026/09/06 06:23:47.332, 1, 69, 109806, 316.36
2026/09/06 06:23:48.333, 0, 0, 43981, 120.55
2026/09/06 06:23:48.335, 1, 69, 109806, 317.80
2026/09/06 06:23:49.337, 0, 1, 43981, 205.44
2026/09/06 06:23:49.338, 1, 69, 109806, 317.57
2026/09/06 06:23:50.341, 0, 0, 43981, 245.92
2026/09/06 06:23:50.342, 1, 71, 109806, 319.40
2026/09/06 06:23:51.344, 0, 84, 43983, 185.65
2026/09/06 06:23:51.345, 1, 68, 109806, 314.23
2026/09/06 06:23:52.346, 0, 68, 43983, 268.11
2026/09/06 06:23:52.348, 1, 67, 109806, 319.92
2026/09/06 06:23:53.349, 0, 6, 43983, 294.66
2026/09/06 06:23:53.351, 1, 68, 109806, 317.84
2026/09/06 06:23:54.352, 0, 2, 43983, 286.27
2026/09/06 06:23:54.354, 1, 68, 109806, 315.36
2026/09/06 06:23:55.356, 0, 0, 43983, 249.52
2026/09/06 06:23:55.359, 1, 70, 109806, 320.41
2026/09/06 06:23:56.362, 0, 76, 43983, 222.15
2026/09/06 06:23:56.363, 1, 68, 109806, 320.95
2026/09/06 06:23:57.365, 0, 0, 43983, 185.63
2026/09/06 06:23:57.367, 1, 65, 109806, 319.38
2026/09/06 06:23:58.369, 0, 27, 43983, 215.77
2026/09/06 06:23:58.370, 1, 71, 109806, 319.48
2026/09/06 06:23:59.372, 0, 26, 43983, 177.11
2026/09/06 06:23:59.374, 1, 71, 109806, 320.84
2026/09/06 06:24:00.376, 0, 7, 43983, 154.89
2026/09/06 06:24:00.378, 1, 70, 109806, 324.97
2026/09/06 06:24:01.379, 0, 31, 43983, 183.80
2026/09/06 06:24:01.381, 1, 69, 109806, 319.79
2026/09/06 06:24:02.384, 0, 0, 43983, 142.24
2026/09/06 06:24:02.385, 1, 71, 109806, 319.85
2026/09/06 06:24:03.387, 0, 0, 43983, 120.18
2026/09/06 06:24:03.389, 1, 68, 109806, 324.65
2026/09/06 06:24:04.392, 0, 0, 43983, 165.07
2026/09/06 06:24:04.393, 1, 69, 109806, 325.67
2026/09/06 06:24:05.395, 0, 100, 43983, 171.60
2026/09/06 06:24:05.397, 1, 70, 109806, 332.55
2026/09/06 06:24:06.398, 0, 49, 44587, 328.15
2026/09/06 06:24:06.399, 1, 66, 109806, 322.46
2026/09/06 06:24:07.401, 0, 12, 44767, 123.84
2026/09/06 06:24:07.403, 1, 66, 109806, 318.56
2026/09/06 06:24:08.405, 0, 11, 44767, 122.57
2026/09/06 06:24:08.407, 1, 68, 109806, 317.35
2026/09/06 06:24:09.408, 0, 4, 47193, 121.79
2026/09/06 06:24:09.410, 1, 68, 109806, 327.14
2026/09/06 06:24:10.412, 0, 22, 38353, 123.72
2026/09/06 06:24:10.413, 1, 66, 109806, 323.79
2026/09/06 06:24:11.414, 0, 0, 37271, 120.82
2026/09/06 06:24:11.416, 1, 68, 109806, 316.12
2026/09/06 06:24:12.418, 0, 0, 37271, 120.32
2026/09/06 06:24:12.419, 1, 67, 109806, 312.21
2026/09/06 06:24:13.420, 0, 87, 19407, 124.91
2026/09/06 06:24:13.426, 1, 69, 109806, 319.20
2026/09/06 06:24:14.433, 0, 76, 43571, 122.82
2026/09/06 06:24:14.435, 1, 68, 109806, 318.91
2026/09/06 06:24:15.436, 0, 18, 66585, 262.00
2026/09/06 06:24:15.438, 1, 63, 109806, 311.51
2026/09/06 06:24:16.439, 0, 35, 87685, 293.33
2026/09/06 06:24:16.441, 1, 67, 109806, 322.81
2026/09/06 06:24:17.443, 0, 36, 87685, 274.63
2026/09/06 06:24:17.445, 1, 70, 109806, 319.05
2026/09/06 06:24:18.448, 0, 87, 87685, 287.01
2026/09/06 06:24:18.449, 1, 68, 109806, 322.43
2026/09/06 06:24:19.450, 0, 49, 87685, 266.29
2026/09/06 06:24:19.452, 1, 68, 109806, 318.84
2026/09/06 06:24:20.453, 0, 46, 87685, 263.29
2026/09/06 06:24:20.454, 1, 70, 109806, 310.15
2026/09/06 06:24:21.456, 0, 0, 87685, 191.90
2026/09/06 06:24:21.457, 1, 68, 109806, 314.08
2026/09/06 06:24:22.459, 0, 0, 87685, 242.43
2026/09/06 06:24:22.460, 1, 68, 109806, 319.20
2026/09/06 06:24:23.463, 0, 25, 87685, 236.61
2026/09/06 06:24:23.464, 1, 69, 109806, 312.84
2026/09/06 06:24:24.465, 0, 0, 87685, 157.66
2026/09/06 06:24:24.467, 1, 67, 109806, 315.59
2026/09/06 06:24:25.468, 0, 99, 87685, 157.09
2026/09/06 06:24:25.470, 1, 70, 109806, 302.66
2026/09/06 06:24:26.471, 0, 3, 87685, 237.31
2026/09/06 06:24:26.473, 1, 69, 109806, 306.80
2026/09/06 06:24:27.474, 0, 0, 87685, 196.81
2026/09/06 06:24:27.476, 1, 69, 109806, 302.38
2026/09/06 06:24:28.479, 0, 7, 87685, 266.04
2026/09/06 06:24:28.481, 1, 68, 109806, 304.34
2026/09/06 06:24:29.483, 0, 61, 87685, 257.80
2026/09/06 06:24:29.486, 1, 68, 109806, 307.10
2026/09/06 06:24:30.488, 0, 6, 87685, 250.82
2026/09/06 06:24:30.489, 1, 68, 109806, 306.60
2026/09/06 06:24:31.491, 0, 14, 87685, 277.08
2026/09/06 06:24:31.492, 1, 68, 109806, 304.61
2026/09/06 06:24:32.493, 0, 0, 87685, 259.14
2026/09/06 06:24:32.495, 1, 69, 109806, 303.40
2026/09/06 06:24:33.496, 0, 0, 87685, 248.12
2026/09/06 06:24:33.498, 1, 70, 109806, 308.17
2026/09/06 06:24:34.500, 0, 29, 87685, 253.14
2026/09/06 06:24:34.501, 1, 68, 109806, 306.57
2026/09/06 06:24:35.503, 0, 24, 87685, 246.85
2026/09/06 06:24:35.505, 1, 71, 109806, 312.08
2026/09/06 06:24:36.506, 0, 25, 87685, 121.57
2026/09/06 06:24:36.507, 1, 68, 109806, 306.71
2026/09/06 06:24:37.509, 0, 59, 88197, 263.43
2026/09/06 06:24:37.510, 1, 70, 109806, 309.60
2026/09/06 06:24:38.512, 0, 17, 89411, 315.64
2026/09/06 06:24:38.513, 1, 67, 109806, 309.85
2026/09/06 06:24:39.515, 0, 69, 89419, 545.99
2026/09/06 06:24:39.516, 1, 70, 109806, 311.22
2026/09/06 06:24:40.517, 0, 18, 89419, 158.44
2026/09/06 06:24:40.519, 1, 69, 109806, 309.55
2026/09/06 06:24:41.520, 0, 100, 89419, 421.32
2026/09/06 06:24:41.521, 1, 68, 109806, 316.04
2026/09/06 06:24:42.523, 0, 47, 89419, 415.20
2026/09/06 06:24:42.524, 1, 70, 109806, 314.34
2026/09/06 06:24:43.526, 0, 0, 89419, 232.35
2026/09/06 06:24:43.527, 1, 67, 109806, 312.40
2026/09/06 06:24:44.529, 0, 0, 89419, 222.59
2026/09/06 06:24:44.530, 1, 70, 109806, 311.02
2026/09/06 06:24:45.532, 0, 14, 89419, 241.40
2026/09/06 06:24:45.534, 1, 68, 109806, 313.29
2026/09/06 06:24:46.535, 0, 0, 89419, 156.43
2026/09/06 06:24:46.537, 1, 68, 109806, 312.99
2026/09/06 06:24:47.538, 0, 43, 89419, 281.17
2026/09/06 06:24:47.540, 1, 70, 109806, 315.91
2026/09/06 06:24:48.542, 0, 0, 89419, 188.79
2026/09/06 06:24:48.543, 1, 68, 109806, 313.78
2026/09/06 06:24:49.545, 0, 0, 89421, 162.63
2026/09/06 06:24:49.546, 1, 70, 109806, 316.09
2026/09/06 06:24:50.548, 0, 0, 89421, 122.75
2026/09/06 06:24:50.550, 1, 67, 109806, 313.28
2026/09/06 06:24:51.552, 0, 0, 89421, 122.59
2026/09/06 06:24:51.553, 1, 69, 109806, 312.00
2026/09/06 06:24:52.555, 0, 64, 89421, 251.01
2026/09/06 06:24:52.557, 1, 65, 109806, 317.07
2026/09/06 06:24:53.559, 0, 0, 89421, 204.02
2026/09/06 06:24:53.560, 1, 64, 109806, 318.40
2026/09/06 06:24:54.563, 0, 70, 89421, 237.97
2026/09/06 06:24:54.564, 1, 64, 109806, 319.06
2026/09/06 06:24:55.566, 0, 0, 89421, 225.69
2026/09/06 06:24:55.567, 1, 65, 109806, 317.99
2026/09/06 06:24:56.569, 0, 81, 89421, 309.97
2026/09/06 06:24:56.571, 1, 62, 109806, 318.16
2026/09/06 06:24:57.572, 0, 96, 89421, 300.22
2026/09/06 06:24:57.574, 1, 64, 109806, 322.27
2026/09/06 06:24:58.575, 0, 0, 89421, 224.20
2026/09/06 06:24:58.576, 1, 64, 109806, 320.13
2026/09/06 06:24:59.577, 0, 35, 89421, 227.99
2026/09/06 06:24:59.579, 1, 63, 109806, 318.31
2026/09/06 06:25:00.580, 0, 0, 89421, 190.05
2026/09/06 06:25:00.582, 1, 62, 109806, 319.80
2026/09/06 06:25:01.583, 0, 100, 89421, 218.48
2026/09/06 06:25:01.585, 1, 65, 109806, 321.70
2026/09/06 06:25:02.587, 0, 72, 89421, 179.82
2026/09/06 06:25:02.588, 1, 65, 109806, 323.22
2026/09/06 06:25:03.589, 0, 21, 89421, 157.51
2026/09/06 06:25:03.591, 1, 36, 109806, 302.23
2026/09/06 06:25:04.592, 0, 0, 89421, 187.40
2026/09/06 06:25:04.594, 1, 0, 109806, 130.48
2026/09/06 06:25:05.595, 0, 0, 89421, 146.89
2026/09/06 06:25:05.597, 1, 0, 109806, 129.88
2026/09/06 06:25:06.599, 0, 0, 89421, 123.10
2026/09/06 06:25:06.600, 1, 0, 109806, 129.55
2026/09/06 06:25:07.602, 0, 0, 89421, 168.20
2026/09/06 06:25:07.603, 1, 0, 109806, 129.35
2026/09/06 06:25:08.605, 0, 29, 89421, 172.58
2026/09/06 06:25:08.607, 1, 0, 109806, 129.16
2026/09/06 06:25:09.608, 0, 100, 90203, 327.48
2026/09/06 06:25:09.610, 1, 0, 109806, 128.94
2026/09/06 06:25:10.611, 0, 11, 90205, 130.41
2026/09/06 06:25:10.613, 1, 0, 109806, 128.88
2026/09/06 06:25:11.615, 0, 11, 90205, 125.11
2026/09/06 06:25:11.618, 1, 0, 109806, 128.79
2026/09/06 06:25:12.619, 0, 10, 92631, 125.07
2026/09/06 06:25:12.621, 1, 0, 109806, 128.69
2026/09/06 06:25:13.623, 0, 0, 44599, 127.67
2026/09/06 06:25:13.625, 1, 0, 109806, 128.60
2026/09/06 06:25:14.628, 0, 12, 42837, 126.92
2026/09/06 06:25:14.629, 1, 0, 109806, 128.59
2026/09/06 06:25:15.631, 0, 30, 39199, 123.82
2026/09/06 06:25:15.632, 1, 0, 109806, 128.80
2026/09/06 06:25:16.634, 0, 0, 43577, 126.21
2026/09/06 06:25:16.635, 1, 0, 109806, 128.68
2026/09/06 06:25:17.637, 0, 11, 44247, 135.69
2026/09/06 06:25:17.638, 1, 70, 110106, 140.65
2026/09/06 06:25:18.640, 0, 0, 43643, 124.96
2026/09/06 06:25:18.642, 1, 0, 108570, 135.25
2026/09/06 06:25:19.644, 0, 0, 42839, 122.95
2026/09/06 06:25:19.646, 1, 0, 108282, 128.60
2026/09/06 06:25:20.647, 0, 80, 21807, 126.57
2026/09/06 06:25:20.648, 1, 0, 108304, 128.53
2026/09/06 06:25:21.650, 0, 0, 38541, 126.37
2026/09/06 06:25:21.652, 1, 67, 108480, 207.29
2026/09/06 06:25:22.653, 0, 0, 38797, 304.78
2026/09/06 06:25:22.655, 1, 68, 108480, 296.48
2026/09/06 06:25:23.656, 0, 94, 38797, 296.76
2026/09/06 06:25:23.657, 1, 70, 108480, 292.85
2026/09/06 06:25:24.660, 0, 41, 38797, 291.00
2026/09/06 06:25:24.662, 1, 69, 108480, 292.53
2026/09/06 06:25:25.664, 0, 43, 38797, 290.00
2026/09/06 06:25:25.666, 1, 66, 108480, 291.95
2026/09/06 06:25:26.668, 0, 0, 38797, 190.74
2026/09/06 06:25:26.670, 1, 66, 108480, 291.46
2026/09/06 06:25:27.671, 0, 72, 40019, 374.75
2026/09/06 06:25:27.673, 1, 66, 108482, 264.82
2026/09/06 06:25:28.676, 0, 76, 41257, 542.26
2026/09/06 06:25:28.678, 1, 68, 108482, 293.30
2026/09/06 06:25:29.679, 0, 18, 41257, 284.64
2026/09/06 06:25:29.682, 1, 65, 108482, 297.03
2026/09/06 06:25:30.685, 0, 47, 41257, 299.09
2026/09/06 06:25:30.686, 1, 68, 108482, 296.45
2026/09/06 06:25:31.687, 0, 29, 41257, 254.51
2026/09/06 06:25:31.690, 1, 69, 108482, 298.51
2026/09/06 06:25:32.692, 0, 0, 41257, 256.78
2026/09/06 06:25:32.694, 1, 68, 108482, 299.82
2026/09/06 06:25:33.695, 0, 0, 41257, 218.96
2026/09/06 06:25:33.696, 1, 69, 108530, 300.10
2026/09/06 06:25:34.698, 0, 0, 41257, 268.13
2026/09/06 06:25:34.700, 1, 69, 108530, 271.54
2026/09/06 06:25:35.702, 0, 0, 41257, 212.20
2026/09/06 06:25:35.703, 1, 67, 108530, 299.27
2026/09/06 06:25:36.705, 0, 0, 41257, 168.04
2026/09/06 06:25:36.707, 1, 68, 108530, 304.76
2026/09/06 06:25:37.709, 0, 22, 41257, 209.38
2026/09/06 06:25:37.711, 1, 67, 108530, 307.55
2026/09/06 06:25:38.712, 0, 11, 41257, 259.15
2026/09/06 06:25:38.713, 1, 67, 108530, 303.72
2026/09/06 06:25:39.714, 0, 33, 41257, 234.92
2026/09/06 06:25:39.716, 1, 67, 108530, 302.11
2026/09/06 06:25:40.717, 0, 0, 41257, 234.81
2026/09/06 06:25:40.719, 1, 67, 108530, 298.90
2026/09/06 06:25:41.721, 0, 97, 41257, 301.52
2026/09/06 06:25:41.722, 1, 68, 108530, 302.42
2026/09/06 06:25:42.724, 0, 17, 41257, 254.64
2026/09/06 06:25:42.726, 1, 68, 108530, 299.47
2026/09/06 06:25:43.727, 0, 38, 41257, 279.47
2026/09/06 06:25:43.729, 1, 67, 108530, 302.51
2026/09/06 06:25:44.730, 0, 57, 41257, 286.13
2026/09/06 06:25:44.731, 1, 68, 108530, 302.99
2026/09/06 06:25:45.733, 0, 0, 41257, 264.95
2026/09/06 06:25:45.735, 1, 70, 108530, 302.84
2026/09/06 06:25:46.737, 0, 97, 41257, 266.16
2026/09/06 06:25:46.738, 1, 68, 108530, 307.10
2026/09/06 06:25:47.740, 0, 0, 44681, 447.34
2026/09/06 06:25:47.741, 1, 71, 108534, 273.49
2026/09/06 06:25:48.743, 0, 83, 44681, 233.46
2026/09/06 06:25:48.745, 1, 67, 108534, 297.95
2026/09/06 06:25:49.746, 0, 0, 44681, 203.03
2026/09/06 06:25:49.748, 1, 66, 108534, 301.82
2026/09/06 06:25:50.749, 0, 9, 44681, 200.71
2026/09/06 06:25:50.752, 1, 68, 108534, 301.59
2026/09/06 06:25:51.755, 0, 87, 44681, 219.48
2026/09/06 06:25:51.758, 1, 68, 108534, 304.01
2026/09/06 06:25:52.761, 0, 79, 44681, 158.94
2026/09/06 06:25:52.764, 1, 68, 108534, 299.11
2026/09/06 06:25:53.766, 0, 0, 44681, 164.35
2026/09/06 06:25:53.768, 1, 67, 108534, 302.23
2026/09/06 06:25:54.770, 0, 0, 44681, 172.29
2026/09/06 06:25:54.772, 1, 68, 108534, 301.73
2026/09/06 06:25:55.774, 0, 0, 44681, 122.99
2026/09/06 06:25:55.776, 1, 67, 108534, 300.21
2026/09/06 06:25:56.777, 0, 0, 44681, 171.91
2026/09/06 06:25:56.779, 1, 68, 108534, 301.82
2026/09/06 06:25:57.782, 0, 0, 44681, 149.02
2026/09/06 06:25:57.784, 1, 69, 108534, 303.07
2026/09/06 06:25:58.785, 0, 100, 44683, 372.71
2026/09/06 06:25:58.787, 1, 71, 108534, 307.52
2026/09/06 06:25:59.790, 0, 100, 45897, 691.44
2026/09/06 06:25:59.792, 1, 67, 108534, 304.93
2026/09/06 06:26:00.794, 0, 100, 45897, 697.90
2026/09/06 06:26:00.796, 1, 69, 108534, 307.61
2026/09/06 06:26:01.799, 0, 100, 45897, 694.37
2026/09/06 06:26:01.801, 1, 69, 108534, 306.42
2026/09/06 06:26:02.803, 0, 0, 45897, 403.49
2026/09/06 06:26:02.805, 1, 66, 108534, 303.94
2026/09/06 06:26:03.807, 0, 3, 45899, 217.87
2026/09/06 06:26:03.809, 1, 68, 108534, 304.74
2026/09/06 06:26:04.811, 0, 0, 45899, 230.65
2026/09/06 06:26:04.814, 1, 69, 108534, 306.53
2026/09/06 06:26:05.816, 0, 86, 45899, 213.29
2026/09/06 06:26:05.817, 1, 66, 108534, 304.16
2026/09/06 06:26:06.819, 0, 59, 45899, 276.87
2026/09/06 06:26:06.822, 1, 67, 108534, 305.01
2026/09/06 06:26:07.824, 0, 0, 45899, 171.40
2026/09/06 06:26:07.826, 1, 67, 108534, 303.14
2026/09/06 06:26:08.827, 0, 0, 45899, 167.66
2026/09/06 06:26:08.829, 1, 69, 108534, 307.11
2026/09/06 06:26:09.831, 0, 0, 45899, 123.45
2026/09/06 06:26:09.832, 1, 66, 108534, 306.22
2026/09/06 06:26:10.834, 0, 0, 45899, 147.99
2026/09/06 06:26:10.835, 1, 71, 108534, 308.02
2026/09/06 06:26:11.837, 0, 100, 45899, 283.47
2026/09/06 06:26:11.838, 1, 68, 108534, 305.33
2026/09/06 06:26:12.841, 0, 0, 45899, 173.06
2026/09/06 06:26:12.842, 1, 69, 108534, 305.37
2026/09/06 06:26:13.845, 0, 71, 45899, 315.01
2026/09/06 06:26:13.847, 1, 65, 108534, 308.35
2026/09/06 06:26:14.849, 0, 92, 45899, 276.91
2026/09/06 06:26:14.851, 1, 70, 108534, 305.50
2026/09/06 06:26:15.852, 0, 100, 45899, 321.46
2026/09/06 06:26:15.854, 1, 68, 108534, 309.32
2026/09/06 06:26:16.855, 0, 0, 45899, 357.24
2026/09/06 06:26:16.856, 1, 68, 108534, 308.71
2026/09/06 06:26:17.858, 0, 0, 45899, 186.63
2026/09/06 06:26:17.859, 1, 69, 108534, 312.78
2026/09/06 06:26:18.861, 0, 0, 45899, 238.90
2026/09/06 06:26:18.863, 1, 66, 108534, 308.61
2026/09/06 06:26:19.865, 0, 0, 45899, 180.68
2026/09/06 06:26:19.867, 1, 68, 108534, 309.54
2026/09/06 06:26:20.868, 0, 0, 45899, 217.32
2026/09/06 06:26:20.870, 1, 67, 108534, 310.87
2026/09/06 06:26:21.872, 0, 0, 45899, 172.12
2026/09/06 06:26:21.873, 1, 67, 108534, 309.36
2026/09/06 06:26:22.875, 0, 0, 45899, 167.86
2026/09/06 06:26:22.877, 1, 68, 108534, 306.88
2026/09/06 06:26:23.878, 0, 0, 45899, 171.02
2026/09/06 06:26:23.880, 1, 70, 108534, 306.63
2026/09/06 06:26:24.882, 0, 0, 45899, 122.76
2026/09/06 06:26:24.884, 1, 69, 108534, 310.69
2026/09/06 06:26:25.888, 0, 0, 45899, 169.75
2026/09/06 06:26:25.889, 1, 69, 108534, 311.24
2026/09/06 06:26:26.891, 0, 0, 45899, 149.37
2026/09/06 06:26:26.893, 1, 69, 108534, 314.98
2026/09/06 06:26:27.895, 0, 100, 45899, 327.36
2026/09/06 06:26:28.787, 1, 70, 108534, 309.84
2026/09/06 06:26:29.789, 0, 12, 46683, 132.93
2026/09/06 06:26:29.791, 1, 65, 108534, 309.16
2026/09/06 06:26:30.794, 0, 11, 46683, 124.18
2026/09/06 06:26:30.801, 1, 68, 108534, 309.25
2026/09/06 06:26:31.807, 0, 12, 46683, 123.96
2026/09/06 06:26:31.810, 1, 64, 108534, 301.01
2026/09/06 06:26:32.812, 0, 0, 49109, 123.97
2026/09/06 06:26:32.815, 1, 65, 108534, 311.43
2026/09/06 06:26:33.818, 0, 0, 37631, 122.41
2026/09/06 06:26:33.820, 1, 66, 108534, 313.32
2026/09/06 06:26:34.823, 0, 0, 37277, 121.56
2026/09/06 06:26:34.824, 1, 67, 108534, 313.11
2026/09/06 06:26:35.828, 0, 0, 37285, 121.25
2026/09/06 06:26:35.830, 1, 69, 108534, 316.50
2026/09/06 06:26:36.832, 0, 0, 43577, 126.01
2026/09/06 06:26:36.833, 1, 68, 108534, 313.81
2026/09/06 06:26:37.835, 0, 100, 43579, 186.78
2026/09/06 06:26:37.836, 1, 67, 108534, 319.33
2026/09/06 06:26:38.838, 0, 0, 43579, 330.05
2026/09/06 06:26:38.840, 1, 68, 108534, 313.64
2026/09/06 06:26:39.841, 0, 38, 43579, 327.26
2026/09/06 06:26:39.843, 1, 67, 108534, 314.43
2026/09/06 06:26:40.844, 0, 0, 43579, 279.92
2026/09/06 06:26:40.847, 1, 65, 108534, 318.33
2026/09/06 06:26:41.849, 0, 50, 43579, 238.97
2026/09/06 06:26:41.850, 1, 69, 108534, 315.36
2026/09/06 06:26:42.852, 0, 0, 43579, 283.03
2026/09/06 06:26:42.854, 1, 68, 108534, 316.94
2026/09/06 06:26:43.855, 0, 14, 76227, 304.57
2026/09/06 06:26:43.857, 1, 70, 108534, 316.57
2026/09/06 06:26:44.858, 0, 17, 107755, 377.70
2026/09/06 06:26:44.859, 1, 70, 108534, 319.19
2026/09/06 06:26:45.861, 0, 81, 107755, 351.93
2026/09/06 06:26:45.863, 1, 71, 108534, 320.74
2026/09/06 06:26:46.865, 0, 0, 107755, 204.82
2026/09/06 06:26:46.866, 1, 66, 108534, 320.81
2026/09/06 06:26:47.869, 0, 100, 107755, 285.41
2026/09/06 06:26:47.870, 1, 67, 108534, 325.14
2026/09/06 06:26:48.871, 0, 45, 107755, 315.17
2026/09/06 06:26:48.873, 1, 70, 108534, 318.15
2026/09/06 06:26:49.875, 0, 64, 107755, 277.43
2026/09/06 06:26:49.878, 1, 68, 108534, 319.02
2026/09/06 06:26:50.880, 0, 0, 107755, 261.74
2026/09/06 06:26:50.882, 1, 68, 108534, 316.50
2026/09/06 06:26:51.884, 0, 35, 107755, 244.61
2026/09/06 06:26:51.885, 1, 67, 108534, 321.36
2026/09/06 06:26:52.887, 0, 0, 107755, 264.93
2026/09/06 06:26:52.888, 1, 69, 108534, 314.83
2026/09/06 06:26:53.890, 0, 0, 107755, 193.02
2026/09/06 06:26:53.892, 1, 69, 108534, 322.01
2026/09/06 06:26:54.893, 0, 0, 107755, 138.11
2026/09/06 06:26:54.898, 1, 69, 108534, 312.58
2026/09/06 06:26:55.901, 0, 32, 107755, 280.91
2026/09/06 06:26:55.903, 1, 68, 108534, 323.58
2026/09/06 06:26:56.905, 0, 80, 107755, 237.75
2026/09/06 06:26:56.906, 1, 69, 108534, 320.41
2026/09/06 06:26:57.909, 0, 41, 107755, 271.77
2026/09/06 06:26:57.910, 1, 70, 108534, 320.19
2026/09/06 06:26:58.912, 0, 37, 107755, 292.97
2026/09/06 06:26:58.913, 1, 70, 108534, 320.21
2026/09/06 06:26:59.915, 0, 5, 107755, 273.74
2026/09/06 06:26:59.916, 1, 69, 108534, 321.21
2026/09/06 06:27:00.918, 0, 80, 107755, 286.97
2026/09/06 06:27:00.920, 1, 68, 108534, 311.70
2026/09/06 06:27:01.922, 0, 62, 107755, 282.36
2026/09/06 06:27:01.923, 1, 71, 108534, 313.35
2026/09/06 06:27:02.926, 0, 81, 107755, 283.87
2026/09/06 06:27:02.928, 1, 69, 108534, 316.23
2026/09/06 06:27:03.929, 0, 0, 107755, 227.91
2026/09/06 06:27:03.930, 1, 69, 108534, 315.70
2026/09/06 06:27:04.933, 0, 25, 107755, 307.43
2026/09/06 06:27:04.935, 1, 68, 108534, 314.52
2026/09/06 06:27:05.936, 0, 25, 107755, 122.39
2026/09/06 06:27:05.938, 1, 70, 108534, 314.87
2026/09/06 06:27:06.940, 0, 25, 107755, 122.14
2026/09/06 06:27:06.942, 1, 70, 108534, 318.01
2026/09/06 06:27:07.944, 0, 7, 108269, 157.83
2026/09/06 06:27:07.945, 1, 68, 108534, 315.98
2026/09/06 06:27:08.946, 0, 21, 108269, 274.87
2026/09/06 06:27:08.949, 1, 65, 108534, 309.83
2026/09/06 06:27:09.951, 0, 15, 108269, 161.36
2026/09/06 06:27:09.955, 1, 62, 108534, 301.76
2026/09/06 06:27:10.958, 0, 15, 108271, 268.72
2026/09/06 06:27:10.961, 1, 67, 108534, 303.62
2026/09/06 06:27:11.964, 0, 0, 108271, 196.31
2026/09/06 06:27:11.965, 1, 68, 108534, 310.51
2026/09/06 06:27:12.967, 0, 58, 108271, 235.18
2026/09/06 06:27:12.969, 1, 71, 108534, 321.35
2026/09/06 06:27:13.971, 0, 0, 108271, 189.13
2026/09/06 06:27:13.972, 1, 71, 108534, 317.77
2026/09/06 06:27:14.974, 0, 100, 108271, 228.31
2026/09/06 06:27:14.975, 1, 69, 108534, 323.07
2026/09/06 06:27:15.977, 0, 82, 108271, 157.73
2026/09/06 06:27:15.979, 1, 70, 108534, 318.97
2026/09/06 06:27:16.980, 0, 0, 108273, 165.21
2026/09/06 06:27:16.983, 1, 68, 108534, 319.40
2026/09/06 06:27:17.986, 0, 0, 108273, 170.34
2026/09/06 06:27:17.987, 1, 69, 108534, 318.97
2026/09/06 06:27:18.989, 0, 0, 108273, 121.41
2026/09/06 06:27:18.992, 1, 68, 108534, 315.44
2026/09/06 06:27:19.994, 0, 0, 108273, 168.01
2026/09/06 06:27:19.996, 1, 68, 108534, 321.09
2026/09/06 06:27:20.997, 0, 0, 108273, 150.83
2026/09/06 06:27:20.999, 1, 70, 108534, 329.20
2026/09/06 06:27:22.001, 0, 100, 108275, 335.53
2026/09/06 06:27:22.003, 1, 64, 108534, 318.72
2026/09/06 06:27:23.005, 0, 16, 109489, 449.78
2026/09/06 06:27:23.006, 1, 63, 108534, 321.50
2026/09/06 06:27:24.008, 0, 16, 109489, 479.93
2026/09/06 06:27:24.010, 1, 63, 108534, 321.17
2026/09/06 06:27:25.012, 0, 25, 109489, 175.49
2026/09/06 06:27:25.016, 1, 65, 108534, 323.43
2026/09/06 06:27:26.017, 0, 41, 109489, 193.20
2026/09/06 06:27:26.019, 1, 62, 108534, 319.18
2026/09/06 06:27:27.021, 0, 100, 109489, 597.14
2026/09/06 06:27:27.022, 1, 60, 108534, 325.50
2026/09/06 06:27:28.024, 0, 18, 109489, 404.97
2026/09/06 06:27:28.025, 1, 63, 108534, 320.66
2026/09/06 06:27:29.027, 0, 17, 109489, 180.25
2026/09/06 06:27:29.028, 1, 66, 108534, 325.92
2026/09/06 06:27:30.030, 0, 48, 109489, 213.40
2026/09/06 06:27:30.032, 1, 65, 108534, 325.06
2026/09/06 06:27:31.033, 0, 100, 109489, 651.53
2026/09/06 06:27:31.034, 1, 62, 108534, 322.18
2026/09/06 06:27:32.036, 0, 43, 109489, 309.66
2026/09/06 06:27:32.037, 1, 63, 108534, 324.11
2026/09/06 06:27:33.038, 0, 19, 109489, 223.88
2026/09/06 06:27:33.040, 1, 0, 108534, 140.49
2026/09/06 06:27:34.041, 0, 78, 109489, 248.22
2026/09/06 06:27:34.043, 1, 0, 108534, 128.40
2026/09/06 06:27:35.044, 0, 15, 109489, 234.88
2026/09/06 06:27:35.051, 1, 0, 108534, 128.15
2026/09/06 06:27:36.056, 0, 0, 109489, 168.19
2026/09/06 06:27:36.058, 1, 0, 108534, 128.48
2026/09/06 06:27:37.060, 0, 20, 109489, 254.46
2026/09/06 06:27:37.062, 1, 0, 108534, 128.43
2026/09/06 06:27:38.063, 0, 0, 109489, 265.22
2026/09/06 06:27:38.065, 1, 0, 108534, 128.33
2026/09/06 06:27:39.066, 0, 42, 109489, 179.20
2026/09/06 06:27:39.068, 1, 0, 108534, 128.21
2026/09/06 06:27:40.069, 0, 0, 109489, 122.79
2026/09/06 06:27:40.071, 1, 0, 108534, 128.20
2026/09/06 06:27:41.072, 0, 0, 109489, 122.53
2026/09/06 06:27:41.074, 1, 0, 108534, 128.07
2026/09/06 06:27:42.075, 0, 65, 109489, 166.23
2026/09/06 06:27:42.077, 1, 0, 108534, 127.95
2026/09/06 06:27:43.079, 0, 16, 109489, 264.46
2026/09/06 06:27:43.080, 1, 0, 108534, 128.05
2026/09/06 06:27:44.082, 0, 0, 109489, 171.18
2026/09/06 06:27:44.084, 1, 0, 108534, 127.90
2026/09/06 06:27:45.085, 0, 92, 109489, 315.37
2026/09/06 06:27:45.087, 1, 0, 108534, 127.86
2026/09/06 06:27:46.088, 0, 100, 109489, 300.82
2026/09/06 06:27:46.089, 1, 0, 108534, 127.71
2026/09/06 06:27:47.091, 0, 77, 109489, 295.54
2026/09/06 06:27:47.093, 1, 0, 108534, 127.74
2026/09/06 06:27:48.095, 0, 81, 109489, 331.68
2026/09/06 06:27:48.096, 1, 0, 108534, 127.62
2026/09/06 06:27:49.098, 0, 66, 109489, 220.01
2026/09/06 06:27:49.099, 1, 0, 108534, 127.64
2026/09/06 06:27:50.100, 0, 0, 109489, 225.12
2026/09/06 06:27:50.102, 1, 0, 108534, 127.55
2026/09/06 06:27:51.103, 0, 20, 109489, 198.63
2026/09/06 06:27:51.105, 1, 0, 108534, 127.56
2026/09/06 06:27:52.107, 0, 86, 109489, 209.59
2026/09/06 06:27:52.108, 1, 0, 108534, 127.43
2026/09/06 06:27:53.109, 0, 0, 109489, 147.96
2026/09/06 06:27:53.111, 1, 0, 108534, 127.42
2026/09/06 06:27:54.112, 0, 100, 109489, 202.35
2026/09/06 06:27:54.114, 1, 0, 108534, 127.36
2026/09/06 06:27:55.115, 0, 77, 109489, 172.72
2026/09/06 06:27:55.117, 1, 0, 108534, 127.40
2026/09/06 06:27:56.118, 0, 0, 109489, 123.72
2026/09/06 06:27:56.119, 1, 0, 108534, 127.31
2026/09/06 06:27:57.120, 0, 0, 109489, 170.61
2026/09/06 06:27:57.122, 1, 0, 108534, 127.32
2026/09/06 06:27:58.124, 0, 0, 109489, 150.75
2026/09/06 06:27:58.125, 1, 0, 108534, 127.19
2026/09/06 06:27:59.127, 0, 96, 109489, 250.77
2026/09/06 06:27:59.128, 1, 0, 108534, 127.18
2026/09/06 06:28:00.129, 0, 12, 110273, 354.14
2026/09/06 06:28:00.132, 1, 0, 108534, 127.16
2026/09/06 06:28:01.133, 0, 11, 110273, 125.98
2026/09/06 06:28:01.135, 1, 0, 108534, 127.13
2026/09/06 06:28:02.137, 0, 10, 110273, 125.78
2026/09/06 06:28:02.139, 1, 0, 108534, 127.06
2026/09/06 06:28:03.140, 0, 18, 112699, 128.21
2026/09/06 06:28:03.142, 1, 0, 108534, 127.13
2026/09/06 06:28:04.144, 0, 0, 44603, 129.54
2026/09/06 06:28:04.146, 1, 0, 108534, 126.98
2026/09/06 06:28:05.147, 0, 12, 42841, 123.62
2026/09/06 06:28:05.148, 1, 0, 108534, 127.02
2026/09/06 06:28:06.150, 0, 68, 39203, 123.66
2026/09/06 06:28:06.152, 1, 0, 108534, 126.94
2026/09/06 06:28:07.154, 0, 0, 43579, 126.21
2026/09/06 06:28:07.155, 1, 0, 108534, 126.90
2026/09/06 06:28:08.157, 0, 0, 44229, 124.67
2026/09/06 06:28:08.159, 1, 0, 110110, 128.89
2026/09/06 06:28:09.161, 0, 0, 44189, 138.88
2026/09/06 06:28:09.162, 1, 0, 108894, 147.52
2026/09/06 06:28:10.164, 0, 0, 42841, 122.88
2026/09/06 06:28:10.166, 1, 0, 108284, 127.06
2026/09/06 06:28:11.169, 0, 0, 39203, 123.52
2026/09/06 06:28:11.172, 1, 0, 108284, 126.84
2026/09/06 06:28:12.176, 0, 0, 37853, 126.57
2026/09/06 06:28:12.178, 1, 65, 108542, 212.04
2026/09/06 06:28:13.180, 0, 84, 41637, 565.81
2026/09/06 06:28:13.182, 1, 67, 108542, 288.95
2026/09/06 06:28:14.183, 0, 100, 46581, 671.88
2026/09/06 06:28:14.185, 1, 69, 108542, 297.26
2026/09/06 06:28:15.187, 0, 100, 46581, 664.58
2026/09/06 06:28:15.189, 1, 65, 108542, 296.14
2026/09/06 06:28:16.191, 0, 79, 46583, 681.42
2026/09/06 06:28:16.193, 1, 65, 108542, 295.98
2026/09/06 06:28:17.197, 0, 9, 47367, 299.39
2026/09/06 06:28:17.203, 1, 58, 108542, 279.75
2026/09/06 06:28:18.207, 0, 9, 47367, 126.70
2026/09/06 06:28:18.209, 1, 55, 108542, 266.49
2026/09/06 06:28:19.214, 0, 9, 47367, 125.96
2026/09/06 06:28:19.218, 1, 58, 108542, 265.24
2026/09/06 06:28:20.220, 0, 8, 47367, 125.78
2026/09/06 06:28:20.222, 1, 63, 108542, 263.84
2026/09/06 06:28:21.229, 0, 0, 49793, 127.05
2026/09/06 06:28:21.231, 1, 64, 108542, 267.71
2026/09/06 06:28:22.233, 0, 0, 37723, 124.98
2026/09/06 06:28:22.240, 1, 66, 108542, 288.15
2026/09/06 06:28:23.245, 0, 0, 37281, 124.02
2026/09/06 06:28:23.247, 1, 67, 108542, 288.01
2026/09/06 06:28:24.250, 0, 0, 37281, 123.78
2026/09/06 06:28:24.252, 1, 67, 108542, 292.55
2026/09/06 06:28:25.260, 0, 0, 43581, 128.50
2026/09/06 06:28:25.261, 1, 68, 108542, 292.74
2026/09/06 06:28:26.263, 0, 45, 50619, 174.32
2026/09/06 06:28:26.265, 1, 60, 108542, 293.65
2026/09/06 06:28:27.267, 0, 16, 90541, 332.06
2026/09/06 06:28:27.268, 1, 64, 108542, 290.36
2026/09/06 06:28:28.270, 0, 100, 90541, 373.57
2026/09/06 06:28:28.271, 1, 63, 108542, 292.78
2026/09/06 06:28:29.273, 0, 54, 90543, 191.22
2026/09/06 06:28:29.274, 1, 68, 108542, 293.87
2026/09/06 06:28:30.277, 0, 24, 90543, 130.32
2026/09/06 06:28:30.279, 1, 68, 108542, 293.76
2026/09/06 06:28:31.283, 0, 24, 90543, 123.68
2026/09/06 06:28:31.284, 1, 67, 108542, 293.23
2026/09/06 06:28:32.285, 0, 15, 91055, 194.32
2026/09/06 06:28:32.287, 1, 68, 108542, 295.67
2026/09/06 06:28:33.290, 0, 17, 92271, 465.23
2026/09/06 06:28:33.291, 1, 65, 108542, 293.82
2026/09/06 06:28:34.293, 0, 17, 92271, 177.79
2026/09/06 06:28:34.294, 1, 69, 108542, 298.95
2026/09/06 06:28:35.296, 0, 46, 92271, 180.15
2026/09/06 06:28:35.297, 1, 66, 108542, 299.01
2026/09/06 06:28:36.298, 0, 100, 96175, 546.66
2026/09/06 06:28:36.300, 1, 69, 108542, 297.70
2026/09/06 06:28:37.302, 0, 14, 96175, 414.71
2026/09/06 06:28:37.303, 1, 69, 108542, 298.63
2026/09/06 06:28:38.305, 0, 17, 96175, 427.91
2026/09/06 06:28:38.307, 1, 68, 108542, 300.55
2026/09/06 06:28:39.308, 0, 17, 96175, 171.40
2026/09/06 06:28:39.310, 1, 68, 108542, 299.17
2026/09/06 06:28:40.311, 0, 96, 96175, 326.53
2026/09/06 06:28:40.313, 1, 67, 108542, 295.62
2026/09/06 06:28:41.314, 0, 17, 96177, 569.77
2026/09/06 06:28:41.316, 1, 70, 108542, 298.81
2026/09/06 06:28:42.318, 0, 100, 96961, 296.40
2026/09/06 06:28:42.319, 1, 67, 108542, 297.08
2026/09/06 06:28:43.322, 0, 12, 96961, 125.78
2026/09/06 06:28:43.324, 1, 68, 108542, 289.37
2026/09/06 06:28:44.325, 0, 12, 96961, 125.00
2026/09/06 06:28:44.327, 1, 65, 108542, 294.89
2026/09/06 06:28:45.329, 0, 15, 99387, 124.09
2026/09/06 06:28:45.330, 1, 69, 108542, 293.04
2026/09/06 06:28:46.331, 0, 0, 44607, 126.29
2026/09/06 06:28:46.333, 1, 68, 108542, 293.38
2026/09/06 06:28:47.335, 0, 0, 43087, 126.29
2026/09/06 06:28:47.336, 1, 67, 108542, 297.94
2026/09/06 06:28:48.338, 0, 0, 42843, 122.00
2026/09/06 06:28:48.339, 1, 69, 108542, 301.82
2026/09/06 06:28:49.341, 0, 78, 43583, 126.40
2026/09/06 06:28:49.342, 1, 67, 108542, 297.55
2026/09/06 06:28:50.344, 0, 0, 43583, 123.15
2026/09/06 06:28:50.345, 1, 0, 108542, 251.15
2026/09/06 06:28:51.346, 0, 0, 43937, 121.19
2026/09/06 06:28:51.348, 1, 1, 109852, 127.28
2026/09/06 06:28:52.349, 0, 0, 44193, 133.42
2026/09/06 06:28:52.350, 1, 69, 110388, 292.03
2026/09/06 06:28:53.352, 0, 6, 42843, 121.22
2026/09/06 06:28:53.354, 1, 68, 109778, 259.93
2026/09/06 06:28:54.356, 0, 0, 39205, 121.15
2026/09/06 06:28:54.357, 1, 69, 109778, 297.87
2026/09/06 06:28:55.359, 0, 93, 37857, 125.55
2026/09/06 06:28:55.361, 1, 64, 109792, 278.76
2026/09/06 06:28:56.364, 0, 18, 38975, 202.80
2026/09/06 06:28:56.365, 1, 68, 109792, 295.91
2026/09/06 06:28:57.367, 0, 0, 38975, 286.88
2026/09/06 06:28:57.369, 1, 69, 109792, 303.82
2026/09/06 06:28:58.372, 0, 0, 38975, 307.15
2026/09/06 06:28:58.374, 1, 71, 109794, 274.13
2026/09/06 06:28:59.375, 0, 62, 38975, 293.50
2026/09/06 06:28:59.377, 1, 67, 109794, 303.74
2026/09/06 06:29:00.379, 0, 0, 38975, 224.60
2026/09/06 06:29:00.380, 1, 66, 109794, 304.74
2026/09/06 06:29:01.382, 0, 38, 38975, 257.31
2026/09/06 06:29:01.384, 1, 67, 109794, 298.29
2026/09/06 06:29:02.385, 0, 19, 39233, 258.41
2026/09/06 06:29:02.387, 1, 66, 109794, 301.79
2026/09/06 06:29:03.388, 0, 0, 39233, 208.36
2026/09/06 06:29:03.390, 1, 67, 109794, 303.17
2026/09/06 06:29:04.392, 0, 0, 39233, 167.71
2026/09/06 06:29:04.393, 1, 66, 109794, 300.40
2026/09/06 06:29:05.395, 0, 74, 39233, 208.66
2026/09/06 06:29:05.396, 1, 66, 109794, 304.59
2026/09/06 06:29:06.398, 0, 19, 39233, 237.78
2026/09/06 06:29:06.399, 1, 68, 109794, 298.14
2026/09/06 06:29:07.401, 0, 89, 39233, 242.71
2026/09/06 06:29:07.403, 1, 68, 109794, 291.27
2026/09/06 06:29:08.404, 0, 79, 39233, 272.85
2026/09/06 06:29:08.406, 1, 66, 109794, 305.21
2026/09/06 06:29:09.407, 0, 40, 39233, 268.13
2026/09/06 06:29:09.409, 1, 68, 109794, 300.19
2026/09/06 06:29:10.412, 0, 0, 39233, 264.88
2026/09/06 06:29:10.413, 1, 69, 109794, 304.47
2026/09/06 06:29:11.415, 0, 69, 39233, 314.02
2026/09/06 06:29:11.417, 1, 61, 109794, 304.47
2026/09/06 06:29:12.418, 0, 44, 39813, 294.07
2026/09/06 06:29:12.420, 1, 67, 109794, 312.55
2026/09/06 06:29:13.421, 0, 75, 39813, 289.39
2026/09/06 06:29:13.423, 1, 69, 109794, 306.60
2026/09/06 06:29:14.425, 0, 0, 39813, 244.48
2026/09/06 06:29:14.426, 1, 69, 109794, 306.72
2026/09/06 06:29:15.428, 0, 99, 40851, 460.19
2026/09/06 06:29:15.429, 1, 62, 109794, 305.06
2026/09/06 06:29:16.430, 0, 0, 40851, 301.05
2026/09/06 06:29:16.432, 1, 66, 109794, 305.22
2026/09/06 06:29:17.433, 0, 0, 40851, 266.51
2026/09/06 06:29:17.435, 1, 68, 109794, 303.73
2026/09/06 06:29:18.436, 0, 0, 40851, 268.54
2026/09/06 06:29:18.438, 1, 69, 109794, 306.58
2026/09/06 06:29:19.439, 0, 100, 40851, 260.99
2026/09/06 06:29:19.441, 1, 69, 109794, 301.39
2026/09/06 06:29:20.443, 0, 100, 40851, 209.01
2026/09/06 06:29:20.445, 1, 66, 109794, 316.00
2026/09/06 06:29:21.446, 0, 0, 40851, 213.47
2026/09/06 06:29:21.448, 1, 69, 109794, 313.34
2026/09/06 06:29:22.449, 0, 100, 41951, 675.01
2026/09/06 06:29:22.452, 1, 68, 109794, 310.35
2026/09/06 06:29:23.453, 0, 68, 44981, 424.35
2026/09/06 06:29:23.455, 1, 70, 109794, 311.81
2026/09/06 06:29:24.458, 0, 0, 44983, 237.23
2026/09/06 06:29:24.459, 1, 68, 109794, 305.22
2026/09/06 06:29:25.461, 0, 0, 44983, 272.32
2026/09/06 06:29:25.463, 1, 70, 109794, 312.56
2026/09/06 06:29:26.469, 0, 0, 44983, 159.13
2026/09/06 06:29:26.470, 1, 69, 109794, 317.76
2026/09/06 06:29:27.472, 0, 0, 44983, 294.04
2026/09/06 06:29:27.473, 1, 68, 109794, 184.62
2026/09/06 06:29:28.475, 0, 0, 44983, 204.88
2026/09/06 06:29:28.476, 1, 66, 109794, 311.40
2026/09/06 06:29:29.478, 0, 0, 44983, 169.94
2026/09/06 06:29:29.479, 1, 69, 109794, 316.38
2026/09/06 06:29:30.480, 0, 0, 44983, 121.65
2026/09/06 06:29:30.481, 1, 68, 109794, 305.57
2026/09/06 06:29:31.483, 0, 0, 44983, 121.49
2026/09/06 06:29:31.485, 1, 68, 109794, 318.80
2026/09/06 06:29:32.486, 0, 10, 44983, 278.13
2026/09/06 06:29:32.489, 1, 69, 109794, 315.56
2026/09/06 06:29:33.490, 0, 0, 44983, 226.46
2026/09/06 06:29:33.492, 1, 70, 109794, 309.59
2026/09/06 06:29:34.493, 0, 76, 44983, 239.60
2026/09/06 06:29:34.495, 1, 68, 109794, 300.26
2026/09/06 06:29:35.496, 0, 0, 44983, 267.60
2026/09/06 06:29:35.498, 1, 68, 109794, 305.31
2026/09/06 06:29:36.499, 0, 0, 44983, 363.58
2026/09/06 06:29:36.500, 1, 66, 109794, 303.28
2026/09/06 06:29:37.501, 0, 5, 44983, 362.70
2026/09/06 06:29:37.503, 1, 69, 109794, 304.05
2026/09/06 06:29:38.506, 0, 0, 44983, 233.81
2026/09/06 06:29:38.507, 1, 68, 109794, 306.04
2026/09/06 06:29:39.508, 0, 0, 44983, 256.81
2026/09/06 06:29:39.510, 1, 69, 109794, 306.23
2026/09/06 06:29:40.513, 0, 0, 44983, 175.66
2026/09/06 06:29:40.514, 1, 68, 109794, 308.61
2026/09/06 06:29:41.516, 0, 0, 44983, 240.17
2026/09/06 06:29:41.517, 1, 69, 109794, 308.10
2026/09/06 06:29:42.519, 0, 0, 44983, 167.11
2026/09/06 06:29:42.521, 1, 67, 109794, 306.32
2026/09/06 06:29:43.522, 0, 0, 44983, 162.16
2026/09/06 06:29:43.524, 1, 69, 109794, 307.82
2026/09/06 06:29:44.526, 0, 0, 44983, 184.15
2026/09/06 06:29:44.527, 1, 71, 109794, 304.99
2026/09/06 06:29:45.529, 0, 0, 44983, 145.64
2026/09/06 06:29:45.531, 1, 69, 109794, 309.92
2026/09/06 06:29:46.532, 0, 37, 44983, 168.72
2026/09/06 06:29:46.534, 1, 68, 109794, 307.18
2026/09/06 06:29:47.535, 0, 61, 44983, 149.20
2026/09/06 06:29:47.537, 1, 68, 109794, 306.80
2026/09/06 06:29:48.538, 0, 0, 44983, 148.86
2026/09/06 06:29:48.539, 1, 68, 109794, 308.83
2026/09/06 06:29:49.541, 0, 100, 45503, 602.14
2026/09/06 06:29:49.543, 1, 68, 109794, 308.69
2026/09/06 06:29:50.544, 0, 100, 45503, 687.82
2026/09/06 06:29:50.546, 1, 70, 109794, 317.17
2026/09/06 06:29:51.547, 0, 79, 45503, 244.30
2026/09/06 06:29:51.549, 1, 68, 109794, 311.29
2026/09/06 06:29:52.551, 0, 0, 45503, 216.07
2026/09/06 06:29:52.553, 1, 69, 109794, 311.36
2026/09/06 06:29:53.554, 0, 16, 45503, 195.04
2026/09/06 06:29:53.556, 1, 65, 109794, 311.24
2026/09/06 06:29:54.557, 0, 0, 45503, 199.87
2026/09/06 06:29:54.558, 1, 66, 109794, 312.60
2026/09/06 06:29:55.561, 0, 0, 45503, 144.65
2026/09/06 06:29:55.562, 1, 67, 109794, 313.05
2026/09/06 06:29:56.564, 0, 96, 45503, 192.63
2026/09/06 06:29:56.565, 1, 69, 109794, 313.36
2026/09/06 06:29:57.567, 0, 79, 45503, 167.71
2026/09/06 06:29:57.568, 1, 69, 109794, 313.64
2026/09/06 06:29:58.570, 0, 0, 45503, 121.24
2026/09/06 06:29:58.571, 1, 68, 109794, 312.05
2026/09/06 06:29:59.573, 0, 0, 45503, 164.76
2026/09/06 06:29:59.575, 1, 70, 109794, 310.95
2026/09/06 06:30:00.576, 0, 0, 45503, 146.01
2026/09/06 06:30:00.578, 1, 70, 109794, 312.83
2026/09/06 06:30:01.579, 0, 0, 45503, 167.40
2026/09/06 06:30:01.580, 1, 68, 109794, 313.77
2026/09/06 06:30:02.583, 0, 100, 45503, 703.43
2026/09/06 06:30:02.584, 1, 69, 109794, 319.24
2026/09/06 06:30:03.586, 0, 100, 46089, 691.91
2026/09/06 06:30:03.587, 1, 69, 109794, 312.73
2026/09/06 06:30:04.589, 0, 100, 46089, 690.52
2026/09/06 06:30:04.591, 1, 67, 109794, 316.39
2026/09/06 06:30:05.593, 0, 53, 46873, 432.81
2026/09/06 06:30:05.595, 1, 69, 109794, 311.18
2026/09/06 06:30:06.597, 0, 13, 46873, 125.43
2026/09/06 06:30:06.599, 1, 66, 109794, 310.49
2026/09/06 06:30:07.601, 0, 12, 46873, 124.21
2026/09/06 06:30:07.603, 1, 68, 109794, 308.63
2026/09/06 06:30:08.605, 0, 15, 49299, 124.52
2026/09/06 06:30:08.606, 1, 67, 109794, 318.25
2026/09/06 06:30:09.609, 0, 0, 38387, 122.51
2026/09/06 06:30:09.610, 1, 70, 109794, 315.44
2026/09/06 06:30:10.611, 0, 0, 37285, 121.50
2026/09/06 06:30:10.613, 1, 69, 109794, 313.91
2026/09/06 06:30:11.614, 0, 0, 37285, 121.01
2026/09/06 06:30:11.616, 1, 68, 109794, 313.39
2026/09/06 06:30:12.618, 0, 26, 43585, 125.56
2026/09/06 06:30:12.619, 1, 67, 109794, 314.76
2026/09/06 06:30:13.621, 0, 86, 47465, 136.23
2026/09/06 06:30:13.622, 1, 68, 109794, 317.02
2026/09/06 06:30:14.624, 0, 0, 47977, 263.27
2026/09/06 06:30:14.625, 1, 69, 109794, 313.52
2026/09/06 06:30:15.626, 0, 11, 47977, 319.05
2026/09/06 06:30:15.628, 1, 66, 109794, 313.93
2026/09/06 06:30:16.630, 0, 1, 47977, 296.76
2026/09/06 06:30:16.632, 1, 69, 109794, 314.97
2026/09/06 06:30:17.633, 0, 24, 47977, 303.77
2026/09/06 06:30:17.634, 1, 69, 109794, 314.23
2026/09/06 06:30:18.636, 0, 0, 47977, 200.78
2026/09/06 06:30:18.637, 1, 67, 109794, 312.92
2026/09/06 06:30:19.639, 0, 0, 47979, 280.04
2026/09/06 06:30:19.640, 1, 71, 109794, 308.40
2026/09/06 06:30:20.642, 0, 0, 47979, 262.21
2026/09/06 06:30:20.643, 1, 67, 109794, 306.37
2026/09/06 06:30:21.645, 0, 0, 47979, 167.62
2026/09/06 06:30:21.647, 1, 67, 109794, 309.36
2026/09/06 06:30:22.648, 0, 0, 47979, 170.61
2026/09/06 06:30:22.650, 1, 69, 109794, 305.43
2026/09/06 06:30:23.652, 0, 5, 47979, 278.38
2026/09/06 06:30:23.653, 1, 69, 109794, 312.73
2026/09/06 06:30:24.654, 0, 29, 47979, 251.14
2026/09/06 06:30:24.657, 1, 71, 109794, 311.61
2026/09/06 06:30:25.660, 0, 0, 47979, 270.43
2026/09/06 06:30:25.662, 1, 69, 109794, 312.49
2026/09/06 06:30:26.663, 0, 37, 47979, 314.00
2026/09/06 06:30:26.666, 1, 68, 109794, 310.42
2026/09/06 06:30:27.669, 0, 42, 47979, 299.96
2026/09/06 06:30:27.671, 1, 68, 109794, 309.65
2026/09/06 06:30:28.672, 0, 0, 47979, 283.28
2026/09/06 06:30:28.675, 1, 68, 109794, 314.38
2026/09/06 06:30:29.677, 0, 0, 47981, 292.35
2026/09/06 06:30:29.679, 1, 69, 109794, 310.35
2026/09/06 06:30:30.681, 0, 0, 47981, 301.18
2026/09/06 06:30:30.683, 1, 69, 109794, 310.54
2026/09/06 06:30:31.686, 0, 16, 47981, 267.23
2026/09/06 06:30:31.687, 1, 68, 109794, 311.04
2026/09/06 06:30:32.689, 0, 17, 82841, 332.33
2026/09/06 06:30:32.690, 1, 67, 109794, 308.54
2026/09/06 06:30:33.691, 0, 17, 82841, 311.67
2026/09/06 06:30:33.693, 1, 68, 109794, 310.31
2026/09/06 06:30:34.695, 0, 80, 82841, 290.82
2026/09/06 06:30:34.696, 1, 68, 109794, 315.41
2026/09/06 06:30:35.697, 0, 68, 82841, 271.40
2026/09/06 06:30:35.699, 1, 68, 109794, 314.38
2026/09/06 06:30:36.701, 0, 62, 82841, 263.49
2026/09/06 06:30:36.702, 1, 70, 109794, 313.71
2026/09/06 06:30:37.705, 0, 8, 82841, 262.53
2026/09/06 06:30:37.706, 1, 68, 109794, 313.74
2026/09/06 06:30:38.707, 0, 31, 82841, 208.09
2026/09/06 06:30:38.709, 1, 69, 109794, 315.21
2026/09/06 06:30:39.711, 0, 75, 82841, 402.20
2026/09/06 06:30:39.712, 1, 69, 109794, 316.07
2026/09/06 06:30:40.713, 0, 100, 114369, 360.55
2026/09/06 06:30:40.715, 1, 67, 109794, 315.61
2026/09/06 06:30:41.717, 0, 52, 114369, 238.13
2026/09/06 06:30:41.719, 1, 70, 109794, 314.89
2026/09/06 06:30:42.720, 0, 17, 114369, 277.79
2026/09/06 06:30:42.721, 1, 70, 109794, 318.25
2026/09/06 06:30:43.723, 0, 25, 114369, 140.72
2026/09/06 06:30:43.724, 1, 67, 109794, 315.56
2026/09/06 06:30:44.725, 0, 25, 114369, 122.65
2026/09/06 06:30:44.727, 1, 68, 109794, 316.34
2026/09/06 06:30:45.728, 0, 25, 114369, 122.60
2026/09/06 06:30:45.730, 1, 68, 109794, 315.26
2026/09/06 06:30:46.731, 0, 27, 114369, 122.44
2026/09/06 06:30:46.732, 1, 69, 109794, 321.49
2026/09/06 06:30:47.734, 0, 53, 116097, 284.00
2026/09/06 06:30:47.742, 1, 69, 109794, 318.49
2026/09/06 06:30:48.743, 0, 27, 116097, 284.05
2026/09/06 06:30:48.745, 1, 67, 109794, 316.36
2026/09/06 06:30:49.746, 0, 18, 116097, 166.58
2026/09/06 06:30:49.748, 1, 69, 109794, 314.32
2026/09/06 06:30:50.750, 0, 67, 116099, 285.02
2026/09/06 06:30:50.752, 1, 69, 109794, 316.30
2026/09/06 06:30:51.753, 0, 0, 116099, 266.80
2026/09/06 06:30:51.754, 1, 71, 109794, 318.49
2026/09/06 06:30:52.756, 0, 0, 116099, 236.62
2026/09/06 06:30:52.760, 1, 69, 109794, 323.98
2026/09/06 06:30:53.762, 0, 0, 116099, 159.26
2026/09/06 06:30:53.764, 1, 63, 109794, 321.06
2026/09/06 06:30:54.765, 0, 44, 116099, 308.04
2026/09/06 06:30:54.769, 1, 65, 109794, 326.67
2026/09/06 06:30:55.778, 0, 0, 116099, 215.71
2026/09/06 06:30:55.780, 1, 64, 109794, 322.16
2026/09/06 06:30:56.781, 0, 0, 116099, 171.10
2026/09/06 06:30:56.784, 1, 0, 109794, 250.22
2026/09/06 06:30:57.786, 0, 0, 116099, 123.38
2026/09/06 06:30:57.788, 1, 0, 109794, 129.77
2026/09/06 06:30:58.789, 0, 0, 116099, 123.25
2026/09/06 06:30:58.792, 1, 0, 109794, 129.31
2026/09/06 06:30:59.794, 0, 91, 116099, 237.72
2026/09/06 06:30:59.795, 1, 0, 109794, 129.10
2026/09/06 06:31:00.797, 0, 73, 116099, 273.30
2026/09/06 06:31:00.799, 1, 0, 109794, 128.91
2026/09/06 06:31:01.801, 0, 56, 116099, 207.52
2026/09/06 06:31:01.802, 1, 0, 109794, 128.73
2026/09/06 06:31:02.804, 0, 100, 116099, 303.65
2026/09/06 06:31:02.806, 1, 0, 109794, 128.67
2026/09/06 06:31:03.808, 0, 57, 116099, 343.17
2026/09/06 06:31:03.810, 1, 0, 109794, 128.49
2026/09/06 06:31:04.811, 0, 53, 116099, 337.05
2026/09/06 06:31:04.816, 1, 0, 109794, 128.44
2026/09/06 06:31:05.818, 0, 0, 116099, 284.14
2026/09/06 06:31:05.820, 1, 0, 109794, 128.43
2026/09/06 06:31:06.822, 0, 17, 116099, 237.72
2026/09/06 06:31:06.824, 1, 0, 109794, 128.72
2026/09/06 06:31:07.825, 0, 0, 116099, 195.36
2026/09/06 06:31:07.827, 1, 0, 109794, 128.64
2026/09/06 06:31:08.829, 0, 48, 116099, 233.35
2026/09/06 06:31:08.835, 1, 0, 109794, 128.66
2026/09/06 06:31:09.841, 0, 0, 116099, 184.06
2026/09/06 06:31:09.842, 1, 0, 109794, 128.49
2026/09/06 06:31:10.844, 0, 0, 116099, 160.30
2026/09/06 06:31:10.846, 1, 0, 109794, 128.38
2026/09/06 06:31:11.849, 0, 61, 116099, 191.65
2026/09/06 06:31:11.851, 1, 0, 109794, 128.30
2026/09/06 06:31:12.853, 0, 0, 116099, 153.87
2026/09/06 06:31:12.855, 1, 0, 109794, 128.19
2026/09/06 06:31:13.857, 0, 0, 116099, 123.70
2026/09/06 06:31:13.858, 1, 0, 109794, 128.10
2026/09/06 06:31:14.860, 0, 0, 116099, 173.70
2026/09/06 06:31:14.861, 1, 0, 109794, 127.99
2026/09/06 06:31:15.863, 0, 0, 116099, 156.79
2026/09/06 06:31:15.865, 1, 0, 109794, 127.88
2026/09/06 06:31:16.866, 0, 100, 116101, 375.60
2026/09/06 06:31:16.868, 1, 0, 109794, 127.76
2026/09/06 06:31:17.870, 0, 17, 116101, 526.38
2026/09/06 06:31:17.871, 1, 0, 109794, 127.54
2026/09/06 06:31:18.873, 0, 18, 116101, 170.28
2026/09/06 06:31:18.875, 1, 0, 109794, 127.55
2026/09/06 06:31:19.879, 0, 100, 116101, 344.64
2026/09/06 06:31:19.881, 1, 0, 109794, 127.41
2026/09/06 06:31:20.883, 0, 35, 116101, 532.98
2026/09/06 06:31:20.885, 1, 0, 109794, 127.41
2026/09/06 06:31:21.887, 0, 0, 116101, 175.88
2026/09/06 06:31:21.889, 1, 0, 109794, 127.33
2026/09/06 06:31:22.890, 0, 15, 116101, 250.32
2026/09/06 06:31:22.892, 1, 0, 109794, 127.39
2026/09/06 06:31:23.894, 0, 0, 116101, 189.87
2026/09/06 06:31:23.895, 1, 0, 109794, 127.34
2026/09/06 06:31:24.897, 0, 0, 116101, 206.13
2026/09/06 06:31:24.903, 1, 0, 109794, 127.23
2026/09/06 06:31:25.904, 0, 0, 116101, 179.62
2026/09/06 06:31:25.906, 1, 0, 109794, 127.09
2026/09/06 06:31:26.908, 0, 0, 116101, 157.48
2026/09/06 06:31:26.909, 1, 0, 109794, 127.09
2026/09/06 06:31:27.911, 0, 0, 116101, 189.41
2026/09/06 06:31:27.913, 1, 0, 109794, 127.15
2026/09/06 06:31:28.915, 0, 0, 116101, 143.10
2026/09/06 06:31:28.917, 1, 0, 109794, 127.08
2026/09/06 06:31:29.919, 0, 37, 116101, 170.34
2026/09/06 06:31:29.921, 1, 0, 109794, 127.05
2026/09/06 06:31:30.922, 0, 40, 116101, 149.43
2026/09/06 06:31:30.924, 1, 0, 109794, 126.99
2026/09/06 06:31:31.925, 0, 0, 116101, 150.07
2026/09/06 06:31:31.926, 1, 0, 109794, 126.88
2026/09/06 06:31:32.928, 0, 18, 116101, 438.29
2026/09/06 06:31:32.930, 1, 0, 109794, 126.85
2026/09/06 06:31:33.931, 0, 18, 116101, 165.90
2026/09/06 06:31:33.932, 1, 0, 109794, 126.92
2026/09/06 06:31:34.934, 0, 100, 116101, 425.90
2026/09/06 06:31:34.936, 1, 0, 109794, 126.84
2026/09/06 06:31:35.938, 0, 18, 116101, 534.28
2026/09/06 06:31:35.939, 1, 0, 109794, 126.91
2026/09/06 06:31:36.941, 0, 18, 116101, 181.94
2026/09/06 06:31:36.942, 1, 0, 109794, 126.91
2026/09/06 06:31:37.944, 0, 48, 116101, 211.15
2026/09/06 06:31:37.945, 1, 0, 109794, 126.85
2026/09/06 06:31:38.946, 0, 100, 116101, 642.09
2026/09/06 06:31:38.948, 1, 0, 109794, 126.86
2026/09/06 06:31:39.949, 0, 18, 116101, 365.90
2026/09/06 06:31:39.951, 1, 0, 109794, 126.69
2026/09/06 06:31:40.952, 0, 18, 116101, 179.87
2026/09/06 06:31:40.954, 1, 0, 109794, 126.74
2026/09/06 06:31:41.955, 0, 53, 116101, 245.51
2026/09/06 06:31:41.957, 1, 0, 109794, 126.73
2026/09/06 06:31:42.958, 0, 100, 116613, 687.79
2026/09/06 06:31:42.959, 1, 0, 109794, 126.70
2026/09/06 06:31:43.960, 0, 11, 116885, 137.60
2026/09/06 06:31:43.962, 1, 0, 109794, 126.67
2026/09/06 06:31:44.964, 0, 11, 116885, 127.58
2026/09/06 06:31:44.966, 1, 0, 109794, 126.65
2026/09/06 06:31:45.967, 0, 10, 116885, 126.85
2026/09/06 06:31:45.970, 1, 0, 109794, 126.65
2026/09/06 06:31:46.972, 0, 0, 119311, 128.57
2026/09/06 06:31:46.973, 1, 0, 109794, 126.58
2026/09/06 06:31:47.975, 0, 12, 42847, 130.96
2026/09/06 06:31:47.976, 1, 0, 109794, 126.60
2026/09/06 06:31:48.979, 0, 83, 39209, 125.70
2026/09/06 06:31:48.981, 1, 0, 109794, 126.54
2026/09/06 06:31:49.984, 0, 0, 43587, 128.30
2026/09/06 06:31:49.986, 1, 0, 109794, 126.50
2026/09/06 06:31:50.987, 0, 0, 44257, 130.66
2026/09/06 06:31:50.989, 1, 86, 110108, 133.30
2026/09/06 06:31:51.992, 0, 1, 43653, 135.62
2026/09/06 06:31:51.993, 1, 0, 108572, 142.06
2026/09/06 06:31:52.994, 0, 0, 42847, 124.74
2026/09/06 06:31:52.999, 1, 0, 108284, 126.56
2026/09/06 06:31:54.003, 0, 0, 39209, 125.36
2026/09/06 06:31:54.005, 1, 0, 108284, 126.51
2026/09/06 06:31:55.007, 0, 0, 37879, 127.59
2026/09/06 06:31:55.008, 1, 69, 108574, 195.00
2026/09/06 06:31:56.010, 0, 96, 41531, 405.02
2026/09/06 06:31:56.012, 1, 68, 108574, 293.25
2026/09/06 06:31:57.014, 0, 100, 42315, 368.05
2026/09/06 06:31:57.015, 1, 68, 108574, 293.30
2026/09/06 06:31:58.017, 0, 12, 42315, 127.06
2026/09/06 06:31:58.018, 1, 67, 108574, 287.02
2026/09/06 06:31:59.020, 0, 12, 42315, 126.56
2026/09/06 06:31:59.022, 1, 67, 108574, 296.34
2026/09/06 06:32:00.024, 0, 17, 44741, 127.86
2026/09/06 06:32:00.026, 1, 64, 108574, 289.24
2026/09/06 06:32:01.027, 0, 0, 38391, 125.95
2026/09/06 06:32:01.029, 1, 65, 108574, 301.21
2026/09/06 06:32:02.030, 0, 0, 37289, 124.53
2026/09/06 06:32:02.032, 1, 69, 108574, 293.07
2026/09/06 06:32:03.034, 0, 0, 37289, 124.09
2026/09/06 06:32:03.035, 1, 64, 108574, 294.69
2026/09/06 06:32:04.037, 0, 96, 19421, 128.73
2026/09/06 06:32:04.038, 1, 68, 108574, 290.69
2026/09/06 06:32:05.040, 0, 100, 43589, 126.83
2026/09/06 06:32:05.042, 1, 68, 108574, 295.00
2026/09/06 06:32:06.044, 0, 16, 53503, 257.01
2026/09/06 06:32:06.046, 1, 67, 108574, 293.92
2026/09/06 06:32:07.048, 0, 16, 54015, 196.65
2026/09/06 06:32:07.049, 1, 64, 108574, 295.01
2026/09/06 06:32:08.051, 0, 48, 55231, 407.08
2026/09/06 06:32:08.053, 1, 67, 108574, 297.71
2026/09/06 06:32:09.054, 0, 84, 56013, 315.48
2026/09/06 06:32:09.056, 1, 67, 108574, 295.46
2026/09/06 06:32:10.058, 0, 13, 56015, 132.61
2026/09/06 06:32:10.061, 1, 63, 108574, 288.54
2026/09/06 06:32:11.062, 0, 12, 56015, 125.89
2026/09/06 06:32:11.066, 1, 66, 108574, 291.00
2026/09/06 06:32:12.068, 0, 4, 58441, 126.82
2026/09/06 06:32:12.070, 1, 67, 108574, 289.08
2026/09/06 06:32:13.072, 0, 0, 46345, 127.34
2026/09/06 06:32:13.073, 1, 69, 108574, 296.62
2026/09/06 06:32:14.079, 0, 11, 42849, 125.43
2026/09/06 06:32:14.081, 1, 66, 108574, 295.77
2026/09/06 06:32:15.082, 0, 28, 42849, 124.33
2026/09/06 06:32:15.085, 1, 67, 108574, 294.79
2026/09/06 06:32:16.086, 0, 0, 43589, 128.03
2026/09/06 06:32:16.088, 1, 65, 108574, 293.49
2026/09/06 06:32:17.089, 0, 0, 43589, 125.41
2026/09/06 06:32:17.091, 1, 0, 108574, 242.26
2026/09/06 06:32:18.092, 0, 1, 44199, 123.39
2026/09/06 06:32:18.094, 1, 0, 110108, 129.20
2026/09/06 06:32:19.095, 0, 0, 43943, 138.83
2026/09/06 06:32:19.097, 1, 51, 110146, 265.43
2026/09/06 06:32:20.099, 0, 0, 42849, 123.58
2026/09/06 06:32:20.100, 1, 69, 109792, 267.97
2026/09/06 06:32:21.102, 0, 0, 39211, 124.19
2026/09/06 06:32:21.108, 1, 67, 109792, 300.13
2026/09/06 06:32:22.110, 0, 0, 37883, 127.16
2026/09/06 06:32:22.111, 1, 68, 109792, 270.27
2026/09/06 06:32:23.113, 0, 100, 41485, 571.49
2026/09/06 06:32:23.115, 1, 67, 109796, 269.53
2026/09/06 06:32:24.117, 0, 68, 43213, 545.89
2026/09/06 06:32:24.119, 1, 67, 109796, 302.74
2026/09/06 06:32:25.121, 0, 100, 43587, 584.08
2026/09/06 06:32:25.122, 1, 52, 109796, 299.44
2026/09/06 06:32:26.123, 0, 100, 45933, 692.56
2026/09/06 06:32:26.125, 1, 68, 109796, 302.31
2026/09/06 06:32:27.126, 0, 100, 45935, 688.42
2026/09/06 06:32:27.128, 1, 0, 109796, 279.45
2026/09/06 06:32:28.129, 0, 100, 45935, 695.70
2026/09/06 06:32:28.131, 1, 69, 109796, 304.13
2026/09/06 06:32:29.132, 0, 100, 46539, 494.81
2026/09/06 06:32:29.134, 1, 67, 109796, 304.27
2026/09/06 06:32:30.135, 0, 11, 46719, 130.50
2026/09/06 06:32:30.137, 1, 65, 109796, 296.64
2026/09/06 06:32:31.140, 0, 11, 46719, 128.14
2026/09/06 06:32:31.141, 1, 63, 109796, 300.37
2026/09/06 06:32:32.144, 0, 6, 49145, 127.36
2026/09/06 06:32:32.146, 1, 66, 109796, 298.25
2026/09/06 06:32:33.149, 0, 0, 38393, 127.75
2026/09/06 06:32:33.150, 1, 67, 109796, 307.11
2026/09/06 06:32:34.152, 0, 0, 37293, 125.88
2026/09/06 06:32:34.153, 1, 70, 109796, 266.80
2026/09/06 06:32:35.156, 0, 0, 37293, 125.32
2026/09/06 06:32:35.157, 1, 64, 109796, 270.15
2026/09/06 06:32:36.159, 0, 37, 43589, 129.95
2026/09/06 06:32:36.161, 1, 65, 109796, 310.67
2026/09/06 06:32:37.164, 0, 63, 49171, 164.90
2026/09/06 06:32:37.165, 1, 69, 109796, 308.53
2026/09/06 06:32:38.167, 0, 17, 74843, 302.29
2026/09/06 06:32:38.168, 1, 68, 109796, 305.55
2026/09/06 06:32:39.172, 0, 17, 106371, 343.36
2026/09/06 06:32:39.174, 1, 64, 109796, 306.74
2026/09/06 06:32:40.176, 0, 17, 106373, 334.00
2026/09/06 06:32:40.178, 1, 65, 109796, 308.56
2026/09/06 06:32:41.180, 0, 98, 106373, 351.38
2026/09/06 06:32:41.181, 1, 67, 109796, 305.48
2026/09/06 06:32:42.183, 0, 25, 106373, 149.30
2026/09/06 06:32:42.185, 1, 68, 109796, 307.93
2026/09/06 06:32:43.187, 0, 26, 106373, 125.91
2026/09/06 06:32:43.189, 1, 68, 109796, 305.04
2026/09/06 06:32:44.191, 0, 26, 106373, 125.45
2026/09/06 06:32:44.193, 1, 65, 109796, 309.81
2026/09/06 06:32:45.196, 0, 25, 106885, 125.48
2026/09/06 06:32:45.199, 1, 69, 109796, 311.78
2026/09/06 06:32:46.200, 0, 74, 108099, 321.95
2026/09/06 06:32:46.202, 1, 68, 109796, 312.13
2026/09/06 06:32:47.203, 0, 100, 108099, 393.61
2026/09/06 06:32:47.206, 1, 68, 109796, 309.70
2026/09/06 06:32:48.207, 0, 17, 108099, 164.83
2026/09/06 06:32:48.209, 1, 66, 109796, 309.40
2026/09/06 06:32:49.211, 0, 70, 108099, 247.59
2026/09/06 06:32:49.212, 1, 67, 109796, 306.59
2026/09/06 06:32:50.213, 0, 100, 108101, 649.77
2026/09/06 06:32:50.215, 1, 67, 109796, 306.19
2026/09/06 06:32:51.216, 0, 37, 108101, 167.52
2026/09/06 06:32:51.218, 1, 68, 109796, 305.21
2026/09/06 06:32:52.220, 0, 22, 108101, 161.36
2026/09/06 06:32:52.221, 1, 69, 109796, 302.63
2026/09/06 06:32:53.222, 0, 82, 108101, 327.73
2026/09/06 06:32:53.224, 1, 67, 109796, 303.72
2026/09/06 06:32:54.225, 0, 98, 108101, 703.79
2026/09/06 06:32:54.227, 1, 68, 109796, 306.61
2026/09/06 06:32:55.229, 0, 49, 108101, 207.45
2026/09/06 06:32:55.230, 1, 68, 109796, 304.62
2026/09/06 06:32:56.232, 0, 43, 108101, 179.67
2026/09/06 06:32:56.234, 1, 68, 109796, 307.32
2026/09/06 06:32:57.236, 0, 100, 108103, 474.05
2026/09/06 06:32:57.238, 1, 67, 109796, 306.92
2026/09/06 06:32:58.239, 0, 18, 108103, 521.22
2026/09/06 06:32:58.242, 1, 65, 109796, 299.41
2026/09/06 06:32:59.244, 0, 30, 108103, 183.80
2026/09/06 06:32:59.245, 1, 68, 109796, 307.47
2026/09/06 06:33:00.247, 0, 38, 108103, 163.65
2026/09/06 06:33:00.249, 1, 68, 109796, 303.22
2026/09/06 06:33:01.253, 0, 100, 108103, 390.79
2026/09/06 06:33:01.255, 1, 61, 109796, 302.62
2026/09/06 06:33:02.256, 0, 100, 108885, 454.38
2026/09/06 06:33:02.259, 1, 66, 109796, 306.09
2026/09/06 06:33:03.262, 0, 10, 108887, 128.48
2026/09/06 06:33:03.267, 1, 63, 109796, 293.93
2026/09/06 06:33:04.271, 0, 11, 108887, 128.19
2026/09/06 06:33:04.272, 1, 67, 109796, 296.07
2026/09/06 06:33:05.274, 0, 0, 111313, 127.25
2026/09/06 06:33:05.276, 1, 67, 109796, 298.08
2026/09/06 06:33:06.278, 0, 0, 90637, 128.78
2026/09/06 06:33:06.281, 1, 69, 109796, 310.35
2026/09/06 06:33:07.287, 0, 0, 43093, 130.80
2026/09/06 06:33:07.289, 1, 69, 109796, 304.31
2026/09/06 06:33:08.291, 0, 0, 39211, 125.39
2026/09/06 06:33:08.293, 1, 68, 109796, 305.75
2026/09/06 06:33:09.295, 0, 65, 43589, 129.51
2026/09/06 06:33:09.297, 1, 68, 109796, 305.28
2026/09/06 06:33:10.785, 0, 0, 43589, 126.35
2026/09/06 06:33:10.788, 1, 0, 109796, 173.49
2026/09/06 06:33:11.791, 0, 12, 44199, 136.19
2026/09/06 06:33:11.793, 1, 58, 110388, 173.58
2026/09/06 06:33:12.794, 0, 1, 43655, 125.60
2026/09/06 06:33:12.796, 1, 67, 110032, 337.81
2026/09/06 06:33:13.803, 0, 0, 42849, 124.55
2026/09/06 06:33:13.805, 1, 68, 109778, 307.24
2026/09/06 06:33:14.807, 0, 0, 21249, 125.68
2026/09/06 06:33:14.813, 1, 69, 109778, 305.62
2026/09/06 06:33:15.875, 0, 0, 37881, 127.49
2026/09/06 06:33:15.877, 1, 70, 109792, 284.87
2026/09/06 06:33:16.879, 0, 0, 38741, 274.94
2026/09/06 06:33:16.880, 1, 70, 109792, 308.95
2026/09/06 06:33:17.882, 0, 14, 38741, 234.48
2026/09/06 06:33:17.884, 1, 69, 109792, 314.20
2026/09/06 06:33:18.885, 0, 73, 38741, 230.88
2026/09/06 06:33:18.886, 1, 70, 109792, 310.35
2026/09/06 06:33:19.888, 0, 34, 38741, 220.37
2026/09/06 06:33:19.889, 1, 70, 109792, 311.70
2026/09/06 06:33:20.891, 0, 89, 38741, 186.14
2026/09/06 06:33:20.893, 1, 69, 109792, 310.67
2026/09/06 06:33:21.894, 0, 2, 38741, 225.70
2026/09/06 06:33:21.895, 1, 69, 109792, 310.94
2026/09/06 06:33:22.896, 0, 38, 41237, 483.00
2026/09/06 06:33:22.898, 1, 65, 109792, 305.15
2026/09/06 06:33:23.900, 0, 0, 41237, 171.24
2026/09/06 06:33:23.902, 1, 70, 109792, 309.56
2026/09/06 06:33:24.903, 0, 31, 41237, 212.74
2026/09/06 06:33:24.905, 1, 67, 109792, 303.60
2026/09/06 06:33:25.906, 0, 0, 41237, 160.54
2026/09/06 06:33:25.908, 1, 68, 109792, 304.11
2026/09/06 06:33:26.910, 0, 0, 41237, 202.60
2026/09/06 06:33:26.912, 1, 60, 109794, 295.01
2026/09/06 06:33:27.914, 0, 68, 41237, 152.52
2026/09/06 06:33:27.916, 1, 68, 109794, 293.45
2026/09/06 06:33:28.917, 0, 0, 41237, 154.16
2026/09/06 06:33:28.919, 1, 68, 109794, 305.08
2026/09/06 06:33:29.921, 0, 0, 41237, 167.82
2026/09/06 06:33:29.922, 1, 69, 109794, 306.29
2026/09/06 06:33:30.924, 0, 0, 41237, 123.48
2026/09/06 06:33:30.926, 1, 66, 109794, 302.50
2026/09/06 06:33:31.927, 0, 0, 41237, 155.47
2026/09/06 06:33:31.929, 1, 67, 109794, 303.89
2026/09/06 06:33:32.930, 0, 0, 41237, 147.31
2026/09/06 06:33:32.932, 1, 68, 109794, 305.10
2026/09/06 06:33:33.933, 0, 39, 41841, 212.91
2026/09/06 06:33:33.935, 1, 66, 109794, 301.33
2026/09/06 06:33:34.937, 0, 10, 42021, 133.30
2026/09/06 06:33:34.940, 1, 65, 109794, 303.09
2026/09/06 06:33:35.947, 0, 11, 42021, 125.02
2026/09/06 06:33:35.949, 1, 64, 109794, 296.50
2026/09/06 06:33:36.951, 0, 11, 42021, 124.43
2026/09/06 06:33:36.953, 1, 68, 109794, 302.18
2026/09/06 06:33:37.954, 0, 0, 44447, 125.52
2026/09/06 06:33:37.956, 1, 60, 109794, 296.74
2026/09/06 06:33:38.957, 0, 0, 37295, 123.13
2026/09/06 06:33:38.959, 1, 67, 109794, 308.17
2026/09/06 06:33:39.960, 0, 0, 37295, 122.40
2026/09/06 06:33:39.962, 1, 66, 109794, 312.71
2026/09/06 06:33:40.965, 0, 100, 17605, 125.75
2026/09/06 06:33:40.967, 1, 68, 109794, 305.90
2026/09/06 06:33:41.968, 0, 0, 43591, 124.64
2026/09/06 06:33:41.969, 1, 69, 109794, 307.32
2026/09/06 06:33:42.971, 0, 14, 61265, 238.81
2026/09/06 06:33:42.972, 1, 64, 109794, 313.09
2026/09/06 06:33:43.975, 0, 48, 61265, 231.59
2026/09/06 06:33:43.977, 1, 69, 109794, 311.27
2026/09/06 06:33:44.978, 0, 0, 61265, 225.23
2026/09/06 06:33:44.979, 1, 65, 109794, 312.23
2026/09/06 06:33:45.982, 0, 0, 61265, 222.42
2026/09/06 06:33:45.983, 1, 69, 109794, 312.87
2026/09/06 06:33:46.985, 0, 0, 61265, 223.83
2026/09/06 06:33:46.986, 1, 70, 109794, 308.50
2026/09/06 06:33:47.987, 0, 0, 61265, 184.04
2026/09/06 06:33:47.989, 1, 69, 109794, 317.02
2026/09/06 06:33:48.990, 0, 24, 61265, 201.01
2026/09/06 06:33:48.992, 1, 66, 109794, 311.08
2026/09/06 06:33:49.994, 0, 100, 62993, 331.11
2026/09/06 06:33:49.996, 1, 69, 109794, 311.50
2026/09/06 06:33:50.997, 0, 100, 62993, 370.18
2026/09/06 06:33:51.000, 1, 68, 109794, 314.66
2026/09/06 06:33:52.002, 0, 77, 62993, 196.30
2026/09/06 06:33:52.003, 1, 69, 109794, 319.20
2026/09/06 06:33:53.004, 0, 0, 62993, 191.02
2026/09/06 06:33:53.007, 1, 70, 109794, 319.61
2026/09/06 06:33:54.009, 0, 0, 62993, 189.66
2026/09/06 06:33:54.011, 1, 70, 109794, 312.08
2026/09/06 06:33:55.013, 0, 0, 62993, 188.27
2026/09/06 06:33:55.015, 1, 67, 109794, 317.66
2026/09/06 06:33:56.017, 0, 0, 62993, 145.64
2026/09/06 06:33:56.018, 1, 69, 109794, 320.14
2026/09/06 06:33:57.020, 0, 0, 62993, 163.93
2026/09/06 06:33:57.022, 1, 67, 109794, 318.61
2026/09/06 06:33:58.024, 0, 0, 62993, 166.43
2026/09/06 06:33:58.026, 1, 68, 109794, 318.45
2026/09/06 06:33:59.027, 0, 0, 62993, 123.47
2026/09/06 06:33:59.030, 1, 70, 109794, 316.19
2026/09/06 06:34:00.033, 0, 0, 62993, 156.17
2026/09/06 06:34:00.035, 1, 67, 109794, 317.21
2026/09/06 06:34:01.037, 0, 0, 62993, 145.90
2026/09/06 06:34:01.038, 1, 70, 109794, 313.94
2026/09/06 06:34:02.039, 0, 53, 62993, 208.77
2026/09/06 06:34:02.041, 1, 70, 109794, 322.96
2026/09/06 06:34:03.043, 0, 12, 63777, 131.51
2026/09/06 06:34:03.045, 1, 68, 109794, 319.60
2026/09/06 06:34:04.047, 0, 12, 63777, 125.40
2026/09/06 06:34:04.049, 1, 68, 109794, 317.66
2026/09/06 06:34:05.050, 0, 12, 63777, 125.20
2026/09/06 06:34:05.053, 1, 68, 109794, 323.27
2026/09/06 06:34:06.054, 0, 0, 66203, 126.89
2026/09/06 06:34:06.056, 1, 68, 109794, 318.34
2026/09/06 06:34:07.057, 0, 0, 43583, 125.19
2026/09/06 06:34:07.059, 1, 66, 109794, 306.29
2026/09/06 06:34:08.060, 0, 0, 42851, 123.36
2026/09/06 06:34:08.071, 1, 69, 109794, 307.90
2026/09/06 06:34:09.081, 0, 26, 43589, 126.67
2026/09/06 06:34:09.083, 1, 67, 109794, 307.12
2026/09/06 06:34:10.085, 0, 100, 43589, 124.12
2026/09/06 06:34:10.086, 1, 54, 109794, 279.12
2026/09/06 06:34:11.088, 0, 0, 43879, 122.44
2026/09/06 06:34:11.090, 1, 4, 109788, 131.33
2026/09/06 06:34:12.091, 0, 0, 44199, 138.33
2026/09/06 06:34:12.093, 1, 40, 110402, 299.04
2026/09/06 06:34:13.094, 0, 0, 42851, 122.78
2026/09/06 06:34:13.096, 1, 68, 109792, 272.96
2026/09/06 06:34:14.098, 0, 0, 39213, 123.44
2026/09/06 06:34:14.100, 1, 67, 109792, 312.87
2026/09/06 06:34:15.101, 0, 34, 37883, 126.79
2026/09/06 06:34:15.103, 1, 70, 109792, 276.10
2026/09/06 06:34:16.104, 0, 98, 39935, 350.66
2026/09/06 06:34:16.106, 1, 66, 109792, 306.69
2026/09/06 06:34:17.108, 0, 100, 42137, 657.40
2026/09/06 06:34:17.110, 1, 69, 109792, 312.24
2026/09/06 06:34:18.111, 0, 37, 42741, 535.93
2026/09/06 06:34:18.113, 1, 67, 109792, 309.66
2026/09/06 06:34:19.115, 0, 13, 42921, 128.53
2026/09/06 06:34:19.117, 1, 67, 109792, 311.06
2026/09/06 06:34:20.119, 0, 12, 42921, 126.41
2026/09/06 06:34:20.121, 1, 67, 109792, 307.21
2026/09/06 06:34:21.122, 0, 3, 45347, 125.37
2026/09/06 06:34:21.124, 1, 69, 109792, 313.61
2026/09/06 06:34:22.126, 0, 0, 38397, 125.91
2026/09/06 06:34:22.128, 1, 70, 109794, 307.85
2026/09/06 06:34:23.129, 0, 0, 37295, 123.92
2026/09/06 06:34:23.131, 1, 67, 109794, 321.61
2026/09/06 06:34:24.133, 0, 0, 37295, 123.58
2026/09/06 06:34:24.134, 1, 67, 109794, 317.28
2026/09/06 06:34:25.136, 0, 73, 19423, 128.12
2026/09/06 06:34:25.137, 1, 68, 109794, 321.45
2026/09/06 06:34:26.139, 0, 78, 43593, 127.61
2026/09/06 06:34:26.140, 1, 70, 109794, 317.93
2026/09/06 06:34:27.141, 0, 39, 69939, 336.73
2026/09/06 06:34:27.143, 1, 68, 109794, 314.92
2026/09/06 06:34:28.144, 0, 25, 69939, 222.18
2026/09/06 06:34:28.147, 1, 67, 109794, 316.60
2026/09/06 06:34:29.150, 0, 61, 70451, 171.54
2026/09/06 06:34:29.153, 1, 68, 109794, 319.86
2026/09/06 06:34:30.156, 0, 100, 71665, 382.02
2026/09/06 06:34:30.158, 1, 67, 109794, 311.37
2026/09/06 06:34:31.160, 0, 39, 71665, 167.02
2026/09/06 06:34:31.161, 1, 67, 109794, 301.59
2026/09/06 06:34:32.162, 0, 58, 71671, 504.51
2026/09/06 06:34:32.165, 1, 65, 109794, 301.10
2026/09/06 06:34:33.167, 0, 34, 71671, 180.39
2026/09/06 06:34:33.168, 1, 67, 109794, 300.82
2026/09/06 06:34:34.170, 0, 18, 71673, 428.10
2026/09/06 06:34:34.178, 1, 67, 109794, 304.14
2026/09/06 06:34:35.180, 0, 81, 72457, 299.39
2026/09/06 06:34:35.182, 1, 64, 109794, 299.61
2026/09/06 06:34:36.183, 0, 11, 72457, 126.28
2026/09/06 06:34:36.187, 1, 67, 109794, 302.07
2026/09/06 06:34:37.189, 0, 11, 72457, 126.62
2026/09/06 06:34:37.190, 1, 65, 109794, 305.78
2026/09/06 06:34:38.192, 0, 15, 74883, 125.54
2026/09/06 06:34:38.193, 1, 67, 109794, 303.36
2026/09/06 06:34:39.195, 0, 0, 44615, 128.57
2026/09/06 06:34:39.196, 1, 41, 109796, 260.53
2026/09/06 06:34:40.198, 0, 6, 42851, 125.78
2026/09/06 06:34:40.201, 1, 65, 109796, 307.62
2026/09/06 06:34:41.203, 0, 0, 39213, 124.51
2026/09/06 06:34:41.205, 1, 67, 109796, 307.73
2026/09/06 06:34:42.206, 0, 14, 43591, 128.19
2026/09/06 06:34:42.208, 1, 70, 109796, 304.73
2026/09/06 06:34:43.209, 0, 0, 43591, 125.52
2026/09/06 06:34:43.211, 1, 0, 109796, 253.12
2026/09/06 06:34:44.212, 0, 1, 43945, 123.81
2026/09/06 06:34:44.216, 1, 0, 109788, 132.32
2026/09/06 06:34:45.259, 0, 0, 44201, 141.50
2026/09/06 06:34:45.261, 1, 64, 110416, 310.76
2026/09/06 06:34:46.262, 0, 6, 42851, 124.23
2026/09/06 06:34:46.266, 1, 68, 109806, 306.53
2026/09/06 06:34:47.268, 0, 10, 39213, 124.72
2026/09/06 06:34:47.270, 1, 68, 109806, 305.66
2026/09/06 06:34:48.271, 0, 0, 13227, 126.06
2026/09/06 06:34:48.273, 1, 68, 109806, 303.90
2026/09/06 06:34:49.275, 0, 0, 13227, 123.56
2026/09/06 06:34:49.277, 1, 68, 109806, 308.36
2026/09/06 06:34:50.278, 0, 0, 37885, 125.33
2026/09/06 06:34:50.280, 1, 67, 109806, 268.89
2026/09/06 06:34:51.281, 0, 100, 41525, 404.34
2026/09/06 06:34:51.283, 1, 67, 109806, 310.87
2026/09/06 06:34:52.285, 0, 88, 43259, 628.60
2026/09/06 06:34:52.289, 1, 67, 109806, 318.90
2026/09/06 06:34:53.292, 0, 100, 46597, 648.75
2026/09/06 06:34:53.293, 1, 66, 109806, 315.76
2026/09/06 06:34:54.295, 0, 0, 46597, 495.68
2026/09/06 06:34:54.297, 1, 69, 109806, 313.60
2026/09/06 06:34:55.298, 0, 10, 47381, 189.09
2026/09/06 06:34:55.301, 1, 65, 109806, 277.75
2026/09/06 06:34:56.304, 0, 11, 47381, 127.13
2026/09/06 06:34:56.305, 1, 66, 109806, 307.72
2026/09/06 06:34:57.307, 0, 11, 47381, 126.65
2026/09/06 06:34:57.309, 1, 66, 109806, 272.21
2026/09/06 06:34:58.311, 0, 0, 49807, 127.42
2026/09/06 06:34:58.313, 1, 66, 109806, 303.58
2026/09/06 06:34:59.315, 0, 9, 37295, 125.68
2026/09/06 06:34:59.317, 1, 68, 109808, 315.18
2026/09/06 06:35:00.319, 0, 0, 37295, 124.43
2026/09/06 06:35:00.321, 1, 41, 109808, 282.68
2026/09/06 06:35:01.322, 0, 87, 17605, 127.60
2026/09/06 06:35:01.324, 1, 69, 109808, 298.78
2026/09/06 06:35:02.325, 0, 0, 43591, 127.54
2026/09/06 06:35:02.327, 1, 66, 109808, 316.67
2026/09/06 06:35:03.328, 0, 64, 59567, 258.04
2026/09/06 06:35:03.330, 1, 40, 109808, 306.90
2026/09/06 06:35:04.331, 0, 18, 98977, 369.47
2026/09/06 06:35:04.333, 1, 69, 109808, 315.57
2026/09/06 06:35:05.334, 0, 19, 98977, 179.47
2026/09/06 06:35:05.335, 1, 66, 109808, 314.30
2026/09/06 06:35:06.337, 0, 25, 98977, 124.90
2026/09/06 06:35:06.339, 1, 68, 109808, 313.73
2026/09/06 06:35:07.341, 0, 17, 99491, 207.85
2026/09/06 06:35:07.343, 1, 68, 109808, 280.93
2026/09/06 06:35:08.345, 0, 100, 100711, 353.94
2026/09/06 06:35:08.346, 1, 69, 109808, 325.36
2026/09/06 06:35:09.348, 0, 100, 100711, 407.17
2026/09/06 06:35:09.350, 1, 66, 109808, 317.52
2026/09/06 06:35:10.351, 0, 100, 100711, 467.38
2026/09/06 06:35:10.353, 1, 67, 109808, 282.48
2026/09/06 06:35:11.355, 0, 41, 100711, 199.85
2026/09/06 06:35:11.356, 1, 64, 109808, 315.37
2026/09/06 06:35:12.358, 0, 17, 100711, 163.30
2026/09/06 06:35:12.359, 1, 66, 109808, 320.68
2026/09/06 06:35:13.360, 0, 42, 100711, 267.17
2026/09/06 06:35:13.362, 1, 66, 109808, 322.12
2026/09/06 06:35:14.364, 0, 100, 100711, 670.49
2026/09/06 06:35:14.366, 1, 63, 109808, 315.98
2026/09/06 06:35:15.367, 0, 62, 101493, 249.20
2026/09/06 06:35:15.369, 1, 69, 109808, 323.94
2026/09/06 06:35:16.372, 0, 11, 101495, 130.98
2026/09/06 06:35:16.374, 1, 67, 109808, 315.73
2026/09/06 06:35:17.377, 0, 11, 101495, 126.32
2026/09/06 06:35:17.382, 1, 67, 109808, 307.88
2026/09/06 06:35:18.388, 0, 10, 101495, 126.32
2026/09/06 06:35:18.390, 1, 66, 109808, 312.62
2026/09/06 06:35:19.392, 0, 0, 103921, 128.23
2026/09/06 06:35:19.394, 1, 67, 109808, 322.35
2026/09/06 06:35:20.395, 0, 0, 43339, 129.23
2026/09/06 06:35:20.397, 1, 66, 109808, 320.76
2026/09/06 06:35:21.398, 0, 0, 42851, 124.67
2026/09/06 06:35:21.414, 1, 67, 109808, 319.01
2026/09/06 06:35:22.423, 0, 37, 43591, 128.89
2026/09/06 06:35:22.425, 1, 68, 109808, 325.62
2026/09/06 06:35:23.426, 0, 38, 43591, 125.74
2026/09/06 06:35:23.428, 1, 66, 109808, 324.06
2026/09/06 06:35:24.429, 0, 0, 43721, 124.10
2026/09/06 06:35:24.431, 1, 4, 109638, 132.21
2026/09/06 06:35:25.433, 0, 6, 44201, 143.89
2026/09/06 06:35:25.435, 1, 70, 110388, 158.93
2026/09/06 06:35:26.437, 0, 0, 43591, 125.05
2026/09/06 06:35:26.452, 1, 10, 109808, 393.56
2026/09/06 06:35:27.481, 0, 0, 42851, 124.34
2026/09/06 06:35:27.482, 1, 66, 109808, 310.10
2026/09/06 06:35:28.484, 0, 67, 21839, 128.28
2026/09/06 06:35:28.485, 1, 44, 109808, 308.26
2026/09/06 06:35:29.487, 0, 0, 38383, 154.71
2026/09/06 06:35:29.489, 1, 67, 109808, 322.08
2026/09/06 06:35:30.490, 0, 98, 42221, 633.96
2026/09/06 06:35:30.492, 1, 69, 109808, 319.18
2026/09/06 06:35:31.493, 0, 81, 42825, 601.76
2026/09/06 06:35:31.495, 1, 70, 109808, 321.87
2026/09/06 06:35:32.496, 0, 11, 43005, 131.54
2026/09/06 06:35:32.499, 1, 70, 109808, 313.61
2026/09/06 06:35:33.500, 0, 11, 43005, 126.71
2026/09/06 06:35:33.502, 1, 59, 109808, 315.24
2026/09/06 06:35:34.504, 0, 12, 43005, 126.43
2026/09/06 06:35:34.506, 1, 68, 109808, 307.84
2026/09/06 06:35:35.508, 0, 0, 45431, 125.90
2026/09/06 06:35:35.509, 1, 68, 109808, 306.85
2026/09/06 06:35:36.511, 0, 0, 37647, 124.89
2026/09/06 06:35:36.513, 1, 70, 109808, 299.51
2026/09/06 06:35:37.515, 0, 0, 37293, 124.17
2026/09/06 06:35:37.516, 1, 68, 109808, 300.57
2026/09/06 06:35:38.518, 0, 0, 37295, 124.06
2026/09/06 06:35:38.520, 1, 70, 109808, 316.19
2026/09/06 06:35:39.521, 0, 0, 43591, 128.92
2026/09/06 06:35:39.523, 1, 68, 109810, 304.15
2026/09/06 06:35:40.524, 0, 6, 68845, 250.26
2026/09/06 06:35:40.526, 1, 70, 109810, 265.55
2026/09/06 06:35:41.527, 0, 53, 68845, 278.19
2026/09/06 06:35:41.529, 1, 69, 109810, 313.95
2026/09/06 06:35:42.531, 0, 25, 69357, 130.07
2026/09/06 06:35:42.532, 1, 67, 109810, 311.27
2026/09/06 06:35:43.534, 0, 44, 69357, 305.39
2026/09/06 06:35:43.536, 1, 66, 109810, 316.49
2026/09/06 06:35:44.539, 0, 23, 70571, 308.48
2026/09/06 06:35:44.541, 1, 37, 109810, 304.48
2026/09/06 06:35:45.542, 0, 100, 70577, 372.83
2026/09/06 06:35:45.544, 1, 67, 109810, 295.56
2026/09/06 06:35:46.546, 0, 24, 70577, 336.65
2026/09/06 06:35:46.548, 1, 67, 109810, 295.02
2026/09/06 06:35:47.549, 0, 67, 70577, 373.08
2026/09/06 06:35:47.552, 1, 62, 109810, 298.94
2026/09/06 06:35:48.553, 0, 11, 71361, 160.38
2026/09/06 06:35:48.555, 1, 64, 109810, 286.28
2026/09/06 06:35:49.558, 0, 12, 71361, 126.25
2026/09/06 06:35:49.564, 1, 67, 109810, 256.14
2026/09/06 06:35:50.566, 0, 11, 71361, 126.53
2026/09/06 06:35:50.568, 1, 66, 109810, 294.34
2026/09/06 06:35:51.570, 0, 100, 73787, 127.98
2026/09/06 06:35:51.572, 1, 64, 109810, 292.17
2026/09/06 06:35:52.574, 0, 1, 43591, 126.31
2026/09/06 06:35:52.575, 1, 67, 109810, 299.93
2026/09/06 06:35:53.576, 0, 0, 42851, 124.32
2026/09/06 06:35:53.578, 1, 68, 109810, 300.07
2026/09/06 06:35:54.580, 0, 0, 39213, 124.93
2026/09/06 06:35:54.581, 1, 69, 109810, 301.10
2026/09/06 06:35:55.583, 0, 0, 43591, 127.20
2026/09/06 06:35:55.585, 1, 68, 109810, 288.12
2026/09/06 06:35:56.586, 0, 0, 43591, 125.25
2026/09/06 06:35:56.588, 1, 0, 109810, 181.31
2026/09/06 06:35:57.590, 0, 8, 44261, 131.08
2026/09/06 06:35:57.591, 1, 79, 110110, 145.72
2026/09/06 06:35:58.592, 0, 0, 43657, 132.76
2026/09/06 06:35:58.594, 1, 63, 110094, 291.88
2026/09/06 06:35:59.596, 0, 0, 42851, 124.03
2026/09/06 06:35:59.597, 1, 67, 109806, 302.58
2026/09/06 06:36:00.599, 0, 0, 21251, 124.55
2026/09/06 06:36:00.603, 1, 66, 109806, 299.38
2026/09/06 06:36:01.608, 0, 0, 37887, 127.00
2026/09/06 06:36:01.609, 1, 67, 109806, 304.50
2026/09/06 06:36:02.611, 0, 98, 42885, 579.64
2026/09/06 06:36:02.612, 1, 67, 109806, 299.89
2026/09/06 06:36:03.614, 0, 98, 46613, 603.07
2026/09/06 06:36:03.616, 1, 68, 109806, 305.51
2026/09/06 06:36:04.618, 0, 41, 47217, 597.69
2026/09/06 06:36:04.619, 1, 69, 109806, 305.24
2026/09/06 06:36:05.621, 0, 12, 47397, 130.35
2026/09/06 06:36:05.623, 1, 63, 109806, 299.86
2026/09/06 06:36:06.625, 0, 11, 47397, 127.04
2026/09/06 06:36:06.626, 1, 63, 109806, 298.29
2026/09/06 06:36:07.628, 0, 12, 47397, 126.18
2026/09/06 06:36:07.631, 1, 67, 109806, 296.00
2026/09/06 06:36:08.633, 0, 0, 49823, 127.17
2026/09/06 06:36:08.635, 1, 47, 109810, 229.65
2026/09/06 06:36:09.636, 0, 0, 37295, 125.15
2026/09/06 06:36:09.638, 1, 67, 109810, 304.98
2026/09/06 06:36:10.639, 0, 0, 37295, 123.88
2026/09/06 06:36:10.641, 1, 68, 109810, 268.78
2026/09/06 06:36:11.643, 0, 100, 13967, 126.63
2026/09/06 06:36:11.645, 1, 68, 109810, 309.45
2026/09/06 06:36:12.647, 0, 0, 43591, 126.68
2026/09/06 06:36:12.649, 1, 68, 109810, 309.45
2026/09/06 06:36:13.650, 0, 42, 53805, 252.56
2026/09/06 06:36:13.652, 1, 68, 109812, 270.79
2026/09/06 06:36:14.654, 0, 18, 93215, 332.27
2026/09/06 06:36:14.655, 1, 68, 109812, 305.38
2026/09/06 06:36:15.656, 0, 26, 93215, 146.81
2026/09/06 06:36:15.658, 1, 70, 109812, 305.10
2026/09/06 06:36:16.660, 0, 68, 93729, 175.34
2026/09/06 06:36:16.661, 1, 68, 109812, 307.35
2026/09/06 06:36:17.663, 0, 30, 94945, 322.55
2026/09/06 06:36:17.664, 1, 68, 109812, 306.07
2026/09/06 06:36:18.666, 0, 16, 94945, 285.21
2026/09/06 06:36:18.667, 1, 67, 109812, 266.48
2026/09/06 06:36:19.669, 0, 18, 94945, 456.29
2026/09/06 06:36:19.670, 1, 66, 109812, 301.83
2026/09/06 06:36:20.672, 0, 36, 94945, 178.07
2026/09/06 06:36:20.674, 1, 65, 109812, 305.74
2026/09/06 06:36:21.675, 0, 35, 94945, 166.92
2026/09/06 06:36:21.676, 1, 68, 109812, 300.05
2026/09/06 06:36:22.678, 0, 100, 95921, 454.45
2026/09/06 06:36:22.680, 1, 69, 109812, 303.79
2026/09/06 06:36:23.681, 0, 22, 96705, 391.91
2026/09/06 06:36:23.683, 1, 67, 109812, 293.32
2026/09/06 06:36:24.684, 0, 11, 96705, 127.42
2026/09/06 06:36:24.687, 1, 64, 109812, 285.37
2026/09/06 06:36:25.689, 0, 11, 96705, 126.67
2026/09/06 06:36:25.691, 1, 64, 109812, 286.45
2026/09/06 06:36:26.693, 0, 17, 99131, 127.46
2026/09/06 06:36:26.694, 1, 68, 109812, 299.02
2026/09/06 06:36:27.696, 0, 100, 44617, 132.31
2026/09/06 06:36:27.698, 1, 67, 109812, 294.33
2026/09/06 06:36:28.699, 0, 6, 42851, 123.50
2026/09/06 06:36:28.701, 1, 59, 109812, 290.07
2026/09/06 06:36:29.703, 0, 0, 39213, 123.29
2026/09/06 06:36:29.704, 1, 57, 109812, 303.83
2026/09/06 06:36:30.706, 0, 39, 43593, 127.61
2026/09/06 06:36:30.708, 1, 63, 109812, 254.29
2026/09/06 06:36:31.709, 0, 0, 43593, 124.48
2026/09/06 06:36:31.711, 1, 0, 109812, 246.38
2026/09/06 06:36:32.713, 0, 1, 43947, 122.92
2026/09/06 06:36:32.719, 1, 0, 109852, 130.66
2026/09/06 06:36:33.721, 0, 0, 44203, 140.21
2026/09/06 06:36:33.723, 1, 63, 109010, 187.94
2026/09/06 06:36:34.724, 0, 6, 42851, 123.11
2026/09/06 06:36:34.726, 1, 60, 108400, 278.37
2026/09/06 06:36:35.727, 0, 70, 39213, 123.58
2026/09/06 06:36:35.729, 1, 61, 108400, 302.89
2026/09/06 06:36:36.731, 0, 0, 13227, 124.86
2026/09/06 06:36:36.732, 1, 60, 108400, 301.52
2026/09/06 06:36:37.734, 0, 0, 13227, 122.23
2026/09/06 06:36:37.735, 1, 62, 108400, 307.02
2026/09/06 06:36:38.737, 0, 0, 13227, 122.16
2026/09/06 06:36:38.741, 1, 61, 108400, 306.47
2026/09/06 06:36:39.742, 0, 0, 13227, 122.24
2026/09/06 06:36:39.744, 1, 63, 108400, 311.96
2026/09/06 06:36:40.745, 0, 0, 13227, 122.30
2026/09/06 06:36:40.747, 1, 64, 108400, 312.70
2026/09/06 06:36:41.749, 0, 0, 13227, 122.13
2026/09/06 06:36:41.751, 1, 65, 108400, 312.08
2026/09/06 06:36:42.753, 0, 24, 37825, 123.91
2026/09/06 06:36:42.759, 1, 68, 108414, 273.58
2026/09/06 06:36:43.762, 0, 27, 39753, 292.71
2026/09/06 06:36:43.763, 1, 68, 108414, 293.55
2026/09/06 06:36:44.766, 0, 68, 41483, 507.56
2026/09/06 06:36:44.767, 1, 67, 108414, 298.48
2026/09/06 06:36:45.770, 0, 88, 42715, 663.76
2026/09/06 06:36:45.772, 1, 67, 108414, 298.27
2026/09/06 06:36:46.773, 0, 11, 43499, 209.48
2026/09/06 06:36:46.776, 1, 64, 108466, 263.40
2026/09/06 06:36:47.779, 0, 11, 43499, 125.90
2026/09/06 06:36:47.781, 1, 67, 108466, 284.38
2026/09/06 06:36:48.783, 0, 11, 43499, 126.06
2026/09/06 06:36:48.786, 1, 65, 108466, 256.77
2026/09/06 06:36:49.788, 0, 4, 45925, 127.14
2026/09/06 06:36:49.790, 1, 66, 108466, 252.52
2026/09/06 06:36:50.791, 0, 0, 37827, 124.34
2026/09/06 06:36:50.795, 1, 67, 108466, 297.21
2026/09/06 06:36:51.798, 0, 0, 37295, 123.71
2026/09/06 06:36:51.800, 1, 68, 108466, 294.01
2026/09/06 06:36:52.801, 0, 0, 37295, 123.42
2026/09/06 06:36:52.806, 1, 67, 108466, 293.68
2026/09/06 06:36:53.809, 0, 49, 43593, 128.32
2026/09/06 06:36:53.811, 1, 67, 108466, 284.33
2026/09/06 06:36:54.813, 0, 100, 50631, 174.82
2026/09/06 06:36:54.820, 1, 68, 108466, 297.63
2026/09/06 06:36:55.822, 0, 100, 74789, 306.34
2026/09/06 06:36:55.824, 1, 67, 108466, 300.02
2026/09/06 06:36:56.825, 0, 24, 74789, 184.88
2026/09/06 06:36:56.832, 1, 68, 108466, 295.24
2026/09/06 06:36:57.834, 0, 16, 75303, 183.84
2026/09/06 06:36:57.836, 1, 68, 108466, 302.31
2026/09/06 06:36:58.837, 0, 34, 76519, 332.92
2026/09/06 06:36:58.846, 1, 69, 108466, 299.27
2026/09/06 06:36:59.848, 0, 36, 76519, 303.67
2026/09/06 06:36:59.850, 1, 69, 108466, 302.23
2026/09/06 06:37:00.851, 0, 42, 76519, 298.08
2026/09/06 06:37:00.854, 1, 66, 108466, 300.42
2026/09/06 06:37:01.862, 0, 100, 76519, 341.35
2026/09/06 06:37:01.863, 1, 70, 108466, 303.62
2026/09/06 06:37:02.865, 0, 88, 76519, 445.48
2026/09/06 06:37:02.867, 1, 66, 108466, 297.30
2026/09/06 06:37:03.868, 0, 11, 77303, 202.56
2026/09/06 06:37:03.870, 1, 67, 108466, 295.80
2026/09/06 06:37:04.872, 0, 11, 77303, 125.43
2026/09/06 06:37:04.874, 1, 67, 108466, 293.30
2026/09/06 06:37:05.877, 0, 12, 77303, 125.32
2026/09/06 06:37:05.879, 1, 68, 108466, 266.00
2026/09/06 06:37:06.881, 0, 0, 79729, 126.40
2026/09/06 06:37:06.883, 1, 66, 108466, 288.50
2026/09/06 06:37:07.884, 0, 0, 43595, 125.51
2026/09/06 06:37:07.886, 1, 68, 108466, 269.45
2026/09/06 06:37:08.888, 0, 0, 42851, 122.68
2026/09/06 06:37:08.889, 1, 66, 108466, 296.89
2026/09/06 06:37:09.890, 0, 77, 17609, 126.06
2026/09/06 06:37:09.891, 1, 64, 108466, 303.36
2026/09/06 06:37:10.893, 0, 53, 43595, 124.78
2026/09/06 06:37:10.894, 1, 68, 108466, 299.91
2026/09/06 06:37:11.896, 0, 0, 43795, 122.27
2026/09/06 06:37:11.897, 1, 0, 109708, 134.15
2026/09/06 06:37:12.900, 0, 0, 44205, 137.04
2026/09/06 06:37:12.901, 1, 72, 110416, 239.57
2026/09/06 06:37:13.903, 0, 12, 42851, 122.54
2026/09/06 06:37:13.904, 1, 68, 109806, 265.81
2026/09/06 06:37:14.907, 0, 6, 42851, 122.36
2026/09/06 06:37:14.910, 1, 69, 109806, 303.30
2026/09/06 06:37:15.912, 0, 0, 13227, 125.70
2026/09/06 06:37:15.913, 1, 69, 109806, 302.40
2026/09/06 06:37:16.915, 0, 0, 13227, 121.95
2026/09/06 06:37:16.917, 1, 68, 109806, 306.16
2026/09/06 06:37:17.918, 0, 0, 13227, 121.94
2026/09/06 06:37:17.920, 1, 70, 109806, 308.46
2026/09/06 06:37:18.921, 0, 0, 13227, 121.98
2026/09/06 06:37:18.923, 1, 69, 109806, 307.00
2026/09/06 06:37:19.925, 0, 0, 13227, 121.98
2026/09/06 06:37:19.927, 1, 69, 109806, 304.81
2026/09/06 06:37:20.930, 0, 0, 13227, 121.85
2026/09/06 06:37:20.932, 1, 68, 109806, 309.64
2026/09/06 06:37:21.933, 0, 0, 13227, 121.90
2026/09/06 06:37:21.935, 1, 68, 109806, 306.62
2026/09/06 06:37:22.937, 0, 0, 13227, 121.84
2026/09/06 06:37:22.939, 1, 69, 109806, 306.36
2026/09/06 06:37:23.942, 0, 0, 13227, 121.84
2026/09/06 06:37:23.944, 1, 70, 109806, 312.59
2026/09/06 06:37:24.946, 0, 0, 13227, 121.79
2026/09/06 06:37:24.954, 1, 67, 109806, 311.76
2026/09/06 06:37:25.957, 0, 0, 13227, 121.79
2026/09/06 06:37:25.958, 1, 68, 109806, 311.43
2026/09/06 06:37:26.960, 0, 0, 13227, 121.68
2026/09/06 06:37:26.962, 1, 66, 109806, 308.38
2026/09/06 06:37:27.963, 0, 0, 13227, 121.62
2026/09/06 06:37:27.965, 1, 68, 109806, 306.51
2026/09/06 06:37:28.966, 0, 0, 21781, 122.14
2026/09/06 06:37:28.967, 1, 36, 109808, 297.90
2026/09/06 06:37:29.969, 0, 0, 38353, 166.78
2026/09/06 06:37:29.970, 1, 66, 109808, 306.99
2026/09/06 06:37:30.972, 0, 55, 41351, 473.77
2026/09/06 06:37:30.974, 1, 67, 109808, 312.13
2026/09/06 06:37:31.976, 0, 66, 41351, 499.91
2026/09/06 06:37:31.977, 1, 69, 109808, 309.10
2026/09/06 06:37:32.979, 0, 12, 42135, 185.27
2026/09/06 06:37:32.981, 1, 67, 109808, 305.58
2026/09/06 06:37:33.987, 0, 12, 42135, 125.14
2026/09/06 06:37:33.989, 1, 64, 109808, 306.94
2026/09/06 06:37:34.990, 0, 11, 42135, 124.29
2026/09/06 06:37:34.992, 1, 68, 109808, 305.40
2026/09/06 06:37:35.993, 0, 0, 44561, 125.63
2026/09/06 06:37:35.995, 1, 66, 109808, 307.93
2026/09/06 06:37:36.996, 0, 0, 37649, 122.96
2026/09/06 06:37:36.998, 1, 70, 109808, 313.03
2026/09/06 06:37:37.999, 0, 0, 37295, 122.28
2026/09/06 06:37:38.001, 1, 67, 109808, 309.23
2026/09/06 06:37:39.003, 0, 0, 37295, 122.06
2026/09/06 06:37:39.005, 1, 67, 109808, 307.18
2026/09/06 06:37:40.008, 0, 0, 43595, 126.67
2026/09/06 06:37:40.009, 1, 67, 109808, 311.98
2026/09/06 06:37:41.011, 0, 6, 51143, 204.30
2026/09/06 06:37:41.013, 1, 68, 109808, 311.83
2026/09/06 06:37:42.014, 0, 17, 51145, 255.49
2026/09/06 06:37:42.015, 1, 68, 109808, 280.35
2026/09/06 06:37:43.017, 0, 31, 51657, 172.04
2026/09/06 06:37:43.018, 1, 65, 109808, 314.91
2026/09/06 06:37:44.019, 0, 14, 54055, 336.68
2026/09/06 06:37:44.021, 1, 68, 109808, 306.20
2026/09/06 06:37:45.023, 0, 20, 54055, 340.08
2026/09/06 06:37:45.025, 1, 67, 109808, 313.22
2026/09/06 06:37:46.026, 0, 55, 54055, 328.16
2026/09/06 06:37:46.027, 1, 67, 109808, 315.44
2026/09/06 06:37:47.029, 0, 100, 55569, 300.48
2026/09/06 06:37:47.030, 1, 66, 109808, 316.21
2026/09/06 06:37:48.032, 0, 12, 55571, 125.98
2026/09/06 06:37:48.034, 1, 68, 109808, 316.78
2026/09/06 06:37:49.036, 0, 11, 55571, 124.99
2026/09/06 06:37:49.039, 1, 65, 109808, 312.79
2026/09/06 06:37:50.040, 0, 17, 57997, 124.43
2026/09/06 06:37:50.042, 1, 70, 109808, 311.74
2026/09/06 06:37:51.044, 0, 0, 44621, 127.10
2026/09/06 06:37:51.046, 1, 67, 109808, 316.97
2026/09/06 06:37:52.047, 0, 0, 43597, 122.87
2026/09/06 06:37:52.049, 1, 71, 109808, 320.24
2026/09/06 06:37:53.051, 0, 0, 42851, 122.93
2026/09/06 06:37:53.052, 1, 68, 109808, 317.98
2026/09/06 06:37:54.054, 0, 58, 19431, 126.38
2026/09/06 06:37:54.055, 1, 68, 109808, 318.11
2026/09/06 06:37:55.056, 0, 100, 43597, 124.55
2026/09/06 06:37:55.058, 1, 68, 109810, 293.60
2026/09/06 06:37:56.060, 0, 0, 43885, 122.07
2026/09/06 06:37:56.062, 1, 0, 109788, 130.41
2026/09/06 06:37:57.063, 0, 0, 44207, 135.47
2026/09/06 06:37:57.065, 1, 75, 110404, 357.60
2026/09/06 06:37:58.067, 0, 1, 42851, 122.19
2026/09/06 06:37:58.068, 1, 68, 109808, 339.43
2026/09/06 06:37:59.069, 0, 5, 39213, 121.89
2026/09/06 06:37:59.071, 1, 68, 109808, 316.96
2026/09/06 06:38:00.072, 0, 0, 13227, 125.03
2026/09/06 06:38:00.074, 1, 69, 109808, 316.51
2026/09/06 06:38:01.075, 0, 0, 13227, 121.50
2026/09/06 06:38:01.077, 1, 69, 109808, 320.11
2026/09/06 06:38:02.079, 0, 0, 13227, 121.64
2026/09/06 06:38:02.080, 1, 69, 109808, 323.21
2026/09/06 06:38:03.081, 0, 0, 13227, 121.35
2026/09/06 06:38:03.083, 1, 68, 109808, 322.61
2026/09/06 06:38:04.085, 0, 0, 13227, 121.42
2026/09/06 06:38:04.087, 1, 67, 109808, 292.25
2026/09/06 06:38:05.088, 0, 0, 13227, 121.54
2026/09/06 06:38:05.089, 1, 70, 109808, 317.12
2026/09/06 06:38:06.091, 0, 0, 13227, 121.46
2026/09/06 06:38:06.092, 1, 69, 109808, 325.80
2026/09/06 06:38:07.094, 0, 0, 13227, 121.57
2026/09/06 06:38:07.095, 1, 71, 109808, 323.34
2026/09/06 06:38:08.097, 0, 0, 13227, 121.40
2026/09/06 06:38:08.099, 1, 68, 109808, 324.08
2026/09/06 06:38:09.100, 0, 0, 13227, 121.44
2026/09/06 06:38:09.102, 1, 69, 109808, 324.20
2026/09/06 06:38:10.104, 0, 0, 13227, 121.35
2026/09/06 06:38:10.105, 1, 69, 109808, 326.86
2026/09/06 06:38:11.108, 0, 0, 13227, 121.32
2026/09/06 06:38:11.109, 1, 71, 109808, 327.64
2026/09/06 06:38:12.110, 0, 0, 13227, 121.26
2026/09/06 06:38:12.112, 1, 70, 109810, 288.25
2026/09/06 06:38:13.114, 0, 0, 13227, 121.22
2026/09/06 06:38:13.116, 1, 67, 109810, 328.53
2026/09/06 06:38:14.118, 0, 0, 13227, 121.27
2026/09/06 06:38:14.119, 1, 68, 109810, 325.67
2026/09/06 06:38:15.120, 0, 0, 13227, 121.14
2026/09/06 06:38:15.121, 1, 67, 109810, 328.91
2026/09/06 06:38:16.123, 0, 0, 13227, 121.19
2026/09/06 06:38:16.124, 1, 68, 109810, 324.67
2026/09/06 06:38:17.126, 0, 0, 13227, 121.06
2026/09/06 06:38:17.127, 1, 65, 109810, 331.55
2026/09/06 06:38:18.130, 0, 0, 13227, 121.09
2026/09/06 06:38:18.131, 1, 69, 109810, 329.54
2026/09/06 06:38:19.132, 0, 0, 13227, 121.05
2026/09/06 06:38:19.134, 1, 68, 109810, 331.92
2026/09/06 06:38:20.136, 0, 0, 13227, 120.99
2026/09/06 06:38:20.137, 1, 69, 109810, 325.80
2026/09/06 06:38:21.138, 0, 0, 13227, 121.09
2026/09/06 06:38:21.141, 1, 68, 109810, 327.91
2026/09/06 06:38:22.142, 0, 0, 13227, 120.88
2026/09/06 06:38:22.143, 1, 70, 109810, 329.56
2026/09/06 06:38:23.145, 0, 0, 13227, 120.90
2026/09/06 06:38:23.146, 1, 67, 109810, 332.32
2026/09/06 06:38:24.148, 0, 0, 13227, 120.87
2026/09/06 06:38:24.154, 1, 69, 109810, 328.86
2026/09/06 06:38:25.156, 0, 0, 13227, 120.76
2026/09/06 06:38:25.157, 1, 67, 109810, 331.25
2026/09/06 06:38:26.159, 0, 0, 13227, 120.80
2026/09/06 06:38:26.161, 1, 70, 109810, 328.99
2026/09/06 06:38:27.164, 0, 0, 13227, 120.92
2026/09/06 06:38:27.165, 1, 69, 109810, 332.85
2026/09/06 06:38:28.167, 0, 0, 13227, 120.67
2026/09/06 06:38:28.168, 1, 69, 109810, 337.61
2026/09/06 06:38:29.170, 0, 0, 13227, 120.70
2026/09/06 06:38:29.172, 1, 68, 109810, 334.66
2026/09/06 06:38:30.173, 0, 0, 13227, 120.66
2026/09/06 06:38:30.175, 1, 71, 109810, 332.67
2026/09/06 06:38:31.178, 0, 0, 13227, 120.60
2026/09/06 06:38:31.179, 1, 67, 109810, 329.16
2026/09/06 06:38:32.181, 0, 0, 13227, 120.67
2026/09/06 06:38:32.184, 1, 71, 109810, 337.51
2026/09/06 06:38:33.187, 0, 0, 13227, 120.56
2026/09/06 06:38:33.188, 1, 69, 109810, 336.47
2026/09/06 06:38:34.190, 0, 0, 13227, 120.61
2026/09/06 06:38:34.192, 1, 70, 109810, 337.72
2026/09/06 06:38:35.193, 0, 0, 13227, 120.46
2026/09/06 06:38:35.195, 1, 71, 109810, 338.20
2026/09/06 06:38:36.196, 0, 0, 13227, 120.41
2026/09/06 06:38:36.197, 1, 69, 109810, 332.40
2026/09/06 06:38:37.200, 0, 0, 13227, 120.37
2026/09/06 06:38:37.201, 1, 71, 109810, 333.76
2026/09/06 06:38:38.203, 0, 0, 13227, 120.47
2026/09/06 06:38:38.204, 1, 72, 109810, 337.26
2026/09/06 06:38:39.206, 0, 0, 13227, 120.43
2026/09/06 06:38:39.207, 1, 70, 109810, 336.70
2026/09/06 06:38:40.209, 0, 0, 13227, 120.36
2026/09/06 06:38:40.210, 1, 71, 109810, 340.02
2026/09/06 06:38:41.211, 0, 0, 13227, 120.43
2026/09/06 06:38:41.212, 1, 70, 109810, 342.14
2026/09/06 06:38:42.214, 0, 0, 13227, 120.35
2026/09/06 06:38:42.215, 1, 69, 109810, 335.02
2026/09/06 06:38:43.218, 0, 0, 13227, 120.25
2026/09/06 06:38:43.219, 1, 70, 109810, 343.06
2026/09/06 06:38:44.221, 0, 0, 13227, 120.35
2026/09/06 06:38:44.222, 1, 71, 109810, 338.59
2026/09/06 06:38:45.223, 0, 0, 13227, 120.34
2026/09/06 06:38:45.225, 1, 69, 109810, 342.29
2026/09/06 06:38:46.227, 0, 0, 13227, 120.26
2026/09/06 06:38:46.228, 1, 71, 109810, 343.25
2026/09/06 06:38:47.230, 0, 0, 13227, 120.18
2026/09/06 06:38:47.232, 1, 70, 109810, 340.63
2026/09/06 06:38:48.234, 0, 0, 13227, 120.49
2026/09/06 06:38:48.235, 1, 70, 109810, 345.39
2026/09/06 06:38:49.238, 0, 0, 13227, 120.18
2026/09/06 06:38:49.240, 1, 70, 109810, 338.70
2026/09/06 06:38:50.241, 0, 0, 13227, 120.13
2026/09/06 06:38:50.244, 1, 65, 109810, 338.13
2026/09/06 06:38:51.247, 0, 0, 13227, 120.17
2026/09/06 06:38:51.249, 1, 66, 109810, 339.55
2026/09/06 06:38:52.251, 0, 0, 13227, 120.25
2026/09/06 06:38:52.254, 1, 69, 109810, 341.68
2026/09/06 06:38:53.263, 0, 0, 13227, 120.20
2026/09/06 06:38:53.264, 1, 0, 109812, 304.73
2026/09/06 06:38:54.266, 0, 0, 13227, 120.14
2026/09/06 06:38:54.268, 1, 67, 109812, 335.86
2026/09/06 06:38:55.270, 0, 0, 13227, 120.28
2026/09/06 06:38:55.271, 1, 70, 109812, 341.72
2026/09/06 06:38:56.273, 0, 0, 13227, 120.14
2026/09/06 06:38:56.279, 1, 70, 109812, 335.50
2026/09/06 06:38:57.281, 0, 0, 13227, 120.14
2026/09/06 06:38:57.282, 1, 68, 109812, 344.43
2026/09/06 06:38:58.284, 0, 0, 13227, 120.13
2026/09/06 06:38:58.286, 1, 71, 109812, 336.50
2026/09/06 06:38:59.287, 0, 0, 13227, 120.18
2026/09/06 06:38:59.289, 1, 69, 109812, 332.68
2026/09/06 06:39:00.291, 0, 0, 13227, 120.12
2026/09/06 06:39:00.292, 1, 69, 109812, 334.82
2026/09/06 06:39:01.293, 0, 0, 13227, 120.24
2026/09/06 06:39:01.295, 1, 69, 109812, 334.92
2026/09/06 06:39:02.296, 0, 0, 13227, 120.09
2026/09/06 06:39:02.305, 1, 71, 109812, 333.00
2026/09/06 06:39:03.307, 0, 0, 13227, 120.16
2026/09/06 06:39:03.308, 1, 68, 109812, 339.36
2026/09/06 06:39:04.309, 0, 0, 13227, 120.12
2026/09/06 06:39:04.311, 1, 70, 109812, 335.09
2026/09/06 06:39:05.312, 0, 0, 13227, 120.08
2026/09/06 06:39:05.314, 1, 70, 109812, 328.23
2026/09/06 06:39:06.315, 0, 0, 13227, 120.06
2026/09/06 06:39:06.317, 1, 70, 109812, 319.84
2026/09/06 06:39:07.319, 0, 0, 13227, 120.13
2026/09/06 06:39:07.321, 1, 69, 109812, 321.77
2026/09/06 06:39:08.322, 0, 0, 13227, 120.09
2026/09/06 06:39:08.324, 1, 71, 109812, 322.26
2026/09/06 06:39:09.325, 0, 0, 13227, 120.09
2026/09/06 06:39:09.327, 1, 69, 109812, 335.53
2026/09/06 06:39:10.329, 0, 0, 13227, 120.04
2026/09/06 06:39:10.331, 1, 70, 109812, 325.45
2026/09/06 06:39:11.332, 0, 0, 13227, 119.99
2026/09/06 06:39:11.333, 1, 68, 109812, 322.27
2026/09/06 06:39:12.334, 0, 0, 13227, 120.04
2026/09/06 06:39:12.336, 1, 69, 109812, 324.46
2026/09/06 06:39:13.338, 0, 0, 13227, 120.03
2026/09/06 06:39:13.339, 1, 69, 109812, 335.56
2026/09/06 06:39:14.341, 0, 0, 13227, 119.89
2026/09/06 06:39:14.343, 1, 70, 109812, 323.05
2026/09/06 06:39:15.344, 0, 0, 13227, 119.85
2026/09/06 06:39:15.346, 1, 70, 109812, 319.23
2026/09/06 06:39:16.348, 0, 0, 13227, 119.97
2026/09/06 06:39:16.350, 1, 68, 109812, 329.57
2026/09/06 06:39:17.351, 0, 0, 13227, 119.96
2026/09/06 06:39:17.353, 1, 68, 109812, 330.03
2026/09/06 06:39:18.355, 0, 0, 13227, 119.83
2026/09/06 06:39:18.356, 1, 70, 109812, 315.76
2026/09/06 06:39:19.357, 0, 0, 13227, 120.03
2026/09/06 06:39:19.360, 1, 69, 109812, 313.64
2026/09/06 06:39:20.362, 0, 0, 37827, 121.73
2026/09/06 06:39:20.364, 1, 72, 109812, 285.86
2026/09/06 06:39:21.365, 0, 100, 42297, 610.78
2026/09/06 06:39:21.367, 1, 72, 109812, 331.53
2026/09/06 06:39:22.370, 0, 100, 43517, 598.08
2026/09/06 06:39:22.371, 1, 70, 109812, 326.05
2026/09/06 06:39:23.372, 0, 100, 46985, 689.91
2026/09/06 06:39:23.374, 1, 68, 109812, 330.21
2026/09/06 06:39:24.377, 0, 100, 46985, 692.00
2026/09/06 06:39:24.379, 1, 69, 109812, 276.05
2026/09/06 06:39:25.380, 0, 100, 47589, 563.42
2026/09/06 06:39:25.381, 1, 67, 109812, 301.69
2026/09/06 06:39:26.383, 0, 12, 47769, 127.67
2026/09/06 06:39:26.386, 1, 66, 109812, 298.37
2026/09/06 06:39:27.388, 0, 10, 47769, 124.04
2026/09/06 06:39:27.390, 1, 66, 109812, 290.54
2026/09/06 06:39:28.392, 0, 0, 50195, 123.81
2026/09/06 06:39:28.393, 1, 65, 109812, 298.44
2026/09/06 06:39:29.395, 0, 17, 38341, 123.89
2026/09/06 06:39:29.397, 1, 70, 109812, 298.08
2026/09/06 06:39:30.398, 0, 0, 37295, 121.55
2026/09/06 06:39:30.400, 1, 67, 109812, 303.35
2026/09/06 06:39:31.401, 0, 0, 37295, 121.30
2026/09/06 06:39:31.403, 1, 65, 109812, 295.55
2026/09/06 06:39:32.405, 0, 86, 17611, 125.70
2026/09/06 06:39:32.443, 1, 67, 109812, 300.13
2026/09/06 06:39:33.444, 0, 100, 43599, 124.32
2026/09/06 06:39:33.446, 1, 68, 109812, 308.38
2026/09/06 06:39:34.447, 0, 34, 70789, 314.95
2026/09/06 06:39:34.449, 1, 67, 109812, 305.49
2026/09/06 06:39:35.451, 0, 17, 110199, 337.90
2026/09/06 06:39:35.453, 1, 67, 109812, 304.09
2026/09/06 06:39:36.454, 0, 44, 110199, 351.42
2026/09/06 06:39:36.456, 1, 66, 109812, 306.55
2026/09/06 06:39:37.457, 0, 25, 110199, 144.61
2026/09/06 06:39:37.459, 1, 68, 109812, 305.03
2026/09/06 06:39:38.460, 0, 24, 110199, 123.34
2026/09/06 06:39:38.462, 1, 65, 109812, 301.55
2026/09/06 06:39:39.463, 0, 25, 110199, 122.04
2026/09/06 06:39:39.465, 1, 65, 109812, 301.31
2026/09/06 06:39:40.467, 0, 27, 110711, 200.76
2026/09/06 06:39:40.469, 1, 64, 109812, 301.01
2026/09/06 06:39:41.470, 0, 39, 111925, 386.28
2026/09/06 06:39:41.472, 1, 67, 109812, 302.98
2026/09/06 06:39:42.474, 0, 30, 111925, 303.97
2026/09/06 06:39:42.475, 1, 0, 109812, 274.73
2026/09/06 06:39:43.477, 0, 100, 111931, 331.81
2026/09/06 06:39:43.478, 1, 70, 109812, 295.43
2026/09/06 06:39:44.480, 0, 17, 111931, 447.83
2026/09/06 06:39:44.481, 1, 68, 109812, 308.69
2026/09/06 06:39:45.483, 0, 17, 111931, 179.51
2026/09/06 06:39:45.484, 1, 66, 109812, 305.56
2026/09/06 06:39:46.485, 0, 25, 111931, 187.54
2026/09/06 06:39:46.487, 1, 66, 109812, 303.77
2026/09/06 06:39:47.488, 0, 100, 111931, 553.51
2026/09/06 06:39:47.489, 1, 55, 109812, 297.84
2026/09/06 06:39:48.491, 0, 17, 111931, 445.07
2026/09/06 06:39:48.492, 1, 68, 109812, 265.98
2026/09/06 06:39:49.494, 0, 17, 111931, 177.19
2026/09/06 06:39:49.495, 1, 69, 109812, 200.20
2026/09/06 06:39:50.497, 0, 23, 111931, 185.82
2026/09/06 06:39:50.498, 1, 69, 109812, 304.55
2026/09/06 06:39:51.500, 0, 100, 111931, 574.65
2026/09/06 06:39:51.502, 1, 70, 109812, 309.51
2026/09/06 06:39:52.503, 0, 12, 112715, 218.75
2026/09/06 06:39:52.505, 1, 65, 109812, 306.59
2026/09/06 06:39:53.507, 0, 11, 112715, 125.06
2026/09/06 06:39:53.510, 1, 70, 109812, 301.43
2026/09/06 06:39:54.511, 0, 11, 112715, 124.68
2026/09/06 06:39:54.513, 1, 65, 109812, 306.34
2026/09/06 06:39:55.515, 0, 13, 115141, 127.22
2026/09/06 06:39:55.516, 1, 27, 109812, 270.30
2026/09/06 06:39:56.518, 0, 0, 44109, 127.66
2026/09/06 06:39:56.519, 1, 68, 109812, 305.16
2026/09/06 06:39:57.521, 0, 0, 42851, 122.35
2026/09/06 06:39:57.522, 1, 67, 109812, 308.14
2026/09/06 06:39:58.524, 0, 26, 39213, 122.84
2026/09/06 06:39:58.526, 1, 70, 109812, 305.63
2026/09/06 06:39:59.528, 0, 0, 43597, 125.11
2026/09/06 06:39:59.529, 1, 67, 109812, 310.43
2026/09/06 06:40:00.530, 0, 0, 43597, 122.91
2026/09/06 06:40:00.532, 1, 0, 109812, 205.03
2026/09/06 06:40:01.533, 0, 0, 44267, 123.44
2026/09/06 06:40:01.535, 1, 0, 110108, 131.07
2026/09/06 06:40:02.537, 0, 0, 43951, 134.61
2026/09/06 06:40:02.539, 1, 88, 110160, 376.60
2026/09/06 06:40:03.540, 0, 0, 42851, 121.52
2026/09/06 06:40:03.542, 1, 67, 109806, 281.18
2026/09/06 06:40:04.545, 0, 0, 39213, 121.95
2026/09/06 06:40:04.546, 1, 70, 109806, 311.31
2026/09/06 06:40:05.547, 0, 0, 37829, 124.78
2026/09/06 06:40:05.550, 1, 68, 109808, 298.39
2026/09/06 06:40:06.553, 0, 100, 40729, 505.27
2026/09/06 06:40:06.554, 1, 68, 109808, 311.60
2026/09/06 06:40:07.555, 0, 100, 45991, 662.75
2026/09/06 06:40:07.557, 1, 70, 109808, 306.68
2026/09/06 06:40:08.559, 0, 100, 47207, 664.50
2026/09/06 06:40:08.561, 1, 67, 109808, 307.34
2026/09/06 06:40:09.562, 0, 100, 47207, 681.46
2026/09/06 06:40:09.563, 1, 69, 109808, 311.32
2026/09/06 06:40:10.566, 0, 11, 47991, 267.28
2026/09/06 06:40:10.568, 1, 67, 109810, 270.73
2026/09/06 06:40:11.570, 0, 12, 47991, 124.75
2026/09/06 06:40:11.571, 1, 68, 109810, 305.31
2026/09/06 06:40:12.573, 0, 12, 47991, 124.39
2026/09/06 06:40:12.575, 1, 66, 109810, 305.44
2026/09/06 06:40:13.576, 0, 4, 50417, 124.75
2026/09/06 06:40:13.578, 1, 66, 109810, 310.38
2026/09/06 06:40:14.579, 0, 0, 37829, 122.64
2026/09/06 06:40:14.581, 1, 66, 109810, 311.21
2026/09/06 06:40:15.582, 0, 0, 37295, 121.17
2026/09/06 06:40:15.584, 1, 69, 109810, 312.16
2026/09/06 06:40:16.585, 0, 0, 37295, 121.16
2026/09/06 06:40:16.587, 1, 67, 109810, 308.85
2026/09/06 06:40:17.588, 0, 39, 43597, 125.88
2026/09/06 06:40:17.591, 1, 66, 109810, 313.87
2026/09/06 06:40:18.592, 0, 100, 83007, 156.54
2026/09/06 06:40:18.594, 1, 67, 109810, 313.28
2026/09/06 06:40:19.595, 0, 18, 83007, 293.00
2026/09/06 06:40:19.597, 1, 65, 109810, 316.80
2026/09/06 06:40:20.599, 0, 100, 83519, 399.86
2026/09/06 06:40:20.600, 1, 69, 109810, 315.18
2026/09/06 06:40:21.602, 0, 36, 83519, 186.85
2026/09/06 06:40:21.603, 1, 68, 109810, 319.06
2026/09/06 06:40:22.605, 0, 25, 83519, 127.45
2026/09/06 06:40:22.606, 1, 66, 109810, 312.11
2026/09/06 06:40:23.607, 0, 26, 83519, 121.35
2026/09/06 06:40:23.609, 1, 64, 109810, 318.54
2026/09/06 06:40:24.612, 0, 17, 84031, 324.98
2026/09/06 06:40:24.613, 1, 69, 109810, 317.45
2026/09/06 06:40:25.615, 0, 17, 84031, 173.77
2026/09/06 06:40:25.616, 1, 67, 109810, 319.53
2026/09/06 06:40:26.617, 0, 46, 85251, 184.77
2026/09/06 06:40:26.619, 1, 68, 109810, 313.35
2026/09/06 06:40:27.620, 0, 100, 94769, 466.43
2026/09/06 06:40:27.622, 1, 69, 109810, 319.13
2026/09/06 06:40:28.623, 0, 22, 95983, 452.85
2026/09/06 06:40:28.625, 1, 70, 109810, 268.36
2026/09/06 06:40:29.627, 0, 18, 95985, 474.88
2026/09/06 06:40:29.628, 1, 69, 109810, 309.70
2026/09/06 06:40:30.630, 0, 17, 95985, 179.53
2026/09/06 06:40:30.631, 1, 69, 109810, 272.71
2026/09/06 06:40:31.633, 0, 42, 95985, 171.32
2026/09/06 06:40:31.635, 1, 69, 109810, 308.64
2026/09/06 06:40:32.636, 0, 100, 96229, 546.24
2026/09/06 06:40:32.638, 1, 68, 109810, 310.58
2026/09/06 06:40:33.640, 0, 38, 96229, 399.29
2026/09/06 06:40:33.641, 1, 19, 109810, 293.60
2026/09/06 06:40:34.643, 0, 12, 97013, 188.67
2026/09/06 06:40:34.646, 1, 68, 109812, 286.43
2026/09/06 06:40:35.648, 0, 11, 97013, 123.85
2026/09/06 06:40:35.649, 1, 70, 109812, 306.41
2026/09/06 06:40:36.651, 0, 12, 97013, 123.92
2026/09/06 06:40:36.653, 1, 65, 109812, 303.80
2026/09/06 06:40:37.655, 0, 0, 99439, 125.48
2026/09/06 06:40:37.657, 1, 68, 109812, 311.30
2026/09/06 06:40:38.658, 0, 0, 43597, 125.51
2026/09/06 06:40:38.660, 1, 67, 109812, 315.63
2026/09/06 06:40:39.661, 0, 0, 42851, 120.97
2026/09/06 06:40:39.663, 1, 68, 109812, 310.64
2026/09/06 06:40:40.664, 0, 76, 17611, 125.22
2026/09/06 06:40:40.674, 1, 66, 109812, 313.69
2026/09/06 06:40:41.676, 0, 19, 43597, 122.14
2026/09/06 06:40:41.678, 1, 69, 109812, 275.05
2026/09/06 06:40:42.679, 0, 0, 43597, 121.01
2026/09/06 06:40:42.681, 1, 0, 109812, 147.67
2026/09/06 06:40:43.682, 0, 9, 44267, 135.87
2026/09/06 06:40:43.684, 1, 83, 108894, 144.88
2026/09/06 06:40:44.686, 0, 0, 43885, 123.29
2026/09/06 06:40:44.687, 1, 0, 109872, 398.13
2026/09/06 06:40:45.689, 0, 0, 42851, 120.73
2026/09/06 06:40:45.695, 1, 68, 109806, 244.73
2026/09/06 06:40:46.697, 0, 0, 37333, 121.25
2026/09/06 06:40:46.699, 1, 65, 109806, 304.77
2026/09/06 06:40:47.701, 0, 0, 13227, 122.61
2026/09/06 06:40:47.703, 1, 66, 109806, 308.62
2026/09/06 06:40:48.704, 0, 0, 13227, 120.04
2026/09/06 06:40:48.706, 1, 67, 109806, 314.88
2026/09/06 06:40:49.707, 0, 0, 13227, 120.00
2026/09/06 06:40:49.709, 1, 70, 109806, 314.05
2026/09/06 06:40:50.710, 0, 0, 13227, 119.96
2026/09/06 06:40:50.712, 1, 67, 109806, 312.86
2026/09/06 06:40:51.713, 0, 0, 13227, 119.87
2026/09/06 06:40:51.715, 1, 68, 109806, 314.53
2026/09/06 06:40:52.716, 0, 0, 13227, 119.79
2026/09/06 06:40:52.718, 1, 67, 109806, 321.20
2026/09/06 06:40:53.719, 0, 0, 13227, 119.58
2026/09/06 06:40:53.721, 1, 70, 109806, 315.90
2026/09/06 06:40:54.722, 0, 0, 13227, 119.64
2026/09/06 06:40:54.723, 1, 65, 109806, 318.01
2026/09/06 06:40:55.725, 0, 0, 13227, 119.69
2026/09/06 06:40:55.727, 1, 70, 109806, 320.53
2026/09/06 06:40:56.729, 0, 0, 13227, 119.68
2026/09/06 06:40:56.731, 1, 68, 109806, 325.31
2026/09/06 06:40:57.733, 0, 0, 13227, 119.62
2026/09/06 06:40:57.734, 1, 69, 109806, 320.12
2026/09/06 06:40:58.736, 0, 0, 13227, 119.39
2026/09/06 06:40:58.737, 1, 67, 109806, 320.00
2026/09/06 06:40:59.739, 0, 62, 37829, 121.22
2026/09/06 06:40:59.741, 1, 68, 109806, 310.51
2026/09/06 06:41:00.742, 0, 53, 41565, 291.99
2026/09/06 06:41:00.744, 1, 72, 109806, 287.85
2026/09/06 06:41:01.746, 0, 74, 43297, 666.53
2026/09/06 06:41:01.747, 1, 70, 109806, 320.46
2026/09/06 06:41:02.748, 0, 100, 46635, 623.69
2026/09/06 06:41:02.751, 1, 70, 109806, 324.12
2026/09/06 06:41:03.752, 0, 100, 47419, 457.64
2026/09/06 06:41:03.754, 1, 70, 109806, 322.67
2026/09/06 06:41:04.756, 0, 11, 47419, 124.17
2026/09/06 06:41:04.761, 1, 66, 109806, 314.92
2026/09/06 06:41:05.763, 0, 12, 47419, 123.71
2026/09/06 06:41:05.764, 1, 65, 109806, 319.29
2026/09/06 06:41:06.767, 0, 15, 49845, 124.78
2026/09/06 06:41:06.769, 1, 70, 109806, 314.83
2026/09/06 06:41:07.771, 0, 0, 38341, 121.58
2026/09/06 06:41:07.773, 1, 67, 109806, 316.99
2026/09/06 06:41:08.774, 0, 0, 37295, 120.49
2026/09/06 06:41:08.777, 1, 70, 109806, 319.43
2026/09/06 06:41:09.779, 0, 0, 37295, 120.18
2026/09/06 06:41:09.781, 1, 68, 109806, 312.55
2026/09/06 06:41:10.782, 0, 0, 43597, 125.10
2026/09/06 06:41:10.784, 1, 67, 109806, 317.94
2026/09/06 06:41:11.786, 0, 59, 59671, 207.30
2026/09/06 06:41:11.788, 1, 65, 109806, 319.24
2026/09/06 06:41:12.789, 0, 74, 83829, 265.00
2026/09/06 06:41:12.799, 1, 68, 109806, 312.12
2026/09/06 06:41:13.806, 0, 15, 99593, 274.01
2026/09/06 06:41:13.808, 1, 68, 109806, 313.16
2026/09/06 06:41:14.809, 0, 25, 99593, 138.06
2026/09/06 06:41:14.813, 1, 66, 109806, 314.72
2026/09/06 06:41:15.817, 0, 16, 100105, 207.47
2026/09/06 06:41:15.819, 1, 65, 109806, 320.80
2026/09/06 06:41:16.820, 0, 41, 100105, 186.05
2026/09/06 06:41:16.828, 1, 70, 109806, 319.33
2026/09/06 06:41:17.830, 0, 17, 101323, 424.43
2026/09/06 06:41:17.831, 1, 68, 109806, 316.69
2026/09/06 06:41:18.833, 0, 49, 101323, 373.24
2026/09/06 06:41:18.837, 1, 72, 109806, 320.35
2026/09/06 06:41:19.843, 0, 17, 101323, 335.51
2026/09/06 06:41:19.845, 1, 67, 109806, 323.45
2026/09/06 06:41:20.848, 0, 16, 101323, 181.14
2026/09/06 06:41:20.852, 1, 68, 109806, 321.07
2026/09/06 06:41:21.860, 0, 39, 101323, 200.17
2026/09/06 06:41:21.862, 1, 67, 109806, 322.38
2026/09/06 06:41:22.865, 0, 100, 101323, 601.28
2026/09/06 06:41:22.868, 1, 69, 109806, 322.13
2026/09/06 06:41:23.872, 0, 11, 102107, 220.18
2026/09/06 06:41:23.875, 1, 67, 109806, 320.67
2026/09/06 06:41:24.876, 0, 12, 102107, 123.12
2026/09/06 06:41:24.880, 1, 66, 109806, 317.16
2026/09/06 06:41:25.882, 0, 12, 102107, 123.10
2026/09/06 06:41:25.884, 1, 67, 109806, 318.79
2026/09/06 06:41:26.885, 0, 100, 104533, 126.17
2026/09/06 06:41:26.887, 1, 68, 109806, 318.70
2026/09/06 06:41:27.889, 0, 0, 44109, 125.03
2026/09/06 06:41:27.891, 1, 68, 109806, 323.61
2026/09/06 06:41:28.892, 0, 6, 42851, 120.49
2026/09/06 06:41:28.896, 1, 67, 109806, 325.60
2026/09/06 06:41:29.898, 0, 51, 39213, 121.10
2026/09/06 06:41:29.899, 1, 68, 109806, 327.58
2026/09/06 06:41:30.901, 0, 0, 43597, 123.54
2026/09/06 06:41:30.903, 1, 69, 109806, 326.86
2026/09/06 06:41:31.904, 0, 0, 43597, 121.54
2026/09/06 06:41:31.906, 1, 0, 109806, 240.33
2026/09/06 06:41:32.908, 0, 4, 44267, 125.12
2026/09/06 06:41:32.911, 1, 40, 110108, 132.38
2026/09/06 06:41:33.912, 0, 0, 43951, 132.26
2026/09/06 06:41:33.914, 1, 89, 110160, 527.55
2026/09/06 06:41:34.916, 0, 0, 42851, 120.85
2026/09/06 06:41:34.922, 1, 66, 109806, 279.91
2026/09/06 06:41:35.923, 0, 0, 13227, 121.84
2026/09/06 06:41:35.925, 1, 68, 109806, 308.63
2026/09/06 06:41:36.927, 0, 0, 13227, 122.48
2026/09/06 06:41:36.929, 1, 68, 109806, 322.28
2026/09/06 06:41:37.931, 0, 0, 13227, 120.16
2026/09/06 06:41:37.933, 1, 69, 109806, 318.94
2026/09/06 06:41:38.934, 0, 0, 13227, 120.24
2026/09/06 06:41:38.936, 1, 65, 109806, 321.45
2026/09/06 06:41:39.938, 0, 0, 13227, 120.11
2026/09/06 06:41:39.940, 1, 68, 109806, 277.01
2026/09/06 06:41:40.943, 0, 0, 13227, 119.99
2026/09/06 06:41:40.945, 1, 69, 109806, 324.71
2026/09/06 06:41:41.946, 0, 0, 13227, 120.00
2026/09/06 06:41:41.948, 1, 70, 109806, 324.41
2026/09/06 06:41:42.950, 0, 0, 13227, 119.85
2026/09/06 06:41:42.952, 1, 68, 109806, 324.12
2026/09/06 06:41:43.954, 0, 0, 13227, 120.10
2026/09/06 06:41:43.956, 1, 71, 109806, 279.59
2026/09/06 06:41:44.958, 0, 0, 13227, 119.96
2026/09/06 06:41:44.961, 1, 70, 109806, 326.66
2026/09/06 06:41:45.964, 0, 0, 13227, 120.03
2026/09/06 06:41:45.965, 1, 70, 109808, 293.26
2026/09/06 06:41:46.966, 0, 100, 37827, 121.68
2026/09/06 06:41:46.968, 1, 30, 109808, 286.73
2026/09/06 06:41:47.971, 0, 70, 40267, 241.72
2026/09/06 06:41:47.972, 1, 69, 109808, 306.16
2026/09/06 06:41:48.974, 0, 94, 43361, 649.09
2026/09/06 06:41:48.976, 1, 67, 109808, 306.66
2026/09/06 06:41:49.977, 0, 100, 44263, 586.68
2026/09/06 06:41:49.979, 1, 70, 109808, 305.70
2026/09/06 06:41:50.981, 0, 100, 44269, 690.33
2026/09/06 06:41:50.983, 1, 67, 109808, 306.40
2026/09/06 06:41:51.984, 0, 100, 46321, 693.17
2026/09/06 06:41:51.986, 1, 69, 109808, 312.78
2026/09/06 06:41:52.987, 0, 11, 47105, 195.14
2026/09/06 06:41:52.989, 1, 70, 109808, 308.43
2026/09/06 06:41:53.991, 0, 12, 47105, 124.29
2026/09/06 06:41:53.993, 1, 64, 109808, 304.58
2026/09/06 06:41:54.994, 0, 11, 47105, 123.02
2026/09/06 06:41:54.996, 1, 65, 109808, 303.41
2026/09/06 06:41:55.998, 0, 0, 49531, 123.29
2026/09/06 06:41:56.000, 1, 70, 109808, 314.01
2026/09/06 06:41:57.001, 0, 0, 37827, 121.54
2026/09/06 06:41:57.003, 1, 69, 109808, 311.89
2026/09/06 06:41:58.004, 0, 0, 37295, 120.45
2026/09/06 06:41:58.006, 1, 64, 109808, 309.66
2026/09/06 06:41:59.008, 0, 0, 37295, 120.09
2026/09/06 06:41:59.009, 1, 65, 109808, 312.17
2026/09/06 06:42:00.010, 0, 0, 43597, 124.99
2026/09/06 06:42:00.012, 1, 65, 109808, 315.24
2026/09/06 06:42:01.014, 0, 16, 53297, 175.08
2026/09/06 06:42:01.016, 1, 63, 109808, 311.81
2026/09/06 06:42:02.018, 0, 17, 84125, 334.47
2026/09/06 06:42:02.019, 1, 66, 109808, 309.19
2026/09/06 06:42:03.021, 0, 15, 84129, 245.26
2026/09/06 06:42:03.022, 1, 69, 109808, 309.76
2026/09/06 06:42:04.024, 0, 17, 115657, 325.72
2026/09/06 06:42:04.026, 1, 66, 109808, 315.89
2026/09/06 06:42:05.027, 0, 24, 115657, 147.94
2026/09/06 06:42:05.029, 1, 70, 109808, 315.76
2026/09/06 06:42:06.030, 0, 25, 115657, 120.66
2026/09/06 06:42:06.032, 1, 67, 109808, 320.02
2026/09/06 06:42:07.034, 0, 18, 116169, 175.20
2026/09/06 06:42:07.035, 1, 71, 109808, 323.05
2026/09/06 06:42:08.037, 0, 29, 117383, 347.60
2026/09/06 06:42:08.038, 1, 66, 109808, 305.61
2026/09/06 06:42:09.040, 0, 18, 117383, 438.50
2026/09/06 06:42:09.042, 1, 70, 109808, 286.93
2026/09/06 06:42:10.044, 0, 17, 117383, 165.82
2026/09/06 06:42:10.045, 1, 70, 109808, 317.53
2026/09/06 06:42:11.047, 0, 31, 117383, 253.71
2026/09/06 06:42:11.048, 1, 68, 109808, 311.90
2026/09/06 06:42:12.050, 0, 17, 117383, 600.51
2026/09/06 06:42:12.052, 1, 67, 109808, 307.04
2026/09/06 06:42:13.053, 0, 35, 117383, 169.31
2026/09/06 06:42:13.055, 1, 68, 109808, 303.65
2026/09/06 06:42:14.056, 0, 100, 117387, 601.21
2026/09/06 06:42:14.058, 1, 67, 109808, 301.27
2026/09/06 06:42:15.059, 0, 30, 117387, 149.21
2026/09/06 06:42:15.061, 1, 70, 109808, 294.85
2026/09/06 06:42:16.062, 0, 15, 117387, 156.89
2026/09/06 06:42:16.064, 1, 69, 109808, 276.62
2026/09/06 06:42:17.066, 0, 29, 117387, 226.40
2026/09/06 06:42:17.067, 1, 67, 109808, 302.49
2026/09/06 06:42:18.069, 0, 100, 117899, 689.27
2026/09/06 06:42:18.071, 1, 68, 109808, 304.84
2026/09/06 06:42:19.073, 0, 10, 118171, 133.93
2026/09/06 06:42:19.075, 1, 64, 109808, 299.50
2026/09/06 06:42:20.076, 0, 12, 118171, 123.24
2026/09/06 06:42:20.078, 1, 66, 109808, 296.92
2026/09/06 06:42:21.080, 0, 10, 118171, 123.37
2026/09/06 06:42:21.082, 1, 65, 109808, 298.54
2026/09/06 06:42:22.085, 0, 0, 120597, 125.32
2026/09/06 06:42:22.087, 1, 68, 109808, 300.50
2026/09/06 06:42:23.088, 0, 11, 42851, 126.75
2026/09/06 06:42:23.090, 1, 66, 109808, 304.82
2026/09/06 06:42:24.092, 0, 54, 39213, 121.37
2026/09/06 06:42:24.094, 1, 68, 109808, 303.14
2026/09/06 06:42:25.095, 0, 0, 43597, 123.90
2026/09/06 06:42:25.097, 1, 66, 109808, 298.46
2026/09/06 06:42:26.099, 0, 0, 43597, 121.85
2026/09/06 06:42:26.100, 1, 0, 109808, 214.58
2026/09/06 06:42:27.102, 0, 4, 44267, 125.61
2026/09/06 06:42:27.104, 1, 0, 110110, 130.99
2026/09/06 06:42:28.106, 0, 0, 43725, 130.85
2026/09/06 06:42:28.108, 1, 75, 110160, 364.52
2026/09/06 06:42:29.109, 0, 0, 42851, 120.73
2026/09/06 06:42:29.111, 1, 65, 109806, 277.81
2026/09/06 06:42:30.113, 0, 0, 13227, 121.95
2026/09/06 06:42:30.115, 1, 70, 109806, 303.16
2026/09/06 06:42:31.117, 0, 0, 13227, 122.04
2026/09/06 06:42:31.119, 1, 68, 109806, 305.22
2026/09/06 06:42:32.120, 0, 0, 13227, 120.15
2026/09/06 06:42:32.123, 1, 68, 109806, 305.88
2026/09/06 06:42:33.124, 0, 0, 13227, 120.15
2026/09/06 06:42:33.126, 1, 67, 109806, 309.83
2026/09/06 06:42:34.128, 0, 0, 13227, 120.07
2026/09/06 06:42:34.129, 1, 67, 109806, 309.46
2026/09/06 06:42:35.132, 0, 0, 13227, 120.15
2026/09/06 06:42:35.133, 1, 67, 109806, 268.95
2026/09/06 06:42:36.135, 0, 0, 13227, 120.12
2026/09/06 06:42:36.136, 1, 67, 109806, 310.75
2026/09/06 06:42:37.137, 0, 0, 13227, 120.11
2026/09/06 06:42:37.139, 1, 69, 109806, 314.59
2026/09/06 06:42:38.140, 0, 0, 21781, 120.40
2026/09/06 06:42:38.141, 1, 41, 109808, 304.57
2026/09/06 06:42:39.143, 0, 0, 38551, 154.51
2026/09/06 06:42:39.145, 1, 67, 109808, 311.89
2026/09/06 06:42:40.147, 0, 86, 42985, 576.73
2026/09/06 06:42:40.149, 1, 68, 109808, 313.00
2026/09/06 06:42:41.150, 0, 100, 46713, 697.57
2026/09/06 06:42:41.151, 1, 59, 109808, 276.07
2026/09/06 06:42:42.153, 0, 100, 46715, 635.13
2026/09/06 06:42:42.155, 1, 66, 109808, 315.24
2026/09/06 06:42:43.158, 0, 11, 47499, 175.55
2026/09/06 06:42:43.160, 1, 67, 109808, 312.87
2026/09/06 06:42:44.161, 0, 11, 47499, 124.55
2026/09/06 06:42:44.163, 1, 67, 109808, 308.62
2026/09/06 06:42:45.165, 0, 12, 47499, 124.13
2026/09/06 06:42:45.167, 1, 59, 109808, 271.13
2026/09/06 06:42:46.169, 0, 4, 49925, 124.16
2026/09/06 06:42:46.171, 1, 71, 109808, 312.73
2026/09/06 06:42:47.173, 0, 1, 37827, 122.37
2026/09/06 06:42:47.175, 1, 63, 109808, 314.01
2026/09/06 06:42:48.177, 0, 0, 37295, 121.56
2026/09/06 06:42:48.179, 1, 67, 109808, 313.20
2026/09/06 06:42:49.181, 0, 0, 37295, 121.52
2026/09/06 06:42:49.183, 1, 68, 109808, 316.23
2026/09/06 06:42:50.184, 0, 11, 43597, 126.29
2026/09/06 06:42:50.186, 1, 66, 109808, 314.07
2026/09/06 06:42:51.187, 0, 56, 50901, 169.11
2026/09/06 06:42:51.189, 1, 68, 109808, 320.38
2026/09/06 06:42:52.191, 0, 17, 97831, 380.57
2026/09/06 06:42:52.192, 1, 68, 109808, 315.42
2026/09/06 06:42:53.194, 0, 16, 97831, 218.84
2026/09/06 06:42:53.196, 1, 69, 109808, 323.58
2026/09/06 06:42:54.197, 0, 27, 97831, 133.97
2026/09/06 06:42:54.199, 1, 69, 109808, 324.75
2026/09/06 06:42:55.200, 0, 18, 98343, 182.82
2026/09/06 06:42:55.202, 1, 70, 109808, 308.67
2026/09/06 06:42:56.204, 0, 44, 99557, 339.53
2026/09/06 06:42:56.205, 1, 72, 109808, 318.67
2026/09/06 06:42:57.207, 0, 18, 99559, 470.11
2026/09/06 06:42:57.208, 1, 69, 109808, 317.40
2026/09/06 06:42:58.210, 0, 18, 99559, 181.50
2026/09/06 06:42:58.211, 1, 67, 109808, 323.19
2026/09/06 06:42:59.213, 0, 56, 99559, 192.81
2026/09/06 06:42:59.214, 1, 66, 109808, 321.47
2026/09/06 06:43:00.215, 0, 100, 99559, 572.11
2026/09/06 06:43:00.217, 1, 68, 109808, 324.89
2026/09/06 06:43:01.218, 0, 17, 99559, 350.21
2026/09/06 06:43:01.219, 1, 69, 109808, 321.89
2026/09/06 06:43:02.221, 0, 43, 99561, 388.58
2026/09/06 06:43:02.222, 1, 67, 109808, 324.34
2026/09/06 06:43:03.224, 0, 13, 100345, 132.16
2026/09/06 06:43:03.226, 1, 64, 109808, 316.85
2026/09/06 06:43:04.227, 0, 11, 100345, 125.03
2026/09/06 06:43:04.230, 1, 49, 109808, 306.00
2026/09/06 06:43:05.233, 0, 12, 100345, 124.55
2026/09/06 06:43:05.236, 1, 69, 109808, 307.45
2026/09/06 06:43:06.239, 0, 0, 102771, 125.74
2026/09/06 06:43:06.242, 1, 70, 109808, 311.14
2026/09/06 06:43:07.244, 0, 0, 43583, 126.96
2026/09/06 06:43:07.246, 1, 68, 109808, 310.17
2026/09/06 06:43:08.247, 0, 0, 42851, 122.57
2026/09/06 06:43:08.249, 1, 69, 109808, 309.58
2026/09/06 06:43:09.251, 0, 74, 17609, 126.18
2026/09/06 06:43:09.259, 1, 70, 109808, 312.44
2026/09/06 06:43:10.260, 0, 66, 43595, 123.96
2026/09/06 06:43:10.262, 1, 69, 109808, 297.69
2026/09/06 06:43:11.263, 0, 0, 43883, 121.72
2026/09/06 06:43:11.265, 1, 0, 109786, 129.91
2026/09/06 06:43:12.267, 0, 0, 44205, 136.57
2026/09/06 06:43:12.269, 1, 90, 110402, 307.91
2026/09/06 06:43:13.270, 0, 6, 42851, 122.32
2026/09/06 06:43:13.272, 1, 67, 109808, 352.75
2026/09/06 06:43:14.273, 0, 76, 39213, 123.01
2026/09/06 06:43:14.275, 1, 67, 109808, 316.69
2026/09/06 06:43:15.276, 0, 0, 13227, 124.13
2026/09/06 06:43:15.278, 1, 67, 109808, 317.45
2026/09/06 06:43:16.279, 0, 0, 13227, 121.64
2026/09/06 06:43:16.281, 1, 65, 109808, 317.43
2026/09/06 06:43:17.283, 0, 0, 13227, 121.57
2026/09/06 06:43:17.285, 1, 68, 109808, 322.53
2026/09/06 06:43:18.286, 0, 0, 13227, 121.54
2026/09/06 06:43:18.288, 1, 69, 109808, 319.14
2026/09/06 06:43:19.290, 0, 0, 21781, 121.56
2026/09/06 06:43:19.291, 1, 65, 109812, 295.41
2026/09/06 06:43:20.293, 0, 0, 38603, 131.13
2026/09/06 06:43:20.294, 1, 68, 109814, 261.72
2026/09/06 06:43:21.295, 0, 84, 42971, 528.60
2026/09/06 06:43:21.297, 1, 68, 109814, 317.79
2026/09/06 06:43:22.298, 0, 100, 46699, 688.82
2026/09/06 06:43:22.300, 1, 71, 109814, 310.30
2026/09/06 06:43:23.302, 0, 44, 47303, 590.99
2026/09/06 06:43:23.304, 1, 69, 109814, 320.64
2026/09/06 06:43:24.305, 0, 12, 47483, 134.84
2026/09/06 06:43:24.307, 1, 65, 109814, 317.34
2026/09/06 06:43:25.309, 0, 10, 47483, 125.45
2026/09/06 06:43:25.313, 1, 61, 109814, 297.13
2026/09/06 06:43:26.316, 0, 12, 47483, 124.45
2026/09/06 06:43:26.318, 1, 66, 109814, 308.90
2026/09/06 06:43:27.320, 0, 0, 49909, 124.97
2026/09/06 06:43:27.322, 1, 68, 109814, 317.79
2026/09/06 06:43:28.323, 0, 9, 37295, 123.34
2026/09/06 06:43:28.325, 1, 69, 109814, 312.14
2026/09/06 06:43:29.326, 0, 0, 37295, 122.17
2026/09/06 06:43:29.328, 1, 66, 109814, 289.25
2026/09/06 06:43:30.330, 0, 76, 17609, 126.01
2026/09/06 06:43:30.331, 1, 67, 109814, 285.98
2026/09/06 06:43:31.333, 0, 0, 43595, 124.60
2026/09/06 06:43:31.335, 1, 69, 109814, 325.32
2026/09/06 06:43:32.336, 0, 40, 98553, 345.61
2026/09/06 06:43:32.338, 1, 69, 109814, 325.14
2026/09/06 06:43:33.340, 0, 17, 98553, 243.36
2026/09/06 06:43:33.341, 1, 69, 109814, 324.21
2026/09/06 06:43:34.342, 0, 25, 98553, 165.53
2026/09/06 06:43:34.345, 1, 70, 109814, 326.00
2026/09/06 06:43:35.346, 0, 33, 99065, 170.67
2026/09/06 06:43:35.348, 1, 71, 109814, 324.75
2026/09/06 06:43:36.349, 0, 65, 100281, 348.19
2026/09/06 06:43:36.351, 1, 70, 109814, 326.01
2026/09/06 06:43:37.352, 0, 100, 100283, 497.57
2026/09/06 06:43:37.354, 1, 67, 109814, 323.92
2026/09/06 06:43:38.357, 0, 37, 100283, 172.13
2026/09/06 06:43:38.358, 1, 65, 109814, 330.58
2026/09/06 06:43:39.360, 0, 18, 100283, 166.41
2026/09/06 06:43:39.363, 1, 69, 109814, 326.18
2026/09/06 06:43:40.365, 0, 100, 100283, 364.95
2026/09/06 06:43:40.367, 1, 68, 109814, 331.41
2026/09/06 06:43:41.370, 0, 48, 100283, 572.68
2026/09/06 06:43:41.372, 1, 67, 109814, 325.23
2026/09/06 06:43:42.379, 0, 100, 101067, 245.76
2026/09/06 06:43:42.381, 1, 67, 109814, 310.96
2026/09/06 06:43:43.383, 0, 12, 101067, 125.88
2026/09/06 06:43:43.387, 1, 68, 109814, 309.02
2026/09/06 06:43:44.390, 0, 12, 101067, 125.09
2026/09/06 06:43:44.391, 1, 66, 109814, 321.95
2026/09/06 06:43:45.392, 0, 17, 103493, 127.29
2026/09/06 06:43:45.394, 1, 66, 109814, 324.01
2026/09/06 06:43:46.395, 0, 0, 43595, 129.52
2026/09/06 06:43:46.397, 1, 69, 109814, 325.42
2026/09/06 06:43:47.399, 0, 0, 42851, 123.25
2026/09/06 06:43:47.400, 1, 68, 109814, 327.87
2026/09/06 06:43:48.402, 0, 0, 13233, 123.78
2026/09/06 06:43:48.404, 1, 68, 109814, 331.44
2026/09/06 06:43:49.405, 0, 0, 43595, 125.91
2026/09/06 06:43:49.407, 1, 71, 109814, 325.42
2026/09/06 06:43:50.409, 0, 0, 43595, 124.11
2026/09/06 06:43:50.410, 1, 0, 109814, 170.37
2026/09/06 06:43:51.411, 0, 9, 44205, 134.76
2026/09/06 06:43:51.413, 1, 67, 110388, 161.40
2026/09/06 06:43:52.414, 0, 1, 43585, 123.00
2026/09/06 06:43:52.415, 1, 61, 109808, 580.29
2026/09/06 06:43:53.417, 0, 0, 42851, 122.53
2026/09/06 06:43:53.418, 1, 67, 109808, 338.80
2026/09/06 06:43:54.420, 0, 19, 13227, 125.81
2026/09/06 06:43:54.421, 1, 68, 109808, 330.95
2026/09/06 06:43:55.423, 0, 0, 13227, 122.17
2026/09/06 06:43:55.424, 1, 70, 109808, 337.13
2026/09/06 06:43:56.426, 0, 0, 13227, 121.97
2026/09/06 06:43:56.428, 1, 70, 109808, 334.88
2026/09/06 06:43:57.429, 0, 0, 13227, 121.90
2026/09/06 06:43:57.430, 1, 71, 109808, 335.73
2026/09/06 06:43:58.432, 0, 0, 13227, 121.89
2026/09/06 06:43:58.434, 1, 72, 109808, 332.47
2026/09/06 06:43:59.435, 0, 0, 13227, 121.63
2026/09/06 06:43:59.437, 1, 68, 109808, 331.68
2026/09/06 06:44:00.439, 0, 0, 13227, 121.66
2026/09/06 06:44:00.440, 1, 69, 109808, 333.03
2026/09/06 06:44:01.442, 0, 0, 13227, 121.95
2026/09/06 06:44:01.443, 1, 69, 109808, 313.68
2026/09/06 06:44:02.445, 0, 0, 13227, 121.51
2026/09/06 06:44:02.446, 1, 68, 109808, 324.09
2026/09/06 06:44:03.448, 0, 0, 13227, 121.46
2026/09/06 06:44:03.450, 1, 68, 109808, 325.30
2026/09/06 06:44:04.452, 0, 0, 13227, 121.44
2026/09/06 06:44:04.454, 1, 69, 109808, 323.15
2026/09/06 06:44:05.455, 0, 0, 13227, 121.50
2026/09/06 06:44:05.457, 1, 70, 109808, 325.40
2026/09/06 06:44:06.458, 0, 0, 13227, 121.50
2026/09/06 06:44:06.460, 1, 68, 109808, 316.72
2026/09/06 06:44:07.461, 0, 0, 13227, 121.49
2026/09/06 06:44:07.463, 1, 68, 109808, 323.12
2026/09/06 06:44:08.464, 0, 0, 13227, 121.34
2026/09/06 06:44:08.466, 1, 70, 109808, 318.93
2026/09/06 06:44:09.467, 0, 0, 13227, 121.30
2026/09/06 06:44:09.469, 1, 69, 109808, 321.67
2026/09/06 06:44:10.470, 0, 0, 13227, 121.44
2026/09/06 06:44:10.472, 1, 68, 109808, 318.73
2026/09/06 06:44:11.473, 0, 0, 13227, 121.27
2026/09/06 06:44:11.475, 1, 69, 109808, 325.58
2026/09/06 06:44:12.476, 0, 0, 13227, 121.95
2026/09/06 06:44:12.478, 1, 69, 109808, 320.06
2026/09/06 06:44:13.479, 0, 0, 13227, 121.92
2026/09/06 06:44:13.481, 1, 67, 109808, 333.72
2026/09/06 06:44:14.482, 0, 0, 13227, 121.86
2026/09/06 06:44:14.484, 1, 66, 109808, 329.32
2026/09/06 06:44:15.485, 0, 0, 13227, 121.70
2026/09/06 06:44:15.487, 1, 70, 109808, 330.11
2026/09/06 06:44:16.488, 0, 0, 13227, 121.82
2026/09/06 06:44:16.491, 1, 68, 109808, 326.93
2026/09/06 06:44:17.493, 0, 0, 13227, 121.70
2026/09/06 06:44:17.494, 1, 70, 109808, 332.51
2026/09/06 06:44:18.496, 0, 0, 37827, 123.47
2026/09/06 06:44:18.497, 1, 69, 109808, 290.74
2026/09/06 06:44:19.499, 0, 100, 41133, 347.96
2026/09/06 06:44:19.500, 1, 71, 109808, 330.05
2026/09/06 06:44:20.501, 0, 54, 42859, 546.30
2026/09/06 06:44:20.503, 1, 68, 109808, 331.81
2026/09/06 06:44:21.505, 0, 100, 46587, 678.72
2026/09/06 06:44:21.507, 1, 69, 109812, 287.89
2026/09/06 06:44:22.508, 0, 12, 47371, 328.63
2026/09/06 06:44:22.510, 1, 67, 109812, 321.41
2026/09/06 06:44:23.512, 0, 13, 47371, 124.74
2026/09/06 06:44:23.513, 1, 64, 109812, 316.53
2026/09/06 06:44:24.514, 0, 12, 47371, 124.02
2026/09/06 06:44:24.516, 1, 67, 109812, 314.20
2026/09/06 06:44:25.517, 0, 0, 49797, 123.93
2026/09/06 06:44:25.519, 1, 68, 109812, 312.47
2026/09/06 06:44:26.521, 0, 0, 37825, 122.44
2026/09/06 06:44:26.522, 1, 67, 109812, 316.43
2026/09/06 06:44:27.524, 0, 0, 37295, 121.37
2026/09/06 06:44:27.526, 1, 62, 109812, 319.04
2026/09/06 06:44:28.528, 0, 0, 37295, 121.10
2026/09/06 06:44:28.529, 1, 66, 109812, 324.50
2026/09/06 06:44:29.531, 0, 0, 43595, 126.21
2026/09/06 06:44:29.533, 1, 69, 109812, 327.86
2026/09/06 06:44:30.535, 0, 17, 51383, 172.56
2026/09/06 06:44:30.536, 1, 72, 109812, 323.65
2026/09/06 06:44:31.538, 0, 100, 90793, 409.31
2026/09/06 06:44:31.542, 1, 69, 109812, 326.19
2026/09/06 06:44:32.544, 0, 26, 90793, 154.97
2026/09/06 06:44:32.546, 1, 68, 109812, 325.48
2026/09/06 06:44:33.548, 0, 25, 90793, 121.89
2026/09/06 06:44:33.551, 1, 70, 109812, 324.47
2026/09/06 06:44:34.555, 0, 58, 91307, 290.75
2026/09/06 06:44:34.556, 1, 69, 109812, 325.98
2026/09/06 06:44:35.558, 0, 33, 92521, 315.65
2026/09/06 06:44:35.560, 1, 68, 109812, 319.03
2026/09/06 06:44:36.563, 0, 100, 92521, 463.70
2026/09/06 06:44:36.564, 1, 69, 109812, 317.06
2026/09/06 06:44:37.566, 0, 29, 92521, 207.05
2026/09/06 06:44:37.567, 1, 68, 109812, 320.02
2026/09/06 06:44:38.569, 0, 17, 92521, 158.82
2026/09/06 06:44:38.571, 1, 66, 109812, 321.82
2026/09/06 06:44:39.572, 0, 33, 92521, 214.71
2026/09/06 06:44:39.574, 1, 65, 109812, 314.92
2026/09/06 06:44:40.575, 0, 100, 95937, 613.47
2026/09/06 06:44:40.577, 1, 68, 109812, 319.80
2026/09/06 06:44:41.579, 0, 11, 96721, 199.11
2026/09/06 06:44:41.581, 1, 68, 109812, 318.71
2026/09/06 06:44:42.582, 0, 13, 96721, 124.45
2026/09/06 06:44:42.584, 1, 68, 109812, 319.82
2026/09/06 06:44:43.585, 0, 12, 96721, 124.76
2026/09/06 06:44:43.587, 1, 66, 109812, 308.69
2026/09/06 06:44:44.589, 0, 25, 99147, 125.90
2026/09/06 06:44:44.591, 1, 69, 109812, 310.77
2026/09/06 06:44:45.592, 0, 0, 44107, 125.31
2026/09/06 06:44:45.594, 1, 65, 109812, 306.61
2026/09/06 06:44:46.596, 0, 6, 42851, 121.53
2026/09/06 06:44:46.598, 1, 69, 109812, 314.10
2026/09/06 06:44:47.600, 0, 51, 39213, 122.30
2026/09/06 06:44:47.601, 1, 67, 109812, 269.83
2026/09/06 06:44:48.603, 0, 0, 43595, 124.45
2026/09/06 06:44:48.605, 1, 68, 109812, 314.77
2026/09/06 06:44:49.606, 0, 0, 43595, 122.68
2026/09/06 06:44:49.608, 1, 0, 109812, 222.96
2026/09/06 06:44:50.610, 0, 0, 44265, 123.27
2026/09/06 06:44:50.611, 1, 70, 110112, 134.59
2026/09/06 06:44:51.613, 0, 0, 44205, 136.17
2026/09/06 06:44:51.614, 1, 79, 110420, 430.40
2026/09/06 06:44:52.616, 0, 6, 42851, 121.58
2026/09/06 06:44:52.618, 1, 67, 109810, 214.29
2026/09/06 06:44:53.620, 0, 16, 39213, 122.16
2026/09/06 06:44:53.622, 1, 70, 109810, 316.89
2026/09/06 06:44:54.624, 0, 0, 43595, 124.56
2026/09/06 06:44:54.625, 1, 68, 109810, 320.49
2026/09/06 06:44:55.627, 0, 0, 44107, 122.66
2026/09/06 06:44:55.629, 1, 69, 109810, 316.67
2026/09/06 06:44:56.631, 0, 5, 44107, 121.47
2026/09/06 06:44:56.633, 1, 71, 109810, 320.32
2026/09/06 06:44:57.634, 0, 4, 44107, 121.80
2026/09/06 06:44:57.635, 1, 4, 109810, 288.54
2026/09/06 06:44:58.636, 0, 6, 44111, 121.56
2026/09/06 06:44:58.638, 1, 68, 109810, 318.41
2026/09/06 06:44:59.639, 0, 5, 44117, 121.73
2026/09/06 06:44:59.640, 1, 67, 109810, 321.26
2026/09/06 06:45:00.642, 0, 0, 44117, 121.00
2026/09/06 06:45:00.643, 1, 68, 109810, 307.23
2026/09/06 06:45:01.645, 0, 0, 44117, 120.95
2026/09/06 06:45:01.646, 1, 69, 109810, 321.33
2026/09/06 06:45:02.648, 0, 0, 44117, 121.07
2026/09/06 06:45:02.650, 1, 70, 109810, 318.66
2026/09/06 06:45:03.653, 0, 0, 44117, 121.01
2026/09/06 06:45:03.654, 1, 69, 109810, 321.77
2026/09/06 06:45:04.657, 0, 0, 44117, 121.04
2026/09/06 06:45:04.659, 1, 67, 109810, 326.51
2026/09/06 06:45:05.660, 0, 0, 44117, 121.17
2026/09/06 06:45:05.662, 1, 69, 109810, 323.21
2026/09/06 06:45:06.664, 0, 0, 44117, 121.02
2026/09/06 06:45:06.666, 1, 69, 109810, 324.03
2026/09/06 06:45:07.668, 0, 0, 44117, 120.98
2026/09/06 06:45:07.679, 1, 68, 109810, 312.33
2026/09/06 06:45:08.686, 0, 0, 44117, 121.10
2026/09/06 06:45:08.688, 1, 70, 109810, 316.93
2026/09/06 06:45:09.691, 0, 0, 44117, 121.21
2026/09/06 06:45:09.693, 1, 70, 109810, 313.81
2026/09/06 06:45:10.695, 0, 0, 44117, 121.02
2026/09/06 06:45:10.697, 1, 65, 109810, 304.18
2026/09/06 06:45:11.699, 0, 0, 44117, 121.11
2026/09/06 06:45:11.702, 1, 65, 109810, 305.47
2026/09/06 06:45:12.704, 0, 0, 44117, 121.17
2026/09/06 06:45:12.706, 1, 67, 109810, 309.98
2026/09/06 06:45:13.708, 0, 0, 44117, 121.13
2026/09/06 06:45:13.710, 1, 67, 109810, 306.49
2026/09/06 06:45:14.711, 0, 0, 44117, 121.09
2026/09/06 06:45:14.713, 1, 65, 109810, 305.52
2026/09/06 06:45:15.715, 0, 0, 44117, 121.16
2026/09/06 06:45:15.717, 1, 68, 109810, 316.13
2026/09/06 06:45:16.719, 0, 0, 44117, 121.02
2026/09/06 06:45:16.721, 1, 61, 109810, 307.31
2026/09/06 06:45:17.723, 0, 0, 44117, 120.97
2026/09/06 06:45:17.725, 1, 64, 109810, 315.43
2026/09/06 06:45:18.727, 0, 0, 44117, 121.13
2026/09/06 06:45:18.729, 1, 65, 109810, 314.82
2026/09/06 06:45:19.730, 0, 0, 44117, 121.03
2026/09/06 06:45:19.733, 1, 66, 109810, 315.04
2026/09/06 06:45:20.735, 0, 0, 44117, 121.06
2026/09/06 06:45:20.736, 1, 68, 109810, 311.52
2026/09/06 06:45:21.739, 0, 0, 44117, 120.98
2026/09/06 06:45:21.741, 1, 67, 109810, 313.08
2026/09/06 06:45:22.743, 0, 0, 44117, 120.99
2026/09/06 06:45:22.746, 1, 68, 109810, 313.18
2026/09/06 06:45:23.747, 0, 0, 44117, 120.94
2026/09/06 06:45:23.749, 1, 71, 109810, 305.83
2026/09/06 06:45:24.751, 0, 0, 44117, 120.94
2026/09/06 06:45:24.755, 1, 67, 109810, 312.92
2026/09/06 06:45:25.758, 0, 0, 44117, 121.04
2026/09/06 06:45:25.760, 1, 70, 109810, 317.10
2026/09/06 06:45:26.762, 0, 0, 44117, 121.11
2026/09/06 06:45:26.765, 1, 68, 109810, 329.04
2026/09/06 06:45:27.767, 0, 0, 44117, 120.96
2026/09/06 06:45:27.768, 1, 68, 109810, 321.01
2026/09/06 06:45:28.770, 0, 0, 44117, 120.91
2026/09/06 06:45:28.778, 1, 68, 109810, 323.77
2026/09/06 06:45:29.786, 0, 0, 44117, 121.00
2026/09/06 06:45:29.788, 1, 69, 109810, 310.64
2026/09/06 06:45:30.790, 0, 0, 44117, 120.91
2026/09/06 06:45:30.793, 1, 70, 109810, 323.55
2026/09/06 06:45:31.795, 0, 0, 44117, 121.01
2026/09/06 06:45:31.796, 1, 68, 109810, 325.37
2026/09/06 06:45:32.799, 0, 0, 44117, 120.99
2026/09/06 06:45:32.801, 1, 70, 109810, 324.52
2026/09/06 06:45:33.804, 0, 0, 44117, 121.07
2026/09/06 06:45:33.806, 1, 69, 109810, 317.32
2026/09/06 06:45:34.808, 0, 0, 44117, 121.02
2026/09/06 06:45:34.814, 1, 66, 109810, 307.48
2026/09/06 06:45:35.822, 0, 0, 44117, 121.00
2026/09/06 06:45:35.823, 1, 68, 109810, 313.53
2026/09/06 06:45:36.825, 0, 0, 44117, 121.01
2026/09/06 06:45:36.830, 1, 68, 109810, 316.07
2026/09/06 06:45:37.834, 0, 0, 44117, 120.97
2026/09/06 06:45:37.836, 1, 68, 109810, 313.29
2026/09/06 06:45:38.837, 0, 0, 44117, 121.01
2026/09/06 06:45:38.840, 1, 70, 109810, 315.93
2026/09/06 06:45:39.842, 0, 0, 44117, 121.07
2026/09/06 06:45:39.843, 1, 68, 109810, 316.36
2026/09/06 06:45:40.845, 0, 0, 44117, 121.00
2026/09/06 06:45:40.848, 1, 67, 109810, 312.61
2026/09/06 06:45:41.849, 0, 0, 44117, 121.09
2026/09/06 06:45:41.851, 1, 69, 109810, 318.13
2026/09/06 06:45:42.853, 0, 0, 44117, 121.03
2026/09/06 06:45:42.858, 1, 68, 109810, 314.11
2026/09/06 06:45:43.861, 0, 0, 44117, 121.00
2026/09/06 06:45:43.862, 1, 68, 109810, 317.91
2026/09/06 06:45:44.863, 0, 0, 44117, 121.04
2026/09/06 06:45:44.866, 1, 67, 109810, 316.02
2026/09/06 06:45:45.869, 0, 0, 44117, 121.11
2026/09/06 06:45:45.870, 1, 67, 109810, 320.19
2026/09/06 06:45:46.872, 0, 0, 44117, 120.97
2026/09/06 06:45:46.874, 1, 70, 109810, 321.29
2026/09/06 06:45:47.877, 0, 0, 44117, 121.06
2026/09/06 06:45:47.878, 1, 69, 109810, 325.90
2026/09/06 06:45:48.881, 0, 0, 44117, 121.05
2026/09/06 06:45:48.883, 1, 66, 109810, 319.19
2026/09/06 06:45:49.886, 0, 0, 44117, 121.01
2026/09/06 06:45:49.887, 1, 69, 109810, 324.54
2026/09/06 06:45:50.890, 0, 0, 44117, 120.93
2026/09/06 06:45:50.892, 1, 67, 109810, 324.04
2026/09/06 06:45:51.894, 0, 0, 44117, 120.99
2026/09/06 06:45:51.895, 1, 69, 109810, 314.74
2026/09/06 06:45:52.897, 0, 0, 44117, 121.01
2026/09/06 06:45:52.899, 1, 68, 109810, 319.52
2026/09/06 06:45:53.902, 0, 0, 44117, 121.06
2026/09/06 06:45:53.904, 1, 70, 109810, 320.09
2026/09/06 06:45:54.905, 0, 0, 44117, 120.87
2026/09/06 06:45:54.908, 1, 67, 109810, 324.05
2026/09/06 06:45:55.910, 0, 0, 44117, 121.01
2026/09/06 06:45:55.911, 1, 69, 109810, 318.99
2026/09/06 06:45:56.913, 0, 0, 44117, 121.02
2026/09/06 06:45:56.914, 1, 68, 109810, 325.06
2026/09/06 06:45:57.916, 0, 0, 44117, 120.87
2026/09/06 06:45:57.918, 1, 71, 109810, 322.91
2026/09/06 06:45:58.919, 0, 0, 44117, 120.93
2026/09/06 06:45:58.921, 1, 67, 109810, 319.79
2026/09/06 06:45:59.926, 0, 8, 44117, 121.32
2026/09/06 06:45:59.928, 1, 68, 109810, 321.18
2026/09/06 06:46:00.930, 0, 1, 44117, 121.31
2026/09/06 06:46:00.933, 1, 70, 109810, 329.65
2026/09/06 06:46:01.935, 0, 0, 44117, 121.33
2026/09/06 06:46:01.936, 1, 67, 109810, 319.69
2026/09/06 06:46:02.938, 0, 0, 44117, 121.21
2026/09/06 06:46:02.939, 1, 66, 109810, 321.38
2026/09/06 06:46:03.941, 0, 0, 44117, 121.21
2026/09/06 06:46:03.943, 1, 69, 109810, 320.67
2026/09/06 06:46:04.945, 0, 9, 44117, 121.39
2026/09/06 06:46:04.946, 1, 67, 109810, 330.79
2026/09/06 06:46:05.952, 0, 0, 44117, 121.12
2026/09/06 06:46:05.953, 1, 67, 109810, 323.15
2026/09/06 06:46:06.955, 0, 0, 44117, 121.12
2026/09/06 06:46:06.957, 1, 70, 109810, 329.84
2026/09/06 06:46:07.958, 0, 0, 44117, 121.19
2026/09/06 06:46:07.960, 1, 65, 109810, 327.56
2026/09/06 06:46:08.963, 0, 0, 44117, 121.21
2026/09/06 06:46:08.964, 1, 66, 109810, 329.83
2026/09/06 06:46:09.966, 0, 0, 44117, 121.16
2026/09/06 06:46:09.967, 1, 70, 109810, 321.14
2026/09/06 06:46:10.969, 0, 0, 44117, 121.16
2026/09/06 06:46:10.971, 1, 68, 109810, 325.29
2026/09/06 06:46:11.973, 0, 0, 44117, 121.19
2026/09/06 06:46:11.975, 1, 68, 109810, 331.95
2026/09/06 06:46:12.977, 0, 0, 44117, 121.08
2026/09/06 06:46:12.978, 1, 70, 109810, 330.07
2026/09/06 06:46:13.980, 0, 0, 44117, 120.88
2026/09/06 06:46:13.982, 1, 67, 109810, 325.75
2026/09/06 06:46:14.983, 0, 0, 44117, 120.78
2026/09/06 06:46:14.985, 1, 69, 109810, 322.05
2026/09/06 06:46:15.987, 0, 0, 43583, 121.01
2026/09/06 06:46:15.992, 1, 63, 109810, 319.63
2026/09/06 06:46:16.993, 0, 0, 42851, 120.94
2026/09/06 06:46:16.994, 1, 69, 109810, 319.82
2026/09/06 06:46:17.995, 0, 84, 21779, 125.96
2026/09/06 06:46:18.101, 1, 68, 109810, 317.33
2026/09/06 06:46:19.106, 0, 0, 38337, 120.73
2026/09/06 06:46:19.108, 1, 62, 109810, 303.87
2026/09/06 06:46:20.109, 0, 6, 38337, 120.99
2026/09/06 06:46:20.111, 1, 63, 109810, 319.15
2026/09/06 06:46:21.113, 0, 3, 38337, 121.47
2026/09/06 06:46:21.114, 1, 62, 109810, 316.05
2026/09/06 06:46:22.115, 0, 0, 38337, 121.19
2026/09/06 06:46:22.117, 1, 62, 109810, 318.34
2026/09/06 06:46:23.119, 0, 3, 38337, 121.16
2026/09/06 06:46:23.122, 1, 64, 109810, 324.01
2026/09/06 06:46:24.130, 0, 0, 38339, 121.35
2026/09/06 06:46:24.132, 1, 62, 109810, 315.07
2026/09/06 06:46:25.134, 0, 0, 38343, 121.36
2026/09/06 06:46:25.136, 1, 63, 109810, 317.05
2026/09/06 06:46:26.138, 0, 0, 38343, 120.74
2026/09/06 06:46:26.139, 1, 63, 109810, 322.44
2026/09/06 06:46:27.140, 0, 0, 38343, 120.74
2026/09/06 06:46:27.142, 1, 65, 109810, 321.27
2026/09/06 06:46:28.144, 0, 0, 38343, 120.66
2026/09/06 06:46:28.145, 1, 66, 109810, 321.21
2026/09/06 06:46:29.147, 0, 0, 38343, 120.77
2026/09/06 06:46:29.149, 1, 0, 109810, 244.61
2026/09/06 06:46:30.151, 0, 0, 38343, 120.75
2026/09/06 06:46:30.153, 1, 0, 109810, 129.80
2026/09/06 06:46:31.154, 0, 0, 38343, 120.73
2026/09/06 06:46:31.233, 1, 0, 109810, 129.25
2026/09/06 06:46:32.236, 0, 0, 38343, 120.69
2026/09/06 06:46:32.238, 1, 0, 109810, 129.08
2026/09/06 06:46:33.240, 0, 0, 38343, 120.59
2026/09/06 06:46:33.242, 1, 0, 109810, 128.83
2026/09/06 06:46:34.244, 0, 0, 38343, 120.59
2026/09/06 06:46:34.246, 1, 0, 109810, 128.89
2026/09/06 06:46:35.248, 0, 0, 38343, 120.70
2026/09/06 06:46:35.249, 1, 0, 109810, 128.81
2026/09/06 06:46:36.251, 0, 0, 38343, 120.57
2026/09/06 06:46:36.252, 1, 0, 109810, 128.59
2026/09/06 06:46:37.254, 0, 0, 38343, 120.65
2026/09/06 06:46:37.256, 1, 0, 109810, 128.46
2026/09/06 06:46:38.258, 0, 0, 38343, 120.67
2026/09/06 06:46:38.260, 1, 0, 109810, 128.41
2026/09/06 06:46:39.262, 0, 0, 38343, 120.60
2026/09/06 06:46:39.264, 1, 0, 109810, 128.15
2026/09/06 06:46:40.266, 0, 0, 38343, 120.56
2026/09/06 06:46:40.440, 1, 0, 109810, 128.05
2026/09/06 06:46:41.442, 0, 0, 38343, 120.61
2026/09/06 06:46:41.444, 1, 0, 109810, 127.95
2026/09/06 06:46:42.447, 0, 0, 38343, 120.50
2026/09/06 06:46:42.449, 1, 0, 109810, 127.70
2026/09/06 06:46:43.451, 0, 0, 38343, 120.54
2026/09/06 06:46:43.454, 1, 0, 109810, 127.42
2026/09/06 06:46:44.456, 0, 0, 38343, 120.52
2026/09/06 06:46:44.458, 1, 0, 109810, 127.10
2026/09/06 06:46:45.461, 0, 0, 38343, 120.43
2026/09/06 06:46:45.478, 1, 0, 109810, 126.92
2026/09/06 06:46:46.480, 0, 0, 38343, 120.30
2026/09/06 06:46:46.482, 1, 0, 109810, 126.68
2026/09/06 06:46:47.484, 0, 0, 38343, 120.27
2026/09/06 06:46:47.486, 1, 0, 109810, 126.47
2026/09/06 06:46:48.489, 0, 0, 38343, 120.11
2026/09/06 06:46:48.491, 1, 0, 109810, 126.31
2026/09/06 06:46:49.493, 0, 0, 38343, 120.14
2026/09/06 06:46:49.496, 1, 0, 109810, 126.21
2026/09/06 06:46:50.501, 0, 0, 38343, 120.11
2026/09/06 06:46:50.503, 1, 0, 109810, 126.04
2026/09/06 06:46:51.505, 0, 0, 38343, 120.06
2026/09/06 06:46:51.509, 1, 0, 109810, 126.00
2026/09/06 06:46:52.512, 0, 0, 38343, 120.07
2026/09/06 06:46:52.516, 1, 0, 109810, 125.79
2026/09/06 06:46:53.523, 0, 0, 38343, 120.07
2026/09/06 06:46:53.526, 1, 0, 109810, 125.70
2026/09/06 06:46:54.533, 0, 0, 38343, 120.05
2026/09/06 06:46:54.535, 1, 0, 109810, 125.74
2026/09/06 06:46:55.537, 0, 0, 38343, 120.07
2026/09/06 06:46:55.538, 1, 0, 109810, 125.69
2026/09/06 06:46:56.541, 0, 0, 38343, 120.07
2026/09/06 06:46:56.542, 1, 0, 109810, 125.59
2026/09/06 06:46:57.544, 0, 0, 38343, 120.12
2026/09/06 06:46:57.551, 1, 0, 109810, 125.69
2026/09/06 06:46:58.554, 0, 0, 38343, 120.03
2026/09/06 06:46:58.556, 1, 0, 109810, 125.50
2026/09/06 06:46:59.557, 0, 0, 38343, 120.12
2026/09/06 06:46:59.560, 1, 0, 109810, 125.44
2026/09/06 06:47:00.561, 0, 0, 38343, 120.18
2026/09/06 06:47:00.563, 1, 0, 109810, 125.48
2026/09/06 06:47:01.565, 0, 0, 38343, 120.18
2026/09/06 06:47:01.567, 1, 0, 109810, 125.44
2026/09/06 06:47:02.569, 0, 0, 38343, 120.20
2026/09/06 06:47:02.570, 1, 0, 109810, 125.57
2026/09/06 06:47:03.572, 0, 0, 38343, 120.28
2026/09/06 06:47:03.575, 1, 0, 109810, 125.51
2026/09/06 06:47:04.577, 0, 0, 38343, 120.17
2026/09/06 06:47:04.580, 1, 0, 109810, 125.54
2026/09/06 06:47:05.582, 0, 0, 38343, 120.30
2026/09/06 06:47:05.584, 1, 0, 109810, 125.53
2026/09/06 06:47:06.587, 0, 0, 38343, 120.31
2026/09/06 06:47:06.588, 1, 0, 109810, 125.50
2026/09/06 06:47:07.590, 0, 0, 38343, 120.24
2026/09/06 06:47:07.594, 1, 0, 109810, 125.59
2026/09/06 06:47:08.597, 0, 0, 38343, 120.31
2026/09/06 06:47:08.599, 1, 0, 109810, 125.64
2026/09/06 06:47:09.602, 0, 0, 38343, 120.37
2026/09/06 06:47:09.604, 1, 0, 109810, 125.62
2026/09/06 06:47:10.606, 0, 0, 38343, 120.34
2026/09/06 06:47:10.607, 1, 0, 109810, 125.73
2026/09/06 06:47:11.611, 0, 0, 38343, 120.40
2026/09/06 06:47:11.613, 1, 0, 109810, 125.59
2026/09/06 06:47:12.616, 0, 0, 38343, 120.45
2026/09/06 06:47:12.617, 1, 0, 109810, 125.59
2026/09/06 06:47:13.619, 0, 0, 38343, 120.43
2026/09/06 06:47:13.621, 1, 0, 109810, 125.57
2026/09/06 06:47:14.623, 0, 0, 38343, 120.50
2026/09/06 06:47:14.625, 1, 0, 109810, 125.65
2026/09/06 06:47:15.626, 0, 0, 38343, 120.50
2026/09/06 06:47:15.628, 1, 0, 109810, 125.68
2026/09/06 06:47:16.631, 0, 0, 38343, 120.51
2026/09/06 06:47:16.632, 1, 0, 109810, 125.65
2026/09/06 06:47:17.634, 0, 0, 38343, 120.55
2026/09/06 06:47:17.636, 1, 0, 109810, 125.64
2026/09/06 06:47:18.638, 0, 0, 38343, 120.50
2026/09/06 06:47:18.640, 1, 0, 109810, 125.63
2026/09/06 06:47:19.642, 0, 0, 38343, 120.56
2026/09/06 06:47:19.645, 1, 0, 109810, 125.59
2026/09/06 06:47:20.648, 0, 0, 38343, 120.48
2026/09/06 06:47:20.654, 1, 0, 109810, 125.56
2026/09/06 06:47:21.656, 0, 0, 38343, 120.54
2026/09/06 06:47:21.659, 1, 0, 109810, 125.70
2026/09/06 06:47:22.661, 0, 0, 38343, 120.53
2026/09/06 06:47:22.663, 1, 0, 109810, 125.58
2026/09/06 06:47:23.665, 0, 0, 38343, 120.68
2026/09/06 06:47:23.667, 1, 0, 109810, 125.74
2026/09/06 06:47:24.670, 0, 0, 38343, 120.63
2026/09/06 06:47:24.672, 1, 0, 109810, 125.55
2026/09/06 06:47:25.673, 0, 0, 38343, 120.61
2026/09/06 06:47:25.675, 1, 0, 109810, 125.62
2026/09/06 06:47:26.676, 0, 0, 38343, 120.65
2026/09/06 06:47:26.678, 1, 0, 109810, 125.45
2026/09/06 06:47:27.680, 0, 0, 38343, 120.74
2026/09/06 06:47:27.681, 1, 0, 109810, 125.55
2026/09/06 06:47:28.683, 0, 0, 38343, 120.58
2026/09/06 06:47:28.684, 1, 0, 109810, 125.53
2026/09/06 06:47:29.686, 0, 0, 38343, 120.65
2026/09/06 06:47:29.688, 1, 0, 109810, 125.61
2026/09/06 06:47:30.690, 0, 0, 38343, 120.69
2026/09/06 06:47:30.692, 1, 0, 109810, 125.54
2026/09/06 06:47:31.694, 0, 0, 38343, 120.73
2026/09/06 06:47:31.695, 1, 0, 109810, 125.51
2026/09/06 06:47:32.696, 0, 0, 38337, 120.76
2026/09/06 06:47:32.698, 1, 0, 109810, 125.52
2026/09/06 06:47:33.700, 0, 0, 37295, 120.93
2026/09/06 06:47:33.701, 1, 0, 109810, 125.43
2026/09/06 06:47:34.703, 0, 0, 37295, 120.60
2026/09/06 06:47:34.705, 1, 0, 109810, 125.38
2026/09/06 06:47:35.707, 0, 96, 13227, 124.50
2026/09/06 06:47:35.708, 1, 0, 109810, 125.45
2026/09/06 06:47:36.710, 0, 0, 13227, 120.72
2026/09/06 06:47:36.712, 1, 0, 109810, 125.48
2026/09/06 06:47:37.713, 0, 0, 13227, 120.73
2026/09/06 06:47:37.715, 1, 0, 109810, 125.59
2026/09/06 06:47:38.717, 0, 0, 13227, 120.73
2026/09/06 06:47:38.719, 1, 0, 109810, 125.41
2026/09/06 06:47:39.720, 0, 0, 13227, 120.69
2026/09/06 06:47:39.722, 1, 100, 109810, 289.97
2026/09/06 06:47:40.724, 0, 0, 13227, 120.66
2026/09/06 06:47:40.725, 1, 100, 109810, 458.74
2026/09/06 06:47:41.728, 0, 0, 13227, 120.68
2026/09/06 06:47:41.730, 1, 100, 109810, 458.00
2026/09/06 06:47:42.731, 0, 0, 13227, 120.68
2026/09/06 06:47:42.733, 1, 100, 109810, 466.45
2026/09/06 06:47:43.734, 0, 0, 13227, 120.75
2026/09/06 06:47:43.736, 1, 100, 109810, 468.06
2026/09/06 06:47:44.738, 0, 0, 13227, 120.61
2026/09/06 06:47:44.740, 1, 100, 109810, 469.73
2026/09/06 06:47:45.742, 0, 0, 13227, 120.74
2026/09/06 06:47:45.743, 1, 100, 109810, 475.94
2026/09/06 06:47:46.746, 0, 0, 13227, 120.67
2026/09/06 06:47:46.747, 1, 100, 109810, 479.57
2026/09/06 06:47:47.750, 0, 0, 13227, 120.68
2026/09/06 06:47:47.752, 1, 100, 109810, 494.07
2026/09/06 06:47:48.754, 0, 0, 13227, 120.67
2026/09/06 06:47:48.758, 1, 100, 109810, 488.52
2026/09/06 06:47:49.760, 0, 0, 13227, 120.67
2026/09/06 06:47:49.761, 1, 100, 109810, 489.43
2026/09/06 06:47:50.763, 0, 0, 13227, 120.72
2026/09/06 06:47:50.765, 1, 100, 109810, 495.13
2026/09/06 06:47:51.768, 0, 0, 13227, 120.69
2026/09/06 06:47:51.769, 1, 100, 109810, 497.85
2026/09/06 06:47:52.772, 0, 0, 13227, 120.80
2026/09/06 06:47:52.774, 1, 100, 109810, 503.44
2026/09/06 06:47:53.777, 0, 0, 13227, 120.66
2026/09/06 06:47:53.779, 1, 100, 109810, 509.87
2026/09/06 06:47:54.783, 0, 0, 13227, 120.54
2026/09/06 06:47:54.786, 1, 100, 109810, 510.77
2026/09/06 06:47:55.788, 0, 0, 13227, 120.69
2026/09/06 06:47:55.790, 1, 100, 109810, 507.48
2026/09/06 06:47:56.792, 0, 0, 13227, 120.66
2026/09/06 06:47:56.794, 1, 100, 109810, 516.85
2026/09/06 06:47:57.795, 0, 0, 13227, 120.62
2026/09/06 06:47:57.797, 1, 100, 109810, 512.33
2026/09/06 06:47:58.800, 0, 0, 13227, 120.76
2026/09/06 06:47:58.803, 1, 100, 109810, 524.17
2026/09/06 06:47:59.805, 0, 0, 13227, 120.71
2026/09/06 06:47:59.808, 1, 100, 109810, 529.19
2026/09/06 06:48:00.811, 0, 0, 13227, 120.69
2026/09/06 06:48:00.818, 1, 100, 109810, 530.75
2026/09/06 06:48:01.825, 0, 0, 13227, 120.68
2026/09/06 06:48:01.826, 1, 100, 109810, 530.30
2026/09/06 06:48:02.828, 0, 0, 13227, 120.70
2026/09/06 06:48:02.830, 1, 100, 109810, 538.27
2026/09/06 06:48:03.833, 0, 0, 13227, 120.68
2026/09/06 06:48:03.834, 1, 100, 109810, 545.89
2026/09/06 06:48:04.837, 0, 0, 13227, 120.63
2026/09/06 06:48:04.839, 1, 100, 109810, 535.13
2026/09/06 06:48:05.842, 0, 0, 13227, 120.61
2026/09/06 06:48:05.844, 1, 100, 109810, 519.33
2026/09/06 06:48:06.846, 0, 0, 13227, 120.67
2026/09/06 06:48:06.848, 1, 100, 109810, 534.95
2026/09/06 06:48:07.850, 0, 0, 13227, 120.72
2026/09/06 06:48:07.854, 1, 100, 109810, 546.42
2026/09/06 06:48:08.856, 0, 0, 13227, 120.67
2026/09/06 06:48:08.858, 1, 100, 109810, 547.67
2026/09/06 06:48:09.860, 0, 0, 13227, 120.60
2026/09/06 06:48:09.862, 1, 100, 109810, 552.10
2026/09/06 06:48:10.863, 0, 0, 13227, 120.63
2026/09/06 06:48:10.866, 1, 100, 109810, 554.89
2026/09/06 06:48:11.868, 0, 0, 13227, 120.66
2026/09/06 06:48:11.870, 1, 100, 109810, 556.51
2026/09/06 06:48:12.872, 0, 0, 13227, 120.68
2026/09/06 06:48:12.874, 1, 100, 109810, 562.66
2026/09/06 06:48:13.876, 0, 0, 13227, 120.60
2026/09/06 06:48:13.878, 1, 100, 109810, 561.31
2026/09/06 06:48:14.880, 0, 0, 13227, 120.62
2026/09/06 06:48:14.883, 1, 100, 109810, 563.56
2026/09/06 06:48:15.885, 0, 0, 13227, 120.41
2026/09/06 06:48:15.887, 1, 100, 109810, 562.00
2026/09/06 06:48:16.889, 0, 0, 13227, 120.54
2026/09/06 06:48:16.891, 1, 100, 109810, 568.33
2026/09/06 06:48:17.893, 0, 0, 13227, 120.58
2026/09/06 06:48:17.895, 1, 100, 109810, 560.97
2026/09/06 06:48:18.897, 0, 0, 13227, 120.49
2026/09/06 06:48:18.899, 1, 100, 109810, 573.35
2026/09/06 06:48:19.900, 0, 0, 13227, 120.55
2026/09/06 06:48:19.904, 1, 100, 109810, 579.16
2026/09/06 06:48:20.907, 0, 0, 13227, 120.38
2026/09/06 06:48:20.909, 1, 100, 109810, 570.51
2026/09/06 06:48:21.910, 0, 0, 13227, 120.40
2026/09/06 06:48:21.912, 1, 100, 109810, 573.63
2026/09/06 06:48:22.914, 0, 0, 13227, 120.24
2026/09/06 06:48:22.916, 1, 100, 109810, 581.76
2026/09/06 06:48:23.919, 0, 0, 13227, 120.29
2026/09/06 06:48:23.920, 1, 100, 109810, 580.29
2026/09/06 06:48:24.922, 0, 0, 13227, 120.15
2026/09/06 06:48:24.925, 1, 100, 109810, 580.97
2026/09/06 06:48:25.927, 0, 0, 13227, 120.24
2026/09/06 06:48:25.929, 1, 100, 109810, 588.69
2026/09/06 06:48:26.931, 0, 0, 13227, 120.01
2026/09/06 06:48:26.933, 1, 100, 109810, 588.14
2026/09/06 06:48:27.935, 0, 0, 13227, 120.11
2026/09/06 06:48:27.937, 1, 100, 109810, 584.65
2026/09/06 06:48:28.939, 0, 0, 13227, 120.03
2026/09/06 06:48:28.941, 1, 100, 109810, 591.60
2026/09/06 06:48:29.943, 0, 0, 13227, 120.10
2026/09/06 06:48:29.945, 1, 100, 109810, 588.07
2026/09/06 06:48:30.948, 0, 0, 13227, 120.01
2026/09/06 06:48:30.949, 1, 100, 109810, 588.08
2026/09/06 06:48:31.951, 0, 0, 13227, 119.92
2026/09/06 06:48:31.952, 1, 100, 109810, 594.93
2026/09/06 06:48:32.954, 0, 0, 13227, 120.07
2026/09/06 06:48:32.956, 1, 86, 109810, 514.57
2026/09/06 06:48:33.957, 0, 0, 13227, 119.78
2026/09/06 06:48:33.959, 1, 100, 109810, 400.74
2026/09/06 06:48:34.960, 0, 0, 13227, 119.89
2026/09/06 06:48:34.966, 1, 100, 109810, 566.07
2026/09/06 06:48:35.974, 0, 0, 13227, 119.82
2026/09/06 06:48:35.976, 1, 100, 109810, 541.21
2026/09/06 06:48:36.977, 0, 0, 13227, 119.83
2026/09/06 06:48:36.979, 1, 100, 109810, 554.23
2026/09/06 06:48:37.981, 0, 0, 13227, 119.71
2026/09/06 06:48:37.982, 1, 100, 109810, 553.43
2026/09/06 06:48:38.984, 0, 0, 13227, 119.74
2026/09/06 06:48:38.986, 1, 100, 109810, 551.31
2026/09/06 06:48:39.988, 0, 0, 13227, 119.62
2026/09/06 06:48:39.990, 1, 100, 109810, 563.11
2026/09/06 06:48:40.991, 0, 0, 13227, 119.60
2026/09/06 06:48:40.993, 1, 100, 109810, 563.50
2026/09/06 06:48:41.994, 0, 0, 13227, 119.74
2026/09/06 06:48:41.996, 1, 100, 109810, 553.92
2026/09/06 06:48:42.998, 0, 0, 13227, 119.62
2026/09/06 06:48:42.999, 1, 100, 109810, 560.03
2026/09/06 06:48:44.001, 0, 0, 13227, 119.59
2026/09/06 06:48:44.002, 1, 100, 109810, 565.85
2026/09/06 06:48:45.004, 0, 0, 13227, 119.55
2026/09/06 06:48:45.006, 1, 100, 109810, 557.77
2026/09/06 06:48:46.009, 0, 0, 13227, 119.75
2026/09/06 06:48:46.014, 1, 100, 109810, 569.70
2026/09/06 06:48:47.018, 0, 0, 13227, 119.63
2026/09/06 06:48:47.020, 1, 100, 109810, 560.98
2026/09/06 06:48:48.021, 0, 0, 13227, 119.52
2026/09/06 06:48:48.025, 1, 100, 109810, 572.08
2026/09/06 06:48:49.026, 0, 0, 13227, 119.46
2026/09/06 06:48:49.028, 1, 100, 109810, 568.52
2026/09/06 06:48:50.029, 0, 0, 13227, 119.40
2026/09/06 06:48:50.031, 1, 100, 109810, 559.43
2026/09/06 06:48:51.034, 0, 0, 13227, 119.54
2026/09/06 06:48:51.037, 1, 100, 109810, 568.02
2026/09/06 06:48:52.039, 0, 0, 13227, 119.52
2026/09/06 06:48:52.040, 1, 100, 109810, 570.77
2026/09/06 06:48:53.044, 0, 0, 13227, 119.42
2026/09/06 06:48:53.045, 1, 100, 109810, 576.29
2026/09/06 06:48:54.047, 0, 0, 13227, 119.48
2026/09/06 06:48:54.049, 1, 100, 109810, 583.07
2026/09/06 06:48:55.050, 0, 0, 13227, 119.47
2026/09/06 06:48:55.052, 1, 100, 109810, 553.53
2026/09/06 06:48:56.053, 0, 0, 13227, 119.53
2026/09/06 06:48:56.055, 1, 100, 109810, 566.64
2026/09/06 06:48:57.056, 0, 0, 13227, 119.33
2026/09/06 06:48:57.886, 1, 61, 109810, 546.68
2026/09/06 06:48:58.888, 0, 0, 13227, 119.30
2026/09/06 06:48:58.889, 1, 100, 109810, 559.43
2026/09/06 06:48:59.891, 0, 0, 13227, 119.45
2026/09/06 06:48:59.892, 1, 100, 109810, 554.69
2026/09/06 06:49:00.893, 0, 0, 13227, 119.38
2026/09/06 06:49:00.895, 1, 100, 109810, 560.61
2026/09/06 06:49:01.896, 0, 0, 13227, 119.11
2026/09/06 06:49:01.899, 1, 100, 109810, 556.54
2026/09/06 06:49:02.901, 0, 0, 13227, 119.28
2026/09/06 06:49:04.290, 1, 100, 109810, 490.43
2026/09/06 06:49:05.291, 0, 0, 13227, 119.21
2026/09/06 06:49:05.293, 1, 97, 109810, 587.63
2026/09/06 06:49:06.295, 0, 0, 13227, 119.39
2026/09/06 06:49:06.296, 1, 100, 109810, 581.67
2026/09/06 06:49:07.297, 0, 0, 13227, 119.24
2026/09/06 06:49:07.299, 1, 100, 109810, 599.58
2026/09/06 06:49:08.302, 0, 0, 13227, 119.60
2026/09/06 06:49:08.303, 1, 100, 109810, 608.65
2026/09/06 06:49:09.304, 0, 0, 13227, 119.42
2026/09/06 06:49:09.306, 1, 100, 109810, 594.30
2026/09/06 06:49:10.308, 0, 0, 13227, 119.54
2026/09/06 06:49:10.310, 1, 0, 109812, 519.54
2026/09/06 06:49:11.311, 0, 0, 13227, 119.40
2026/09/06 06:49:11.313, 1, 100, 110196, 358.95
2026/09/06 06:49:12.317, 0, 0, 13227, 119.53
2026/09/06 06:49:12.319, 1, 100, 110196, 489.83
2026/09/06 06:49:13.320, 0, 0, 13227, 119.46
2026/09/06 06:49:13.322, 1, 98, 110196, 496.57
2026/09/06 06:49:14.324, 0, 0, 13227, 119.46
2026/09/06 06:49:14.326, 1, 96, 110196, 497.03
2026/09/06 06:49:15.328, 0, 0, 13227, 119.60
2026/09/06 06:49:15.330, 1, 100, 110196, 506.76
2026/09/06 06:49:16.332, 0, 0, 13227, 119.49
2026/09/06 06:49:16.334, 1, 100, 110200, 480.57
2026/09/06 06:49:17.336, 0, 0, 13227, 119.54
2026/09/06 06:49:17.339, 1, 99, 110200, 506.89
2026/09/06 06:49:18.343, 0, 0, 13227, 119.49
2026/09/06 06:49:18.346, 1, 100, 110200, 512.83
2026/09/06 06:49:19.347, 0, 0, 13227, 119.57
2026/09/06 06:49:19.349, 1, 100, 110200, 516.74
2026/09/06 06:49:20.352, 0, 0, 13227, 119.60
2026/09/06 06:49:20.354, 1, 100, 110200, 527.38
2026/09/06 06:49:21.355, 0, 0, 13227, 119.57
2026/09/06 06:49:21.357, 1, 100, 110200, 433.67
2026/09/06 06:49:22.359, 0, 0, 13227, 119.74
2026/09/06 06:49:22.361, 1, 100, 110200, 523.37
2026/09/06 06:49:23.362, 0, 0, 13227, 119.72
2026/09/06 06:49:23.365, 1, 100, 110200, 523.97
2026/09/06 06:49:24.367, 0, 0, 13227, 119.71
2026/09/06 06:49:24.369, 1, 100, 110200, 514.62
2026/09/06 06:49:25.371, 0, 0, 13227, 119.70
2026/09/06 06:49:25.373, 1, 100, 110200, 514.12
2026/09/06 06:49:26.375, 0, 0, 13227, 119.70
2026/09/06 06:49:26.377, 1, 100, 110200, 524.53
2026/09/06 06:49:27.379, 0, 0, 13227, 119.77
2026/09/06 06:49:27.382, 1, 100, 110200, 443.83
2026/09/06 06:49:28.385, 0, 0, 13227, 119.61
2026/09/06 06:49:28.386, 1, 100, 110200, 517.33
2026/09/06 06:49:29.388, 0, 0, 13227, 119.76
2026/09/06 06:49:29.391, 1, 0, 110200, 456.94
2026/09/06 06:49:30.392, 0, 0, 13227, 119.83
2026/09/06 06:49:30.394, 1, 100, 110200, 505.07
2026/09/06 06:49:31.396, 0, 0, 13227, 119.89
2026/09/06 06:49:31.398, 1, 100, 110200, 524.77
2026/09/06 06:49:32.400, 0, 0, 13227, 119.75
2026/09/06 06:49:32.403, 1, 100, 110200, 522.09
2026/09/06 06:49:33.405, 0, 0, 13227, 119.81
2026/09/06 06:49:33.406, 1, 100, 110200, 525.53
2026/09/06 06:49:34.408, 0, 0, 13227, 119.76
2026/09/06 06:49:34.410, 1, 100, 110200, 532.15
2026/09/06 06:49:35.412, 0, 0, 13227, 119.95
2026/09/06 06:49:35.414, 1, 100, 110200, 526.96
2026/09/06 06:49:36.416, 0, 0, 13227, 120.01
2026/09/06 06:49:36.418, 1, 100, 110200, 536.45
2026/09/06 06:49:37.419, 0, 0, 13227, 119.72
2026/09/06 06:49:37.423, 1, 100, 110200, 535.48
2026/09/06 06:49:38.425, 0, 0, 13227, 119.79
2026/09/06 06:49:38.428, 1, 100, 110200, 539.56
2026/09/06 06:49:39.429, 0, 0, 13227, 119.69
2026/09/06 06:49:39.431, 1, 100, 110200, 532.72
2026/09/06 06:49:40.434, 0, 0, 13227, 119.77
2026/09/06 06:49:40.435, 1, 100, 110200, 543.55
2026/09/06 06:49:41.437, 0, 0, 13227, 119.89
2026/09/06 06:49:41.439, 1, 100, 110200, 549.76
2026/09/06 06:49:42.441, 0, 0, 13227, 119.82
2026/09/06 06:49:42.443, 1, 100, 110200, 540.75
2026/09/06 06:49:43.445, 0, 0, 13227, 119.83
2026/09/06 06:49:43.447, 1, 100, 110200, 543.03
2026/09/06 06:49:44.449, 0, 0, 13227, 119.93
2026/09/06 06:49:44.579, 1, 100, 110200, 549.00
2026/09/06 06:49:45.609, 0, 0, 13227, 119.76
2026/09/06 06:49:45.611, 1, 100, 110200, 542.66
2026/09/06 06:49:46.613, 0, 0, 13227, 119.73
2026/09/06 06:49:46.615, 1, 100, 110200, 548.02
2026/09/06 06:49:47.617, 0, 0, 13227, 119.72
2026/09/06 06:49:47.619, 1, 100, 110200, 552.28
2026/09/06 06:49:48.622, 0, 0, 13227, 119.77
2026/09/06 06:49:48.624, 1, 100, 110200, 551.66
2026/09/06 06:49:49.628, 0, 0, 13227, 119.76
2026/09/06 06:49:49.630, 1, 100, 110200, 550.52
2026/09/06 06:49:50.632, 0, 0, 13227, 119.67
2026/09/06 06:49:50.633, 1, 100, 110200, 553.01
2026/09/06 06:49:51.635, 0, 0, 13227, 119.77
2026/09/06 06:49:51.637, 1, 100, 110200, 551.65
2026/09/06 06:49:52.639, 0, 0, 13227, 119.80
2026/09/06 06:49:52.641, 1, 31, 110200, 481.35
2026/09/06 06:49:53.643, 0, 0, 13227, 119.77
2026/09/06 06:49:53.644, 1, 100, 110200, 553.54
2026/09/06 06:49:54.646, 0, 0, 13227, 119.79
2026/09/06 06:49:54.647, 1, 100, 110200, 552.36
2026/09/06 06:49:55.651, 0, 0, 13227, 119.72
2026/09/06 06:49:55.653, 1, 100, 110200, 539.63
2026/09/06 06:49:56.655, 0, 0, 13227, 119.64
2026/09/06 06:49:56.656, 1, 100, 110200, 555.69
2026/09/06 06:49:57.658, 0, 0, 13227, 119.70
2026/09/06 06:49:57.660, 1, 100, 110200, 543.87
2026/09/06 06:49:58.661, 0, 0, 13227, 119.48
2026/09/06 06:49:58.663, 1, 100, 110200, 553.22
2026/09/06 06:49:59.665, 0, 0, 13227, 119.68
2026/09/06 06:49:59.667, 1, 100, 110200, 541.31
2026/09/06 06:50:00.668, 0, 0, 13227, 119.61
2026/09/06 06:50:00.670, 1, 100, 110200, 558.35
2026/09/06 06:50:01.672, 0, 0, 13227, 119.85
2026/09/06 06:50:01.674, 1, 100, 110200, 560.31
2026/09/06 06:50:02.675, 0, 0, 13227, 119.82
2026/09/06 06:50:02.677, 1, 100, 110200, 567.84
2026/09/06 06:50:03.680, 0, 0, 13227, 119.75
2026/09/06 06:50:03.681, 1, 100, 110200, 563.84
2026/09/06 06:50:04.683, 0, 0, 13227, 119.75
2026/09/06 06:50:04.685, 1, 100, 110200, 574.48
2026/09/06 06:50:05.687, 0, 0, 13227, 119.48
2026/09/06 06:50:05.689, 1, 100, 110200, 590.78
2026/09/06 06:50:06.691, 0, 0, 13227, 119.76
2026/09/06 06:50:06.693, 1, 100, 110200, 560.57
2026/09/06 06:50:07.695, 0, 0, 13227, 119.64
2026/09/06 06:50:07.696, 1, 100, 110200, 577.48
2026/09/06 06:50:08.698, 0, 0, 13227, 119.71
2026/09/06 06:50:08.700, 1, 100, 110200, 548.39
2026/09/06 06:50:09.703, 0, 0, 13227, 119.51
2026/09/06 06:50:09.704, 1, 100, 110200, 405.69
2026/09/06 06:50:10.706, 0, 0, 13227, 119.56
2026/09/06 06:50:10.708, 1, 100, 110200, 526.34
2026/09/06 06:50:11.709, 0, 0, 13227, 119.66
2026/09/06 06:50:11.711, 1, 100, 110200, 539.38
2026/09/06 06:50:12.713, 0, 0, 13227, 119.56
2026/09/06 06:50:12.714, 1, 100, 110200, 538.89
2026/09/06 06:50:13.716, 0, 0, 13227, 119.64
2026/09/06 06:50:13.718, 1, 100, 110200, 545.86
2026/09/06 06:50:14.722, 0, 0, 13227, 119.65
2026/09/06 06:50:14.724, 1, 100, 110200, 544.94
2026/09/06 06:50:15.725, 0, 0, 13227, 119.67
2026/09/06 06:50:15.727, 1, 100, 110200, 552.86
2026/09/06 06:50:16.729, 0, 0, 13227, 119.61
2026/09/06 06:50:16.731, 1, 100, 110200, 565.22
2026/09/06 06:50:17.733, 0, 0, 13227, 119.48
2026/09/06 06:50:17.734, 1, 100, 110200, 561.07
2026/09/06 06:50:18.736, 0, 0, 13227, 119.66
2026/09/06 06:50:18.738, 1, 100, 110200, 562.57
2026/09/06 06:50:19.740, 0, 0, 13227, 119.64
2026/09/06 06:50:19.741, 1, 100, 110200, 564.65
2026/09/06 06:50:20.743, 0, 0, 13227, 119.63
2026/09/06 06:50:20.745, 1, 100, 110200, 566.94
2026/09/06 06:50:21.747, 0, 0, 13227, 119.65
2026/09/06 06:50:21.749, 1, 100, 110200, 560.74
2026/09/06 06:50:22.750, 0, 0, 13227, 119.47
2026/09/06 06:50:22.755, 1, 100, 110200, 563.82
2026/09/06 06:50:23.758, 0, 0, 13227, 119.70
2026/09/06 06:50:23.760, 1, 100, 110200, 566.99
2026/09/06 06:50:24.762, 0, 0, 13227, 119.58
2026/09/06 06:50:24.764, 1, 4, 110200, 476.77
2026/09/06 06:50:25.767, 0, 0, 13227, 119.57
2026/09/06 06:50:25.769, 1, 100, 110200, 559.54
2026/09/06 06:50:26.771, 0, 0, 13227, 119.57
2026/09/06 06:50:26.773, 1, 100, 110200, 562.25
2026/09/06 06:50:27.775, 0, 0, 13227, 119.67
2026/09/06 06:50:27.777, 1, 100, 110200, 560.90
2026/09/06 06:50:28.779, 0, 0, 13227, 119.59
2026/09/06 06:50:28.781, 1, 100, 110200, 567.29
2026/09/06 06:50:29.784, 0, 0, 13227, 119.67
2026/09/06 06:50:29.786, 1, 34, 110200, 478.18
2026/09/06 06:50:30.788, 0, 0, 13227, 119.56
2026/09/06 06:50:30.789, 1, 100, 110200, 555.29
2026/09/06 06:50:31.791, 0, 0, 13227, 119.44
2026/09/06 06:50:31.792, 1, 100, 110200, 551.26
2026/09/06 06:50:32.794, 0, 0, 13227, 119.59
2026/09/06 06:50:32.795, 1, 4, 110200, 473.23
2026/09/06 06:50:33.797, 0, 0, 13227, 119.56
2026/09/06 06:50:33.799, 1, 100, 110200, 547.26
2026/09/06 06:50:34.800, 0, 0, 13227, 119.55
2026/09/06 06:50:34.804, 1, 100, 110200, 559.37
2026/09/06 06:50:35.805, 0, 0, 13227, 119.56
2026/09/06 06:50:35.808, 1, 97, 110200, 563.02
2026/09/06 06:50:36.810, 0, 0, 13227, 119.57
2026/09/06 06:50:36.816, 1, 100, 110200, 559.43
2026/09/06 06:50:37.825, 0, 0, 13227, 119.66
2026/09/06 06:50:37.827, 1, 100, 110200, 565.24
2026/09/06 06:50:38.830, 0, 0, 13227, 119.41
2026/09/06 06:50:38.832, 1, 100, 110200, 562.01
2026/09/06 06:50:39.834, 0, 0, 13227, 119.63
2026/09/06 06:50:39.836, 1, 100, 110200, 561.90
2026/09/06 06:50:40.838, 0, 0, 13227, 119.60
2026/09/06 06:50:40.840, 1, 100, 110200, 565.25
2026/09/06 06:50:41.843, 0, 0, 13227, 119.52
2026/09/06 06:50:41.845, 1, 100, 110200, 568.59
2026/09/06 06:50:42.846, 0, 0, 13227, 119.50
2026/09/06 06:50:42.848, 1, 100, 110200, 573.07
2026/09/06 06:50:43.850, 0, 0, 13227, 119.67
2026/09/06 06:50:43.852, 1, 100, 110200, 585.98
2026/09/06 06:50:44.853, 0, 0, 13227, 119.59
2026/09/06 06:50:44.855, 1, 52, 110202, 513.38
2026/09/06 06:50:45.857, 0, 0, 13227, 119.57
2026/09/06 06:50:45.858, 1, 100, 110202, 544.64
2026/09/06 06:50:46.860, 0, 0, 13227, 119.59
2026/09/06 06:50:46.872, 1, 100, 110202, 549.28
2026/09/06 06:50:47.877, 0, 0, 13227, 119.59
2026/09/06 06:50:47.879, 1, 100, 110202, 518.75
2026/09/06 06:50:48.881, 0, 0, 13227, 119.66
2026/09/06 06:50:48.883, 1, 100, 110202, 457.83
2026/09/06 06:50:49.885, 0, 0, 13227, 119.65
2026/09/06 06:50:49.887, 1, 100, 110202, 531.50
2026/09/06 06:50:50.888, 0, 0, 13227, 119.63
2026/09/06 06:50:50.890, 1, 100, 110202, 540.93
2026/09/06 06:50:51.892, 0, 0, 13227, 119.70
2026/09/06 06:50:51.894, 1, 100, 110202, 537.02
2026/09/06 06:50:52.895, 0, 0, 13227, 119.71
2026/09/06 06:50:52.897, 1, 100, 110202, 533.80
2026/09/06 06:50:53.899, 0, 0, 13227, 119.71
2026/09/06 06:50:53.901, 1, 100, 110202, 536.42
2026/09/06 06:50:54.903, 0, 0, 13227, 119.69
2026/09/06 06:50:54.905, 1, 100, 110202, 542.91
2026/09/06 06:50:55.906, 0, 0, 13227, 119.77
2026/09/06 06:50:55.908, 1, 100, 110202, 542.87
2026/09/06 06:50:56.910, 0, 0, 13227, 119.85
2026/09/06 06:50:56.912, 1, 100, 110202, 452.66
2026/09/06 06:50:57.916, 0, 0, 13227, 119.73
2026/09/06 06:50:57.918, 1, 96, 110202, 544.49
2026/09/06 06:50:58.920, 0, 0, 13227, 119.79
2026/09/06 06:50:58.922, 1, 100, 110202, 550.45
2026/09/06 06:50:59.923, 0, 0, 13227, 119.68
2026/09/06 06:50:59.926, 1, 100, 110202, 543.15
2026/09/06 06:51:00.927, 0, 0, 13227, 119.82
2026/09/06 06:51:00.929, 1, 100, 110202, 467.23
2026/09/06 06:51:01.931, 0, 0, 13227, 119.84
2026/09/06 06:51:01.933, 1, 100, 110202, 550.60
2026/09/06 06:51:02.935, 0, 0, 13227, 119.77
2026/09/06 06:51:02.937, 1, 0, 110202, 461.58
2026/09/06 06:51:03.938, 0, 0, 13227, 119.91
2026/09/06 06:51:03.940, 1, 100, 110202, 546.60
2026/09/06 06:51:04.942, 0, 0, 13227, 119.93
2026/09/06 06:51:04.950, 1, 100, 110202, 526.78
2026/09/06 06:51:05.952, 0, 0, 13227, 119.94
2026/09/06 06:51:05.954, 1, 100, 110202, 457.36
2026/09/06 06:51:06.956, 0, 0, 13227, 120.00
2026/09/06 06:51:06.958, 1, 100, 110202, 538.45
2026/09/06 06:51:07.960, 0, 0, 13227, 119.95
2026/09/06 06:51:07.963, 1, 100, 110202, 539.89
2026/09/06 06:51:08.965, 0, 0, 13227, 119.97
2026/09/06 06:51:08.967, 1, 100, 110202, 535.01
2026/09/06 06:51:09.969, 0, 0, 13227, 119.97
2026/09/06 06:51:09.972, 1, 100, 110202, 538.18
2026/09/06 06:51:10.973, 0, 0, 13227, 120.08
2026/09/06 06:51:10.975, 1, 29, 110202, 462.70
2026/09/06 06:51:11.976, 0, 0, 13227, 120.06
2026/09/06 06:51:11.978, 1, 100, 110202, 545.13
2026/09/06 06:51:12.980, 0, 0, 13227, 120.04
2026/09/06 06:51:12.982, 1, 100, 110202, 535.83
2026/09/06 06:51:13.983, 0, 0, 13227, 120.00
2026/09/06 06:51:13.985, 1, 100, 110202, 536.27
2026/09/06 06:51:14.986, 0, 0, 13227, 119.97
2026/09/06 06:51:14.989, 1, 100, 110202, 550.00
2026/09/06 06:51:15.991, 0, 0, 13227, 120.00
2026/09/06 06:51:15.993, 1, 100, 110202, 537.68
2026/09/06 06:51:16.995, 0, 0, 13227, 119.93
2026/09/06 06:51:16.997, 1, 100, 110202, 534.95
2026/09/06 06:51:17.998, 0, 0, 13227, 120.02
2026/09/06 06:51:18.000, 1, 100, 110202, 538.50
2026/09/06 06:51:19.002, 0, 0, 13227, 120.00
2026/09/06 06:51:19.004, 1, 100, 110202, 547.69
2026/09/06 06:51:20.006, 0, 0, 13227, 120.01
2026/09/06 06:51:20.008, 1, 100, 110202, 538.36
2026/09/06 06:51:21.010, 0, 0, 13227, 119.91
2026/09/06 06:51:21.012, 1, 100, 110202, 542.13
2026/09/06 06:51:22.014, 0, 0, 13227, 119.89
2026/09/06 06:51:22.015, 1, 100, 110202, 555.88
2026/09/06 06:51:23.017, 0, 0, 13227, 119.92
2026/09/06 06:51:23.019, 1, 69, 110202, 452.62
2026/09/06 06:51:24.021, 0, 0, 13227, 119.92
2026/09/06 06:51:24.023, 1, 100, 110202, 556.47
2026/09/06 06:51:25.025, 0, 0, 13227, 119.97
2026/09/06 06:51:25.027, 1, 100, 110202, 554.10
2026/09/06 06:51:26.029, 0, 0, 13227, 119.91
2026/09/06 06:51:26.031, 1, 100, 110202, 552.60
2026/09/06 06:51:27.032, 0, 0, 13227, 119.88
2026/09/06 06:51:27.034, 1, 100, 110202, 554.03
2026/09/06 06:51:28.036, 0, 0, 13227, 119.98
2026/09/06 06:51:28.037, 1, 100, 110202, 537.18
2026/09/06 06:51:29.039, 0, 0, 13227, 119.90
2026/09/06 06:51:29.041, 1, 100, 110202, 489.02
2026/09/06 06:51:30.042, 0, 0, 13227, 119.92
2026/09/06 06:51:30.044, 1, 100, 110202, 549.58
2026/09/06 06:51:31.046, 0, 0, 13227, 120.01
2026/09/06 06:51:31.048, 1, 100, 110202, 562.79
2026/09/06 06:51:32.050, 0, 0, 13227, 120.04
2026/09/06 06:51:32.052, 1, 100, 110202, 549.61
2026/09/06 06:51:33.053, 0, 0, 13227, 119.94
2026/09/06 06:51:33.055, 1, 100, 110202, 557.24
2026/09/06 06:51:34.056, 0, 0, 13227, 120.14
2026/09/06 06:51:34.058, 1, 100, 110202, 565.26
2026/09/06 06:51:35.060, 0, 0, 13227, 120.15
2026/09/06 06:51:35.061, 1, 100, 110202, 559.99
2026/09/06 06:51:36.063, 0, 0, 13227, 120.06
2026/09/06 06:51:36.065, 1, 100, 110202, 564.35
2026/09/06 06:51:37.067, 0, 0, 13227, 120.22
2026/09/06 06:51:37.069, 1, 100, 110202, 558.77
2026/09/06 06:51:38.070, 0, 0, 13227, 120.19
2026/09/06 06:51:38.072, 1, 100, 110202, 560.84
2026/09/06 06:51:39.075, 0, 0, 13227, 120.20
2026/09/06 06:51:39.076, 1, 100, 110202, 567.99
2026/09/06 06:51:40.078, 0, 0, 13227, 120.14
2026/09/06 06:51:40.080, 1, 100, 110202, 573.88
2026/09/06 06:51:41.081, 0, 0, 13227, 120.28
2026/09/06 06:51:41.083, 1, 100, 110202, 568.02
2026/09/06 06:51:42.085, 0, 0, 13227, 120.09
2026/09/06 06:51:42.086, 1, 100, 110202, 570.81
2026/09/06 06:51:43.088, 0, 0, 13227, 120.32
2026/09/06 06:51:43.090, 1, 100, 110202, 568.68
2026/09/06 06:51:44.091, 0, 0, 13227, 120.19
2026/09/06 06:51:44.093, 1, 100, 110202, 519.98
2026/09/06 06:51:45.094, 0, 0, 13227, 120.40
2026/09/06 06:51:45.096, 1, 100, 110202, 457.29
2026/09/06 06:51:46.098, 0, 0, 13227, 120.33
2026/09/06 06:51:46.100, 1, 100, 110202, 559.78
2026/09/06 06:51:47.101, 0, 0, 13227, 120.48
2026/09/06 06:51:47.103, 1, 100, 110202, 548.81
2026/09/06 06:51:48.105, 0, 0, 13227, 120.28
2026/09/06 06:51:48.106, 1, 100, 110202, 555.27
2026/09/06 06:51:49.108, 0, 0, 13227, 120.27
2026/09/06 06:51:49.110, 1, 100, 110202, 565.59
2026/09/06 06:51:50.112, 0, 0, 13227, 120.21
2026/09/06 06:51:50.114, 1, 100, 110202, 557.10
2026/09/06 06:51:51.115, 0, 0, 13227, 120.37
2026/09/06 06:51:51.117, 1, 100, 110202, 558.41
2026/09/06 06:51:52.119, 0, 0, 13227, 120.69
2026/09/06 06:51:52.127, 1, 100, 110202, 571.85
2026/09/06 06:51:53.128, 0, 0, 13227, 120.24
2026/09/06 06:51:53.131, 1, 100, 110202, 552.66
2026/09/06 06:51:54.133, 0, 0, 13227, 120.32
2026/09/06 06:51:54.134, 1, 100, 110202, 579.69
2026/09/06 06:51:55.136, 0, 0, 13227, 120.41
2026/09/06 06:51:55.138, 1, 100, 110202, 585.28
2026/09/06 06:51:56.140, 0, 0, 13227, 120.33
2026/09/06 06:51:56.142, 1, 100, 110202, 562.24
2026/09/06 06:51:57.143, 0, 0, 13227, 120.36
2026/09/06 06:51:57.146, 1, 100, 110202, 587.07
2026/09/06 06:51:58.149, 0, 0, 13227, 120.18
2026/09/06 06:51:58.150, 1, 100, 110202, 578.87
2026/09/06 06:51:59.152, 0, 0, 13227, 120.29
2026/09/06 06:51:59.154, 1, 100, 110202, 575.45
2026/09/06 06:52:00.156, 0, 0, 13227, 120.17
2026/09/06 06:52:00.158, 1, 61, 110202, 580.51
2026/09/06 06:52:01.160, 0, 0, 13227, 120.09
2026/09/06 06:52:01.162, 1, 100, 110202, 573.73
2026/09/06 06:52:02.163, 0, 0, 13227, 120.26
2026/09/06 06:52:02.166, 1, 100, 110202, 547.91
2026/09/06 06:52:03.168, 0, 0, 13227, 120.23
2026/09/06 06:52:03.170, 1, 100, 110202, 522.53
2026/09/06 06:52:04.171, 0, 0, 13227, 120.22
2026/09/06 06:52:04.174, 1, 100, 110202, 568.87
2026/09/06 06:52:05.176, 0, 0, 13227, 120.28
2026/09/06 06:52:05.178, 1, 100, 110202, 517.71
2026/09/06 06:52:06.179, 0, 0, 13227, 120.19
2026/09/06 06:52:06.181, 1, 100, 110202, 497.19
2026/09/06 06:52:07.182, 0, 0, 13227, 120.26
2026/09/06 06:52:07.184, 1, 100, 110202, 546.00
2026/09/06 06:52:08.185, 0, 0, 13227, 120.02
2026/09/06 06:52:08.188, 1, 100, 110202, 556.47
2026/09/06 06:52:09.190, 0, 0, 13227, 120.08
2026/09/06 06:52:09.192, 1, 100, 110202, 565.32
2026/09/06 06:52:10.194, 0, 0, 13227, 119.98
2026/09/06 06:52:10.196, 1, 98, 110202, 528.52
2026/09/06 06:52:11.197, 0, 0, 13227, 120.30
2026/09/06 06:52:11.199, 1, 100, 110202, 569.51
2026/09/06 06:52:12.201, 0, 0, 13227, 120.17
2026/09/06 06:52:12.202, 1, 100, 110202, 574.80
2026/09/06 06:52:13.205, 0, 0, 13227, 120.01
2026/09/06 06:52:13.206, 1, 100, 110202, 570.10
2026/09/06 06:52:14.208, 0, 0, 13227, 120.01
2026/09/06 06:52:14.210, 1, 100, 110202, 577.05
2026/09/06 06:52:15.212, 0, 0, 13227, 120.06
2026/09/06 06:52:16.252, 1, 100, 110202, 560.83
2026/09/06 06:52:17.254, 0, 0, 13227, 120.03
2026/09/06 06:52:18.178, 1, 100, 110202, 589.70
2026/09/06 06:52:19.181, 0, 0, 13227, 120.03
2026/09/06 06:52:19.183, 1, 100, 110202, 566.68
2026/09/06 06:52:20.185, 0, 0, 13227, 120.02
2026/09/06 06:52:20.187, 1, 100, 110202, 570.32
2026/09/06 06:52:21.188, 0, 0, 13227, 120.04
2026/09/06 06:52:21.191, 1, 100, 110204, 453.92
2026/09/06 06:52:22.193, 0, 0, 13227, 120.03
2026/09/06 06:52:22.195, 1, 100, 110204, 540.03
2026/09/06 06:52:23.196, 0, 0, 13227, 119.90
2026/09/06 06:52:23.199, 1, 67, 110204, 515.15
2026/09/06 06:52:24.200, 0, 0, 13227, 119.90
2026/09/06 06:52:24.203, 1, 100, 110204, 555.69
2026/09/06 06:52:25.204, 0, 0, 13227, 119.97
2026/09/06 06:52:25.206, 1, 100, 110204, 552.52
2026/09/06 06:52:26.207, 0, 0, 13227, 119.92
2026/09/06 06:52:26.209, 1, 100, 110204, 567.62
2026/09/06 06:52:27.210, 0, 0, 13227, 119.89
2026/09/06 06:52:27.212, 1, 100, 110204, 563.36
2026/09/06 06:52:28.213, 0, 0, 13227, 119.90
2026/09/06 06:52:28.215, 1, 100, 110204, 558.02
2026/09/06 06:52:29.216, 0, 0, 13227, 119.99
2026/09/06 06:52:29.218, 1, 95, 110204, 563.76
2026/09/06 06:52:30.219, 0, 0, 13227, 119.87
2026/09/06 06:52:30.221, 1, 100, 110204, 572.39
2026/09/06 06:52:31.223, 0, 0, 13227, 119.88
2026/09/06 06:52:31.224, 1, 100, 110204, 559.85
2026/09/06 06:52:32.226, 0, 0, 13227, 119.94
2026/09/06 06:52:32.228, 1, 100, 110204, 537.84
2026/09/06 06:52:33.229, 0, 0, 13227, 119.96
2026/09/06 06:52:33.230, 1, 100, 110204, 556.34
2026/09/06 06:52:34.232, 0, 0, 13227, 119.92
2026/09/06 06:52:34.234, 1, 100, 110204, 545.29
2026/09/06 06:52:35.235, 0, 0, 13227, 119.87
2026/09/06 06:52:35.237, 1, 100, 110204, 549.82
2026/09/06 06:52:36.238, 0, 0, 13227, 119.96
2026/09/06 06:52:36.240, 1, 100, 110204, 534.02
2026/09/06 06:52:37.241, 0, 0, 13227, 119.89
2026/09/06 06:52:37.243, 1, 100, 110204, 532.12
2026/09/06 06:52:38.244, 0, 0, 13227, 119.84
2026/09/06 06:52:38.246, 1, 96, 110204, 537.43
2026/09/06 06:52:39.247, 0, 0, 13227, 119.86
2026/09/06 06:52:39.249, 1, 100, 110204, 543.84
2026/09/06 06:52:40.250, 0, 0, 13227, 120.01
2026/09/06 06:52:40.252, 1, 100, 110204, 550.77
2026/09/06 06:52:41.253, 0, 0, 13227, 119.90
2026/09/06 06:52:41.256, 1, 100, 110204, 537.03
2026/09/06 06:52:42.257, 0, 0, 13227, 119.94
2026/09/06 06:52:42.259, 1, 100, 110204, 549.85
2026/09/06 06:52:43.260, 0, 0, 13227, 119.90
2026/09/06 06:52:43.262, 1, 100, 110204, 560.24
2026/09/06 06:52:44.263, 0, 0, 13227, 119.95
2026/09/06 06:52:44.265, 1, 100, 110204, 549.10
2026/09/06 06:52:45.267, 0, 0, 13227, 120.04
2026/09/06 06:52:45.269, 1, 100, 110204, 555.59
2026/09/06 06:52:46.270, 0, 0, 13227, 120.07
2026/09/06 06:52:46.276, 1, 100, 110204, 559.36
2026/09/06 06:52:47.277, 0, 0, 13227, 119.88
2026/09/06 06:52:47.279, 1, 100, 110204, 474.02
2026/09/06 06:52:48.280, 0, 0, 13227, 119.87
2026/09/06 06:52:48.282, 1, 100, 110204, 543.31
2026/09/06 06:52:49.284, 0, 0, 13227, 119.97
2026/09/06 06:52:49.285, 1, 100, 110204, 551.10
2026/09/06 06:52:50.287, 0, 0, 13227, 119.93
2026/09/06 06:52:50.289, 1, 100, 110204, 544.74
2026/09/06 06:52:51.292, 0, 0, 13227, 119.97
2026/09/06 06:52:51.294, 1, 100, 110204, 548.38
2026/09/06 06:52:52.296, 0, 0, 13227, 119.95
2026/09/06 06:52:52.298, 1, 100, 110204, 551.91
2026/09/06 06:52:53.300, 0, 0, 13227, 119.98
2026/09/06 06:52:53.302, 1, 100, 110206, 471.21
2026/09/06 06:52:54.303, 0, 0, 13227, 119.80
2026/09/06 06:52:54.305, 1, 100, 110206, 547.58
2026/09/06 06:52:55.306, 0, 0, 13227, 119.95
2026/09/06 06:52:55.309, 1, 100, 110206, 549.47
2026/09/06 06:52:56.310, 0, 0, 13227, 120.08
2026/09/06 06:52:56.312, 1, 100, 110206, 553.29
2026/09/06 06:52:57.314, 0, 0, 13227, 119.96
2026/09/06 06:52:57.316, 1, 100, 110206, 557.59
2026/09/06 06:52:58.317, 0, 0, 13227, 119.83
2026/09/06 06:52:58.318, 1, 100, 110206, 551.36
2026/09/06 06:52:59.320, 0, 0, 13227, 119.89
2026/09/06 06:52:59.322, 1, 100, 110206, 535.66
2026/09/06 06:53:00.323, 0, 0, 13227, 119.90
2026/09/06 06:53:00.325, 1, 100, 110206, 562.26
2026/09/06 06:53:01.327, 0, 0, 13227, 119.95
2026/09/06 06:53:01.329, 1, 100, 110206, 556.66
2026/09/06 06:53:02.330, 0, 0, 13227, 119.93
2026/09/06 06:53:02.333, 1, 61, 110206, 539.95
2026/09/06 06:53:03.334, 0, 0, 13227, 119.86
2026/09/06 06:53:03.336, 1, 62, 110206, 528.41
2026/09/06 06:53:04.337, 0, 0, 13227, 119.93
2026/09/06 06:53:04.339, 1, 100, 110206, 533.63
2026/09/06 06:53:05.341, 0, 0, 13227, 119.88
2026/09/06 06:53:05.342, 1, 100, 110206, 541.93
2026/09/06 06:53:06.343, 0, 0, 13227, 119.89
2026/09/06 06:53:06.345, 1, 100, 110206, 545.77
2026/09/06 06:53:07.346, 0, 0, 13227, 120.03
2026/09/06 06:53:07.348, 1, 100, 110206, 536.99
2026/09/06 06:53:08.350, 0, 0, 13227, 119.93
2026/09/06 06:53:08.351, 1, 100, 110206, 549.98
2026/09/06 06:53:09.352, 0, 0, 13227, 119.88
2026/09/06 06:53:09.355, 1, 100, 110206, 527.92
2026/09/06 06:53:10.357, 0, 0, 13227, 119.83
2026/09/06 06:53:10.359, 1, 100, 110206, 549.43
2026/09/06 06:53:11.360, 0, 0, 13227, 119.95
2026/09/06 06:53:11.365, 1, 100, 110206, 548.19
2026/09/06 06:53:12.366, 0, 0, 13227, 119.94
2026/09/06 06:53:12.368, 1, 100, 110206, 551.06
2026/09/06 06:53:13.369, 0, 0, 13227, 120.00
2026/09/06 06:53:13.372, 1, 100, 110206, 548.04
2026/09/06 06:53:14.374, 0, 0, 13227, 119.90
2026/09/06 06:53:14.375, 1, 100, 110206, 553.38
2026/09/06 06:53:15.377, 0, 0, 13227, 119.86
2026/09/06 06:53:15.380, 1, 100, 110206, 561.08
2026/09/06 06:53:16.383, 0, 0, 13227, 119.81
2026/09/06 06:53:16.385, 1, 100, 110206, 562.55
2026/09/06 06:53:17.386, 0, 0, 13227, 119.90
2026/09/06 06:53:17.388, 1, 100, 110206, 559.63
2026/09/06 06:53:18.391, 0, 0, 13227, 119.88
2026/09/06 06:53:18.392, 1, 100, 110206, 571.11
2026/09/06 06:53:19.394, 0, 0, 13227, 119.88
2026/09/06 06:53:19.396, 1, 100, 110206, 559.03
2026/09/06 06:53:20.399, 0, 0, 13227, 119.85
2026/09/06 06:53:20.400, 1, 100, 110206, 517.52
2026/09/06 06:53:21.402, 0, 0, 13227, 119.95
2026/09/06 06:53:21.407, 1, 100, 110206, 542.64
2026/09/06 06:53:22.409, 0, 0, 13227, 119.90
2026/09/06 06:53:22.411, 1, 100, 110206, 549.06
2026/09/06 06:53:23.413, 0, 0, 13227, 119.86
2026/09/06 06:53:23.415, 1, 100, 110206, 555.53
2026/09/06 06:53:24.418, 0, 0, 13227, 119.91
2026/09/06 06:53:24.419, 1, 100, 110206, 562.63
2026/09/06 06:53:25.421, 0, 0, 13227, 119.85
2026/09/06 06:53:25.423, 1, 100, 110206, 557.72
2026/09/06 06:53:26.425, 0, 0, 13227, 119.92
2026/09/06 06:53:26.427, 1, 100, 110206, 555.18
2026/09/06 06:53:27.428, 0, 0, 13227, 119.94
2026/09/06 06:53:27.430, 1, 100, 110206, 566.69
2026/09/06 06:53:28.432, 0, 0, 13227, 119.88
2026/09/06 06:53:28.433, 1, 100, 110206, 559.34
2026/09/06 06:53:29.435, 0, 0, 13227, 119.95
2026/09/06 06:53:29.437, 1, 100, 110206, 559.56
2026/09/06 06:53:30.438, 0, 0, 13227, 119.94
2026/09/06 06:53:30.440, 1, 100, 110206, 569.11
2026/09/06 06:53:31.441, 0, 0, 13227, 119.69
2026/09/06 06:53:31.443, 1, 100, 110206, 562.46
2026/09/06 06:53:32.444, 0, 0, 13227, 119.85
2026/09/06 06:53:32.445, 1, 100, 110206, 502.65
2026/09/06 06:53:33.447, 0, 0, 13227, 119.73
2026/09/06 06:53:33.449, 1, 100, 110206, 562.12
2026/09/06 06:53:34.450, 0, 0, 13227, 119.73
2026/09/06 06:53:34.452, 1, 100, 110206, 571.72
2026/09/06 06:53:35.453, 0, 0, 13227, 119.69
2026/09/06 06:53:35.454, 1, 100, 110206, 572.97
2026/09/06 06:53:36.456, 0, 0, 13227, 119.63
2026/09/06 06:53:36.457, 1, 100, 110206, 500.14
2026/09/06 06:53:37.459, 0, 0, 13227, 119.88
2026/09/06 06:53:37.461, 1, 100, 110206, 556.68
2026/09/06 06:53:38.462, 0, 0, 13227, 119.67
2026/09/06 06:53:38.467, 1, 100, 110206, 546.08
2026/09/06 06:53:39.473, 0, 0, 13227, 119.74
2026/09/06 06:53:39.475, 1, 100, 110206, 551.97
2026/09/06 06:53:40.477, 0, 0, 13227, 119.63
2026/09/06 06:53:40.478, 1, 100, 110206, 542.71
2026/09/06 06:53:41.480, 0, 0, 13227, 119.74
2026/09/06 06:53:41.482, 1, 100, 110206, 561.27
2026/09/06 06:53:42.484, 0, 0, 13227, 119.74
2026/09/06 06:53:42.486, 1, 100, 110206, 553.65
2026/09/06 06:53:43.488, 0, 0, 13227, 119.65
2026/09/06 06:53:43.490, 1, 100, 110206, 538.71
2026/09/06 06:53:44.491, 0, 0, 13227, 119.65
2026/09/06 06:53:44.494, 1, 100, 110206, 565.08
2026/09/06 06:53:45.496, 0, 0, 13227, 119.71
2026/09/06 06:53:45.498, 1, 100, 110206, 562.37
2026/09/06 06:53:46.500, 0, 0, 13227, 119.66
2026/09/06 06:53:46.502, 1, 100, 110206, 566.58
2026/09/06 06:53:47.504, 0, 0, 13227, 119.70
2026/09/06 06:53:47.505, 1, 100, 110206, 555.06
2026/09/06 06:53:48.507, 0, 0, 13227, 119.70
2026/09/06 06:53:48.509, 1, 100, 110206, 559.38
2026/09/06 06:53:49.510, 0, 0, 13227, 119.71
2026/09/06 06:53:49.512, 1, 100, 110206, 561.40
2026/09/06 06:53:50.514, 0, 0, 13227, 119.66
2026/09/06 06:53:50.515, 1, 100, 110206, 578.83
2026/09/06 06:53:51.516, 0, 0, 13227, 119.60
2026/09/06 06:53:51.517, 1, 100, 110206, 581.04
2026/09/06 06:53:52.519, 0, 0, 13227, 119.55
2026/09/06 06:53:52.521, 1, 100, 110206, 572.37
2026/09/06 06:53:53.523, 0, 0, 13227, 119.67
2026/09/06 06:53:53.524, 1, 2, 110206, 519.69
2026/09/06 06:53:54.526, 0, 0, 13227, 119.63
2026/09/06 06:53:54.528, 1, 100, 110206, 564.40
2026/09/06 06:53:55.529, 0, 0, 13227, 119.64
2026/09/06 06:53:55.531, 1, 100, 110206, 555.30
2026/09/06 06:53:56.533, 0, 0, 13227, 119.74
2026/09/06 06:53:56.535, 1, 100, 110206, 437.45
2026/09/06 06:53:57.537, 0, 0, 13227, 119.69
2026/09/06 06:53:57.539, 1, 100, 110206, 550.50
2026/09/06 06:53:58.541, 0, 0, 13227, 119.86
2026/09/06 06:53:58.542, 1, 39, 110208, 475.67
2026/09/06 06:53:59.544, 0, 0, 13227, 119.68
2026/09/06 06:53:59.547, 1, 100, 110208, 555.00
2026/09/06 06:54:00.548, 0, 0, 13227, 119.67
2026/09/06 06:54:00.550, 1, 100, 110208, 558.96
2026/09/06 06:54:01.552, 0, 0, 13227, 119.79
2026/09/06 06:54:01.554, 1, 100, 110208, 567.00
2026/09/06 06:54:02.556, 0, 0, 13227, 119.75
2026/09/06 06:54:02.557, 1, 100, 110208, 562.88
2026/09/06 06:54:03.559, 0, 0, 13227, 119.82
2026/09/06 06:54:03.561, 1, 100, 110208, 557.25
2026/09/06 06:54:04.564, 0, 0, 13227, 119.86
2026/09/06 06:54:04.566, 1, 100, 110208, 569.13
2026/09/06 06:54:05.568, 0, 0, 13227, 119.82
2026/09/06 06:54:05.570, 1, 98, 110208, 557.49
2026/09/06 06:54:06.572, 0, 0, 13227, 119.74
2026/09/06 06:54:06.575, 1, 100, 110208, 564.77
2026/09/06 06:54:07.577, 0, 0, 13227, 119.80
2026/09/06 06:54:07.579, 1, 100, 110208, 567.79
2026/09/06 06:54:08.580, 0, 0, 13227, 119.87
2026/09/06 06:54:08.582, 1, 100, 110208, 543.67
2026/09/06 06:54:09.584, 0, 0, 13227, 119.93
2026/09/06 06:54:09.585, 1, 100, 110208, 556.08
2026/09/06 06:54:10.587, 0, 0, 13227, 120.06
2026/09/06 06:54:10.588, 1, 100, 110208, 551.19
2026/09/06 06:54:11.590, 0, 0, 13227, 120.01
2026/09/06 06:54:11.592, 1, 100, 110208, 561.74
2026/09/06 06:54:12.594, 0, 0, 13227, 119.95
2026/09/06 06:54:12.595, 1, 100, 110208, 537.73
2026/09/06 06:54:13.597, 0, 0, 13227, 120.00
2026/09/06 06:54:13.598, 1, 100, 110208, 548.42
2026/09/06 06:54:14.600, 0, 0, 13227, 120.06
2026/09/06 06:54:14.601, 1, 100, 110208, 549.18
2026/09/06 06:54:15.603, 0, 0, 13227, 120.12
2026/09/06 06:54:15.605, 1, 100, 110208, 547.39
2026/09/06 06:54:16.606, 0, 0, 13227, 120.14
2026/09/06 06:54:16.608, 1, 100, 110208, 551.54
2026/09/06 06:54:17.610, 0, 0, 13227, 120.19
2026/09/06 06:54:17.611, 1, 100, 110208, 553.39
2026/09/06 06:54:18.614, 0, 0, 13227, 120.11
2026/09/06 06:54:18.615, 1, 100, 110208, 567.21
2026/09/06 06:54:19.616, 0, 0, 13227, 120.28
2026/09/06 06:54:19.619, 1, 100, 110208, 574.06
2026/09/06 06:54:20.620, 0, 0, 13227, 120.12
2026/09/06 06:54:20.623, 1, 100, 110208, 564.59
2026/09/06 06:54:21.625, 0, 0, 13227, 120.15
2026/09/06 06:54:21.627, 1, 100, 110208, 572.48
2026/09/06 06:54:22.629, 0, 0, 13227, 120.19
2026/09/06 06:54:22.631, 1, 100, 110208, 569.41
2026/09/06 06:54:23.632, 0, 0, 13227, 120.27
2026/09/06 06:54:23.635, 1, 100, 110208, 557.94
2026/09/06 06:54:24.637, 0, 0, 13227, 120.35
2026/09/06 06:54:24.639, 1, 100, 110208, 567.63
2026/09/06 06:54:25.641, 0, 0, 13227, 120.27
2026/09/06 06:54:25.642, 1, 100, 110208, 567.00
2026/09/06 06:54:26.644, 0, 0, 13227, 120.33
2026/09/06 06:54:26.645, 1, 100, 110208, 575.07
2026/09/06 06:54:27.647, 0, 0, 13227, 120.36
2026/09/06 06:54:27.648, 1, 100, 110208, 573.06
2026/09/06 06:54:28.650, 0, 0, 13227, 120.47
2026/09/06 06:54:28.651, 1, 100, 110208, 555.34
2026/09/06 06:54:29.653, 0, 0, 13227, 120.38
2026/09/06 06:54:29.655, 1, 100, 110208, 565.71
2026/09/06 06:54:30.656, 0, 0, 13227, 120.55
2026/09/06 06:54:30.658, 1, 100, 110208, 555.86
2026/09/06 06:54:31.660, 0, 0, 13227, 120.54
2026/09/06 06:54:31.662, 1, 100, 110208, 491.05
2026/09/06 06:54:32.664, 0, 0, 13227, 120.47
2026/09/06 06:54:32.666, 1, 100, 110208, 560.51
2026/09/06 06:54:33.667, 0, 0, 13227, 120.64
2026/09/06 06:54:33.669, 1, 100, 110208, 560.91
2026/09/06 06:54:34.670, 0, 0, 13227, 120.55
2026/09/06 06:54:34.672, 1, 100, 110208, 571.39
2026/09/06 06:54:35.673, 0, 0, 13227, 120.59
2026/09/06 06:54:35.675, 1, 100, 110208, 565.46
2026/09/06 06:54:36.676, 0, 0, 13227, 120.36
2026/09/06 06:54:36.678, 1, 100, 110208, 563.27
2026/09/06 06:54:37.680, 0, 0, 13227, 120.61
2026/09/06 06:54:37.681, 1, 100, 110208, 564.76
2026/09/06 06:54:38.683, 0, 0, 13227, 120.69
2026/09/06 06:54:38.692, 1, 100, 110208, 554.36
2026/09/06 06:54:39.695, 0, 0, 13227, 120.64
2026/09/06 06:54:39.696, 1, 0, 110208, 471.02
2026/09/06 06:54:40.697, 0, 0, 13227, 120.67
2026/09/06 06:54:40.699, 1, 100, 110208, 556.28
2026/09/06 06:54:41.701, 0, 0, 13227, 120.65
2026/09/06 06:54:41.702, 1, 100, 110208, 557.58
2026/09/06 06:54:42.704, 0, 0, 13227, 120.60
2026/09/06 06:54:42.706, 1, 100, 110208, 558.15
2026/09/06 06:54:43.707, 0, 0, 13227, 120.73
2026/09/06 06:54:43.709, 1, 100, 110208, 558.13
2026/09/06 06:54:44.710, 0, 0, 13227, 120.70
2026/09/06 06:54:44.712, 1, 58, 110208, 510.22
2026/09/06 06:54:45.714, 0, 0, 13227, 120.64
2026/09/06 06:54:45.715, 1, 19, 110208, 452.79
2026/09/06 06:54:46.717, 0, 0, 13227, 120.63
2026/09/06 06:54:46.719, 1, 100, 110208, 542.20
2026/09/06 06:54:47.720, 0, 0, 13227, 120.65
2026/09/06 06:54:47.722, 1, 100, 110208, 557.09
2026/09/06 06:54:48.723, 0, 0, 13227, 120.49
2026/09/06 06:54:48.724, 1, 100, 110208, 565.94
2026/09/06 06:54:49.726, 0, 0, 13227, 120.57
2026/09/06 06:54:49.727, 1, 100, 110208, 562.08
2026/09/06 06:54:50.729, 0, 0, 13227, 120.50
2026/09/06 06:54:50.731, 1, 100, 110208, 559.64
2026/09/06 06:54:51.732, 0, 0, 13227, 120.46
2026/09/06 06:54:51.734, 1, 100, 110208, 560.87
2026/09/06 06:54:52.736, 0, 0, 13227, 120.60
2026/09/06 06:54:52.738, 1, 100, 110208, 559.64
2026/09/06 06:54:53.739, 0, 0, 13227, 120.44
2026/09/06 06:54:53.741, 1, 100, 110208, 564.28
2026/09/06 06:54:54.742, 0, 0, 13227, 120.41
2026/09/06 06:54:54.744, 1, 100, 110208, 558.74
2026/09/06 06:54:55.745, 0, 0, 13227, 120.23
2026/09/06 06:54:55.747, 1, 100, 110208, 563.88
2026/09/06 06:54:56.748, 0, 0, 13227, 120.27
2026/09/06 06:54:56.751, 1, 100, 110208, 533.22
2026/09/06 06:54:57.755, 0, 0, 13227, 120.41
2026/09/06 06:54:57.757, 1, 100, 110208, 550.28
2026/09/06 06:54:58.758, 0, 0, 13227, 120.20
2026/09/06 06:54:58.762, 1, 100, 110208, 557.59
2026/09/06 06:54:59.764, 0, 0, 13227, 120.19
2026/09/06 06:54:59.766, 1, 100, 110208, 554.00
2026/09/06 06:55:00.767, 0, 0, 13227, 120.03
2026/09/06 06:55:00.770, 1, 100, 110208, 550.08
2026/09/06 06:55:01.772, 0, 0, 13227, 120.09
2026/09/06 06:55:01.775, 1, 100, 110208, 545.31
2026/09/06 06:55:02.776, 0, 0, 13227, 120.07
2026/09/06 06:55:02.778, 1, 100, 110208, 555.54
2026/09/06 06:55:03.780, 0, 0, 13227, 120.08
2026/09/06 06:55:03.782, 1, 100, 110208, 555.20
2026/09/06 06:55:04.784, 0, 0, 13227, 120.24
2026/09/06 06:55:04.786, 1, 100, 110208, 559.10
2026/09/06 06:55:05.788, 0, 0, 13227, 120.75
2026/09/06 06:55:05.790, 1, 100, 110208, 570.61
2026/09/06 06:55:06.792, 0, 0, 13227, 120.64
2026/09/06 06:55:06.795, 1, 100, 110208, 564.86
2026/09/06 06:55:07.797, 0, 0, 13227, 120.67
2026/09/06 06:55:07.798, 1, 81, 110208, 546.47
2026/09/06 06:55:08.799, 0, 0, 13227, 120.51
2026/09/06 06:55:08.801, 1, 100, 110208, 574.00
2026/09/06 06:55:09.804, 0, 0, 13227, 120.32
2026/09/06 06:55:09.805, 1, 100, 110208, 568.87
2026/09/06 06:55:10.806, 0, 0, 13227, 119.94
2026/09/06 06:55:10.808, 1, 100, 110208, 561.18
2026/09/06 06:55:11.816, 0, 0, 13227, 119.89
2026/09/06 06:55:11.817, 1, 100, 110208, 570.94
2026/09/06 06:55:12.819, 0, 0, 13227, 119.94
2026/09/06 06:55:12.827, 1, 100, 110208, 543.77
2026/09/06 06:55:13.831, 0, 0, 13227, 119.90
2026/09/06 06:55:13.833, 1, 100, 110208, 526.29
2026/09/06 06:55:14.834, 0, 0, 13227, 119.98
2026/09/06 06:55:14.837, 1, 100, 110208, 552.90
2026/09/06 06:55:15.838, 0, 0, 13227, 119.86
2026/09/06 06:55:15.840, 1, 100, 110208, 553.98
2026/09/06 06:55:16.842, 0, 0, 13227, 119.97
2026/09/06 06:55:16.844, 1, 100, 110208, 544.95
2026/09/06 06:55:17.846, 0, 0, 13227, 119.60
2026/09/06 06:55:17.848, 1, 100, 110208, 552.39
2026/09/06 06:55:18.849, 0, 0, 13227, 120.03
2026/09/06 06:55:18.851, 1, 100, 110208, 551.45
2026/09/06 06:55:19.852, 0, 0, 13227, 119.90
2026/09/06 06:55:19.854, 1, 100, 110208, 544.94
2026/09/06 06:55:20.855, 0, 0, 13227, 119.88
2026/09/06 06:55:20.857, 1, 100, 110208, 556.43
2026/09/06 06:55:21.858, 0, 0, 13227, 119.85
2026/09/06 06:55:21.859, 1, 100, 110208, 559.95
2026/09/06 06:55:22.861, 0, 0, 13227, 119.87
2026/09/06 06:55:22.863, 1, 100, 110208, 552.47
2026/09/06 06:55:23.865, 0, 0, 13227, 119.67
2026/09/06 06:55:23.867, 1, 100, 110208, 563.47
2026/09/06 06:55:24.869, 0, 0, 13227, 119.78
2026/09/06 06:55:24.872, 1, 100, 110208, 564.54
2026/09/06 06:55:25.873, 0, 0, 13227, 119.71
2026/09/06 06:55:25.875, 1, 100, 110208, 559.89
2026/09/06 06:55:26.876, 0, 0, 13227, 119.90
2026/09/06 06:55:26.877, 1, 100, 110208, 567.84
2026/09/06 06:55:27.879, 0, 0, 13227, 119.78
2026/09/06 06:55:27.881, 1, 100, 110208, 582.86
2026/09/06 06:55:28.882, 0, 0, 13227, 119.94
2026/09/06 06:55:28.884, 1, 100, 110208, 556.05
2026/09/06 06:55:29.885, 0, 0, 13227, 119.68
2026/09/06 06:55:29.887, 1, 100, 110208, 556.46
2026/09/06 06:55:30.888, 0, 0, 13227, 119.74
2026/09/06 06:55:30.890, 1, 100, 110208, 556.51
2026/09/06 06:55:31.891, 0, 0, 13227, 119.70
2026/09/06 06:55:31.893, 1, 100, 110208, 535.02
2026/09/06 06:55:32.894, 0, 0, 13227, 119.88
2026/09/06 06:55:32.896, 1, 100, 110208, 562.10
2026/09/06 06:55:33.897, 0, 0, 13227, 119.75
2026/09/06 06:55:33.899, 1, 100, 110210, 460.14
2026/09/06 06:55:34.900, 0, 0, 13227, 119.80
2026/09/06 06:55:34.902, 1, 100, 110210, 542.92
2026/09/06 06:55:35.904, 0, 0, 13227, 119.75
2026/09/06 06:55:35.906, 1, 100, 110210, 552.24
2026/09/06 06:55:36.907, 0, 0, 13227, 119.62
2026/09/06 06:55:36.911, 1, 100, 110210, 554.20
2026/09/06 06:55:37.914, 0, 0, 13227, 119.64
2026/09/06 06:55:37.916, 1, 100, 110210, 556.35
2026/09/06 06:55:38.918, 0, 0, 13227, 119.71
2026/09/06 06:55:38.921, 1, 97, 110210, 484.09
2026/09/06 06:55:39.923, 0, 0, 13227, 119.69
2026/09/06 06:55:39.926, 1, 100, 110210, 560.09
2026/09/06 06:55:40.927, 0, 0, 13227, 119.62
2026/09/06 06:55:40.929, 1, 96, 110210, 559.05
2026/09/06 06:55:41.930, 0, 0, 13227, 119.86
2026/09/06 06:55:41.931, 1, 100, 110210, 572.73
2026/09/06 06:55:42.933, 0, 0, 13227, 119.60
2026/09/06 06:55:42.935, 1, 100, 110210, 558.53
2026/09/06 06:55:43.937, 0, 0, 13227, 119.85
2026/09/06 06:55:43.938, 1, 100, 110210, 536.69
2026/09/06 06:55:44.940, 0, 0, 13227, 119.49
2026/09/06 06:55:44.943, 1, 100, 110210, 564.91
2026/09/06 06:55:45.944, 0, 0, 13227, 119.58
2026/09/06 06:55:45.946, 1, 100, 110210, 555.47
2026/09/06 06:55:46.948, 0, 0, 13227, 119.54
2026/09/06 06:55:46.950, 1, 100, 110210, 534.61
2026/09/06 06:55:47.951, 0, 0, 13227, 119.64
2026/09/06 06:55:47.953, 1, 100, 110210, 542.43
2026/09/06 06:55:48.954, 0, 0, 13227, 119.49
2026/09/06 06:55:48.956, 1, 100, 110210, 540.08
2026/09/06 06:55:49.958, 0, 0, 13227, 119.56
2026/09/06 06:55:49.959, 1, 100, 110210, 542.71
2026/09/06 06:55:50.962, 0, 0, 13227, 119.56
2026/09/06 06:55:50.963, 1, 100, 110210, 557.48
2026/09/06 06:55:51.965, 0, 0, 13227, 119.58
2026/09/06 06:55:51.966, 1, 100, 110210, 539.87
2026/09/06 06:55:52.968, 0, 0, 13227, 119.66
2026/09/06 06:55:52.969, 1, 41, 110210, 434.64
2026/09/06 06:55:53.971, 0, 0, 13227, 119.68
2026/09/06 06:55:53.972, 1, 58, 110210, 471.90
2026/09/06 06:55:54.974, 0, 0, 13227, 119.67
2026/09/06 06:55:54.975, 1, 100, 110210, 508.16
2026/09/06 06:55:55.977, 0, 0, 13227, 119.53
2026/09/06 06:55:55.978, 1, 100, 110210, 573.33
2026/09/06 06:55:56.980, 0, 0, 13227, 119.56
2026/09/06 06:55:56.982, 1, 100, 110210, 562.52
2026/09/06 06:55:57.983, 0, 0, 13227, 119.46
2026/09/06 06:55:57.985, 1, 98, 110210, 522.42
2026/09/06 06:55:58.986, 0, 0, 13227, 119.49
2026/09/06 06:55:58.988, 1, 61, 110210, 546.98
2026/09/06 06:55:59.989, 0, 0, 13227, 119.57
2026/09/06 06:55:59.991, 1, 60, 110210, 531.16
2026/09/06 06:56:00.992, 0, 0, 13227, 119.51
2026/09/06 06:56:00.994, 1, 100, 110210, 516.27
2026/09/06 06:56:01.997, 0, 0, 13227, 119.56
2026/09/06 06:56:01.998, 1, 100, 110210, 553.95
2026/09/06 06:56:03.000, 0, 0, 13227, 119.46
2026/09/06 06:56:03.001, 1, 60, 110210, 517.13
2026/09/06 06:56:04.003, 0, 0, 13227, 119.57
2026/09/06 06:56:04.005, 1, 100, 110210, 527.52
2026/09/06 06:56:05.006, 0, 0, 13227, 119.50
2026/09/06 06:56:05.008, 1, 60, 110210, 542.06
2026/09/06 06:56:06.010, 0, 0, 13227, 119.53
2026/09/06 06:56:06.012, 1, 100, 110210, 538.40
2026/09/06 06:56:07.014, 0, 0, 13227, 119.50
2026/09/06 06:56:07.016, 1, 100, 110210, 528.56
2026/09/06 06:56:08.018, 0, 0, 13227, 119.47
2026/09/06 06:56:08.019, 1, 100, 110210, 540.70
2026/09/06 06:56:09.021, 0, 0, 13227, 119.50
2026/09/06 06:56:09.024, 1, 100, 110210, 543.20
2026/09/06 06:56:10.025, 0, 0, 13227, 119.53
2026/09/06 06:56:10.027, 1, 100, 110210, 554.27
2026/09/06 06:56:11.028, 0, 0, 13227, 119.47
2026/09/06 06:56:11.030, 1, 100, 110210, 550.38
2026/09/06 06:56:12.031, 0, 0, 13227, 119.40
2026/09/06 06:56:12.033, 1, 100, 110210, 560.12
2026/09/06 06:56:13.034, 0, 0, 13227, 119.56
2026/09/06 06:56:13.036, 1, 59, 110210, 443.91
2026/09/06 06:56:14.038, 0, 0, 13227, 119.52
2026/09/06 06:56:14.041, 1, 100, 110210, 557.95
2026/09/06 06:56:15.043, 0, 0, 13227, 119.39
2026/09/06 06:56:15.045, 1, 100, 110210, 531.28
2026/09/06 06:56:16.047, 0, 0, 13227, 119.50
2026/09/06 06:56:16.048, 1, 92, 110210, 376.42
2026/09/06 06:56:17.050, 0, 0, 13227, 119.36
2026/09/06 06:56:17.052, 1, 100, 110210, 522.87
2026/09/06 06:56:18.053, 0, 0, 13227, 119.53
2026/09/06 06:56:18.055, 1, 100, 110210, 500.00
2026/09/06 06:56:19.057, 0, 0, 13227, 119.48
2026/09/06 06:56:19.058, 1, 100, 110210, 530.66
2026/09/06 06:56:20.060, 0, 0, 13227, 119.49
2026/09/06 06:56:20.062, 1, 100, 110214, 508.29
2026/09/06 06:56:21.065, 0, 0, 13227, 119.45
2026/09/06 06:56:21.067, 1, 100, 110214, 517.28
2026/09/06 06:56:22.068, 0, 0, 13227, 119.48
2026/09/06 06:56:22.070, 1, 57, 110214, 508.65
2026/09/06 06:56:23.071, 0, 0, 13227, 119.43
2026/09/06 06:56:23.073, 1, 99, 110214, 515.45
2026/09/06 06:56:24.075, 0, 0, 13227, 119.56
2026/09/06 06:56:24.076, 1, 100, 110214, 474.02
2026/09/06 06:56:25.078, 0, 0, 13227, 119.54
2026/09/06 06:56:25.080, 1, 59, 110214, 354.20
2026/09/06 06:56:26.082, 0, 0, 13227, 119.45
2026/09/06 06:56:26.083, 1, 100, 110214, 491.19
2026/09/06 06:56:27.085, 0, 0, 13227, 119.33
2026/09/06 06:56:27.087, 1, 100, 110214, 498.42
2026/09/06 06:56:28.088, 0, 0, 13227, 119.39
2026/09/06 06:56:28.090, 1, 100, 110214, 529.91
2026/09/06 06:56:29.092, 0, 0, 13227, 119.51
2026/09/06 06:56:29.093, 1, 99, 110214, 535.88
2026/09/06 06:56:30.095, 0, 0, 13227, 119.55
2026/09/06 06:56:30.097, 1, 99, 110214, 534.06
2026/09/06 06:56:31.099, 0, 0, 13227, 119.27
2026/09/06 06:56:31.101, 1, 100, 110214, 507.14
2026/09/06 06:56:32.103, 0, 0, 13227, 119.56
2026/09/06 06:56:32.104, 1, 100, 110214, 407.95
2026/09/06 06:56:33.106, 0, 0, 13227, 119.43
2026/09/06 06:56:33.108, 1, 42, 110214, 329.75
2026/09/06 06:56:34.109, 0, 0, 13227, 119.60
2026/09/06 06:56:34.111, 1, 98, 110214, 496.29
2026/09/06 06:56:35.112, 0, 0, 13227, 119.54
2026/09/06 06:56:35.114, 1, 74, 110214, 397.97
2026/09/06 06:56:36.116, 0, 0, 13227, 119.54
2026/09/06 06:56:36.118, 1, 99, 110214, 505.90
2026/09/06 06:56:37.120, 0, 0, 13227, 119.49
2026/09/06 06:56:37.122, 1, 100, 110214, 510.79
2026/09/06 06:56:38.124, 0, 0, 13227, 119.50
2026/09/06 06:56:38.126, 1, 100, 110214, 498.97
2026/09/06 06:56:39.127, 0, 0, 13227, 119.56
2026/09/06 06:56:39.129, 1, 100, 110214, 511.06
2026/09/06 06:56:40.131, 0, 0, 13227, 119.52
2026/09/06 06:56:40.133, 1, 100, 110214, 499.50
2026/09/06 06:56:41.134, 0, 0, 13227, 119.53
2026/09/06 06:56:41.136, 1, 100, 110214, 502.08
2026/09/06 06:56:42.138, 0, 0, 13227, 119.44
2026/09/06 06:56:42.140, 1, 73, 110214, 431.17
2026/09/06 06:56:43.142, 0, 0, 13227, 119.56
2026/09/06 06:56:43.144, 1, 100, 110214, 499.84
2026/09/06 06:56:44.145, 0, 0, 13227, 119.55
2026/09/06 06:56:44.147, 1, 100, 110214, 530.19
2026/09/06 06:56:45.149, 0, 0, 13227, 119.51
2026/09/06 06:56:45.151, 1, 100, 110214, 497.02
2026/09/06 06:56:46.153, 0, 0, 13227, 119.48
2026/09/06 06:56:46.155, 1, 100, 110214, 530.59
2026/09/06 06:56:47.157, 0, 0, 13227, 119.56
2026/09/06 06:56:47.158, 1, 100, 110214, 522.17
2026/09/06 06:56:48.160, 0, 0, 13227, 119.47
2026/09/06 06:56:48.162, 1, 98, 110214, 379.43
2026/09/06 06:56:49.163, 0, 0, 13227, 119.52
2026/09/06 06:56:49.165, 1, 100, 110214, 511.71
2026/09/06 06:56:50.167, 0, 0, 13227, 119.56
2026/09/06 06:56:50.169, 1, 97, 110214, 493.57
2026/09/06 06:56:51.171, 0, 0, 13227, 119.50
2026/09/06 06:56:51.173, 1, 100, 110214, 517.57
2026/09/06 06:56:52.174, 0, 0, 13227, 119.43
2026/09/06 06:56:52.176, 1, 57, 110214, 506.53
2026/09/06 06:56:53.178, 0, 0, 13227, 119.55
2026/09/06 06:56:53.180, 1, 59, 110214, 493.15
2026/09/06 06:56:54.181, 0, 0, 13227, 119.46
2026/09/06 06:56:54.183, 1, 100, 110214, 482.47
2026/09/06 06:56:55.185, 0, 0, 13227, 119.50
2026/09/06 06:56:55.187, 1, 100, 110214, 522.33
2026/09/06 06:56:56.189, 0, 0, 13227, 119.56
2026/09/06 06:56:56.191, 1, 100, 110214, 506.97
2026/09/06 06:56:57.193, 0, 0, 13227, 119.50
2026/09/06 06:56:57.195, 1, 100, 110214, 529.29
2026/09/06 06:56:58.196, 0, 0, 13227, 119.52
2026/09/06 06:56:58.198, 1, 100, 110214, 525.83
2026/09/06 06:56:59.200, 0, 0, 13227, 119.52
2026/09/06 06:56:59.202, 1, 99, 110214, 526.27
2026/09/06 06:57:00.204, 0, 0, 13227, 119.33
2026/09/06 06:57:00.206, 1, 100, 110214, 440.91
2026/09/06 06:57:01.210, 0, 0, 13227, 119.57
2026/09/06 06:57:01.212, 1, 100, 110214, 543.30
2026/09/06 06:57:02.214, 0, 0, 13227, 119.62
2026/09/06 06:57:02.215, 1, 100, 110214, 532.77
2026/09/06 06:57:03.217, 0, 0, 13227, 119.74
2026/09/06 06:57:03.219, 1, 100, 110214, 540.30
2026/09/06 06:57:04.221, 0, 0, 13227, 119.60
2026/09/06 06:57:04.223, 1, 60, 110214, 514.29
2026/09/06 06:57:05.225, 0, 0, 13227, 119.76
2026/09/06 06:57:05.226, 1, 84, 110214, 496.67
2026/09/06 06:57:06.228, 0, 0, 13227, 119.77
2026/09/06 06:57:06.230, 1, 5, 110214, 422.87
2026/09/06 06:57:07.231, 0, 0, 13227, 119.72
2026/09/06 06:57:07.233, 1, 100, 110214, 524.79
2026/09/06 06:57:08.235, 0, 0, 13227, 119.87
2026/09/06 06:57:08.237, 1, 100, 110214, 527.16
2026/09/06 06:57:09.239, 0, 0, 13227, 119.88
2026/09/06 06:57:09.241, 1, 100, 110214, 535.03
2026/09/06 06:57:10.242, 0, 0, 13227, 119.90
2026/09/06 06:57:10.244, 1, 100, 110214, 419.52
2026/09/06 06:57:11.246, 0, 0, 13227, 119.88
2026/09/06 06:57:11.248, 1, 100, 110214, 542.91
2026/09/06 06:57:12.250, 0, 0, 13227, 119.89
2026/09/06 06:57:12.251, 1, 100, 110214, 520.22
2026/09/06 06:57:13.253, 0, 0, 13227, 119.93
2026/09/06 06:57:13.256, 1, 100, 110214, 526.10
2026/09/06 06:57:14.257, 0, 0, 13227, 120.00
2026/09/06 06:57:14.259, 1, 100, 110214, 516.53
2026/09/06 06:57:15.261, 0, 0, 13227, 120.04
2026/09/06 06:57:15.263, 1, 100, 110214, 536.44
2026/09/06 06:57:16.265, 0, 0, 13227, 120.04
2026/09/06 06:57:16.269, 1, 100, 110214, 524.75
2026/09/06 06:57:17.273, 0, 0, 13227, 120.02
2026/09/06 06:57:17.275, 1, 100, 110214, 516.44
2026/09/06 06:57:18.277, 0, 0, 13227, 120.08
2026/09/06 06:57:18.280, 1, 100, 110214, 547.40
2026/09/06 06:57:19.282, 0, 0, 13227, 120.02
2026/09/06 06:57:19.284, 1, 100, 110214, 523.10
2026/09/06 06:57:20.285, 0, 0, 13227, 120.08
2026/09/06 06:57:20.287, 1, 100, 110214, 530.34
2026/09/06 06:57:21.290, 0, 0, 13227, 120.14
2026/09/06 06:57:21.292, 1, 60, 110214, 509.27
2026/09/06 06:57:22.293, 0, 0, 13227, 120.01
2026/09/06 06:57:22.296, 1, 78, 110214, 522.84
2026/09/06 06:57:23.299, 0, 0, 13227, 120.13
2026/09/06 06:57:23.301, 1, 100, 110214, 546.69
2026/09/06 06:57:24.303, 0, 0, 13227, 120.11
2026/09/06 06:57:24.305, 1, 100, 110214, 540.76
2026/09/06 06:57:25.307, 0, 0, 13227, 120.22
2026/09/06 06:57:25.309, 1, 100, 110214, 520.10
2026/09/06 06:57:26.310, 0, 0, 13227, 120.21
2026/09/06 06:57:26.312, 1, 100, 110214, 538.92
2026/09/06 06:57:27.314, 0, 0, 13227, 120.22
2026/09/06 06:57:27.316, 1, 100, 110214, 557.31
2026/09/06 06:57:28.317, 0, 0, 13227, 120.18
2026/09/06 06:57:28.319, 1, 57, 110214, 543.89
2026/09/06 06:57:29.321, 0, 0, 13227, 120.19
2026/09/06 06:57:29.323, 1, 58, 110214, 544.66
2026/09/06 06:57:30.325, 0, 0, 13227, 120.21
2026/09/06 06:57:30.327, 1, 98, 110214, 559.10
2026/09/06 06:57:31.328, 0, 0, 13227, 120.23
2026/09/06 06:57:31.330, 1, 100, 110214, 527.40
2026/09/06 06:57:32.332, 0, 0, 13227, 120.26
2026/09/06 06:57:32.334, 1, 98, 110214, 556.65
2026/09/06 06:57:33.336, 0, 0, 13227, 120.18
2026/09/06 06:57:33.339, 1, 99, 110214, 541.70
2026/09/06 06:57:34.342, 0, 0, 13227, 120.18
2026/09/06 06:57:34.344, 1, 100, 110214, 522.07
2026/09/06 06:57:35.345, 0, 0, 13227, 120.23
2026/09/06 06:57:35.347, 1, 100, 110214, 539.42
2026/09/06 06:57:36.349, 0, 0, 13227, 120.19
2026/09/06 06:57:36.351, 1, 100, 110214, 549.29
2026/09/06 06:57:37.353, 0, 0, 13227, 120.34
2026/09/06 06:57:37.356, 1, 100, 110214, 548.77
2026/09/06 06:57:38.359, 0, 0, 13227, 120.27
2026/09/06 06:57:38.361, 1, 98, 110214, 547.59
2026/09/06 06:57:39.363, 0, 0, 13227, 120.38
2026/09/06 06:57:39.367, 1, 100, 110214, 533.83
2026/09/06 06:57:40.370, 0, 0, 13227, 120.18
2026/09/06 06:57:40.372, 1, 100, 110214, 538.52
2026/09/06 06:57:41.374, 0, 0, 13227, 120.34
2026/09/06 06:57:41.377, 1, 100, 110214, 535.24
2026/09/06 06:57:42.379, 0, 0, 13227, 120.32
2026/09/06 06:57:42.381, 1, 99, 110214, 548.83
2026/09/06 06:57:43.383, 0, 0, 13227, 120.39
2026/09/06 06:57:43.386, 1, 98, 110214, 545.37
2026/09/06 06:57:44.389, 0, 0, 13227, 120.40
2026/09/06 06:57:44.391, 1, 98, 110214, 547.37
2026/09/06 06:57:45.393, 0, 0, 13227, 120.38
2026/09/06 06:57:45.394, 1, 100, 110214, 553.98
2026/09/06 06:57:46.397, 0, 0, 13227, 120.40
2026/09/06 06:57:46.399, 1, 100, 110214, 557.50
2026/09/06 06:57:47.401, 0, 0, 13227, 120.36
2026/09/06 06:57:47.404, 1, 100, 110214, 554.46
2026/09/06 06:57:48.406, 0, 0, 13227, 120.33
2026/09/06 06:57:48.408, 1, 100, 110214, 554.77
2026/09/06 06:57:49.410, 0, 0, 13227, 120.38
2026/09/06 06:57:49.417, 1, 100, 110214, 547.45
2026/09/06 06:57:50.424, 0, 0, 13227, 120.45
2026/09/06 06:57:50.426, 1, 100, 110214, 542.27
2026/09/06 06:57:51.427, 0, 0, 13227, 120.55
2026/09/06 06:57:51.430, 1, 100, 110214, 545.98
2026/09/06 06:57:52.432, 0, 0, 13227, 120.52
2026/09/06 06:57:52.433, 1, 100, 110214, 542.01
2026/09/06 06:57:53.435, 0, 0, 13227, 120.44
2026/09/06 06:57:53.437, 1, 100, 110214, 542.69
2026/09/06 06:57:54.439, 0, 0, 13227, 120.46
2026/09/06 06:57:54.440, 1, 100, 110214, 543.33
2026/09/06 06:57:55.442, 0, 0, 13227, 120.48
2026/09/06 06:57:55.445, 1, 100, 110214, 545.90
2026/09/06 06:57:56.446, 0, 0, 13227, 120.47
2026/09/06 06:57:56.448, 1, 100, 110214, 556.52
2026/09/06 06:57:57.450, 0, 0, 13227, 120.54
2026/09/06 06:57:57.453, 1, 100, 110214, 564.66
2026/09/06 06:57:58.458, 0, 0, 13227, 120.37
2026/09/06 06:57:58.460, 1, 100, 110214, 557.42
2026/09/06 06:57:59.462, 0, 0, 13227, 120.40
2026/09/06 06:57:59.464, 1, 99, 110214, 561.34
2026/09/06 06:58:00.466, 0, 0, 13227, 120.36
2026/09/06 06:58:00.469, 1, 100, 110214, 561.37
2026/09/06 06:58:01.471, 0, 0, 13227, 120.37
2026/09/06 06:58:01.475, 1, 100, 110214, 551.07
2026/09/06 06:58:02.477, 0, 0, 13227, 120.40
2026/09/06 06:58:02.479, 1, 100, 110214, 550.16
2026/09/06 06:58:03.482, 0, 0, 13227, 120.25
2026/09/06 06:58:03.484, 1, 100, 110214, 544.64
2026/09/06 06:58:04.486, 0, 0, 13227, 120.24
2026/09/06 06:58:04.489, 1, 100, 110214, 546.54
2026/09/06 06:58:05.492, 0, 0, 13227, 120.10
2026/09/06 06:58:05.495, 1, 100, 110214, 544.52
2026/09/06 06:58:06.498, 0, 0, 13227, 120.00
2026/09/06 06:58:06.500, 1, 100, 110214, 546.24
2026/09/06 06:58:07.502, 0, 0, 13227, 120.03
2026/09/06 06:58:07.504, 1, 100, 110214, 533.45
2026/09/06 06:58:08.506, 0, 0, 13227, 120.01
2026/09/06 06:58:08.508, 1, 100, 110214, 537.40
2026/09/06 06:58:09.510, 0, 0, 13227, 120.04
2026/09/06 06:58:09.511, 1, 100, 110214, 534.13
2026/09/06 06:58:10.513, 0, 0, 13227, 119.99
2026/09/06 06:58:10.515, 1, 100, 110214, 537.31
2026/09/06 06:58:11.517, 0, 0, 13227, 120.06
2026/09/06 06:58:11.518, 1, 100, 110214, 538.12
2026/09/06 06:58:12.520, 0, 0, 13227, 119.93
2026/09/06 06:58:12.522, 1, 100, 110214, 537.13
2026/09/06 06:58:13.524, 0, 0, 13227, 119.99
2026/09/06 06:58:13.526, 1, 100, 110214, 542.47
2026/09/06 06:58:14.528, 0, 0, 13227, 119.93
2026/09/06 06:58:14.532, 1, 100, 110214, 535.29
2026/09/06 06:58:15.534, 0, 0, 13227, 120.03
2026/09/06 06:58:15.536, 1, 100, 110214, 544.45
2026/09/06 06:58:16.539, 0, 0, 13227, 120.01
2026/09/06 06:58:16.541, 1, 100, 110214, 540.16
2026/09/06 06:58:17.543, 0, 0, 13227, 120.11
2026/09/06 06:58:17.546, 1, 100, 110214, 544.32
2026/09/06 06:58:18.549, 0, 0, 13227, 120.19
2026/09/06 06:58:18.551, 1, 100, 110214, 538.52
2026/09/06 06:58:19.552, 0, 0, 13227, 120.02
2026/09/06 06:58:19.554, 1, 99, 110214, 547.86
2026/09/06 06:58:20.556, 0, 0, 13227, 120.21
2026/09/06 06:58:20.558, 1, 100, 110214, 551.07
2026/09/06 06:58:21.560, 0, 0, 13227, 120.17
2026/09/06 06:58:21.562, 1, 100, 110214, 553.51
2026/09/06 06:58:22.563, 0, 0, 13227, 120.19
2026/09/06 06:58:22.565, 1, 97, 110214, 537.90
2026/09/06 06:58:23.567, 0, 0, 13227, 120.24
2026/09/06 06:58:23.569, 1, 100, 110214, 533.39
2026/09/06 06:58:24.571, 0, 0, 13227, 120.20
2026/09/06 06:58:24.573, 1, 98, 110214, 536.42
2026/09/06 06:58:25.574, 0, 0, 13227, 120.30
2026/09/06 06:58:25.576, 1, 100, 110214, 543.56
2026/09/06 06:58:26.578, 0, 0, 13227, 120.33
2026/09/06 06:58:26.580, 1, 100, 110214, 547.93
2026/09/06 06:58:27.581, 0, 0, 13227, 120.39
2026/09/06 06:58:27.583, 1, 100, 110214, 551.50
2026/09/06 06:58:28.585, 0, 0, 13227, 120.25
2026/09/06 06:58:28.587, 1, 100, 110214, 551.86
2026/09/06 06:58:29.588, 0, 0, 13227, 120.40
2026/09/06 06:58:29.599, 1, 100, 110214, 550.43
2026/09/06 06:58:30.601, 0, 0, 13227, 120.57
2026/09/06 06:58:30.603, 1, 100, 110214, 550.02
2026/09/06 06:58:31.604, 0, 0, 13227, 120.43
2026/09/06 06:58:31.606, 1, 99, 110214, 538.97
2026/09/06 06:58:32.608, 0, 0, 13227, 120.44
2026/09/06 06:58:32.609, 1, 100, 110214, 542.79
2026/09/06 06:58:33.611, 0, 0, 13227, 120.44
2026/09/06 06:58:33.613, 1, 100, 110214, 544.49
2026/09/06 06:58:34.614, 0, 0, 13227, 120.44
2026/09/06 06:58:34.616, 1, 99, 110214, 541.28
2026/09/06 06:58:35.618, 0, 0, 13227, 120.41
2026/09/06 06:58:35.620, 1, 100, 110214, 540.81
2026/09/06 06:58:36.622, 0, 0, 13227, 120.47
2026/09/06 06:58:36.624, 1, 100, 110214, 533.37
2026/09/06 06:58:37.625, 0, 0, 13227, 120.47
2026/09/06 06:58:37.627, 1, 100, 110214, 523.15
2026/09/06 06:58:38.629, 0, 0, 13227, 120.50
2026/09/06 06:58:38.631, 1, 99, 110214, 517.60
2026/09/06 06:58:39.633, 0, 0, 13227, 120.53
2026/09/06 06:58:39.635, 1, 99, 110214, 516.58
2026/09/06 06:58:40.637, 0, 0, 13227, 120.53
2026/09/06 06:58:40.639, 1, 100, 110214, 522.46
2026/09/06 06:58:41.641, 0, 0, 13227, 120.62
2026/09/06 06:58:41.642, 1, 100, 110214, 520.32
2026/09/06 06:58:42.644, 0, 0, 13227, 120.66
2026/09/06 06:58:42.646, 1, 100, 110214, 516.93
2026/09/06 06:58:43.648, 0, 0, 13227, 120.59
2026/09/06 06:58:43.650, 1, 100, 110214, 508.69
2026/09/06 06:58:44.652, 0, 0, 13227, 120.59
2026/09/06 06:58:44.654, 1, 100, 110214, 507.56
2026/09/06 06:58:45.655, 0, 0, 13227, 120.68
2026/09/06 06:58:45.657, 1, 100, 110214, 495.90
2026/09/06 06:58:46.659, 0, 0, 13227, 120.69
2026/09/06 06:58:46.661, 1, 0, 110214, 356.98
2026/09/06 06:58:47.663, 0, 0, 13227, 120.73
2026/09/06 06:58:47.664, 1, 0, 110214, 144.13
2026/09/06 06:58:48.668, 0, 0, 13227, 120.70
2026/09/06 06:58:48.670, 1, 0, 110214, 142.03
2026/09/06 06:58:49.671, 0, 0, 13227, 120.73
2026/09/06 06:58:49.673, 1, 0, 110214, 141.28
2026/09/06 06:58:50.675, 0, 0, 13227, 120.74
2026/09/06 06:58:50.676, 1, 0, 110214, 140.72
2026/09/06 06:58:51.678, 0, 0, 13227, 120.79
2026/09/06 06:58:51.680, 1, 0, 110214, 140.26
2026/09/06 06:58:52.682, 0, 0, 13227, 120.83
2026/09/06 06:58:52.683, 1, 0, 110214, 139.81
2026/09/06 06:58:53.685, 0, 0, 13227, 120.77
2026/09/06 06:58:53.687, 1, 0, 110214, 139.51
2026/09/06 06:58:54.689, 0, 0, 13227, 120.82
2026/09/06 06:58:54.690, 1, 0, 110214, 139.04
2026/09/06 06:58:55.692, 0, 0, 13227, 120.81
2026/09/06 06:58:55.694, 1, 0, 110214, 138.65
2026/09/06 06:58:56.695, 0, 0, 13227, 120.87
2026/09/06 06:58:56.697, 1, 0, 110214, 138.35
2026/09/06 06:58:57.699, 0, 0, 13227, 120.85
2026/09/06 06:58:57.701, 1, 0, 110214, 138.08
2026/09/06 06:58:58.703, 0, 0, 13227, 120.90
2026/09/06 06:58:58.705, 1, 0, 110214, 136.93
2026/09/06 06:58:59.706, 0, 0, 13227, 120.92
2026/09/06 06:58:59.708, 1, 0, 110214, 136.70
2026/09/06 06:59:00.710, 0, 0, 13227, 120.94
2026/09/06 06:59:00.711, 1, 0, 110214, 136.40
2026/09/06 06:59:01.713, 0, 0, 13227, 120.89
2026/09/06 06:59:01.715, 1, 0, 110214, 136.09
2026/09/06 06:59:02.716, 0, 0, 13227, 120.89
2026/09/06 06:59:02.718, 1, 0, 110214, 135.31
2026/09/06 06:59:03.720, 0, 0, 13227, 120.89
2026/09/06 06:59:03.722, 1, 0, 110214, 134.83
2026/09/06 06:59:04.724, 0, 0, 13227, 120.86
2026/09/06 06:59:04.726, 1, 0, 110214, 134.61
2026/09/06 06:59:05.727, 0, 0, 13227, 120.98
2026/09/06 06:59:05.729, 1, 0, 110214, 134.41
2026/09/06 06:59:06.731, 0, 0, 13227, 120.91
2026/09/06 06:59:06.732, 1, 0, 110214, 134.13
2026/09/06 06:59:07.734, 0, 0, 13227, 121.04
2026/09/06 06:59:07.736, 1, 0, 110214, 133.92
2026/09/06 06:59:08.737, 0, 0, 13227, 120.98
2026/09/06 06:59:08.739, 1, 0, 110214, 133.69
2026/09/06 06:59:09.741, 0, 0, 13227, 120.96
2026/09/06 06:59:09.743, 1, 0, 110214, 133.48
2026/09/06 06:59:10.744, 0, 0, 13227, 121.01
2026/09/06 06:59:10.747, 1, 0, 110214, 133.28
2026/09/06 06:59:11.748, 0, 0, 13227, 120.99
2026/09/06 06:59:11.751, 1, 0, 110214, 133.11
2026/09/06 06:59:12.753, 0, 0, 13227, 121.04
2026/09/06 06:59:12.756, 1, 0, 110214, 132.93
2026/09/06 06:59:13.759, 0, 0, 13227, 121.04
2026/09/06 06:59:13.760, 1, 0, 110214, 132.77
2026/09/06 06:59:14.762, 0, 0, 13227, 121.08
2026/09/06 06:59:14.765, 1, 0, 110214, 132.54
2026/09/06 06:59:15.767, 0, 0, 13227, 121.01
2026/09/06 06:59:15.768, 1, 0, 110214, 132.30
2026/09/06 06:59:16.770, 0, 0, 13227, 120.92
2026/09/06 06:59:16.773, 1, 0, 110214, 131.89
2026/09/06 06:59:17.775, 0, 0, 13227, 120.90
2026/09/06 06:59:17.777, 1, 0, 110214, 131.51
2026/09/06 06:59:18.779, 0, 0, 13227, 120.83
2026/09/06 06:59:18.782, 1, 0, 110214, 131.05
2026/09/06 06:59:19.784, 0, 0, 13227, 120.83
2026/09/06 06:59:19.785, 1, 0, 110214, 130.57
2026/09/06 06:59:20.787, 0, 0, 13227, 120.66
2026/09/06 06:59:20.796, 1, 0, 110214, 130.14
2026/09/06 06:59:21.798, 0, 0, 13227, 120.64
2026/09/06 06:59:21.800, 1, 0, 110214, 129.62
2026/09/06 06:59:22.802, 0, 0, 13227, 120.45
2026/09/06 06:59:22.804, 1, 0, 110214, 129.07
2026/09/06 06:59:23.805, 0, 0, 13227, 120.37
2026/09/06 06:59:23.808, 1, 0, 110214, 128.71
2026/09/06 06:59:24.809, 0, 0, 13227, 120.25
2026/09/06 06:59:24.811, 1, 0, 110214, 128.28
2026/09/06 06:59:25.812, 0, 0, 13227, 120.17
2026/09/06 06:59:25.814, 1, 0, 110214, 128.33
2026/09/06 06:59:26.816, 0, 0, 13227, 120.11
2026/09/06 06:59:26.818, 1, 0, 110214, 128.05
2026/09/06 06:59:27.819, 0, 0, 13227, 120.02
2026/09/06 06:59:27.821, 1, 0, 110214, 127.66
2026/09/06 06:59:28.822, 0, 0, 13227, 119.89
2026/09/06 06:59:28.824, 1, 0, 110214, 127.40
2026/09/06 06:59:29.825, 0, 0, 13227, 119.81
2026/09/06 06:59:29.827, 1, 0, 110214, 127.11
2026/09/06 06:59:30.829, 0, 0, 13227, 119.77
2026/09/06 06:59:30.831, 1, 0, 110214, 126.79
2026/09/06 06:59:31.833, 0, 0, 13227, 119.66
2026/09/06 06:59:31.835, 1, 0, 110214, 126.58
2026/09/06 06:59:32.836, 0, 0, 13227, 119.81
2026/09/06 06:59:32.838, 1, 0, 110214, 126.37
2026/09/06 06:59:33.840, 0, 0, 13227, 119.61
2026/09/06 06:59:33.842, 1, 0, 110214, 126.21
2026/09/06 06:59:34.843, 0, 0, 13227, 119.57
2026/09/06 06:59:34.846, 1, 0, 110214, 125.98
2026/09/06 06:59:35.848, 0, 0, 13227, 119.54
2026/09/06 06:59:35.849, 1, 0, 110214, 125.83
2026/09/06 06:59:36.851, 0, 0, 13227, 119.42
2026/09/06 06:59:36.853, 1, 0, 110214, 125.63
2026/09/06 06:59:37.855, 0, 0, 13227, 119.40
2026/09/06 06:59:37.856, 1, 0, 110214, 125.46
2026/09/06 06:59:38.858, 0, 0, 13227, 119.38
2026/09/06 06:59:38.860, 1, 0, 110214, 125.38
2026/09/06 06:59:39.861, 0, 0, 13227, 119.42
2026/09/06 06:59:39.863, 1, 0, 110214, 125.29
2026/09/06 06:59:40.864, 0, 0, 13227, 119.41
2026/09/06 06:59:40.866, 1, 0, 110214, 125.32
2026/09/06 06:59:41.867, 0, 0, 13227, 119.39
2026/09/06 06:59:41.869, 1, 0, 110214, 125.28
2026/09/06 06:59:42.870, 0, 0, 13227, 119.39
2026/09/06 06:59:42.872, 1, 0, 110214, 125.18
2026/09/06 06:59:43.875, 0, 0, 13227, 119.40
2026/09/06 06:59:43.876, 1, 0, 110214, 125.18
2026/09/06 06:59:44.878, 0, 0, 13227, 119.44
2026/09/06 06:59:44.879, 1, 0, 110214, 125.18
2026/09/06 06:59:45.881, 0, 0, 13227, 119.45
2026/09/06 06:59:45.882, 1, 0, 110214, 125.21
2026/09/06 06:59:46.884, 0, 0, 13227, 119.50
2026/09/06 06:59:46.885, 1, 0, 110214, 125.20
2026/09/06 06:59:47.887, 0, 0, 13227, 119.51
2026/09/06 06:59:47.889, 1, 0, 110214, 125.27
2026/09/06 06:59:48.892, 0, 0, 13227, 119.59
2026/09/06 06:59:48.894, 1, 0, 110214, 125.32
2026/09/06 06:59:49.895, 0, 0, 13227, 119.56
2026/09/06 06:59:49.897, 1, 0, 110214, 125.28
2026/09/06 06:59:50.900, 0, 0, 13227, 119.64
2026/09/06 06:59:50.902, 1, 0, 110214, 125.31
2026/09/06 06:59:51.903, 0, 0, 13227, 119.61
2026/09/06 06:59:51.905, 1, 0, 110214, 125.32
2026/09/06 06:59:52.907, 0, 0, 13227, 119.68
2026/09/06 06:59:52.909, 1, 0, 110214, 125.39
2026/09/06 06:59:53.911, 0, 0, 37825, 121.43
2026/09/06 06:59:53.913, 1, 12, 110214, 142.51
2026/09/06 06:59:54.916, 0, 13, 38963, 179.95
2026/09/06 06:59:54.919, 1, 69, 110214, 291.52
2026/09/06 06:59:55.921, 0, 96, 38963, 326.07
2026/09/06 06:59:55.923, 1, 68, 110214, 296.79
2026/09/06 06:59:56.924, 0, 51, 38963, 318.04
2026/09/06 06:59:56.926, 1, 70, 110214, 292.60
2026/09/06 06:59:57.928, 0, 100, 38963, 286.26
2026/09/06 06:59:57.930, 1, 70, 110214, 298.33
2026/09/06 06:59:58.932, 0, 0, 38963, 226.49
2026/09/06 06:59:58.934, 1, 70, 110214, 295.93
2026/09/06 06:59:59.936, 0, 27, 38963, 247.52
2026/09/06 06:59:59.938, 1, 67, 110214, 296.63
2026/09/06 07:00:00.940, 0, 49, 41279, 506.19
2026/09/06 07:00:00.941, 1, 66, 110214, 292.02
2026/09/06 07:00:01.943, 0, 63, 41793, 536.23
2026/09/06 07:00:01.945, 1, 68, 110214, 297.08
2026/09/06 07:00:02.946, 0, 0, 43617, 320.10
2026/09/06 07:00:02.948, 1, 65, 110214, 290.52
2026/09/06 07:00:03.950, 0, 0, 43617, 233.39
2026/09/06 07:00:03.952, 1, 65, 110214, 293.17
2026/09/06 07:00:04.954, 0, 0, 43617, 190.57
2026/09/06 07:00:04.956, 1, 66, 110214, 299.95
2026/09/06 07:00:05.957, 0, 0, 43617, 225.28
2026/09/06 07:00:05.959, 1, 66, 110214, 289.69
2026/09/06 07:00:06.961, 0, 0, 43617, 183.13
2026/09/06 07:00:06.962, 1, 64, 110214, 294.61
2026/09/06 07:00:07.964, 0, 0, 43617, 156.57
2026/09/06 07:00:07.966, 1, 66, 110214, 301.32
2026/09/06 07:00:08.967, 0, 78, 43617, 189.89
2026/09/06 07:00:08.970, 1, 67, 110214, 295.82
2026/09/06 07:00:09.971, 0, 0, 43617, 145.31
2026/09/06 07:00:09.973, 1, 70, 110214, 298.65
2026/09/06 07:00:10.975, 0, 0, 43617, 122.34
2026/09/06 07:00:10.976, 1, 65, 110214, 295.35
2026/09/06 07:00:11.978, 0, 0, 43617, 169.95
2026/09/06 07:00:11.979, 1, 66, 110214, 298.08
2026/09/06 07:00:12.981, 0, 71, 43617, 176.06
2026/09/06 07:00:12.983, 1, 69, 110214, 292.51
2026/09/06 07:00:13.985, 0, 100, 43619, 453.24
2026/09/06 07:00:13.986, 1, 69, 110214, 297.81
2026/09/06 07:00:14.988, 0, 100, 46389, 690.10
2026/09/06 07:00:14.990, 1, 68, 110214, 298.13
2026/09/06 07:00:15.991, 0, 97, 46389, 628.99
2026/09/06 07:00:15.993, 1, 68, 110214, 300.83
2026/09/06 07:00:16.995, 0, 97, 46389, 690.46
2026/09/06 07:00:16.997, 1, 68, 110214, 299.49
2026/09/06 07:00:17.998, 0, 62, 46993, 553.36
2026/09/06 07:00:18.000, 1, 68, 110214, 301.33
2026/09/06 07:00:19.001, 0, 7, 47173, 128.80
2026/09/06 07:00:19.003, 1, 65, 110214, 298.36
2026/09/06 07:00:20.005, 0, 6, 47173, 125.36
2026/09/06 07:00:20.007, 1, 67, 110214, 295.58
2026/09/06 07:00:21.009, 0, 8, 47173, 125.35
2026/09/06 07:00:21.011, 1, 67, 110214, 279.19
2026/09/06 07:00:22.013, 0, 7, 47173, 124.75
2026/09/06 07:00:22.016, 1, 67, 110214, 190.56
2026/09/06 07:00:23.018, 0, 14, 49599, 124.07
2026/09/06 07:00:23.020, 1, 67, 110214, 298.41
2026/09/06 07:00:24.022, 0, 1, 37825, 125.04
2026/09/06 07:00:24.024, 1, 69, 110214, 295.68
2026/09/06 07:00:25.026, 0, 0, 37295, 122.92
2026/09/06 07:00:25.028, 1, 70, 110214, 301.65
2026/09/06 07:00:26.029, 0, 0, 37295, 122.58
2026/09/06 07:00:26.031, 1, 67, 110214, 300.89
2026/09/06 07:00:27.034, 0, 0, 43595, 127.36
2026/09/06 07:00:27.036, 1, 69, 110214, 306.56
2026/09/06 07:00:28.037, 0, 17, 53507, 176.06
2026/09/06 07:00:28.039, 1, 69, 110214, 301.87
2026/09/06 07:00:29.040, 0, 25, 53507, 303.16
2026/09/06 07:00:29.043, 1, 68, 110214, 305.21
2026/09/06 07:00:30.045, 0, 91, 53507, 292.96
2026/09/06 07:00:30.048, 1, 67, 110214, 300.94
2026/09/06 07:00:31.050, 0, 94, 53507, 286.48
2026/09/06 07:00:31.052, 1, 69, 110214, 307.26
2026/09/06 07:00:32.054, 0, 53, 53507, 286.25
2026/09/06 07:00:32.056, 1, 68, 110214, 304.68
2026/09/06 07:00:33.057, 0, 90, 53507, 226.86
2026/09/06 07:00:33.059, 1, 66, 110214, 307.47
2026/09/06 07:00:34.062, 0, 16, 80793, 362.63
2026/09/06 07:00:34.064, 1, 69, 110214, 311.73
2026/09/06 07:00:35.065, 0, 18, 112321, 345.57
2026/09/06 07:00:35.067, 1, 65, 110214, 306.42
2026/09/06 07:00:36.069, 0, 42, 112321, 281.66
2026/09/06 07:00:36.070, 1, 66, 110214, 308.09
2026/09/06 07:00:37.072, 0, 100, 112321, 382.72
2026/09/06 07:00:37.073, 1, 69, 110214, 307.63
2026/09/06 07:00:38.074, 0, 43, 112321, 173.23
2026/09/06 07:00:38.076, 1, 69, 110214, 308.67
2026/09/06 07:00:39.078, 0, 25, 112321, 124.56
2026/09/06 07:00:39.080, 1, 68, 110214, 302.36
2026/09/06 07:00:40.081, 0, 23, 112321, 124.18
2026/09/06 07:00:40.083, 1, 67, 110214, 299.02
2026/09/06 07:00:41.084, 0, 24, 112321, 124.00
2026/09/06 07:00:41.085, 1, 67, 110214, 302.70
2026/09/06 07:00:42.087, 0, 61, 112835, 240.29
2026/09/06 07:00:42.089, 1, 70, 110214, 300.57
2026/09/06 07:00:43.090, 0, 17, 114049, 379.97
2026/09/06 07:00:43.092, 1, 66, 110214, 302.91
2026/09/06 07:00:44.093, 0, 35, 114049, 190.57
2026/09/06 07:00:44.094, 1, 69, 110214, 305.98
2026/09/06 07:00:45.096, 0, 0, 114049, 218.04
2026/09/06 07:00:45.098, 1, 66, 110214, 307.00
2026/09/06 07:00:46.101, 0, 0, 114049, 239.97
2026/09/06 07:00:46.102, 1, 65, 110214, 307.08
2026/09/06 07:00:47.104, 0, 0, 114049, 188.48
2026/09/06 07:00:47.106, 1, 69, 110214, 309.23
2026/09/06 07:00:48.107, 0, 0, 114049, 226.89
2026/09/06 07:00:48.109, 1, 67, 110214, 304.41
2026/09/06 07:00:49.111, 0, 0, 114049, 183.85
2026/09/06 07:00:49.112, 1, 69, 110214, 309.55
2026/09/06 07:00:50.114, 0, 0, 114049, 159.55
2026/09/06 07:00:50.115, 1, 64, 110214, 304.24
2026/09/06 07:00:51.117, 0, 0, 114049, 191.85
2026/09/06 07:00:51.119, 1, 67, 110214, 307.37
2026/09/06 07:00:52.120, 0, 0, 114049, 147.12
2026/09/06 07:00:52.122, 1, 68, 110214, 307.71
2026/09/06 07:00:53.124, 0, 0, 114049, 123.90
2026/09/06 07:00:53.125, 1, 66, 110214, 310.38
2026/09/06 07:00:54.127, 0, 0, 114049, 171.71
2026/09/06 07:00:54.128, 1, 67, 110214, 307.14
2026/09/06 07:00:55.130, 0, 33, 114049, 177.61
2026/09/06 07:00:55.132, 1, 65, 110214, 308.97
2026/09/06 07:00:56.133, 0, 100, 114051, 437.34
2026/09/06 07:00:56.135, 1, 69, 110214, 310.98
2026/09/06 07:00:57.137, 0, 16, 114051, 388.89
2026/09/06 07:00:57.139, 1, 65, 110214, 304.01
2026/09/06 07:00:58.140, 0, 18, 114051, 179.45
2026/09/06 07:00:58.142, 1, 66, 110214, 305.20
2026/09/06 07:00:59.144, 0, 61, 114051, 224.36
2026/09/06 07:00:59.146, 1, 69, 110214, 310.27
2026/09/06 07:01:00.148, 0, 97, 114051, 634.37
2026/09/06 07:01:00.149, 1, 68, 110214, 305.92
2026/09/06 07:01:01.151, 0, 17, 114051, 394.02
2026/09/06 07:01:01.153, 1, 68, 110214, 309.78
2026/09/06 07:01:02.155, 0, 18, 114051, 167.43
2026/09/06 07:01:02.157, 1, 67, 110214, 309.02
2026/09/06 07:01:03.158, 0, 100, 114051, 365.54
2026/09/06 07:01:03.159, 1, 66, 110214, 310.75
2026/09/06 07:01:04.161, 0, 18, 114051, 545.30
2026/09/06 07:01:04.163, 1, 67, 110214, 310.46
2026/09/06 07:01:05.165, 0, 17, 114051, 182.12
2026/09/06 07:01:05.166, 1, 68, 110214, 315.52
2026/09/06 07:01:06.168, 0, 41, 114051, 200.44
2026/09/06 07:01:06.169, 1, 69, 110214, 312.07
2026/09/06 07:01:07.171, 0, 100, 114051, 606.88
2026/09/06 07:01:07.172, 1, 67, 110214, 313.12
2026/09/06 07:01:08.174, 0, 5, 114835, 275.68
2026/09/06 07:01:08.175, 1, 62, 110214, 306.09
2026/09/06 07:01:09.177, 0, 8, 114835, 126.63
2026/09/06 07:01:09.179, 1, 69, 110214, 309.04
2026/09/06 07:01:10.181, 0, 7, 114835, 126.47
2026/09/06 07:01:10.182, 1, 68, 110214, 310.82
2026/09/06 07:01:11.184, 0, 6, 114835, 125.99
2026/09/06 07:01:11.186, 1, 67, 110214, 313.44
2026/09/06 07:01:12.187, 0, 6, 114835, 125.80
2026/09/06 07:01:12.189, 1, 67, 110214, 313.47
2026/09/06 07:01:13.191, 0, 0, 117261, 128.40
2026/09/06 07:01:13.193, 1, 68, 110214, 312.43
2026/09/06 07:01:14.194, 0, 3, 43583, 130.13
2026/09/06 07:01:14.196, 1, 68, 110214, 319.00
2026/09/06 07:01:15.199, 0, 0, 42851, 124.43
2026/09/06 07:01:15.201, 1, 66, 110214, 317.35
2026/09/06 07:01:16.203, 0, 34, 43591, 128.61
2026/09/06 07:01:16.204, 1, 69, 110214, 315.55
2026/09/06 07:01:17.206, 0, 0, 43591, 125.52
2026/09/06 07:01:17.208, 1, 0, 110214, 265.09
2026/09/06 07:01:18.209, 0, 1, 43945, 123.83
2026/09/06 07:01:18.211, 1, 0, 109858, 131.71
2026/09/06 07:01:19.213, 0, 0, 44201, 137.18
2026/09/06 07:01:19.214, 1, 1, 110406, 377.55
2026/09/06 07:01:20.216, 0, 6, 42851, 123.98
2026/09/06 07:01:20.217, 1, 68, 109796, 302.68
2026/09/06 07:01:21.219, 0, 0, 39213, 124.44
2026/09/06 07:01:21.220, 1, 67, 109796, 315.34
2026/09/06 07:01:22.222, 0, 0, 37915, 127.12
2026/09/06 07:01:22.224, 1, 69, 109810, 266.45
2026/09/06 07:01:23.226, 0, 91, 38761, 211.07
2026/09/06 07:01:23.228, 1, 69, 109810, 312.17
2026/09/06 07:01:24.229, 0, 0, 38761, 309.52
2026/09/06 07:01:24.231, 1, 71, 109810, 321.81
2026/09/06 07:01:25.234, 0, 0, 38761, 301.02
2026/09/06 07:01:25.235, 1, 71, 109810, 312.30
2026/09/06 07:01:26.236, 0, 89, 38761, 261.94
2026/09/06 07:01:26.238, 1, 67, 109810, 310.18
2026/09/06 07:01:27.240, 0, 0, 38761, 223.07
2026/09/06 07:01:27.242, 1, 67, 109810, 312.92
2026/09/06 07:01:28.243, 0, 0, 38761, 272.55
2026/09/06 07:01:28.245, 1, 67, 109810, 315.55
2026/09/06 07:01:29.247, 0, 100, 41037, 505.73
2026/09/06 07:01:29.249, 1, 69, 109810, 309.87
2026/09/06 07:01:30.251, 0, 76, 42765, 622.74
2026/09/06 07:01:30.253, 1, 68, 109810, 319.28
2026/09/06 07:01:31.254, 0, 35, 42765, 200.57
2026/09/06 07:01:31.256, 1, 70, 109810, 316.73
2026/09/06 07:01:32.258, 0, 0, 42765, 233.62
2026/09/06 07:01:32.260, 1, 67, 109810, 321.99
2026/09/06 07:01:33.261, 0, 0, 42765, 179.61
2026/09/06 07:01:33.263, 1, 61, 109810, 313.02
2026/09/06 07:01:34.264, 0, 0, 42765, 216.15
2026/09/06 07:01:34.272, 1, 66, 109810, 317.92
2026/09/06 07:01:35.278, 0, 0, 42765, 151.69
2026/09/06 07:01:35.280, 1, 69, 109810, 316.95
2026/09/06 07:01:36.282, 0, 0, 42765, 191.47
2026/09/06 07:01:36.284, 1, 69, 109810, 320.48
2026/09/06 07:01:37.286, 0, 13, 42765, 172.00
2026/09/06 07:01:37.289, 1, 71, 109810, 319.33
2026/09/06 07:01:38.290, 0, 0, 42765, 124.14
2026/09/06 07:01:38.295, 1, 67, 109810, 317.53
2026/09/06 07:01:39.296, 0, 0, 42767, 170.54
2026/09/06 07:01:39.299, 1, 70, 109810, 299.87
2026/09/06 07:01:40.300, 0, 0, 42767, 149.82
2026/09/06 07:01:40.302, 1, 69, 109810, 305.58
2026/09/06 07:01:41.306, 0, 78, 42767, 192.13
2026/09/06 07:01:41.308, 1, 69, 109810, 268.85
2026/09/06 07:01:42.309, 0, 100, 46755, 650.12
2026/09/06 07:01:42.311, 1, 67, 109810, 314.30
2026/09/06 07:01:43.312, 0, 100, 46755, 691.81
2026/09/06 07:01:43.314, 1, 70, 109810, 314.59
2026/09/06 07:01:44.316, 0, 100, 46755, 694.51
2026/09/06 07:01:44.317, 1, 68, 109810, 317.37
2026/09/06 07:01:45.319, 0, 100, 46757, 692.52
2026/09/06 07:01:45.321, 1, 69, 109810, 317.85
2026/09/06 07:01:46.322, 0, 11, 47541, 202.72
2026/09/06 07:01:46.325, 1, 66, 109810, 312.64
2026/09/06 07:01:47.326, 0, 10, 47541, 128.01
2026/09/06 07:01:47.328, 1, 68, 109810, 311.93
2026/09/06 07:01:48.330, 0, 11, 47541, 127.45
2026/09/06 07:01:48.332, 1, 63, 109810, 298.49
2026/09/06 07:01:49.334, 0, 0, 49967, 127.03
2026/09/06 07:01:49.336, 1, 70, 109810, 299.95
2026/09/06 07:01:50.337, 0, 0, 37651, 125.94
2026/09/06 07:01:50.339, 1, 67, 109810, 309.26
2026/09/06 07:01:51.342, 0, 0, 37297, 124.96
2026/09/06 07:01:51.343, 1, 67, 109810, 308.95
2026/09/06 07:01:52.345, 0, 0, 37297, 124.45
2026/09/06 07:01:52.365, 1, 69, 109810, 314.33
2026/09/06 07:01:53.367, 0, 0, 43593, 129.35
2026/09/06 07:01:53.369, 1, 69, 109810, 310.32
2026/09/06 07:01:54.372, 0, 10, 49903, 173.80
2026/09/06 07:01:54.374, 1, 66, 109810, 310.57
2026/09/06 07:01:55.375, 0, 100, 50415, 291.11
2026/09/06 07:01:55.377, 1, 69, 109810, 313.83
2026/09/06 07:01:56.380, 0, 100, 50415, 288.75
2026/09/06 07:01:56.382, 1, 68, 109810, 313.94
2026/09/06 07:01:57.384, 0, 62, 50415, 268.77
2026/09/06 07:01:57.386, 1, 68, 109810, 313.44
2026/09/06 07:01:58.388, 0, 85, 50415, 288.71
2026/09/06 07:01:58.390, 1, 68, 109810, 312.21
2026/09/06 07:01:59.391, 0, 37, 50415, 208.64
2026/09/06 07:01:59.394, 1, 69, 109810, 307.94
2026/09/06 07:02:00.397, 0, 65, 71031, 345.73
2026/09/06 07:02:00.398, 1, 67, 109810, 304.63
2026/09/06 07:02:01.399, 0, 93, 102559, 375.11
2026/09/06 07:02:01.402, 1, 69, 109810, 299.43
2026/09/06 07:02:02.405, 0, 100, 102559, 262.39
2026/09/06 07:02:02.407, 1, 68, 109810, 301.92
2026/09/06 07:02:03.408, 0, 47, 102559, 245.39
2026/09/06 07:02:03.415, 1, 69, 109810, 305.14
2026/09/06 07:02:04.419, 0, 28, 102561, 301.40
2026/09/06 07:02:04.421, 1, 70, 109810, 305.74
2026/09/06 07:02:05.422, 0, 25, 102561, 133.25
2026/09/06 07:02:05.424, 1, 69, 109810, 306.74
2026/09/06 07:02:06.425, 0, 24, 102561, 125.25
2026/09/06 07:02:06.427, 1, 70, 109810, 310.41
2026/09/06 07:02:07.429, 0, 25, 102561, 125.06
2026/09/06 07:02:07.431, 1, 68, 109810, 306.19
2026/09/06 07:02:08.433, 0, 79, 104289, 329.81
2026/09/06 07:02:08.434, 1, 66, 109810, 303.87
2026/09/06 07:02:09.435, 0, 18, 104289, 261.99
2026/09/06 07:02:09.437, 1, 69, 109810, 300.43
2026/09/06 07:02:10.438, 0, 0, 104289, 215.00
2026/09/06 07:02:10.440, 1, 67, 109810, 311.41
2026/09/06 07:02:11.441, 0, 13, 104289, 246.16
2026/09/06 07:02:11.443, 1, 68, 109810, 306.93
2026/09/06 07:02:12.444, 0, 0, 104291, 188.06
2026/09/06 07:02:12.446, 1, 68, 109810, 303.91
2026/09/06 07:02:13.448, 0, 0, 104291, 228.43
2026/09/06 07:02:13.450, 1, 69, 109810, 305.86
2026/09/06 07:02:14.451, 0, 0, 104291, 184.01
2026/09/06 07:02:14.453, 1, 68, 109810, 307.48
2026/09/06 07:02:15.454, 0, 0, 104291, 159.23
2026/09/06 07:02:15.456, 1, 67, 109810, 305.50
2026/09/06 07:02:16.458, 0, 0, 104291, 192.08
2026/09/06 07:02:16.460, 1, 69, 109810, 309.39
2026/09/06 07:02:17.462, 0, 0, 104291, 147.20
2026/09/06 07:02:17.464, 1, 69, 109810, 307.17
2026/09/06 07:02:18.465, 0, 37, 104291, 170.94
2026/09/06 07:02:18.467, 1, 68, 109810, 304.39
2026/09/06 07:02:19.469, 0, 0, 104291, 150.90
2026/09/06 07:02:19.470, 1, 69, 109810, 310.23
2026/09/06 07:02:20.472, 0, 0, 104291, 151.95
2026/09/06 07:02:20.474, 1, 69, 109810, 306.58
2026/09/06 07:02:21.475, 0, 42, 104291, 464.61
2026/09/06 07:02:21.476, 1, 68, 109810, 309.05
2026/09/06 07:02:22.478, 0, 18, 104291, 410.77
2026/09/06 07:02:22.480, 1, 66, 109810, 310.48
2026/09/06 07:02:23.482, 0, 18, 104291, 177.26
2026/09/06 07:02:23.484, 1, 68, 109810, 310.05
2026/09/06 07:02:24.485, 0, 33, 104291, 226.08
2026/09/06 07:02:24.487, 1, 69, 109810, 312.24
2026/09/06 07:02:25.489, 0, 100, 104291, 684.95
2026/09/06 07:02:25.493, 1, 70, 109810, 313.49
2026/09/06 07:02:26.495, 0, 18, 104291, 269.34
2026/09/06 07:02:26.497, 1, 69, 109810, 313.19
2026/09/06 07:02:27.499, 0, 18, 104291, 173.98
2026/09/06 07:02:27.501, 1, 68, 109810, 315.92
2026/09/06 07:02:28.502, 0, 100, 104291, 409.77
2026/09/06 07:02:28.504, 1, 67, 109810, 305.55
2026/09/06 07:02:29.506, 0, 100, 104291, 622.36
2026/09/06 07:02:29.509, 1, 68, 109810, 312.76
2026/09/06 07:02:30.511, 0, 17, 104291, 172.18
2026/09/06 07:02:30.513, 1, 69, 109810, 314.41
2026/09/06 07:02:31.514, 0, 58, 104293, 312.59
2026/09/06 07:02:31.516, 1, 66, 109810, 308.15
2026/09/06 07:02:32.518, 0, 100, 105075, 487.43
2026/09/06 07:02:32.519, 1, 69, 109810, 311.83
2026/09/06 07:02:33.521, 0, 13, 105077, 129.24
2026/09/06 07:02:33.523, 1, 67, 109810, 306.46
2026/09/06 07:02:34.524, 0, 11, 105077, 128.00
2026/09/06 07:02:34.525, 1, 66, 109810, 308.80
2026/09/06 07:02:35.527, 0, 17, 107503, 128.31
2026/09/06 07:02:35.528, 1, 67, 109810, 309.96
2026/09/06 07:02:36.530, 0, 19, 44107, 133.81
2026/09/06 07:02:36.532, 1, 69, 109810, 309.49
2026/09/06 07:02:37.534, 0, 12, 42855, 125.59
2026/09/06 07:02:37.536, 1, 69, 109810, 312.73
2026/09/06 07:02:38.538, 0, 25, 39217, 126.23
2026/09/06 07:02:38.539, 1, 67, 109810, 311.24
2026/09/06 07:02:39.541, 0, 0, 43595, 128.58
2026/09/06 07:02:39.542, 1, 66, 109810, 317.21
2026/09/06 07:02:40.544, 0, 0, 43595, 126.56
2026/09/06 07:02:40.546, 1, 0, 109810, 215.24
2026/09/06 07:02:41.547, 0, 0, 44265, 129.87
2026/09/06 07:02:41.549, 1, 0, 110128, 138.04
2026/09/06 07:02:42.550, 0, 0, 43661, 134.56
2026/09/06 07:02:42.552, 1, 69, 110098, 377.82
2026/09/06 07:02:43.553, 0, 0, 42855, 125.10
2026/09/06 07:02:43.555, 1, 69, 109810, 294.75
2026/09/06 07:02:44.557, 0, 0, 21873, 127.26
2026/09/06 07:02:44.558, 1, 70, 109810, 310.59
2026/09/06 07:02:45.561, 0, 0, 38153, 131.79
2026/09/06 07:02:45.562, 1, 71, 109810, 283.54
2026/09/06 07:02:46.564, 0, 66, 40965, 534.15
2026/09/06 07:02:46.565, 1, 69, 109810, 316.30
2026/09/06 07:02:47.567, 0, 65, 43001, 542.32
2026/09/06 07:02:47.568, 1, 70, 109810, 312.30
2026/09/06 07:02:48.570, 0, 11, 43181, 130.16
2026/09/06 07:02:48.572, 1, 64, 109810, 313.49
2026/09/06 07:02:49.573, 0, 12, 43181, 126.66
2026/09/06 07:02:49.575, 1, 66, 109810, 314.01
2026/09/06 07:02:50.576, 0, 12, 45607, 127.36
2026/09/06 07:02:50.578, 1, 65, 109810, 311.48
2026/09/06 07:02:51.579, 0, 0, 38431, 127.40
2026/09/06 07:02:51.581, 1, 67, 109810, 317.64
2026/09/06 07:02:52.583, 0, 0, 37299, 124.92
2026/09/06 07:02:52.584, 1, 64, 109810, 315.01
2026/09/06 07:02:53.586, 0, 0, 37299, 124.65
2026/09/06 07:02:53.588, 1, 66, 109810, 321.01
2026/09/06 07:02:54.589, 0, 75, 43595, 129.23
2026/09/06 07:02:54.591, 1, 69, 109810, 305.33
2026/09/06 07:02:55.593, 0, 94, 49661, 150.05
2026/09/06 07:02:55.595, 1, 68, 109810, 324.09
2026/09/06 07:02:56.596, 0, 48, 68367, 308.74
2026/09/06 07:02:56.598, 1, 65, 109810, 309.27
2026/09/06 07:02:57.599, 0, 25, 68879, 137.38
2026/09/06 07:02:57.601, 1, 67, 109810, 318.35
2026/09/06 07:02:58.602, 0, 75, 70093, 352.69
2026/09/06 07:02:58.604, 1, 68, 109810, 319.42
2026/09/06 07:02:59.605, 0, 66, 70093, 327.21
2026/09/06 07:02:59.606, 1, 67, 109810, 316.51
2026/09/06 07:03:00.608, 0, 18, 70093, 333.73
2026/09/06 07:03:00.610, 1, 65, 109810, 320.40
2026/09/06 07:03:01.611, 0, 100, 70099, 365.46
2026/09/06 07:03:01.615, 1, 69, 109810, 319.70
2026/09/06 07:03:02.617, 0, 11, 70883, 135.23
2026/09/06 07:03:02.621, 1, 66, 109810, 318.90
2026/09/06 07:03:03.623, 0, 11, 70883, 127.00
2026/09/06 07:03:03.625, 1, 65, 109810, 311.04
2026/09/06 07:03:04.627, 0, 11, 70883, 126.82
2026/09/06 07:03:04.629, 1, 64, 109810, 313.61
2026/09/06 07:03:05.630, 0, 0, 73309, 129.19
2026/09/06 07:03:05.632, 1, 64, 109810, 313.78
2026/09/06 07:03:06.633, 0, 0, 43595, 126.93
2026/09/06 07:03:06.635, 1, 67, 109812, 312.18
2026/09/06 07:03:07.636, 0, 0, 42855, 124.71
2026/09/06 07:03:07.638, 1, 67, 109812, 316.86
2026/09/06 07:03:08.640, 0, 0, 39217, 125.46
2026/09/06 07:03:08.641, 1, 68, 109812, 315.72
2026/09/06 07:03:09.642, 0, 0, 43595, 127.69
2026/09/06 07:03:09.644, 1, 68, 109812, 310.97
2026/09/06 07:03:10.645, 0, 0, 43595, 125.74
2026/09/06 07:03:10.648, 1, 0, 109812, 214.57
2026/09/06 07:03:11.649, 0, 8, 44265, 131.08
2026/09/06 07:03:11.651, 1, 43, 110130, 140.33
2026/09/06 07:03:12.652, 0, 1, 43661, 130.36
2026/09/06 07:03:12.654, 1, 55, 110100, 364.21
2026/09/06 07:03:13.655, 0, 0, 42855, 124.30
2026/09/06 07:03:13.657, 1, 67, 109812, 301.49
2026/09/06 07:03:14.658, 0, 18, 13343, 126.07
2026/09/06 07:03:14.659, 1, 68, 109812, 315.73
2026/09/06 07:03:15.661, 0, 0, 37919, 126.58
2026/09/06 07:03:15.663, 1, 67, 109812, 305.50
2026/09/06 07:03:16.664, 0, 16, 42325, 554.85
2026/09/06 07:03:16.665, 1, 70, 109812, 279.72
2026/09/06 07:03:17.666, 0, 100, 44525, 700.62
2026/09/06 07:03:17.668, 1, 67, 109814, 304.96
2026/09/06 07:03:18.669, 0, 98, 45697, 692.05
2026/09/06 07:03:18.671, 1, 69, 109814, 275.73
2026/09/06 07:03:19.672, 0, 38, 46301, 573.24
2026/09/06 07:03:19.674, 1, 66, 109816, 308.08
2026/09/06 07:03:20.676, 0, 12, 46481, 131.67
2026/09/06 07:03:20.678, 1, 68, 109816, 303.16
2026/09/06 07:03:21.680, 0, 11, 46481, 127.35
2026/09/06 07:03:21.682, 1, 61, 109816, 295.82
2026/09/06 07:03:22.684, 0, 5, 48907, 126.98
2026/09/06 07:03:22.685, 1, 64, 109816, 302.34
2026/09/06 07:03:23.687, 0, 26, 38431, 127.70
2026/09/06 07:03:23.688, 1, 67, 109816, 313.70
2026/09/06 07:03:24.690, 0, 0, 37299, 124.64
2026/09/06 07:03:24.693, 1, 67, 109816, 314.13
2026/09/06 07:03:25.694, 0, 0, 37299, 124.30
2026/09/06 07:03:25.696, 1, 65, 109816, 309.27
2026/09/06 07:03:26.697, 0, 39, 43595, 128.93
2026/09/06 07:03:26.700, 1, 68, 109816, 312.78
2026/09/06 07:03:27.701, 0, 79, 52997, 178.51
2026/09/06 07:03:27.703, 1, 69, 109816, 315.48
2026/09/06 07:03:28.705, 0, 17, 86557, 296.28
2026/09/06 07:03:28.706, 1, 67, 109816, 318.92
2026/09/06 07:03:29.709, 0, 63, 118085, 393.19
2026/09/06 07:03:29.710, 1, 68, 109816, 317.09
2026/09/06 07:03:30.712, 0, 26, 118085, 149.38
2026/09/06 07:03:30.713, 1, 65, 109818, 278.79
2026/09/06 07:03:31.715, 0, 25, 118085, 124.76
2026/09/06 07:03:31.717, 1, 69, 109818, 309.68
2026/09/06 07:03:32.719, 0, 15, 118597, 187.80
2026/09/06 07:03:32.721, 1, 69, 109818, 314.89
2026/09/06 07:03:33.722, 0, 48, 119813, 452.58
2026/09/06 07:03:33.724, 1, 68, 109818, 315.95
2026/09/06 07:03:34.725, 0, 18, 119813, 172.45
2026/09/06 07:03:34.727, 1, 70, 109818, 316.13
2026/09/06 07:03:35.729, 0, 46, 119813, 211.91
2026/09/06 07:03:35.730, 1, 67, 109818, 325.27
2026/09/06 07:03:36.731, 0, 75, 119815, 646.76
2026/09/06 07:03:36.733, 1, 69, 109818, 322.69
2026/09/06 07:03:37.735, 0, 100, 119815, 468.68
2026/09/06 07:03:37.737, 1, 66, 109818, 325.65
2026/09/06 07:03:38.738, 0, 51, 119815, 202.75
2026/09/06 07:03:38.740, 1, 70, 109818, 318.88
2026/09/06 07:03:39.741, 0, 49, 119815, 164.77
2026/09/06 07:03:39.743, 1, 69, 109818, 326.28
2026/09/06 07:03:40.744, 0, 100, 119815, 429.01
2026/09/06 07:03:40.746, 1, 69, 109818, 324.69
2026/09/06 07:03:41.747, 0, 75, 120599, 411.45
2026/09/06 07:03:41.749, 1, 66, 109818, 322.40
2026/09/06 07:03:42.751, 0, 11, 120599, 127.96
2026/09/06 07:03:42.757, 1, 66, 109818, 322.90
2026/09/06 07:03:43.758, 0, 11, 120599, 127.52
2026/09/06 07:03:43.760, 1, 67, 109818, 325.30
2026/09/06 07:03:44.761, 0, 17, 123025, 126.52
2026/09/06 07:03:44.763, 1, 70, 109818, 314.18
2026/09/06 07:03:45.765, 0, 49, 44619, 132.12
2026/09/06 07:03:45.767, 1, 68, 109818, 310.28
2026/09/06 07:03:46.768, 0, 0, 43595, 126.91
2026/09/06 07:03:46.770, 1, 67, 109818, 311.27
2026/09/06 07:03:47.773, 0, 0, 42855, 124.75
2026/09/06 07:03:47.774, 1, 67, 109818, 314.99
2026/09/06 07:03:48.776, 0, 72, 19429, 128.82
2026/09/06 07:03:48.805, 1, 68, 109818, 304.55
2026/09/06 07:03:49.808, 0, 63, 43595, 126.33
2026/09/06 07:03:49.810, 1, 45, 109818, 305.57
2026/09/06 07:03:50.811, 0, 0, 43595, 124.42
2026/09/06 07:03:50.813, 1, 4, 109520, 133.27
2026/09/06 07:03:51.815, 0, 6, 44205, 142.98
2026/09/06 07:03:51.818, 1, 91, 110410, 217.51
2026/09/06 07:03:52.820, 0, 0, 43099, 124.70
2026/09/06 07:03:52.822, 1, 66, 109814, 355.96
2026/09/06 07:03:53.825, 0, 0, 39217, 124.48
2026/09/06 07:03:53.826, 1, 64, 109814, 309.11
2026/09/06 07:03:54.827, 0, 43, 37919, 129.24
2026/09/06 07:03:54.829, 1, 67, 109814, 276.11
2026/09/06 07:03:55.831, 0, 100, 40319, 299.62
2026/09/06 07:03:55.832, 1, 66, 109814, 302.39
2026/09/06 07:03:56.834, 0, 100, 46563, 648.28
2026/09/06 07:03:56.835, 1, 68, 109814, 312.10
2026/09/06 07:03:57.837, 0, 58, 47167, 554.76
2026/09/06 07:03:57.839, 1, 63, 109814, 305.71
2026/09/06 07:03:58.840, 0, 12, 47347, 132.77
2026/09/06 07:03:58.842, 1, 65, 109814, 306.98
2026/09/06 07:03:59.844, 0, 11, 47347, 127.24
2026/09/06 07:03:59.846, 1, 64, 109814, 304.45
2026/09/06 07:04:00.848, 0, 4, 47347, 126.60
2026/09/06 07:04:00.851, 1, 68, 109814, 299.82
2026/09/06 07:04:01.853, 0, 2, 47297, 126.12
2026/09/06 07:04:01.855, 1, 49, 109818, 295.75
2026/09/06 07:04:02.857, 0, 0, 37299, 125.59
2026/09/06 07:04:02.859, 1, 67, 109818, 309.62
2026/09/06 07:04:03.860, 0, 0, 37299, 124.35
2026/09/06 07:04:03.862, 1, 67, 109818, 315.11
2026/09/06 07:04:04.864, 0, 41, 19429, 128.68
2026/09/06 07:04:04.866, 1, 68, 109818, 317.55
2026/09/06 07:04:05.868, 0, 100, 43595, 125.79
2026/09/06 07:04:05.870, 1, 68, 109818, 318.44
2026/09/06 07:04:06.872, 0, 16, 76945, 294.04
2026/09/06 07:04:06.874, 1, 67, 109818, 318.81
2026/09/06 07:04:07.875, 0, 25, 77457, 240.49
2026/09/06 07:04:07.876, 1, 68, 109818, 308.22
2026/09/06 07:04:08.878, 0, 3, 77969, 125.00
2026/09/06 07:04:08.880, 1, 66, 109818, 314.44
2026/09/06 07:04:09.881, 0, 50, 77969, 317.37
2026/09/06 07:04:09.883, 1, 66, 109818, 310.00
2026/09/06 07:04:10.885, 0, 32, 77969, 184.11
2026/09/06 07:04:10.887, 1, 68, 109818, 322.44
2026/09/06 07:04:11.889, 0, 100, 86755, 499.67
2026/09/06 07:04:11.900, 1, 70, 109818, 317.94
2026/09/06 07:04:12.902, 0, 34, 87969, 395.59
2026/09/06 07:04:12.904, 1, 69, 109818, 269.92
2026/09/06 07:04:13.907, 0, 77, 88481, 453.36
2026/09/06 07:04:13.910, 1, 69, 109818, 316.73
2026/09/06 07:04:14.913, 0, 12, 88753, 144.66
2026/09/06 07:04:14.915, 1, 67, 109818, 318.10
2026/09/06 07:04:15.917, 0, 12, 88753, 126.89
2026/09/06 07:04:15.920, 1, 69, 109818, 312.57
2026/09/06 07:04:16.922, 0, 9, 91179, 126.90
2026/09/06 07:04:16.924, 1, 67, 109818, 314.25
2026/09/06 07:04:17.926, 0, 0, 91179, 128.48
2026/09/06 07:04:17.928, 1, 66, 109818, 319.15
2026/09/06 07:04:18.931, 0, 0, 43595, 128.27
2026/09/06 07:04:18.932, 1, 71, 109818, 322.80
2026/09/06 07:04:19.933, 0, 0, 42855, 124.75
2026/09/06 07:04:19.936, 1, 65, 109818, 318.38
2026/09/06 07:04:20.938, 0, 0, 39217, 125.41
2026/09/06 07:04:20.940, 1, 63, 109818, 310.62
2026/09/06 07:04:21.942, 0, 0, 43595, 127.70
2026/09/06 07:04:21.944, 1, 67, 109818, 324.28
2026/09/06 07:04:22.945, 0, 0, 43595, 125.84
2026/09/06 07:04:22.947, 1, 0, 109818, 210.25
2026/09/06 07:04:23.949, 0, 12, 44265, 127.57
2026/09/06 07:04:23.951, 1, 21, 110128, 141.14
2026/09/06 07:04:24.953, 0, 1, 43661, 133.85
2026/09/06 07:04:24.954, 1, 56, 110114, 438.63
2026/09/06 07:04:25.956, 0, 0, 42855, 124.40
2026/09/06 07:04:25.958, 1, 68, 109826, 327.45
2026/09/06 07:04:26.959, 0, 0, 39217, 124.99
2026/09/06 07:04:26.961, 1, 71, 109826, 325.49
2026/09/06 07:04:27.963, 0, 0, 37919, 128.03
2026/09/06 07:04:27.964, 1, 69, 109826, 317.46
2026/09/06 07:04:28.966, 0, 55, 41597, 443.85
2026/09/06 07:04:28.968, 1, 70, 109826, 317.43
2026/09/06 07:04:29.970, 0, 100, 46539, 672.97
2026/09/06 07:04:29.976, 1, 71, 109826, 321.83
2026/09/06 07:04:30.978, 0, 48, 46539, 614.93
2026/09/06 07:04:30.979, 1, 70, 109826, 324.13
2026/09/06 07:04:31.982, 0, 100, 47327, 373.73
2026/09/06 07:04:31.984, 1, 68, 109826, 327.95
2026/09/06 07:04:32.986, 0, 11, 47327, 127.95
2026/09/06 07:04:32.988, 1, 61, 109826, 323.75
2026/09/06 07:04:33.989, 0, 12, 47327, 126.82
2026/09/06 07:04:33.991, 1, 63, 109826, 326.04
2026/09/06 07:04:34.993, 0, 17, 49753, 127.15
2026/09/06 07:04:34.996, 1, 70, 109826, 317.70
2026/09/06 07:04:35.997, 0, 0, 38431, 125.69
2026/09/06 07:04:35.999, 1, 70, 109826, 326.26
2026/09/06 07:04:37.001, 0, 0, 37299, 124.98
2026/09/06 07:04:37.003, 1, 69, 109828, 320.19
2026/09/06 07:04:38.004, 0, 0, 37299, 124.53
2026/09/06 07:04:38.006, 1, 68, 109828, 322.41
2026/09/06 07:04:39.007, 0, 80, 19429, 129.28
2026/09/06 07:04:39.015, 1, 68, 109828, 331.22
2026/09/06 07:04:40.017, 0, 93, 43597, 128.42
2026/09/06 07:04:40.019, 1, 70, 109828, 328.34
2026/09/06 07:04:41.021, 0, 18, 92919, 391.17
2026/09/06 07:04:41.023, 1, 69, 109828, 335.71
2026/09/06 07:04:42.024, 0, 16, 92921, 210.72
2026/09/06 07:04:42.026, 1, 68, 109828, 328.48
2026/09/06 07:04:43.028, 0, 25, 92921, 210.78
2026/09/06 07:04:43.033, 1, 70, 109828, 321.47
2026/09/06 07:04:44.035, 0, 25, 92921, 124.97
2026/09/06 07:04:44.036, 1, 67, 109828, 322.40
2026/09/06 07:04:45.038, 0, 51, 94649, 300.20
2026/09/06 07:04:45.039, 1, 69, 109828, 328.64
2026/09/06 07:04:46.041, 0, 18, 94649, 380.71
2026/09/06 07:04:46.042, 1, 65, 109828, 326.81
2026/09/06 07:04:47.044, 0, 18, 94649, 182.95
2026/09/06 07:04:47.046, 1, 70, 109828, 330.80
2026/09/06 07:04:48.047, 0, 44, 95381, 217.57
2026/09/06 07:04:48.048, 1, 71, 109828, 331.55
2026/09/06 07:04:49.050, 0, 100, 96357, 679.77
2026/09/06 07:04:49.051, 1, 68, 109828, 338.22
2026/09/06 07:04:50.053, 0, 74, 96357, 359.61
2026/09/06 07:04:50.054, 1, 69, 109828, 329.59
2026/09/06 07:04:51.056, 0, 17, 96357, 322.14
2026/09/06 07:04:51.058, 1, 67, 109828, 337.64
2026/09/06 07:04:52.059, 0, 10, 97141, 329.73
2026/09/06 07:04:52.060, 1, 66, 109828, 330.75
2026/09/06 07:04:53.062, 0, 11, 97143, 130.38
2026/09/06 07:04:53.064, 1, 68, 109828, 326.77
2026/09/06 07:04:54.066, 0, 12, 97143, 127.62
2026/09/06 07:04:54.068, 1, 69, 109828, 331.21
2026/09/06 07:04:55.069, 0, 11, 99569, 127.28
2026/09/06 07:04:55.071, 1, 60, 109828, 315.26
2026/09/06 07:04:56.073, 0, 0, 99569, 128.49
2026/09/06 07:04:56.074, 1, 70, 109828, 332.56
2026/09/06 07:04:57.076, 0, 3, 43597, 129.42
2026/09/06 07:04:57.077, 1, 69, 109828, 324.43
2026/09/06 07:04:58.079, 0, 0, 42855, 125.00
2026/09/06 07:04:58.081, 1, 66, 109828, 330.94
2026/09/06 07:04:59.082, 0, 0, 13485, 126.26
2026/09/06 07:04:59.084, 1, 70, 109828, 326.33
2026/09/06 07:05:00.085, 0, 0, 43597, 127.38
2026/09/06 07:05:00.087, 1, 70, 109828, 335.75
2026/09/06 07:05:01.088, 0, 0, 43597, 126.03
2026/09/06 07:05:01.090, 1, 0, 109828, 210.45
2026/09/06 07:05:02.092, 0, 9, 44267, 134.09
2026/09/06 07:05:02.093, 1, 85, 110128, 143.34
2026/09/06 07:05:03.095, 0, 1, 43663, 130.49
2026/09/06 07:05:03.097, 1, 0, 110114, 475.86
2026/09/06 07:05:04.111, 0, 0, 42855, 124.62
2026/09/06 07:05:04.113, 1, 71, 109826, 393.69
2026/09/06 07:05:05.115, 0, 66, 21873, 127.48
2026/09/06 07:05:05.117, 1, 68, 109826, 334.44
2026/09/06 07:05:06.118, 0, 0, 37919, 126.09
2026/09/06 07:05:06.121, 1, 70, 109826, 338.47
2026/09/06 07:05:07.123, 0, 73, 41299, 445.14
2026/09/06 07:05:07.125, 1, 68, 109826, 340.99
2026/09/06 07:05:08.127, 0, 33, 41299, 476.81
2026/09/06 07:05:08.129, 1, 67, 109826, 338.96
2026/09/06 07:05:09.132, 0, 13, 42083, 172.28
2026/09/06 07:05:09.133, 1, 65, 109826, 334.12
2026/09/06 07:05:10.135, 0, 11, 42083, 127.26
2026/09/06 07:05:10.137, 1, 63, 109826, 283.97
2026/09/06 07:05:11.139, 0, 11, 42083, 126.08
2026/09/06 07:05:11.141, 1, 63, 109828, 299.80
2026/09/06 07:05:12.143, 0, 0, 44509, 126.87
2026/09/06 07:05:12.144, 1, 67, 109828, 306.19
2026/09/06 07:05:13.146, 0, 0, 37919, 124.88
2026/09/06 07:05:13.148, 1, 68, 109828, 311.52
2026/09/06 07:05:14.150, 0, 0, 37299, 124.47
2026/09/06 07:05:14.151, 1, 68, 109828, 307.81
2026/09/06 07:05:15.153, 0, 0, 37299, 124.21
2026/09/06 07:05:15.155, 1, 67, 109828, 309.13
2026/09/06 07:05:16.157, 0, 2, 43597, 128.92
2026/09/06 07:05:16.159, 1, 63, 109828, 300.15
2026/09/06 07:05:17.160, 0, 97, 50633, 146.62
2026/09/06 07:05:17.162, 1, 67, 109828, 306.40
2026/09/06 07:05:18.163, 0, 17, 59149, 268.88
2026/09/06 07:05:18.165, 1, 66, 109828, 312.77
2026/09/06 07:05:19.166, 0, 56, 59661, 188.79
2026/09/06 07:05:19.168, 1, 68, 109828, 314.11
2026/09/06 07:05:20.169, 0, 29, 60877, 333.50
2026/09/06 07:05:20.171, 1, 68, 109828, 307.66
2026/09/06 07:05:21.172, 0, 100, 60879, 312.88
2026/09/06 07:05:21.174, 1, 67, 109828, 312.69
2026/09/06 07:05:22.176, 0, 93, 60879, 345.63
2026/09/06 07:05:22.178, 1, 67, 109828, 310.16
2026/09/06 07:05:23.180, 0, 84, 61663, 214.74
2026/09/06 07:05:23.183, 1, 68, 109828, 309.52
2026/09/06 07:05:24.185, 0, 11, 61663, 127.51
2026/09/06 07:05:24.187, 1, 64, 109828, 309.64
2026/09/06 07:05:25.189, 0, 11, 61663, 126.80
2026/09/06 07:05:25.190, 1, 63, 109828, 305.79
2026/09/06 07:05:26.192, 0, 16, 64089, 126.22
2026/09/06 07:05:26.194, 1, 62, 109828, 308.91
2026/09/06 07:05:27.195, 0, 0, 44621, 129.20
2026/09/06 07:05:27.197, 1, 69, 109828, 311.76
2026/09/06 07:05:28.199, 0, 0, 42855, 124.66
2026/09/06 07:05:28.200, 1, 67, 109828, 316.78
2026/09/06 07:05:29.202, 0, 0, 42855, 124.25
2026/09/06 07:05:29.203, 1, 70, 109828, 316.66
2026/09/06 07:05:30.205, 0, 59, 39217, 125.19
2026/09/06 07:05:30.207, 1, 68, 109828, 321.86
2026/09/06 07:05:31.208, 0, 34, 43597, 127.02
2026/09/06 07:05:31.210, 1, 67, 109828, 316.47
2026/09/06 07:05:32.212, 0, 0, 43597, 125.01
2026/09/06 07:05:32.214, 1, 21, 109828, 282.34
2026/09/06 07:05:33.215, 0, 1, 43951, 123.36
2026/09/06 07:05:33.217, 1, 4, 109872, 133.88
2026/09/06 07:05:34.220, 0, 0, 44207, 137.29
2026/09/06 07:05:34.221, 1, 84, 110436, 389.39
2026/09/06 07:05:35.223, 0, 12, 42855, 123.65
2026/09/06 07:05:35.225, 1, 67, 109826, 288.65
2026/09/06 07:05:36.227, 0, 6, 39217, 124.26
2026/09/06 07:05:36.229, 1, 0, 109826, 285.32
2026/09/06 07:05:37.230, 0, 8, 13231, 125.48
2026/09/06 07:05:37.232, 1, 68, 109826, 326.38
2026/09/06 07:05:38.234, 0, 0, 13231, 123.07
2026/09/06 07:05:38.236, 1, 67, 109826, 326.10
2026/09/06 07:05:39.237, 0, 0, 13231, 122.94
2026/09/06 07:05:39.239, 1, 66, 109826, 324.53
2026/09/06 07:05:40.240, 0, 0, 13231, 122.94
2026/09/06 07:05:40.242, 1, 67, 109826, 321.74
2026/09/06 07:05:41.243, 0, 0, 13231, 122.92
2026/09/06 07:05:41.245, 1, 70, 109826, 323.09
2026/09/06 07:05:42.247, 0, 0, 13231, 122.79
2026/09/06 07:05:42.248, 1, 70, 109826, 321.58
2026/09/06 07:05:43.250, 0, 0, 13231, 122.79
2026/09/06 07:05:43.252, 1, 69, 109826, 318.26
2026/09/06 07:05:44.254, 0, 0, 13231, 122.82
2026/09/06 07:05:44.256, 1, 69, 109826, 318.02
2026/09/06 07:05:45.257, 0, 0, 13231, 122.66
2026/09/06 07:05:45.259, 1, 66, 109826, 322.68
2026/09/06 07:05:46.260, 0, 0, 13231, 122.72
2026/09/06 07:05:46.262, 1, 68, 109826, 317.59
2026/09/06 07:05:47.264, 0, 0, 13231, 122.70
2026/09/06 07:05:47.265, 1, 69, 109826, 330.15
2026/09/06 07:05:48.267, 0, 0, 13231, 122.62
2026/09/06 07:05:48.268, 1, 70, 109826, 322.14
2026/09/06 07:05:49.270, 0, 0, 13231, 122.66
2026/09/06 07:05:49.272, 1, 66, 109826, 324.51
2026/09/06 07:05:50.274, 0, 0, 13231, 122.61
2026/09/06 07:05:50.276, 1, 70, 109826, 323.83
2026/09/06 07:05:51.278, 0, 0, 13231, 122.64
2026/09/06 07:05:51.279, 1, 69, 109826, 320.21
2026/09/06 07:05:52.281, 0, 0, 13231, 122.50
2026/09/06 07:05:52.290, 1, 65, 109826, 319.44
2026/09/06 07:05:53.292, 0, 0, 13231, 122.54
2026/09/06 07:05:53.294, 1, 68, 109826, 316.18
2026/09/06 07:05:54.295, 0, 0, 13231, 122.59
2026/09/06 07:05:54.297, 1, 68, 109826, 315.91
2026/09/06 07:05:55.299, 0, 0, 13231, 122.50
2026/09/06 07:05:55.301, 1, 67, 109826, 321.86
2026/09/06 07:05:56.302, 0, 0, 13231, 122.53
2026/09/06 07:05:56.304, 1, 69, 109826, 319.49
2026/09/06 07:05:57.305, 0, 0, 13231, 122.50
2026/09/06 07:05:57.309, 1, 70, 109826, 324.73
2026/09/06 07:05:58.311, 0, 0, 13231, 122.30
2026/09/06 07:05:58.313, 1, 66, 109826, 322.23
2026/09/06 07:05:59.314, 0, 0, 13231, 122.42
2026/09/06 07:05:59.316, 1, 62, 109826, 321.76
2026/09/06 07:06:00.317, 0, 0, 13231, 122.47
2026/09/06 07:06:00.319, 1, 68, 109826, 318.99
2026/09/06 07:06:01.321, 0, 0, 37919, 124.24
2026/09/06 07:06:01.322, 1, 70, 109828, 319.27
2026/09/06 07:06:02.324, 0, 26, 39091, 226.24
2026/09/06 07:06:02.326, 1, 67, 109828, 323.41
2026/09/06 07:06:03.327, 0, 58, 41267, 565.12
2026/09/06 07:06:03.344, 1, 55, 109830, 316.21
2026/09/06 07:06:04.346, 0, 12, 42051, 135.73
2026/09/06 07:06:04.348, 1, 70, 109830, 329.43
2026/09/06 07:06:05.351, 0, 11, 42051, 125.75
2026/09/06 07:06:05.353, 1, 67, 109830, 321.76
2026/09/06 07:06:06.355, 0, 12, 42051, 125.52
2026/09/06 07:06:06.358, 1, 66, 109830, 272.89
2026/09/06 07:06:07.361, 0, 0, 44477, 125.57
2026/09/06 07:06:07.363, 1, 69, 109830, 320.74
2026/09/06 07:06:08.371, 0, 0, 37653, 123.60
2026/09/06 07:06:08.373, 1, 66, 109830, 325.85
2026/09/06 07:06:09.374, 0, 0, 37299, 123.00
2026/09/06 07:06:09.376, 1, 67, 109830, 319.23
2026/09/06 07:06:10.378, 0, 0, 37299, 122.80
2026/09/06 07:06:10.380, 1, 67, 109830, 315.35
2026/09/06 07:06:11.382, 0, 0, 43597, 127.71
2026/09/06 07:06:11.385, 1, 68, 109830, 324.73
2026/09/06 07:06:12.387, 0, 65, 58661, 224.73
2026/09/06 07:06:12.388, 1, 69, 109830, 330.45
2026/09/06 07:06:13.389, 0, 1, 59173, 174.18
2026/09/06 07:06:13.392, 1, 68, 109830, 327.11
2026/09/06 07:06:14.399, 0, 77, 59177, 256.60
2026/09/06 07:06:14.400, 1, 43, 109830, 327.58
2026/09/06 07:06:15.402, 0, 100, 60391, 405.58
2026/09/06 07:06:15.409, 1, 69, 109830, 325.33
2026/09/06 07:06:16.411, 0, 100, 61173, 292.12
2026/09/06 07:06:16.413, 1, 68, 109830, 319.16
2026/09/06 07:06:17.415, 0, 12, 61175, 126.83
2026/09/06 07:06:17.421, 1, 68, 109830, 312.65
2026/09/06 07:06:18.425, 0, 12, 61175, 125.68
2026/09/06 07:06:18.427, 1, 68, 109830, 315.34
2026/09/06 07:06:19.428, 0, 16, 63601, 126.98
2026/09/06 07:06:19.431, 1, 68, 109830, 303.13
2026/09/06 07:06:20.432, 0, 0, 44621, 127.10
2026/09/06 07:06:20.435, 1, 69, 109830, 317.96
2026/09/06 07:06:21.437, 0, 0, 43099, 123.97
2026/09/06 07:06:21.439, 1, 66, 109830, 317.63
2026/09/06 07:06:22.442, 0, 0, 39217, 124.20
2026/09/06 07:06:22.443, 1, 69, 109830, 318.47
2026/09/06 07:06:23.445, 0, 14, 43597, 127.77
2026/09/06 07:06:23.447, 1, 67, 109830, 320.48
2026/09/06 07:06:24.449, 0, 0, 43597, 125.07
2026/09/06 07:06:24.451, 1, 22, 109830, 275.03
2026/09/06 07:06:25.452, 0, 0, 43951, 123.49
2026/09/06 07:06:25.485, 1, 0, 109874, 134.24
2026/09/06 07:06:26.488, 0, 0, 44207, 138.60
2026/09/06 07:06:26.490, 1, 0, 110424, 334.39
2026/09/06 07:06:27.491, 0, 6, 42855, 123.93
2026/09/06 07:06:27.495, 1, 67, 109814, 326.02
2026/09/06 07:06:28.496, 0, 80, 39217, 124.52
2026/09/06 07:06:28.498, 1, 66, 109814, 311.88
2026/09/06 07:06:29.500, 0, 5, 21873, 127.55
2026/09/06 07:06:29.553, 1, 67, 109814, 305.62
2026/09/06 07:06:30.555, 0, 61, 41135, 277.11
2026/09/06 07:06:30.557, 1, 67, 109814, 321.11
2026/09/06 07:06:31.558, 0, 82, 42863, 610.04
2026/09/06 07:06:31.560, 1, 70, 109814, 323.39
2026/09/06 07:06:32.562, 0, 100, 46591, 688.05
2026/09/06 07:06:32.564, 1, 67, 109814, 303.36
2026/09/06 07:06:33.565, 0, 11, 47375, 417.90
2026/09/06 07:06:33.567, 1, 68, 109814, 263.88
2026/09/06 07:06:34.569, 0, 10, 47375, 127.18
2026/09/06 07:06:34.570, 1, 65, 109814, 300.27
2026/09/06 07:06:35.572, 0, 11, 47375, 127.15
2026/09/06 07:06:35.574, 1, 67, 109814, 299.31
2026/09/06 07:06:36.576, 0, 15, 49801, 125.81
2026/09/06 07:06:36.578, 1, 67, 109814, 292.73
2026/09/06 07:06:37.580, 0, 0, 37919, 126.21
2026/09/06 07:06:37.587, 1, 65, 109814, 302.85
2026/09/06 07:06:38.591, 0, 0, 37299, 124.49
2026/09/06 07:06:38.593, 1, 71, 109814, 301.59
2026/09/06 07:06:39.595, 0, 0, 37299, 124.11
2026/09/06 07:06:39.597, 1, 68, 109816, 294.45
2026/09/06 07:06:40.599, 0, 2, 43597, 128.74
2026/09/06 07:06:40.600, 1, 68, 109816, 303.67
2026/09/06 07:06:41.602, 0, 100, 43599, 127.11
2026/09/06 07:06:41.604, 1, 65, 109816, 304.99
2026/09/06 07:06:42.605, 0, 80, 98077, 323.86
2026/09/06 07:06:42.607, 1, 68, 109816, 306.90
2026/09/06 07:06:43.608, 0, 20, 98077, 297.83
2026/09/06 07:06:43.610, 1, 69, 109816, 306.05
2026/09/06 07:06:44.612, 0, 23, 98077, 149.58
2026/09/06 07:06:44.614, 1, 56, 109816, 298.67
2026/09/06 07:06:45.615, 0, 37, 98589, 182.65
2026/09/06 07:06:45.616, 1, 67, 109816, 310.02
2026/09/06 07:06:46.617, 0, 17, 99807, 337.27
2026/09/06 07:06:46.619, 1, 67, 109816, 311.21
2026/09/06 07:06:47.620, 0, 41, 99807, 357.61
2026/09/06 07:06:47.622, 1, 69, 109816, 310.11
2026/09/06 07:06:48.623, 0, 18, 99807, 475.05
2026/09/06 07:06:48.625, 1, 67, 109816, 307.17
2026/09/06 07:06:49.627, 0, 17, 99807, 179.71
2026/09/06 07:06:49.628, 1, 66, 109816, 309.84
2026/09/06 07:06:50.630, 0, 47, 99807, 205.47
2026/09/06 07:06:50.632, 1, 70, 109816, 312.68
2026/09/06 07:06:51.634, 0, 100, 99807, 658.75
2026/09/06 07:06:51.636, 1, 69, 109816, 313.89
2026/09/06 07:06:52.638, 0, 11, 100591, 203.46
2026/09/06 07:06:52.639, 1, 67, 109816, 310.23
2026/09/06 07:06:53.641, 0, 11, 100591, 127.44
2026/09/06 07:06:53.644, 1, 67, 109816, 306.93
2026/09/06 07:06:54.646, 0, 11, 100591, 126.50
2026/09/06 07:06:54.649, 1, 67, 109816, 306.16
2026/09/06 07:06:55.650, 0, 3, 103017, 128.48
2026/09/06 07:06:55.652, 1, 68, 109816, 302.81
2026/09/06 07:06:56.654, 0, 0, 44109, 129.24
2026/09/06 07:06:56.656, 1, 69, 109816, 314.20
2026/09/06 07:06:57.657, 0, 0, 42855, 124.93
2026/09/06 07:06:57.659, 1, 68, 109816, 314.26
2026/09/06 07:06:58.660, 0, 0, 39217, 125.59
2026/09/06 07:06:58.662, 1, 67, 109816, 311.36
2026/09/06 07:06:59.664, 0, 0, 43597, 127.99
2026/09/06 07:06:59.665, 1, 68, 109816, 310.09
2026/09/06 07:07:00.667, 0, 0, 43597, 125.83
2026/09/06 07:07:00.668, 1, 0, 109816, 216.16
2026/09/06 07:07:01.670, 0, 8, 44267, 130.84
2026/09/06 07:07:01.671, 1, 40, 110130, 141.91
2026/09/06 07:07:02.673, 0, 0, 43597, 131.17
2026/09/06 07:07:02.688, 1, 0, 109828, 339.28
2026/09/06 07:07:03.690, 0, 0, 42855, 124.68
2026/09/06 07:07:03.692, 1, 67, 109828, 297.62
2026/09/06 07:07:04.693, 0, 38, 13231, 127.71
2026/09/06 07:07:04.695, 1, 70, 109828, 310.19
2026/09/06 07:07:05.697, 0, 0, 13231, 124.06
2026/09/06 07:07:05.699, 1, 68, 109828, 309.85
2026/09/06 07:07:06.700, 0, 0, 13231, 123.92
2026/09/06 07:07:06.703, 1, 70, 109828, 314.40
2026/09/06 07:07:07.704, 0, 0, 13231, 123.83
2026/09/06 07:07:07.706, 1, 66, 109828, 317.35
2026/09/06 07:07:08.707, 0, 0, 21873, 123.68
2026/09/06 07:07:08.709, 1, 70, 109828, 312.71
2026/09/06 07:07:09.712, 0, 0, 38387, 125.42
2026/09/06 07:07:09.713, 1, 69, 109828, 312.52
2026/09/06 07:07:10.715, 0, 77, 41493, 536.97
2026/09/06 07:07:10.716, 1, 68, 109828, 313.53
2026/09/06 07:07:11.719, 0, 100, 42097, 443.39
2026/09/06 07:07:11.721, 1, 70, 109828, 305.39
2026/09/06 07:07:12.723, 0, 12, 42277, 126.61
2026/09/06 07:07:12.725, 1, 67, 109828, 308.48
2026/09/06 07:07:13.729, 0, 12, 42277, 126.18
2026/09/06 07:07:13.730, 1, 64, 109828, 304.64
2026/09/06 07:07:14.732, 0, 0, 44703, 125.61
2026/09/06 07:07:14.734, 1, 59, 109828, 305.66
2026/09/06 07:07:15.736, 0, 0, 38433, 125.94
2026/09/06 07:07:15.737, 1, 63, 109828, 320.83
2026/09/06 07:07:16.739, 0, 0, 37299, 123.92
2026/09/06 07:07:16.741, 1, 69, 109828, 317.46
2026/09/06 07:07:17.743, 0, 0, 37299, 123.60
2026/09/06 07:07:17.744, 1, 68, 109828, 309.11
2026/09/06 07:07:18.746, 0, 80, 43597, 128.33
2026/09/06 07:07:18.748, 1, 67, 109828, 319.67
2026/09/06 07:07:19.749, 0, 100, 43599, 126.44
2026/09/06 07:07:19.751, 1, 67, 109828, 318.16
2026/09/06 07:07:20.752, 0, 17, 53811, 296.17
2026/09/06 07:07:20.756, 1, 70, 109828, 315.95
2026/09/06 07:07:21.758, 0, 25, 54325, 179.92
2026/09/06 07:07:21.761, 1, 65, 109828, 314.56
2026/09/06 07:07:22.762, 0, 72, 55541, 345.07
2026/09/06 07:07:22.765, 1, 67, 109828, 319.19
2026/09/06 07:07:23.767, 0, 27, 55541, 331.47
2026/09/06 07:07:23.769, 1, 68, 109828, 318.01
2026/09/06 07:07:24.772, 0, 73, 56053, 383.06
2026/09/06 07:07:24.780, 1, 67, 109828, 326.95
2026/09/06 07:07:25.782, 0, 13, 56325, 136.12
2026/09/06 07:07:25.784, 1, 68, 109828, 316.79
2026/09/06 07:07:26.787, 0, 12, 56325, 126.28
2026/09/06 07:07:26.789, 1, 67, 109828, 311.55
2026/09/06 07:07:27.791, 0, 11, 56325, 125.42
2026/09/06 07:07:27.794, 1, 67, 109828, 318.96
2026/09/06 07:07:28.795, 0, 0, 58751, 127.14
2026/09/06 07:07:28.797, 1, 69, 109828, 283.59
2026/09/06 07:07:29.799, 0, 1, 42855, 125.02
2026/09/06 07:07:29.801, 1, 69, 109828, 324.84
2026/09/06 07:07:30.802, 0, 0, 39217, 124.59
2026/09/06 07:07:30.804, 1, 68, 109828, 321.85
2026/09/06 07:07:31.806, 0, 39, 43599, 126.91
2026/09/06 07:07:31.808, 1, 68, 109828, 322.05
2026/09/06 07:07:32.810, 0, 0, 43599, 124.92
2026/09/06 07:07:32.812, 1, 0, 109828, 238.29
2026/09/06 07:07:33.814, 0, 0, 44269, 124.19
2026/09/06 07:07:33.816, 1, 0, 110130, 134.41
2026/09/06 07:07:34.817, 0, 0, 43887, 136.05
2026/09/06 07:07:34.821, 1, 0, 109892, 450.44
2026/09/06 07:07:35.823, 0, 0, 42855, 123.61
2026/09/06 07:07:35.825, 1, 67, 109826, 280.70
2026/09/06 07:07:36.827, 0, 21, 13231, 126.61
2026/09/06 07:07:36.829, 1, 70, 109826, 323.98
2026/09/06 07:07:37.830, 0, 0, 13231, 123.15
2026/09/06 07:07:37.831, 1, 70, 109826, 330.32
2026/09/06 07:07:38.833, 0, 0, 13231, 123.11
2026/09/06 07:07:38.835, 1, 69, 109826, 328.38
2026/09/06 07:07:39.836, 0, 0, 13231, 123.06
2026/09/06 07:07:39.838, 1, 72, 109826, 325.52
2026/09/06 07:07:40.841, 0, 0, 13231, 123.06
2026/09/06 07:07:40.843, 1, 66, 109826, 323.15
2026/09/06 07:07:41.849, 0, 0, 13231, 122.97
2026/09/06 07:07:41.850, 1, 69, 109826, 334.39
2026/09/06 07:07:42.852, 0, 0, 13231, 122.93
2026/09/06 07:07:42.854, 1, 70, 109826, 308.88
2026/09/06 07:07:43.856, 0, 0, 13231, 122.93
2026/09/06 07:07:43.857, 1, 72, 109826, 311.35
2026/09/06 07:07:44.859, 0, 0, 13231, 122.92
2026/09/06 07:07:44.861, 1, 72, 109826, 330.65
2026/09/06 07:07:45.862, 0, 0, 13231, 122.89
2026/09/06 07:07:46.012, 1, 71, 109826, 332.09
2026/09/06 07:07:47.014, 0, 0, 13231, 122.91
2026/09/06 07:07:47.016, 1, 70, 109826, 325.23
2026/09/06 07:07:48.017, 0, 0, 13231, 122.87
2026/09/06 07:07:48.019, 1, 70, 109826, 335.54
2026/09/06 07:07:49.020, 0, 0, 13231, 122.83
2026/09/06 07:07:49.022, 1, 70, 109826, 327.19
2026/09/06 07:07:50.024, 0, 0, 13231, 122.75
2026/09/06 07:07:50.026, 1, 68, 109826, 334.00
2026/09/06 07:07:51.027, 0, 0, 13231, 122.83
2026/09/06 07:07:51.029, 1, 72, 109826, 329.84
2026/09/06 07:07:52.030, 0, 0, 13231, 122.75
2026/09/06 07:07:52.032, 1, 70, 109826, 332.33
2026/09/06 07:07:53.033, 0, 0, 13231, 122.54
2026/09/06 07:07:53.035, 1, 71, 109826, 323.36
2026/09/06 07:07:54.037, 0, 0, 13231, 122.14
2026/09/06 07:07:54.039, 1, 70, 109826, 337.52
2026/09/06 07:07:55.041, 0, 0, 13231, 122.03
2026/09/06 07:07:55.043, 1, 69, 109826, 329.67
2026/09/06 07:07:56.044, 0, 0, 13231, 122.12
2026/09/06 07:07:56.046, 1, 70, 109826, 334.94
2026/09/06 07:07:57.048, 0, 0, 13231, 122.01
2026/09/06 07:07:57.050, 1, 72, 109826, 336.48
2026/09/06 07:07:58.052, 0, 0, 13231, 122.05
2026/09/06 07:07:58.054, 1, 70, 109826, 335.48
2026/09/06 07:07:59.056, 0, 0, 13231, 122.03
2026/09/06 07:07:59.058, 1, 70, 109826, 337.83
2026/09/06 07:08:00.059, 0, 0, 13231, 122.04
2026/09/06 07:08:00.061, 1, 69, 109826, 336.93
2026/09/06 07:08:01.064, 0, 0, 13231, 121.99
2026/09/06 07:08:01.066, 1, 69, 109826, 340.72
2026/09/06 07:08:02.067, 0, 0, 13231, 121.92
2026/09/06 07:08:02.069, 1, 70, 109826, 333.88
2026/09/06 07:08:03.071, 0, 0, 13231, 121.87
2026/09/06 07:08:03.072, 1, 69, 109826, 341.16
2026/09/06 07:08:04.074, 0, 0, 13231, 121.79
2026/09/06 07:08:04.075, 1, 72, 109826, 334.64
2026/09/06 07:08:05.078, 0, 0, 13231, 121.70
2026/09/06 07:08:05.079, 1, 70, 109826, 342.87
2026/09/06 07:08:06.081, 0, 0, 13231, 121.64
2026/09/06 07:08:06.082, 1, 69, 109826, 334.69
2026/09/06 07:08:07.085, 0, 0, 13231, 121.55
2026/09/06 07:08:07.086, 1, 69, 109826, 340.79
2026/09/06 07:08:08.088, 0, 0, 13231, 121.43
2026/09/06 07:08:08.089, 1, 70, 109826, 339.56
2026/09/06 07:08:09.091, 0, 0, 13231, 121.35
2026/09/06 07:08:09.092, 1, 66, 109826, 340.01
2026/09/06 07:08:10.094, 0, 0, 13231, 121.23
2026/09/06 07:08:10.096, 1, 70, 109826, 340.96
2026/09/06 07:08:11.098, 0, 0, 13231, 121.09
2026/09/06 07:08:11.099, 1, 70, 109826, 341.09
2026/09/06 07:08:12.101, 0, 0, 13231, 121.08
2026/09/06 07:08:12.102, 1, 70, 109826, 340.82
2026/09/06 07:08:13.105, 0, 0, 13231, 121.06
2026/09/06 07:08:13.106, 1, 71, 109826, 337.56
2026/09/06 07:08:14.109, 0, 0, 13231, 121.00
2026/09/06 07:08:14.110, 1, 69, 109826, 340.90
2026/09/06 07:08:15.112, 0, 0, 13231, 121.08
2026/09/06 07:08:15.114, 1, 64, 109826, 334.23
2026/09/06 07:08:16.116, 0, 0, 13231, 120.99
2026/09/06 07:08:16.118, 1, 68, 109826, 341.56
2026/09/06 07:08:17.119, 0, 0, 13231, 120.94
2026/09/06 07:08:17.121, 1, 72, 109826, 344.42
2026/09/06 07:08:18.122, 0, 0, 13231, 120.97
2026/09/06 07:08:18.124, 1, 70, 109826, 345.68
2026/09/06 07:08:19.126, 0, 0, 13231, 120.99
2026/09/06 07:08:19.128, 1, 70, 109826, 345.19
2026/09/06 07:08:20.129, 0, 0, 13231, 121.05
2026/09/06 07:08:20.131, 1, 71, 109826, 347.43
2026/09/06 07:08:21.132, 0, 0, 13231, 121.09
2026/09/06 07:08:21.134, 1, 71, 109826, 348.98
2026/09/06 07:08:22.135, 0, 0, 13231, 120.98
2026/09/06 07:08:22.137, 1, 71, 109826, 348.67
2026/09/06 07:08:23.138, 0, 0, 13231, 120.92
2026/09/06 07:08:23.140, 1, 70, 109826, 327.38
2026/09/06 07:08:24.142, 0, 0, 13231, 121.16
2026/09/06 07:08:24.144, 1, 69, 109826, 330.11
2026/09/06 07:08:25.146, 0, 0, 13231, 121.20
2026/09/06 07:08:25.147, 1, 68, 109826, 337.82
2026/09/06 07:08:26.149, 0, 0, 13231, 120.99
2026/09/06 07:08:26.150, 1, 69, 109826, 331.98
2026/09/06 07:08:27.152, 0, 0, 13231, 121.01
2026/09/06 07:08:27.154, 1, 69, 109826, 336.41
2026/09/06 07:08:28.155, 0, 0, 13231, 121.06
2026/09/06 07:08:28.157, 1, 69, 109826, 321.80
2026/09/06 07:08:29.159, 0, 0, 13231, 121.04
2026/09/06 07:08:29.161, 1, 71, 109826, 338.97
2026/09/06 07:08:30.162, 0, 0, 13231, 121.14
2026/09/06 07:08:30.164, 1, 72, 109826, 343.88
2026/09/06 07:08:31.165, 0, 0, 13231, 120.96
2026/09/06 07:08:31.166, 1, 69, 109826, 337.03
2026/09/06 07:08:32.168, 0, 0, 13231, 121.11
2026/09/06 07:08:32.169, 1, 68, 109828, 320.17
2026/09/06 07:08:33.172, 0, 0, 13231, 121.11
2026/09/06 07:08:33.173, 1, 71, 109828, 337.94
2026/09/06 07:08:34.175, 0, 0, 13231, 121.09
2026/09/06 07:08:34.176, 1, 70, 109828, 322.45
2026/09/06 07:08:35.178, 0, 0, 13231, 121.12
2026/09/06 07:08:35.180, 1, 65, 109828, 328.02
2026/09/06 07:08:36.182, 0, 0, 13231, 121.12
2026/09/06 07:08:36.183, 1, 71, 109828, 329.45
2026/09/06 07:08:37.185, 0, 0, 13231, 121.11
2026/09/06 07:08:37.187, 1, 67, 109828, 321.37
2026/09/06 07:08:38.188, 0, 0, 13231, 121.12
2026/09/06 07:08:38.189, 1, 68, 109828, 314.32
2026/09/06 07:08:39.191, 0, 0, 37921, 122.88
2026/09/06 07:08:39.192, 1, 67, 109828, 313.44
2026/09/06 07:08:40.195, 0, 79, 41615, 552.70
2026/09/06 07:08:40.196, 1, 0, 109828, 285.64
2026/09/06 07:08:41.199, 0, 100, 44127, 615.05
2026/09/06 07:08:41.200, 1, 66, 109828, 314.18
2026/09/06 07:08:42.202, 0, 100, 46555, 696.83
2026/09/06 07:08:42.204, 1, 68, 109828, 321.09
2026/09/06 07:08:43.206, 0, 100, 46555, 693.66
2026/09/06 07:08:43.208, 1, 67, 109828, 319.99
2026/09/06 07:08:44.209, 0, 100, 47159, 551.08
2026/09/06 07:08:44.211, 1, 63, 109828, 317.00
2026/09/06 07:08:45.213, 0, 10, 47339, 129.24
2026/09/06 07:08:45.215, 1, 68, 109828, 314.35
2026/09/06 07:08:46.216, 0, 13, 47339, 126.39
2026/09/06 07:08:46.218, 1, 62, 109828, 315.58
2026/09/06 07:08:47.220, 0, 10, 49765, 125.66
2026/09/06 07:08:47.222, 1, 58, 109828, 312.63
2026/09/06 07:08:48.224, 0, 0, 38329, 125.12
2026/09/06 07:08:48.225, 1, 68, 109828, 317.69
2026/09/06 07:08:49.227, 0, 2, 37299, 123.97
2026/09/06 07:08:49.229, 1, 69, 109828, 321.10
2026/09/06 07:08:50.230, 0, 0, 37299, 122.72
2026/09/06 07:08:50.231, 1, 67, 109828, 320.80
2026/09/06 07:08:51.233, 0, 70, 13731, 124.45
2026/09/06 07:08:51.235, 1, 66, 109828, 320.97
2026/09/06 07:08:52.236, 0, 0, 43599, 126.00
2026/09/06 07:08:52.238, 1, 62, 109828, 311.06
2026/09/06 07:08:53.239, 0, 50, 64733, 238.53
2026/09/06 07:08:53.241, 1, 67, 109828, 319.17
2026/09/06 07:08:54.242, 0, 17, 104143, 344.88
2026/09/06 07:08:54.244, 1, 66, 109828, 312.72
2026/09/06 07:08:55.246, 0, 94, 104145, 254.47
2026/09/06 07:08:55.247, 1, 58, 109828, 311.88
2026/09/06 07:08:56.249, 0, 17, 104145, 307.21
2026/09/06 07:08:56.250, 1, 69, 109828, 312.29
2026/09/06 07:08:57.252, 0, 24, 104145, 141.68
2026/09/06 07:08:57.253, 1, 68, 109828, 318.87
2026/09/06 07:08:58.255, 0, 25, 104145, 123.94
2026/09/06 07:08:58.256, 1, 64, 109828, 315.97
2026/09/06 07:08:59.258, 0, 33, 104657, 161.59
2026/09/06 07:08:59.259, 1, 0, 109828, 225.24
2026/09/06 07:09:00.262, 0, 35, 105871, 322.47
2026/09/06 07:09:00.264, 1, 65, 109828, 250.24
2026/09/06 07:09:01.266, 0, 100, 105877, 266.13
2026/09/06 07:09:01.267, 1, 67, 109828, 312.57
2026/09/06 07:09:02.269, 0, 17, 105877, 476.64
2026/09/06 07:09:02.270, 1, 67, 109828, 314.32
2026/09/06 07:09:03.272, 0, 17, 105877, 185.40
2026/09/06 07:09:03.274, 1, 69, 109828, 318.01
2026/09/06 07:09:04.275, 0, 47, 105877, 206.10
2026/09/06 07:09:04.278, 1, 67, 109828, 320.99
2026/09/06 07:09:05.280, 0, 100, 105877, 588.38
2026/09/06 07:09:05.282, 1, 69, 109828, 311.75
2026/09/06 07:09:06.284, 0, 100, 105877, 406.11
2026/09/06 07:09:06.287, 1, 68, 109830, 311.08
2026/09/06 07:09:07.289, 0, 21, 105877, 257.11
2026/09/06 07:09:07.291, 1, 68, 109830, 301.83
2026/09/06 07:09:08.293, 0, 67, 105877, 553.93
2026/09/06 07:09:08.295, 1, 69, 109830, 318.50
2026/09/06 07:09:09.297, 0, 17, 105877, 162.35
2026/09/06 07:09:09.299, 1, 70, 109830, 291.58
2026/09/06 07:09:10.300, 0, 100, 105877, 438.53
2026/09/06 07:09:10.303, 1, 69, 109830, 317.76
2026/09/06 07:09:11.305, 0, 13, 106661, 285.08
2026/09/06 07:09:11.306, 1, 67, 109830, 317.55
2026/09/06 07:09:12.308, 0, 12, 106661, 127.03
2026/09/06 07:09:12.311, 1, 65, 109830, 315.97
2026/09/06 07:09:13.314, 0, 11, 106661, 127.48
2026/09/06 07:09:13.317, 1, 65, 109830, 307.25
2026/09/06 07:09:14.319, 0, 0, 109087, 129.40
2026/09/06 07:09:14.321, 1, 64, 109830, 304.95
2026/09/06 07:09:15.323, 0, 0, 43599, 129.73
2026/09/06 07:09:15.325, 1, 68, 109830, 312.16
2026/09/06 07:09:16.327, 0, 0, 42855, 124.63
2026/09/06 07:09:16.330, 1, 67, 109830, 309.44
2026/09/06 07:09:17.335, 0, 60, 17613, 126.40
2026/09/06 07:09:17.337, 1, 70, 109830, 306.17
2026/09/06 07:09:18.338, 0, 79, 43599, 127.98
2026/09/06 07:09:18.341, 1, 68, 109830, 310.36
2026/09/06 07:09:19.342, 0, 0, 43599, 124.77
2026/09/06 07:09:19.344, 1, 0, 109830, 155.27
2026/09/06 07:09:20.346, 0, 8, 44209, 137.57
2026/09/06 07:09:20.349, 1, 64, 110394, 185.57
2026/09/06 07:09:21.351, 0, 0, 43587, 124.23
2026/09/06 07:09:21.353, 1, 69, 109800, 362.15
2026/09/06 07:09:22.356, 0, 0, 42855, 124.29
2026/09/06 07:09:22.358, 1, 67, 109800, 310.02
2026/09/06 07:09:23.359, 0, 88, 21771, 128.98
2026/09/06 07:09:23.458, 1, 50, 109800, 279.37
2026/09/06 07:09:24.463, 0, 83, 40717, 321.68
2026/09/06 07:09:24.465, 1, 69, 109800, 312.43
2026/09/06 07:09:25.467, 0, 100, 45979, 643.73
2026/09/06 07:09:25.469, 1, 67, 109800, 310.71
2026/09/06 07:09:26.471, 0, 63, 47195, 612.26
2026/09/06 07:09:26.472, 1, 65, 109800, 307.57
2026/09/06 07:09:27.474, 0, 17, 47979, 337.52
2026/09/06 07:09:27.477, 1, 69, 109800, 307.84
2026/09/06 07:09:28.478, 0, 11, 47979, 127.63
2026/09/06 07:09:28.481, 1, 65, 109800, 304.95
2026/09/06 07:09:29.483, 0, 11, 47979, 126.46
2026/09/06 07:09:29.486, 1, 63, 109800, 307.14
2026/09/06 07:09:30.488, 0, 15, 50405, 126.85
2026/09/06 07:09:30.490, 1, 69, 109800, 309.67
2026/09/06 07:09:31.491, 0, 0, 38329, 127.20
2026/09/06 07:09:31.493, 1, 68, 109800, 313.71
2026/09/06 07:09:32.496, 0, 0, 37299, 124.60
2026/09/06 07:09:32.498, 1, 65, 109800, 297.29
2026/09/06 07:09:33.500, 0, 0, 37299, 124.21
2026/09/06 07:09:33.503, 1, 67, 109800, 300.16
2026/09/06 07:09:34.505, 0, 0, 43599, 129.16
2026/09/06 07:09:34.508, 1, 67, 109800, 297.71
2026/09/06 07:09:35.510, 0, 100, 83009, 265.37
2026/09/06 07:09:35.511, 1, 67, 109800, 298.67
2026/09/06 07:09:36.513, 0, 19, 83521, 206.79
2026/09/06 07:09:36.514, 1, 65, 109800, 297.65
2026/09/06 07:09:37.516, 0, 23, 83523, 279.44
2026/09/06 07:09:37.519, 1, 67, 109800, 295.64
2026/09/06 07:09:38.523, 0, 24, 83523, 124.96
2026/09/06 07:09:38.524, 1, 68, 109800, 261.74
2026/09/06 07:09:39.526, 0, 17, 84035, 326.95
2026/09/06 07:09:39.528, 1, 66, 109800, 303.71
2026/09/06 07:09:40.529, 0, 16, 84035, 182.35
2026/09/06 07:09:40.531, 1, 67, 109800, 295.35
2026/09/06 07:09:41.533, 0, 19, 84035, 177.53
2026/09/06 07:09:41.535, 1, 67, 109800, 296.67
2026/09/06 07:09:42.537, 0, 100, 94773, 501.17
2026/09/06 07:09:42.539, 1, 69, 109800, 301.67
2026/09/06 07:09:43.540, 0, 21, 95987, 448.82
2026/09/06 07:09:43.543, 1, 68, 109800, 302.22
2026/09/06 07:09:44.544, 0, 49, 95987, 353.70
2026/09/06 07:09:44.546, 1, 66, 109800, 296.08
2026/09/06 07:09:45.548, 0, 69, 96589, 417.06
2026/09/06 07:09:45.550, 1, 69, 109802, 296.33
2026/09/06 07:09:46.552, 0, 11, 96771, 138.55
2026/09/06 07:09:46.554, 1, 63, 109818, 286.24
2026/09/06 07:09:47.556, 0, 9, 96771, 126.63
2026/09/06 07:09:47.558, 1, 62, 109818, 295.45
2026/09/06 07:09:48.559, 0, 11, 99197, 126.89
2026/09/06 07:09:48.561, 1, 65, 109818, 301.81
2026/09/06 07:09:49.562, 0, 0, 99197, 128.45
2026/09/06 07:09:49.564, 1, 68, 109818, 304.53
2026/09/06 07:09:50.565, 0, 6, 42855, 129.18
2026/09/06 07:09:50.567, 1, 67, 109818, 312.45
2026/09/06 07:09:51.569, 0, 62, 39217, 125.45
2026/09/06 07:09:51.571, 1, 66, 109818, 302.23
2026/09/06 07:09:52.572, 0, 0, 43599, 127.90
2026/09/06 07:09:52.574, 1, 68, 109818, 307.13
2026/09/06 07:09:53.577, 0, 0, 43599, 125.58
2026/09/06 07:09:53.579, 1, 0, 109818, 215.27
2026/09/06 07:09:54.581, 0, 6, 44269, 130.29
2026/09/06 07:09:54.582, 1, 5, 110114, 138.35
2026/09/06 07:09:55.584, 0, 1, 43665, 132.60
2026/09/06 07:09:55.585, 1, 32, 110100, 297.62
2026/09/06 07:09:56.587, 0, 0, 42855, 123.88
2026/09/06 07:09:56.589, 1, 65, 109812, 293.07
2026/09/06 07:09:57.591, 0, 0, 13231, 124.45
2026/09/06 07:09:57.592, 1, 69, 109812, 307.37
2026/09/06 07:09:58.594, 0, 0, 37817, 126.86
2026/09/06 07:09:58.595, 1, 68, 109812, 308.68
2026/09/06 07:09:59.597, 0, 72, 42709, 561.39
2026/09/06 07:09:59.599, 1, 69, 109812, 311.82
2026/09/06 07:10:00.601, 0, 100, 46437, 699.71
2026/09/06 07:10:00.603, 1, 69, 109812, 308.84
2026/09/06 07:10:01.604, 0, 63, 47043, 587.94
2026/09/06 07:10:01.606, 1, 67, 109812, 306.58
2026/09/06 07:10:02.607, 0, 11, 47223, 131.30
2026/09/06 07:10:02.610, 1, 64, 109812, 299.74
2026/09/06 07:10:03.613, 0, 11, 47223, 127.05
2026/09/06 07:10:03.614, 1, 64, 109812, 299.43
2026/09/06 07:10:04.616, 0, 12, 47223, 126.33
2026/09/06 07:10:04.618, 1, 64, 109812, 303.72
2026/09/06 07:10:05.620, 0, 0, 49649, 126.68
2026/09/06 07:10:05.621, 1, 68, 109812, 305.74
2026/09/06 07:10:06.623, 0, 9, 37299, 125.23
2026/09/06 07:10:06.625, 1, 68, 109812, 307.09
2026/09/06 07:10:07.626, 0, 0, 37299, 123.95
2026/09/06 07:10:07.628, 1, 65, 109812, 306.91
2026/09/06 07:10:08.632, 0, 0, 37299, 124.90
2026/09/06 07:10:08.634, 1, 69, 109816, 293.77
2026/09/06 07:10:09.637, 0, 0, 43599, 127.32
2026/09/06 07:10:09.638, 1, 68, 109816, 302.73
2026/09/06 07:10:10.640, 0, 100, 88859, 373.36
2026/09/06 07:10:10.642, 1, 67, 109816, 269.89
2026/09/06 07:10:11.644, 0, 24, 88859, 194.74
2026/09/06 07:10:11.645, 1, 67, 109816, 304.20
2026/09/06 07:10:12.647, 0, 24, 88859, 197.79
2026/09/06 07:10:12.648, 1, 68, 109816, 306.57
2026/09/06 07:10:13.649, 0, 11, 89371, 138.83
2026/09/06 07:10:13.651, 1, 64, 109816, 310.02
2026/09/06 07:10:14.653, 0, 100, 90587, 471.13
2026/09/06 07:10:14.655, 1, 69, 109816, 297.20
2026/09/06 07:10:15.656, 0, 24, 90587, 163.01
2026/09/06 07:10:15.658, 1, 67, 109816, 309.26
2026/09/06 07:10:16.659, 0, 17, 90587, 172.21
2026/09/06 07:10:16.661, 1, 69, 109816, 307.20
2026/09/06 07:10:17.662, 0, 100, 95955, 419.53
2026/09/06 07:10:17.664, 1, 69, 109816, 307.58
2026/09/06 07:10:18.667, 0, 17, 95955, 538.09
2026/09/06 07:10:18.669, 1, 71, 109816, 309.64
2026/09/06 07:10:19.670, 0, 14, 95957, 348.56
2026/09/06 07:10:19.672, 1, 68, 109816, 308.14
2026/09/06 07:10:20.674, 0, 100, 96739, 299.51
2026/09/06 07:10:20.675, 1, 68, 109816, 304.44
2026/09/06 07:10:21.678, 0, 12, 96741, 127.47
2026/09/06 07:10:21.680, 1, 68, 109816, 305.64
2026/09/06 07:10:22.682, 0, 10, 96741, 125.43
2026/09/06 07:10:22.684, 1, 66, 109816, 297.29
2026/09/06 07:10:23.685, 0, 17, 99167, 125.40
2026/09/06 07:10:23.687, 1, 64, 109816, 306.05
2026/09/06 07:10:24.689, 0, 0, 44111, 126.21
2026/09/06 07:10:24.691, 1, 69, 109816, 299.50
2026/09/06 07:10:25.692, 0, 0, 42855, 127.58
2026/09/06 07:10:25.694, 1, 66, 109816, 308.21
2026/09/06 07:10:26.695, 0, 0, 13231, 123.96
2026/09/06 07:10:26.697, 1, 68, 109816, 309.19
2026/09/06 07:10:27.698, 0, 0, 43599, 126.39
2026/09/06 07:10:27.700, 1, 68, 109816, 310.96
2026/09/06 07:10:28.702, 0, 0, 43599, 123.11
2026/09/06 07:10:28.705, 1, 0, 109816, 162.61
2026/09/06 07:10:29.706, 0, 3, 44209, 138.18
2026/09/06 07:10:29.708, 1, 65, 110392, 162.34
2026/09/06 07:10:30.710, 0, 1, 43587, 123.84
2026/09/06 07:10:30.712, 1, 70, 109812, 390.85
2026/09/06 07:10:31.713, 0, 0, 42855, 122.80
2026/09/06 07:10:31.719, 1, 68, 109812, 311.44
2026/09/06 07:10:32.726, 0, 0, 13231, 125.97
2026/09/06 07:10:32.727, 1, 67, 109812, 312.52
2026/09/06 07:10:33.729, 0, 0, 13231, 122.44
2026/09/06 07:10:33.730, 1, 69, 109812, 309.50
2026/09/06 07:10:34.732, 0, 0, 13231, 122.31
2026/09/06 07:10:34.734, 1, 67, 109812, 311.81
2026/09/06 07:10:35.735, 0, 0, 13231, 122.32
2026/09/06 07:10:35.737, 1, 68, 109812, 310.79
2026/09/06 07:10:36.738, 0, 0, 13231, 122.29
2026/09/06 07:10:36.740, 1, 66, 109812, 315.01
2026/09/06 07:10:37.742, 0, 0, 13231, 122.21
2026/09/06 07:10:37.744, 1, 72, 109812, 308.48
2026/09/06 07:10:38.746, 0, 0, 13231, 122.19
2026/09/06 07:10:38.748, 1, 68, 109812, 318.10
2026/09/06 07:10:39.751, 0, 0, 13231, 122.17
2026/09/06 07:10:39.753, 1, 70, 109812, 318.81
2026/09/06 07:10:40.754, 0, 0, 13231, 122.13
2026/09/06 07:10:40.756, 1, 69, 109816, 309.18
2026/09/06 07:10:41.759, 0, 0, 13231, 122.07
2026/09/06 07:10:41.761, 1, 69, 109816, 316.60
2026/09/06 07:10:42.762, 0, 0, 13231, 122.06
2026/09/06 07:10:42.765, 1, 67, 109816, 320.82
2026/09/06 07:10:43.768, 0, 0, 13231, 121.99
2026/09/06 07:10:43.770, 1, 67, 109816, 313.46
2026/09/06 07:10:44.773, 0, 0, 13231, 121.99
2026/09/06 07:10:44.776, 1, 67, 109816, 320.18
2026/09/06 07:10:45.778, 0, 0, 13231, 122.06
2026/09/06 07:10:45.780, 1, 68, 109816, 320.32
2026/09/06 07:10:46.782, 0, 0, 13231, 122.00
2026/09/06 07:10:46.783, 1, 64, 109816, 323.35
2026/09/06 07:10:47.784, 0, 0, 37817, 123.79
2026/09/06 07:10:47.786, 1, 70, 109816, 312.63
2026/09/06 07:10:48.787, 0, 31, 39345, 253.40
2026/09/06 07:10:48.789, 1, 69, 109816, 323.48
2026/09/06 07:10:49.792, 0, 76, 41889, 613.46
2026/09/06 07:10:49.794, 1, 69, 109816, 317.37
2026/09/06 07:10:50.796, 0, 12, 42069, 139.78
2026/09/06 07:10:50.797, 1, 60, 109816, 322.17
2026/09/06 07:10:51.799, 0, 11, 42069, 125.35
2026/09/06 07:10:51.801, 1, 64, 109816, 309.77
2026/09/06 07:10:52.803, 0, 10, 42069, 125.21
2026/09/06 07:10:52.805, 1, 65, 109816, 313.11
2026/09/06 07:10:53.808, 0, 0, 44495, 125.81
2026/09/06 07:10:53.809, 1, 67, 109816, 309.42
2026/09/06 07:10:54.812, 0, 0, 37653, 123.58
2026/09/06 07:10:54.814, 1, 69, 109816, 319.17
2026/09/06 07:10:55.816, 0, 0, 37299, 123.33
2026/09/06 07:10:55.817, 1, 69, 109816, 320.43
2026/09/06 07:10:56.819, 0, 0, 37299, 122.91
2026/09/06 07:10:56.863, 1, 68, 109816, 328.04
2026/09/06 07:10:57.883, 0, 0, 43599, 127.84
2026/09/06 07:10:57.884, 1, 68, 109816, 320.44
2026/09/06 07:10:58.885, 0, 4, 60365, 235.26
2026/09/06 07:10:58.887, 1, 67, 109816, 320.90
2026/09/06 07:10:59.889, 0, 25, 60877, 172.07
2026/09/06 07:10:59.891, 1, 70, 109816, 324.53
2026/09/06 07:11:00.892, 0, 95, 62093, 386.67
2026/09/06 07:11:00.893, 1, 65, 109816, 330.42
2026/09/06 07:11:01.896, 0, 81, 62097, 329.84
2026/09/06 07:11:01.898, 1, 69, 109816, 327.74
2026/09/06 07:11:02.899, 0, 68, 62879, 326.20
2026/09/06 07:11:02.901, 1, 66, 109816, 330.10
2026/09/06 07:11:03.903, 0, 12, 62881, 128.17
2026/09/06 07:11:03.905, 1, 65, 109816, 322.24
2026/09/06 07:11:04.907, 0, 10, 62881, 124.99
2026/09/06 07:11:04.909, 1, 67, 109816, 310.28
2026/09/06 07:11:05.912, 0, 11, 65307, 124.83
2026/09/06 07:11:05.914, 1, 64, 109816, 317.96
2026/09/06 07:11:06.915, 0, 0, 44623, 127.43
2026/09/06 07:11:06.917, 1, 67, 109816, 326.41
2026/09/06 07:11:07.920, 0, 6, 42855, 123.81
2026/09/06 07:11:07.921, 1, 68, 109816, 325.09
2026/09/06 07:11:08.924, 0, 0, 42855, 122.49
2026/09/06 07:11:08.925, 1, 65, 109816, 328.11
2026/09/06 07:11:09.927, 0, 0, 39217, 123.49
2026/09/06 07:11:09.929, 1, 68, 109816, 330.79
2026/09/06 07:11:10.932, 0, 0, 43599, 126.01
2026/09/06 07:11:10.933, 1, 71, 109816, 325.93
2026/09/06 07:11:11.935, 0, 0, 43599, 123.92
2026/09/06 07:11:11.937, 1, 0, 109816, 271.92
2026/09/06 07:11:12.939, 0, 0, 43953, 122.52
2026/09/06 07:11:12.940, 1, 0, 109860, 132.88
2026/09/06 07:11:13.942, 0, 0, 44209, 136.42
2026/09/06 07:11:13.944, 1, 20, 110408, 385.69
2026/09/06 07:11:14.946, 0, 0, 42855, 122.86
2026/09/06 07:11:14.949, 1, 65, 109812, 341.61
2026/09/06 07:11:15.952, 0, 0, 39217, 123.30
2026/09/06 07:11:15.954, 1, 69, 109812, 323.82
2026/09/06 07:11:16.956, 0, 0, 13231, 124.67
2026/09/06 07:11:16.957, 1, 69, 109812, 329.41
2026/09/06 07:11:17.959, 0, 0, 13231, 122.21
2026/09/06 07:11:17.960, 1, 71, 109812, 328.59
2026/09/06 07:11:18.962, 0, 0, 13231, 122.05
2026/09/06 07:11:18.965, 1, 69, 109812, 333.05
2026/09/06 07:11:19.967, 0, 0, 13231, 122.03
2026/09/06 07:11:19.969, 1, 69, 109812, 334.40
2026/09/06 07:11:20.971, 0, 0, 13231, 122.07
2026/09/06 07:11:20.973, 1, 67, 109812, 336.11
2026/09/06 07:11:21.975, 0, 0, 13231, 122.09
2026/09/06 07:11:21.978, 1, 70, 109812, 331.31
2026/09/06 07:11:22.980, 0, 0, 13231, 122.01
2026/09/06 07:11:22.982, 1, 69, 109812, 332.20
2026/09/06 07:11:23.984, 0, 0, 13231, 122.01
2026/09/06 07:11:23.985, 1, 65, 109812, 329.71
2026/09/06 07:11:24.987, 0, 0, 13231, 121.92
2026/09/06 07:11:24.989, 1, 69, 109812, 326.76
2026/09/06 07:11:25.991, 0, 0, 13231, 121.97
2026/09/06 07:11:25.993, 1, 68, 109812, 316.61
2026/09/06 07:11:26.995, 0, 0, 13231, 121.98
2026/09/06 07:11:26.997, 1, 57, 109812, 322.33
2026/09/06 07:11:27.999, 0, 0, 13231, 121.91
2026/09/06 07:11:28.001, 1, 67, 109812, 315.58
2026/09/06 07:11:29.003, 0, 0, 13231, 121.93
2026/09/06 07:11:29.005, 1, 64, 109812, 315.58
2026/09/06 07:11:30.006, 0, 0, 13231, 121.89
2026/09/06 07:11:30.008, 1, 69, 109812, 318.13
2026/09/06 07:11:31.009, 0, 0, 13231, 121.85
2026/09/06 07:11:31.011, 1, 66, 109812, 313.94
2026/09/06 07:11:32.012, 0, 0, 13231, 121.78
2026/09/06 07:11:32.014, 1, 68, 109812, 322.41
2026/09/06 07:11:33.016, 0, 0, 13231, 121.85
2026/09/06 07:11:33.018, 1, 69, 109812, 320.66
2026/09/06 07:11:34.020, 0, 0, 13231, 121.87
2026/09/06 07:11:34.022, 1, 66, 109812, 317.61
2026/09/06 07:11:35.023, 0, 0, 13231, 121.86
2026/09/06 07:11:35.025, 1, 68, 109812, 323.75
2026/09/06 07:11:36.026, 0, 0, 13231, 121.78
2026/09/06 07:11:36.028, 1, 67, 109812, 324.04
2026/09/06 07:11:37.030, 0, 0, 13231, 121.71
2026/09/06 07:11:37.032, 1, 71, 109812, 321.85
2026/09/06 07:11:38.033, 0, 0, 13231, 121.79
2026/09/06 07:11:38.036, 1, 70, 109812, 325.08
2026/09/06 07:11:39.038, 0, 0, 13231, 121.80
2026/09/06 07:11:39.040, 1, 66, 109812, 323.64
2026/09/06 07:11:40.041, 0, 0, 13231, 121.79
2026/09/06 07:11:40.043, 1, 67, 109812, 324.21
2026/09/06 07:11:41.045, 0, 0, 13231, 121.79
2026/09/06 07:11:41.047, 1, 71, 109812, 322.39
2026/09/06 07:11:42.048, 0, 0, 13231, 121.72
2026/09/06 07:11:42.050, 1, 68, 109812, 320.31
2026/09/06 07:11:43.052, 0, 0, 13231, 121.74
2026/09/06 07:11:43.054, 1, 71, 109812, 315.92
2026/09/06 07:11:44.056, 0, 0, 13231, 121.75
2026/09/06 07:11:44.057, 1, 68, 109814, 311.21
2026/09/06 07:11:45.058, 0, 0, 13231, 121.68
2026/09/06 07:11:45.060, 1, 68, 109814, 326.55
2026/09/06 07:11:46.061, 0, 0, 13231, 121.72
2026/09/06 07:11:46.063, 1, 69, 109814, 317.47
2026/09/06 07:11:47.065, 0, 0, 13231, 121.65
2026/09/06 07:11:47.066, 1, 67, 109814, 326.78
2026/09/06 07:11:48.068, 0, 0, 13231, 121.67
2026/09/06 07:11:48.070, 1, 69, 109814, 317.44
2026/09/06 07:11:49.072, 0, 0, 13231, 121.69
2026/09/06 07:11:49.074, 1, 70, 109814, 327.63
2026/09/06 07:11:50.076, 0, 0, 13231, 121.59
2026/09/06 07:11:50.077, 1, 68, 109814, 327.57
2026/09/06 07:11:51.079, 0, 0, 13231, 121.60
2026/09/06 07:11:51.081, 1, 70, 109814, 305.03
2026/09/06 07:11:52.083, 0, 0, 13231, 121.62
2026/09/06 07:11:52.084, 1, 66, 109814, 315.30
2026/09/06 07:11:53.087, 0, 0, 13231, 121.64
2026/09/06 07:11:53.090, 1, 68, 109814, 308.06
2026/09/06 07:11:54.092, 0, 0, 13231, 121.59
2026/09/06 07:11:54.094, 1, 69, 109814, 319.68
2026/09/06 07:11:55.095, 0, 80, 37817, 123.32
2026/09/06 07:11:55.097, 1, 66, 109814, 307.59
2026/09/06 07:11:56.099, 0, 100, 41653, 392.51
2026/09/06 07:11:56.101, 1, 68, 109814, 316.37
2026/09/06 07:11:57.102, 0, 97, 43381, 617.78
2026/09/06 07:11:57.105, 1, 69, 109814, 316.26
2026/09/06 07:11:58.106, 0, 100, 44685, 683.34
2026/09/06 07:11:58.108, 1, 69, 109814, 322.35
2026/09/06 07:11:59.109, 0, 100, 47113, 690.49
2026/09/06 07:11:59.110, 1, 69, 109814, 325.09
2026/09/06 07:12:00.111, 0, 100, 47113, 582.65
2026/09/06 07:12:00.113, 1, 66, 109814, 320.99
2026/09/06 07:12:01.115, 0, 94, 47717, 587.74
2026/09/06 07:12:01.118, 1, 65, 109814, 321.92
2026/09/06 07:12:02.119, 0, 11, 47897, 130.45
2026/09/06 07:12:02.121, 1, 66, 109814, 315.56
2026/09/06 07:12:03.122, 0, 11, 47897, 127.10
2026/09/06 07:12:03.124, 1, 68, 109814, 309.49
2026/09/06 07:12:04.126, 0, 13, 50323, 126.43
2026/09/06 07:12:04.128, 1, 58, 109814, 312.99
2026/09/06 07:12:05.130, 0, 0, 38327, 127.24
2026/09/06 07:12:05.131, 1, 68, 109814, 320.64
2026/09/06 07:12:06.133, 0, 9, 37299, 124.23
2026/09/06 07:12:06.135, 1, 68, 109814, 322.24
2026/09/06 07:12:07.137, 0, 0, 37299, 123.90
2026/09/06 07:12:07.138, 1, 67, 109814, 313.21
2026/09/06 07:12:08.140, 0, 100, 13731, 127.43
2026/09/06 07:12:08.141, 1, 67, 109814, 328.02
2026/09/06 07:12:09.143, 0, 42, 43599, 126.30
2026/09/06 07:12:09.144, 1, 68, 109814, 324.63
2026/09/06 07:12:10.146, 0, 36, 70133, 306.11
2026/09/06 07:12:10.148, 1, 65, 109814, 324.73
2026/09/06 07:12:11.150, 0, 17, 109543, 376.62
2026/09/06 07:12:11.151, 1, 69, 109814, 325.55
2026/09/06 07:12:12.153, 0, 23, 109543, 213.71
2026/09/06 07:12:12.154, 1, 66, 109814, 323.64
2026/09/06 07:12:13.157, 0, 17, 109543, 327.07
2026/09/06 07:12:13.160, 1, 67, 109814, 323.75
2026/09/06 07:12:14.162, 0, 25, 109543, 150.55
2026/09/06 07:12:14.164, 1, 68, 109814, 320.85
2026/09/06 07:12:15.166, 0, 25, 109543, 124.50
2026/09/06 07:12:15.167, 1, 64, 109814, 325.51
2026/09/06 07:12:16.169, 0, 14, 110055, 147.76
2026/09/06 07:12:16.170, 1, 67, 109814, 316.99
2026/09/06 07:12:17.172, 0, 100, 111271, 333.24
2026/09/06 07:12:17.174, 1, 68, 109814, 327.50
2026/09/06 07:12:18.176, 0, 95, 111271, 433.75
2026/09/06 07:12:18.177, 1, 71, 109814, 322.02
2026/09/06 07:12:19.179, 0, 15, 111271, 199.10
2026/09/06 07:12:19.181, 1, 68, 109814, 329.07
2026/09/06 07:12:20.182, 0, 100, 111275, 549.61
2026/09/06 07:12:20.184, 1, 70, 109814, 326.51
2026/09/06 07:12:21.186, 0, 26, 111275, 242.84
2026/09/06 07:12:21.188, 1, 68, 109814, 325.64
2026/09/06 07:12:22.190, 0, 19, 111275, 173.10
2026/09/06 07:12:22.192, 1, 66, 109814, 321.12
2026/09/06 07:12:23.194, 0, 100, 111275, 346.04
2026/09/06 07:12:23.195, 1, 69, 109814, 323.49
2026/09/06 07:12:24.197, 0, 17, 111275, 567.92
2026/09/06 07:12:24.199, 1, 64, 109814, 326.54
2026/09/06 07:12:25.201, 0, 66, 111275, 321.23
2026/09/06 07:12:25.203, 1, 69, 109814, 319.65
2026/09/06 07:12:26.204, 0, 17, 111275, 380.33
2026/09/06 07:12:26.206, 1, 68, 109814, 325.52
2026/09/06 07:12:27.207, 0, 17, 111275, 177.24
2026/09/06 07:12:27.209, 1, 68, 109814, 328.00
2026/09/06 07:12:28.210, 0, 100, 111275, 282.33
2026/09/06 07:12:28.212, 1, 69, 109814, 329.41
2026/09/06 07:12:29.213, 0, 100, 112057, 611.68
2026/09/06 07:12:29.215, 1, 69, 109814, 320.94
2026/09/06 07:12:30.217, 0, 11, 112059, 130.17
2026/09/06 07:12:30.220, 1, 67, 109814, 322.37
2026/09/06 07:12:31.221, 0, 11, 112059, 127.55
2026/09/06 07:12:31.224, 1, 63, 109814, 313.04
2026/09/06 07:12:32.225, 0, 6, 114485, 126.78
2026/09/06 07:12:32.227, 1, 68, 109814, 326.46
2026/09/06 07:12:33.230, 0, 0, 95867, 128.64
2026/09/06 07:12:33.233, 1, 70, 109814, 331.35
2026/09/06 07:12:34.237, 0, 1, 43343, 130.25
2026/09/06 07:12:34.238, 1, 68, 109814, 327.25
2026/09/06 07:12:35.240, 0, 0, 42855, 125.03
2026/09/06 07:12:35.242, 1, 66, 109814, 329.72
2026/09/06 07:12:36.244, 0, 0, 37337, 125.61
2026/09/06 07:12:36.245, 1, 68, 109814, 322.91
2026/09/06 07:12:37.247, 0, 0, 43599, 127.68
2026/09/06 07:12:37.249, 1, 71, 109814, 322.10
2026/09/06 07:12:38.251, 0, 0, 43599, 125.85
2026/09/06 07:12:38.252, 1, 0, 109814, 179.76
2026/09/06 07:12:39.254, 0, 9, 44209, 138.14
2026/09/06 07:12:39.256, 1, 70, 110392, 168.52
2026/09/06 07:12:40.258, 0, 0, 43599, 127.79
2026/09/06 07:12:40.271, 1, 56, 109812, 432.54
2026/09/06 07:12:41.273, 0, 0, 42855, 124.37
2026/09/06 07:12:41.275, 1, 70, 109812, 321.20
2026/09/06 07:12:42.277, 0, 60, 13231, 127.41
2026/09/06 07:12:42.280, 1, 68, 109812, 323.71
2026/09/06 07:12:43.282, 0, 0, 13231, 123.93
2026/09/06 07:12:43.284, 1, 69, 109812, 321.36
2026/09/06 07:12:44.286, 0, 0, 13231, 123.84
2026/09/06 07:12:44.288, 1, 69, 109812, 325.22
2026/09/06 07:12:45.289, 0, 0, 13231, 123.74
2026/09/06 07:12:45.291, 1, 69, 109812, 325.52
2026/09/06 07:12:46.293, 0, 0, 13231, 123.65
2026/09/06 07:12:46.295, 1, 66, 109812, 322.84
2026/09/06 07:12:47.298, 0, 0, 13231, 123.61
2026/09/06 07:12:47.301, 1, 65, 109812, 327.22
2026/09/06 07:12:48.302, 0, 0, 13231, 123.60
2026/09/06 07:12:48.304, 1, 65, 109812, 316.99
2026/09/06 07:12:49.306, 0, 0, 13231, 123.52
2026/09/06 07:12:49.308, 1, 68, 109812, 314.23
2026/09/06 07:12:50.310, 0, 0, 13231, 123.50
2026/09/06 07:12:50.312, 1, 70, 109812, 323.98
2026/09/06 07:12:51.314, 0, 0, 13231, 123.41
2026/09/06 07:12:51.315, 1, 71, 109812, 324.98
2026/09/06 07:12:52.317, 0, 0, 13231, 122.71
2026/09/06 07:12:52.319, 1, 67, 109812, 321.77
2026/09/06 07:12:53.320, 0, 0, 13231, 122.71
2026/09/06 07:12:53.322, 1, 68, 109812, 325.65
2026/09/06 07:12:54.324, 0, 0, 13231, 122.65
2026/09/06 07:12:54.326, 1, 68, 109812, 335.21
2026/09/06 07:12:55.327, 0, 0, 13231, 122.61
2026/09/06 07:12:55.329, 1, 72, 109812, 326.30
2026/09/06 07:12:56.330, 0, 0, 37815, 124.30
2026/09/06 07:12:56.332, 1, 71, 109812, 294.61
2026/09/06 07:12:57.334, 0, 65, 40365, 329.33
2026/09/06 07:12:57.336, 1, 71, 109812, 328.26
2026/09/06 07:12:58.338, 0, 90, 42091, 578.77
2026/09/06 07:12:58.340, 1, 70, 109812, 329.32
2026/09/06 07:12:59.342, 0, 100, 44649, 694.45
2026/09/06 07:12:59.343, 1, 70, 109812, 330.92
2026/09/06 07:13:00.345, 0, 65, 45433, 261.20
2026/09/06 07:13:00.346, 1, 68, 109812, 320.79
2026/09/06 07:13:01.348, 0, 13, 45433, 126.58
2026/09/06 07:13:01.350, 1, 49, 109814, 311.89
2026/09/06 07:13:02.353, 0, 13, 45433, 126.31
2026/09/06 07:13:02.356, 1, 67, 109814, 313.99
2026/09/06 07:13:03.357, 0, 15, 47859, 127.02
2026/09/06 07:13:03.360, 1, 69, 109814, 321.05
2026/09/06 07:13:04.362, 0, 0, 37881, 125.15
2026/09/06 07:13:04.364, 1, 67, 109814, 317.55
2026/09/06 07:13:05.366, 0, 0, 37299, 124.18
2026/09/06 07:13:05.369, 1, 62, 109814, 307.72
2026/09/06 07:13:06.377, 0, 0, 37299, 123.84
2026/09/06 07:13:06.383, 1, 62, 109814, 307.15
2026/09/06 07:13:07.411, 0, 0, 37299, 123.82
2026/09/06 07:13:07.414, 1, 61, 109814, 299.38
2026/09/06 07:13:08.422, 0, 0, 37299, 123.78
2026/09/06 07:13:08.439, 1, 67, 109814, 297.25
2026/09/06 07:13:09.444, 0, 0, 37299, 123.67
2026/09/06 07:13:09.455, 1, 65, 109814, 300.68
2026/09/06 07:13:10.458, 0, 11, 43599, 128.58
2026/09/06 07:13:10.464, 1, 55, 109814, 304.27
2026/09/06 07:13:11.469, 0, 68, 43599, 126.40
2026/09/06 07:13:11.485, 1, 62, 109814, 303.62
2026/09/06 07:13:12.500, 0, 22, 58909, 283.42
2026/09/06 07:13:12.503, 1, 66, 109814, 303.98
2026/09/06 07:13:13.505, 0, 16, 89227, 286.87
2026/09/06 07:13:13.515, 1, 58, 109814, 295.83
2026/09/06 07:13:14.529, 0, 23, 89227, 164.76
2026/09/06 07:13:14.534, 1, 56, 109814, 295.37
2026/09/06 07:13:15.538, 0, 19, 89739, 131.42
2026/09/06 07:13:15.541, 1, 63, 109814, 302.89
2026/09/06 07:13:16.544, 0, 84, 90953, 321.23
2026/09/06 07:13:16.548, 1, 62, 109814, 295.15
2026/09/06 07:13:17.550, 0, 38, 90953, 294.24
2026/09/06 07:13:17.554, 1, 62, 109814, 295.52
2026/09/06 07:13:18.558, 0, 27, 90953, 310.43
2026/09/06 07:13:18.561, 1, 64, 109814, 302.71
2026/09/06 07:13:19.564, 0, 17, 90953, 392.46
2026/09/06 07:13:19.566, 1, 52, 109814, 297.21
2026/09/06 07:13:20.570, 0, 17, 90953, 168.08
2026/09/06 07:13:20.572, 1, 64, 109814, 291.94
2026/09/06 07:13:21.575, 0, 75, 90955, 304.30
2026/09/06 07:13:21.578, 1, 57, 109814, 290.56
2026/09/06 07:13:22.584, 0, 34, 90955, 467.75
2026/09/06 07:13:22.587, 1, 58, 109814, 292.57
2026/09/06 07:13:23.591, 0, 7, 91739, 150.10
2026/09/06 07:13:23.620, 1, 52, 109814, 273.47
2026/09/06 07:13:24.631, 0, 6, 91739, 125.35
2026/09/06 07:13:24.633, 1, 46, 109814, 264.89
2026/09/06 07:13:25.639, 0, 8, 91739, 124.35
2026/09/06 07:13:25.642, 1, 57, 109814, 262.36
2026/09/06 07:13:26.645, 0, 9, 91739, 124.68
2026/09/06 07:13:26.650, 1, 50, 109814, 266.47
2026/09/06 07:13:27.655, 0, 16, 94165, 124.16
2026/09/06 07:13:27.678, 1, 28, 109816, 253.76
2026/09/06 07:13:28.687, 0, 0, 94165, 125.42
2026/09/06 07:13:28.704, 1, 62, 109816, 264.34
2026/09/06 07:13:29.714, 0, 0, 43601, 126.70
2026/09/06 07:13:29.724, 1, 55, 109816, 282.89
2026/09/06 07:13:30.734, 0, 0, 42855, 123.04
2026/09/06 07:13:30.738, 1, 62, 109816, 292.36
2026/09/06 07:13:31.742, 0, 0, 42855, 122.68
2026/09/06 07:13:31.744, 1, 68, 109816, 285.12
2026/09/06 07:13:32.746, 0, 0, 39217, 123.68
2026/09/06 07:13:32.756, 1, 64, 109816, 286.89
2026/09/06 07:13:33.762, 0, 37, 43601, 126.05
2026/09/06 07:13:33.766, 1, 62, 109816, 288.06
2026/09/06 07:13:34.769, 0, 82, 43601, 124.10
2026/09/06 07:13:34.772, 1, 39, 109816, 270.87
2026/09/06 07:13:35.775, 0, 0, 43889, 122.54
2026/09/06 07:13:35.778, 1, 4, 109792, 130.70
2026/09/06 07:13:36.781, 0, 8, 44211, 142.13
2026/09/06 07:13:36.784, 1, 0, 108960, 154.40
2026/09/06 07:13:37.788, 0, 1, 43601, 122.77
2026/09/06 07:13:37.793, 1, 0, 109894, 300.39
2026/09/06 07:13:38.799, 0, 0, 42855, 122.83
2026/09/06 07:13:38.802, 1, 59, 109894, 288.79
2026/09/06 07:13:39.804, 0, 0, 42855, 122.50
2026/09/06 07:13:39.808, 1, 68, 109894, 291.91
2026/09/06 07:13:40.811, 0, 0, 39217, 123.38
2026/09/06 07:13:40.814, 1, 63, 109894, 287.69
2026/09/06 07:13:41.817, 0, 100, 21835, 126.58
2026/09/06 07:13:41.897, 1, 0, 109896, 237.46
2026/09/06 07:13:42.900, 0, 0, 38313, 155.15
2026/09/06 07:13:42.903, 1, 62, 109896, 287.75
2026/09/06 07:13:43.906, 0, 0, 41937, 562.36
2026/09/06 07:13:43.909, 1, 39, 109896, 283.30
2026/09/06 07:13:44.913, 0, 84, 43151, 646.83
2026/09/06 07:13:44.917, 1, 58, 109896, 290.76
2026/09/06 07:13:45.931, 0, 100, 45751, 686.47
2026/09/06 07:13:45.934, 1, 64, 109896, 290.19
2026/09/06 07:13:46.938, 0, 100, 46263, 674.91
2026/09/06 07:13:46.939, 1, 67, 109896, 310.53
2026/09/06 07:13:47.947, 0, 7, 46535, 134.07
2026/09/06 07:13:47.955, 1, 53, 109896, 288.70
2026/09/06 07:13:48.965, 0, 10, 46535, 125.74
2026/09/06 07:13:48.966, 1, 65, 109896, 298.01
2026/09/06 07:13:49.968, 0, 11, 46535, 126.18
2026/09/06 07:13:49.971, 1, 63, 109896, 301.65
2026/09/06 07:13:50.973, 0, 17, 48961, 126.48
2026/09/06 07:13:50.975, 1, 68, 109896, 302.38
2026/09/06 07:13:51.976, 0, 1, 37975, 124.32
2026/09/06 07:13:51.978, 1, 63, 109896, 313.82
2026/09/06 07:13:52.980, 0, 0, 37299, 123.21
2026/09/06 07:13:52.981, 1, 67, 109896, 308.88
2026/09/06 07:13:53.983, 0, 0, 37299, 122.95
2026/09/06 07:13:53.984, 1, 67, 109896, 305.23
2026/09/06 07:13:54.986, 0, 96, 17615, 127.40
2026/09/06 07:13:55.007, 1, 68, 109896, 265.28
2026/09/06 07:13:56.009, 0, 0, 43601, 123.03
2026/09/06 07:13:56.011, 1, 67, 109896, 303.98
2026/09/06 07:13:57.012, 0, 16, 58669, 232.70
2026/09/06 07:13:57.014, 1, 68, 109896, 307.21
2026/09/06 07:13:58.015, 0, 17, 86559, 327.44
2026/09/06 07:13:58.017, 1, 67, 109896, 309.38
2026/09/06 07:13:59.020, 0, 16, 118087, 342.24
2026/09/06 07:13:59.021, 1, 69, 109896, 306.72
2026/09/06 07:14:00.022, 0, 24, 118087, 146.91
2026/09/06 07:14:00.025, 1, 68, 109896, 308.34
2026/09/06 07:14:01.026, 0, 25, 118087, 124.15
2026/09/06 07:14:01.028, 1, 65, 109898, 298.16
2026/09/06 07:14:02.030, 0, 21, 118601, 183.86
2026/09/06 07:14:02.031, 1, 70, 109898, 309.62
2026/09/06 07:14:03.033, 0, 25, 119817, 340.93
2026/09/06 07:14:03.034, 1, 68, 109898, 308.20
2026/09/06 07:14:04.036, 0, 18, 119817, 347.47
2026/09/06 07:14:04.037, 1, 63, 109898, 277.87
2026/09/06 07:14:05.038, 0, 24, 119817, 413.75
2026/09/06 07:14:05.040, 1, 66, 109898, 300.97
2026/09/06 07:14:06.041, 0, 17, 119817, 169.48
2026/09/06 07:14:06.043, 1, 71, 109898, 307.50
2026/09/06 07:14:07.044, 0, 100, 119817, 320.29
2026/09/06 07:14:07.046, 1, 70, 109898, 313.12
2026/09/06 07:14:08.047, 0, 17, 119817, 592.39
2026/09/06 07:14:08.049, 1, 70, 109898, 310.15
2026/09/06 07:14:09.050, 0, 49, 119817, 182.59
2026/09/06 07:14:09.052, 1, 67, 109898, 314.41
2026/09/06 07:14:10.053, 0, 35, 119817, 168.75
2026/09/06 07:14:10.055, 1, 69, 109898, 313.62
2026/09/06 07:14:11.056, 0, 100, 119817, 435.58
2026/09/06 07:14:11.058, 1, 69, 109898, 315.12
2026/09/06 07:14:12.059, 0, 100, 120601, 439.14
2026/09/06 07:14:12.061, 1, 70, 109898, 313.12
2026/09/06 07:14:13.063, 0, 12, 120601, 127.74
2026/09/06 07:14:13.065, 1, 64, 109898, 306.16
2026/09/06 07:14:14.066, 0, 12, 120601, 126.47
2026/09/06 07:14:14.068, 1, 68, 109898, 307.46
2026/09/06 07:14:15.069, 0, 18, 123027, 127.67
2026/09/06 07:14:15.071, 1, 68, 109898, 309.25
2026/09/06 07:14:16.073, 0, 37, 44625, 129.73
2026/09/06 07:14:16.074, 1, 66, 109898, 309.44
2026/09/06 07:14:17.076, 0, 6, 42855, 128.22
2026/09/06 07:14:17.077, 1, 68, 109898, 315.40
2026/09/06 07:14:18.079, 0, 80, 39217, 125.33
2026/09/06 07:14:18.081, 1, 68, 109898, 321.42
2026/09/06 07:14:19.082, 0, 0, 43601, 127.79
2026/09/06 07:14:19.083, 1, 68, 109898, 315.36
2026/09/06 07:14:20.085, 0, 0, 43601, 125.56
2026/09/06 07:14:20.087, 1, 0, 109898, 248.33
2026/09/06 07:14:21.089, 0, 1, 43955, 124.07
2026/09/06 07:14:21.090, 1, 0, 109858, 132.37
2026/09/06 07:14:22.092, 0, 2, 44211, 148.10
2026/09/06 07:14:22.094, 1, 82, 110394, 241.07
2026/09/06 07:14:23.096, 0, 1, 43343, 124.18
2026/09/06 07:14:23.097, 1, 0, 109812, 319.46
2026/09/06 07:14:24.099, 0, 0, 42855, 124.03
2026/09/06 07:14:24.101, 1, 69, 109812, 319.51
2026/09/06 07:14:25.102, 0, 32, 21929, 127.30
2026/09/06 07:14:25.104, 1, 70, 109812, 306.71
2026/09/06 07:14:26.106, 0, 0, 37975, 124.89
2026/09/06 07:14:26.107, 1, 69, 109812, 277.78
2026/09/06 07:14:27.109, 0, 82, 41619, 490.81
2026/09/06 07:14:27.110, 1, 63, 109812, 311.73
2026/09/06 07:14:28.112, 0, 100, 43561, 684.11
2026/09/06 07:14:28.113, 1, 70, 109812, 316.44
2026/09/06 07:14:29.115, 0, 11, 44345, 157.98
2026/09/06 07:14:29.118, 1, 63, 109812, 309.45
2026/09/06 07:14:30.119, 0, 12, 44345, 126.84
2026/09/06 07:14:30.120, 1, 64, 109812, 311.67
2026/09/06 07:14:31.123, 0, 12, 44345, 126.42
2026/09/06 07:14:31.125, 1, 68, 109812, 312.20
2026/09/06 07:14:32.126, 0, 0, 46771, 126.57
2026/09/06 07:14:32.128, 1, 69, 109812, 321.83
2026/09/06 07:14:33.130, 0, 0, 37975, 124.82
2026/09/06 07:14:33.131, 1, 70, 109812, 316.57
2026/09/06 07:14:34.133, 0, 0, 37299, 124.20
2026/09/06 07:14:34.144, 1, 67, 109812, 316.31
2026/09/06 07:14:35.147, 0, 0, 37299, 123.96
2026/09/06 07:14:35.149, 1, 63, 109812, 290.89
2026/09/06 07:14:36.153, 0, 78, 19533, 128.81
2026/09/06 07:14:36.156, 1, 62, 109812, 306.13
2026/09/06 07:14:37.160, 0, 0, 43601, 125.36
2026/09/06 07:14:37.164, 1, 61, 109814, 289.44
2026/09/06 07:14:38.168, 0, 52, 50661, 242.99
2026/09/06 07:14:38.173, 1, 63, 109814, 292.08
2026/09/06 07:14:39.174, 0, 29, 77037, 249.60
2026/09/06 07:14:39.185, 1, 69, 109814, 319.33
2026/09/06 07:14:40.191, 0, 44, 77549, 170.95
2026/09/06 07:14:40.192, 1, 68, 109814, 315.29
2026/09/06 07:14:41.195, 0, 22, 78765, 330.25
2026/09/06 07:14:41.197, 1, 66, 109814, 315.15
2026/09/06 07:14:42.201, 0, 17, 78765, 393.10
2026/09/06 07:14:42.203, 1, 68, 109814, 310.57
2026/09/06 07:14:43.204, 0, 17, 78765, 170.79
2026/09/06 07:14:43.206, 1, 69, 109814, 317.01
2026/09/06 07:14:44.207, 0, 100, 78767, 452.03
2026/09/06 07:14:44.209, 1, 46, 109814, 312.83
2026/09/06 07:14:45.210, 0, 11, 79551, 271.96
2026/09/06 07:14:45.212, 1, 66, 109814, 310.59
2026/09/06 07:14:46.214, 0, 12, 79551, 126.86
2026/09/06 07:14:46.216, 1, 66, 109814, 314.08
2026/09/06 07:14:47.218, 0, 12, 79551, 126.22
2026/09/06 07:14:47.221, 1, 6, 109814, 279.73
2026/09/06 07:14:48.222, 0, 100, 81977, 129.51
2026/09/06 07:14:48.224, 1, 68, 109814, 314.64
2026/09/06 07:14:49.226, 0, 0, 44113, 127.12
2026/09/06 07:14:49.227, 1, 67, 109814, 326.11
2026/09/06 07:14:50.229, 0, 1, 42855, 124.35
2026/09/06 07:14:50.230, 1, 69, 109814, 318.83
2026/09/06 07:14:51.232, 0, 0, 39217, 125.01
2026/09/06 07:14:51.234, 1, 68, 109814, 316.76
2026/09/06 07:14:52.236, 0, 37, 43601, 127.74
2026/09/06 07:14:52.237, 1, 68, 109814, 320.90
2026/09/06 07:14:53.238, 0, 0, 43601, 125.31
2026/09/06 07:14:53.240, 1, 0, 109814, 255.09
2026/09/06 07:14:54.241, 0, 0, 43955, 123.85
2026/09/06 07:14:54.243, 1, 0, 109858, 132.84
2026/09/06 07:14:55.244, 0, 0, 44211, 137.26
2026/09/06 07:14:55.246, 1, 65, 110408, 372.67
2026/09/06 07:14:56.247, 0, 0, 42855, 124.13
2026/09/06 07:14:56.249, 1, 67, 109798, 279.21
2026/09/06 07:14:57.252, 0, 0, 39217, 124.73
2026/09/06 07:14:57.253, 1, 66, 109798, 315.22
2026/09/06 07:14:58.255, 0, 0, 37975, 127.75
2026/09/06 07:14:58.256, 1, 68, 109798, 312.50
2026/09/06 07:14:59.258, 0, 31, 39839, 363.45
2026/09/06 07:14:59.260, 1, 67, 109798, 315.75
2026/09/06 07:15:00.263, 0, 100, 43045, 691.95
2026/09/06 07:15:00.265, 1, 67, 109798, 323.17
2026/09/06 07:15:01.267, 0, 12, 43829, 274.54
2026/09/06 07:15:01.269, 1, 66, 109798, 318.70
2026/09/06 07:15:02.271, 0, 11, 43829, 126.87
2026/09/06 07:15:02.273, 1, 62, 109798, 310.36
2026/09/06 07:15:03.275, 0, 11, 43829, 125.92
2026/09/06 07:15:03.277, 1, 61, 109802, 297.76
2026/09/06 07:15:04.280, 0, 0, 46255, 126.21
2026/09/06 07:15:04.281, 1, 68, 109802, 310.48
2026/09/06 07:15:05.284, 0, 0, 37975, 124.59
2026/09/06 07:15:05.287, 1, 68, 109802, 320.28
2026/09/06 07:15:06.288, 0, 0, 37299, 124.21
2026/09/06 07:15:06.290, 1, 69, 109802, 320.12
2026/09/06 07:15:07.292, 0, 0, 37299, 123.87
2026/09/06 07:15:07.295, 1, 69, 109802, 315.33
2026/09/06 07:15:08.297, 0, 37, 19533, 128.82
2026/09/06 07:15:08.298, 1, 67, 109802, 319.06
2026/09/06 07:15:09.300, 0, 95, 43601, 125.82
2026/09/06 07:15:09.302, 1, 69, 109802, 324.51
2026/09/06 07:15:10.305, 0, 16, 72253, 319.14
2026/09/06 07:15:10.306, 1, 69, 109802, 319.24
2026/09/06 07:15:11.308, 0, 24, 72253, 166.06
2026/09/06 07:15:11.309, 1, 62, 109802, 320.96
2026/09/06 07:15:12.311, 0, 38, 72765, 197.45
2026/09/06 07:15:12.313, 1, 63, 109802, 319.90
2026/09/06 07:15:13.314, 0, 50, 73979, 341.39
2026/09/06 07:15:13.316, 1, 67, 109802, 320.03
2026/09/06 07:15:14.317, 0, 17, 73979, 375.56
2026/09/06 07:15:14.319, 1, 68, 109802, 320.54
2026/09/06 07:15:15.320, 0, 77, 73983, 426.96
2026/09/06 07:15:15.322, 1, 69, 109802, 318.64
2026/09/06 07:15:16.323, 0, 100, 74765, 270.56
2026/09/06 07:15:16.326, 1, 67, 109802, 319.16
2026/09/06 07:15:17.327, 0, 12, 74767, 127.04
2026/09/06 07:15:17.330, 1, 67, 109802, 308.99
2026/09/06 07:15:18.331, 0, 11, 74767, 126.31
2026/09/06 07:15:18.334, 1, 67, 109802, 313.32
2026/09/06 07:15:19.335, 0, 17, 77193, 126.43
2026/09/06 07:15:19.336, 1, 67, 109802, 324.47
2026/09/06 07:15:20.338, 0, 56, 44625, 129.35
2026/09/06 07:15:20.339, 1, 66, 109802, 322.47
2026/09/06 07:15:21.341, 0, 6, 42855, 125.52
2026/09/06 07:15:21.343, 1, 66, 109802, 325.20
2026/09/06 07:15:22.344, 0, 9, 39217, 124.21
2026/09/06 07:15:22.346, 1, 68, 109802, 321.08
2026/09/06 07:15:23.348, 0, 5, 13235, 125.38
2026/09/06 07:15:23.349, 1, 68, 109802, 323.79
2026/09/06 07:15:24.351, 0, 0, 43601, 126.76
2026/09/06 07:15:24.353, 1, 69, 109802, 319.31
2026/09/06 07:15:25.355, 0, 0, 43601, 125.41
2026/09/06 07:15:25.358, 1, 0, 109802, 175.64
2026/09/06 07:15:26.363, 0, 0, 44211, 135.57
2026/09/06 07:15:26.365, 1, 66, 110394, 245.72
2026/09/06 07:15:27.367, 0, 6, 43099, 124.10
2026/09/06 07:15:27.369, 1, 49, 109814, 446.16
2026/09/06 07:15:28.376, 0, 0, 42855, 123.75
2026/09/06 07:15:28.378, 1, 68, 109814, 326.59
2026/09/06 07:15:29.379, 0, 66, 13231, 127.05
2026/09/06 07:15:29.383, 1, 67, 109814, 329.88
2026/09/06 07:15:30.386, 0, 0, 13231, 123.49
2026/09/06 07:15:30.387, 1, 68, 109814, 331.71
2026/09/06 07:15:31.389, 0, 0, 13231, 123.36
2026/09/06 07:15:31.393, 1, 71, 109814, 334.61
2026/09/06 07:15:32.396, 0, 0, 13231, 123.32
2026/09/06 07:15:32.397, 1, 70, 109814, 330.64
2026/09/06 07:15:33.399, 0, 0, 13231, 123.26
2026/09/06 07:15:33.401, 1, 69, 109814, 330.16
2026/09/06 07:15:34.407, 0, 0, 13231, 123.24
2026/09/06 07:15:34.409, 1, 69, 109814, 337.06
2026/09/06 07:15:35.410, 0, 0, 13231, 123.27
2026/09/06 07:15:35.415, 1, 69, 109814, 331.91
2026/09/06 07:15:36.419, 0, 0, 13231, 123.23
2026/09/06 07:15:36.421, 1, 67, 109814, 330.50
2026/09/06 07:15:37.422, 0, 0, 13231, 123.19
2026/09/06 07:15:37.430, 1, 67, 109814, 336.65
2026/09/06 07:15:38.433, 0, 0, 13231, 123.11
2026/09/06 07:15:38.435, 1, 68, 109814, 326.18
2026/09/06 07:15:39.437, 0, 0, 13231, 123.10
2026/09/06 07:15:39.444, 1, 67, 109814, 329.16
2026/09/06 07:15:40.446, 0, 0, 13231, 123.02
2026/09/06 07:15:40.448, 1, 71, 109814, 339.92
2026/09/06 07:15:41.450, 0, 0, 13231, 123.05
2026/09/06 07:15:41.452, 1, 70, 109814, 332.55
2026/09/06 07:15:42.453, 0, 0, 13231, 123.07
2026/09/06 07:15:42.455, 1, 66, 109814, 336.31
2026/09/06 07:15:43.456, 0, 0, 13231, 122.97
2026/09/06 07:15:43.458, 1, 67, 109814, 335.04
2026/09/06 07:15:44.459, 0, 0, 13231, 122.95
2026/09/06 07:15:44.461, 1, 65, 109814, 341.75
2026/09/06 07:15:45.463, 0, 0, 13231, 122.86
2026/09/06 07:15:45.465, 1, 65, 109814, 340.24
2026/09/06 07:15:46.466, 0, 0, 13231, 122.89
2026/09/06 07:15:46.468, 1, 67, 109814, 332.22
2026/09/06 07:15:47.469, 0, 0, 13231, 122.94
2026/09/06 07:15:47.471, 1, 67, 109814, 318.46
2026/09/06 07:15:48.472, 0, 0, 13231, 122.84
2026/09/06 07:15:48.474, 1, 69, 109814, 321.76
2026/09/06 07:15:49.475, 0, 0, 13231, 122.79
2026/09/06 07:15:49.476, 1, 67, 109814, 329.04
2026/09/06 07:15:50.478, 0, 0, 13231, 122.82
2026/09/06 07:15:50.479, 1, 68, 109814, 322.58
2026/09/06 07:15:51.480, 0, 0, 13231, 122.81
2026/09/06 07:15:51.482, 1, 66, 109818, 283.16
2026/09/06 07:15:52.484, 0, 0, 13231, 122.86
2026/09/06 07:15:52.485, 1, 67, 109818, 319.04
2026/09/06 07:15:53.487, 0, 0, 13231, 122.74
2026/09/06 07:15:53.488, 1, 68, 109818, 320.16
2026/09/06 07:15:54.490, 0, 0, 13231, 122.74
2026/09/06 07:15:54.492, 1, 65, 109818, 324.36
2026/09/06 07:15:55.493, 0, 0, 13231, 122.76
2026/09/06 07:15:55.495, 1, 69, 109818, 324.41
2026/09/06 07:15:56.497, 0, 0, 37975, 124.48
2026/09/06 07:15:56.498, 1, 67, 109818, 308.24
2026/09/06 07:15:57.499, 0, 100, 41593, 580.20
2026/09/06 07:15:57.501, 1, 69, 109818, 318.85
2026/09/06 07:15:58.503, 0, 97, 43325, 641.80
2026/09/06 07:15:58.505, 1, 69, 109818, 318.93
2026/09/06 07:15:59.506, 0, 100, 43735, 686.89
2026/09/06 07:15:59.508, 1, 67, 109818, 319.47
2026/09/06 07:16:00.509, 0, 100, 46765, 636.73
2026/09/06 07:16:00.512, 1, 70, 109818, 318.60
2026/09/06 07:16:01.514, 0, 100, 47369, 509.18
2026/09/06 07:16:01.516, 1, 69, 109818, 320.28
2026/09/06 07:16:02.518, 0, 12, 47549, 129.05
2026/09/06 07:16:02.520, 1, 68, 109818, 307.36
2026/09/06 07:16:03.522, 0, 11, 47549, 127.36
2026/09/06 07:16:03.523, 1, 66, 109818, 312.61
2026/09/06 07:16:04.526, 0, 18, 49975, 126.32
2026/09/06 07:16:04.527, 1, 66, 109818, 311.08
2026/09/06 07:16:05.529, 0, 0, 38485, 127.53
2026/09/06 07:16:05.531, 1, 69, 109818, 318.79
2026/09/06 07:16:06.532, 0, 0, 37299, 124.48
2026/09/06 07:16:06.534, 1, 71, 109818, 318.58
2026/09/06 07:16:07.536, 0, 0, 37299, 124.14
2026/09/06 07:16:07.537, 1, 65, 109818, 317.81
2026/09/06 07:16:08.539, 0, 91, 17615, 127.71
2026/09/06 07:16:08.541, 1, 69, 109818, 320.76
2026/09/06 07:16:09.542, 0, 71, 43601, 125.58
2026/09/06 07:16:09.543, 1, 69, 109818, 317.75
2026/09/06 07:16:10.545, 0, 100, 73709, 330.48
2026/09/06 07:16:10.547, 1, 70, 109818, 321.86
2026/09/06 07:16:11.549, 0, 17, 95777, 284.45
2026/09/06 07:16:11.551, 1, 69, 109818, 322.21
2026/09/06 07:16:12.552, 0, 18, 127305, 378.42
2026/09/06 07:16:12.554, 1, 69, 109818, 337.26
2026/09/06 07:16:13.555, 0, 25, 127305, 148.77
2026/09/06 07:16:13.557, 1, 72, 109818, 328.40
2026/09/06 07:16:14.559, 0, 25, 127305, 124.74
2026/09/06 07:16:14.560, 1, 69, 109818, 328.14
2026/09/06 07:16:15.562, 0, 18, 127817, 124.52
2026/09/06 07:16:15.563, 1, 70, 109818, 334.38
2026/09/06 07:16:16.565, 0, 78, 129031, 397.57
2026/09/06 07:16:16.567, 1, 71, 109818, 338.08
2026/09/06 07:16:17.569, 0, 100, 129031, 395.05
2026/09/06 07:16:17.570, 1, 69, 109818, 329.51
2026/09/06 07:16:18.572, 0, 45, 129031, 184.91
2026/09/06 07:16:18.577, 1, 70, 109818, 335.04
2026/09/06 07:16:19.583, 0, 17, 129035, 547.39
2026/09/06 07:16:19.584, 1, 68, 109818, 328.51
2026/09/06 07:16:20.586, 0, 17, 129035, 167.50
2026/09/06 07:16:20.587, 1, 68, 109818, 334.67
2026/09/06 07:16:21.588, 0, 100, 129035, 414.82
2026/09/06 07:16:21.590, 1, 71, 109818, 334.53
2026/09/06 07:16:22.592, 0, 61, 129035, 486.67
2026/09/06 07:16:22.593, 1, 69, 109818, 335.84
2026/09/06 07:16:23.595, 0, 17, 129035, 303.41
2026/09/06 07:16:23.597, 1, 69, 109818, 335.59
2026/09/06 07:16:24.599, 0, 17, 129035, 184.26
2026/09/06 07:16:24.600, 1, 71, 109818, 334.21
2026/09/06 07:16:25.601, 0, 100, 129035, 318.50
2026/09/06 07:16:25.603, 1, 69, 109818, 342.26
2026/09/06 07:16:26.605, 0, 75, 129817, 544.85
2026/09/06 07:16:26.606, 1, 70, 109818, 334.30
2026/09/06 07:16:27.607, 0, 11, 129819, 129.19
2026/09/06 07:16:27.609, 1, 70, 109818, 330.04
2026/09/06 07:16:28.611, 0, 12, 129819, 127.52
2026/09/06 07:16:28.613, 1, 68, 109818, 326.08
2026/09/06 07:16:29.615, 0, 6, 132245, 127.10
2026/09/06 07:16:29.616, 1, 66, 109818, 330.62
2026/09/06 07:16:30.619, 0, 10, 44113, 133.48
2026/09/06 07:16:30.620, 1, 69, 109818, 336.79
2026/09/06 07:16:31.622, 0, 0, 42855, 127.44
2026/09/06 07:16:31.624, 1, 69, 109818, 336.84
2026/09/06 07:16:32.625, 0, 0, 39217, 125.82
2026/09/06 07:16:32.627, 1, 67, 109818, 336.16
2026/09/06 07:16:33.628, 0, 0, 43601, 128.27
2026/09/06 07:16:33.629, 1, 68, 109818, 336.69
2026/09/06 07:16:34.632, 0, 0, 43601, 126.17
2026/09/06 07:16:34.633, 1, 0, 109818, 207.78
2026/09/06 07:16:35.635, 0, 3, 44271, 134.94
2026/09/06 07:16:35.636, 1, 87, 110116, 148.84
2026/09/06 07:16:36.638, 0, 0, 43667, 129.76
2026/09/06 07:16:36.640, 1, 3, 110102, 513.81
2026/09/06 07:16:37.641, 0, 0, 42855, 124.85
2026/09/06 07:16:37.643, 1, 70, 109814, 375.59
2026/09/06 07:16:38.645, 0, 0, 39217, 125.33
2026/09/06 07:16:38.647, 1, 71, 109814, 337.76
2026/09/06 07:16:39.648, 0, 0, 13231, 126.80
2026/09/06 07:16:39.650, 1, 71, 109814, 341.10
2026/09/06 07:16:40.652, 0, 0, 13231, 124.11
2026/09/06 07:16:40.653, 1, 70, 109814, 340.22
2026/09/06 07:16:41.655, 0, 0, 13231, 124.08
2026/09/06 07:16:41.657, 1, 70, 109814, 341.14
2026/09/06 07:16:42.658, 0, 0, 13231, 123.88
2026/09/06 07:16:42.660, 1, 71, 109814, 340.60
2026/09/06 07:16:43.662, 0, 0, 13231, 123.92
2026/09/06 07:16:43.663, 1, 71, 109814, 340.04
2026/09/06 07:16:44.664, 0, 0, 13231, 123.89
2026/09/06 07:16:44.666, 1, 69, 109814, 340.63
2026/09/06 07:16:45.667, 0, 0, 13231, 123.81
2026/09/06 07:16:45.669, 1, 70, 109814, 343.86
2026/09/06 07:16:46.670, 0, 0, 13231, 123.79
2026/09/06 07:16:46.672, 1, 68, 109814, 345.36
2026/09/06 07:16:47.673, 0, 0, 13231, 123.68
2026/09/06 07:16:47.675, 1, 71, 109814, 347.82
2026/09/06 07:16:48.676, 0, 0, 13231, 123.58
2026/09/06 07:16:48.678, 1, 67, 109814, 346.70
2026/09/06 07:16:49.679, 0, 0, 13231, 123.63
2026/09/06 07:16:49.681, 1, 63, 109814, 341.53
2026/09/06 07:16:50.683, 0, 0, 13231, 123.54
2026/09/06 07:16:50.685, 1, 69, 109814, 350.43
2026/09/06 07:16:51.688, 0, 0, 13231, 123.08
2026/09/06 07:16:51.690, 1, 70, 109814, 343.20
2026/09/06 07:16:52.692, 0, 0, 13231, 122.80
2026/09/06 07:16:52.694, 1, 69, 109814, 348.11
2026/09/06 07:16:53.696, 0, 0, 13231, 122.85
2026/09/06 07:16:53.697, 1, 49, 109814, 210.40
2026/09/06 07:16:54.699, 0, 0, 13231, 122.76
2026/09/06 07:16:54.700, 1, 69, 109814, 347.48
2026/09/06 07:16:55.702, 0, 0, 13231, 122.69
2026/09/06 07:16:55.704, 1, 69, 109814, 346.64
2026/09/06 07:16:56.705, 0, 0, 13231, 122.73
2026/09/06 07:16:56.708, 1, 69, 109814, 351.46
2026/09/06 07:16:57.710, 0, 0, 13231, 122.66
2026/09/06 07:16:57.712, 1, 69, 109814, 351.61
2026/09/06 07:16:58.713, 0, 0, 13231, 122.62
2026/09/06 07:16:58.715, 1, 68, 109814, 351.19
2026/09/06 07:16:59.719, 0, 0, 13231, 122.62
2026/09/06 07:16:59.721, 1, 69, 109814, 347.56
2026/09/06 07:17:00.722, 0, 0, 13231, 122.58
2026/09/06 07:17:00.723, 1, 67, 109814, 350.19
2026/09/06 07:17:01.725, 0, 0, 13231, 122.57
2026/09/06 07:17:01.727, 1, 71, 109814, 343.37
2026/09/06 07:17:02.728, 0, 0, 13231, 122.48
2026/09/06 07:17:02.730, 1, 68, 109814, 347.21
2026/09/06 07:17:03.732, 0, 0, 13231, 122.47
2026/09/06 07:17:03.733, 1, 70, 109814, 350.73
2026/09/06 07:17:04.735, 0, 0, 13231, 122.49
2026/09/06 07:17:04.737, 1, 71, 109814, 349.32
2026/09/06 07:17:05.739, 0, 0, 13231, 122.40
2026/09/06 07:17:05.741, 1, 70, 109814, 346.98
2026/09/06 07:17:06.743, 0, 0, 13231, 122.40
2026/09/06 07:17:06.744, 1, 71, 109814, 351.47
2026/09/06 07:17:07.746, 0, 0, 13231, 122.36
2026/09/06 07:17:07.749, 1, 70, 109814, 349.09
2026/09/06 07:17:08.751, 0, 0, 13231, 122.30
2026/09/06 07:17:08.752, 1, 69, 109814, 349.07
2026/09/06 07:17:09.756, 0, 0, 13231, 122.28
2026/09/06 07:17:09.757, 1, 70, 109814, 352.00
2026/09/06 07:17:10.759, 0, 0, 13231, 122.30
2026/09/06 07:17:10.761, 1, 69, 109814, 336.28
2026/09/06 07:17:11.764, 0, 0, 13231, 122.27
2026/09/06 07:17:11.766, 1, 69, 109814, 339.35
2026/09/06 07:17:12.768, 0, 0, 13231, 122.28
2026/09/06 07:17:12.776, 1, 70, 109816, 344.74
2026/09/06 07:17:13.780, 0, 0, 13231, 122.30
2026/09/06 07:17:13.781, 1, 70, 109816, 319.00
2026/09/06 07:17:14.784, 0, 0, 13231, 122.29
2026/09/06 07:17:14.787, 1, 69, 109816, 335.70
2026/09/06 07:17:15.789, 0, 0, 13231, 122.20
2026/09/06 07:17:15.790, 1, 70, 109816, 333.65
2026/09/06 07:17:16.792, 0, 0, 13231, 122.20
2026/09/06 07:17:16.793, 1, 70, 109816, 323.15
2026/09/06 07:17:17.795, 0, 0, 13231, 122.12
2026/09/06 07:17:17.796, 1, 68, 109816, 328.31
2026/09/06 07:17:18.798, 0, 0, 13231, 122.17
2026/09/06 07:17:18.800, 1, 65, 109816, 322.71
2026/09/06 07:17:19.802, 0, 0, 13231, 122.14
2026/09/06 07:17:19.804, 1, 72, 109816, 322.08
2026/09/06 07:17:20.809, 0, 0, 13231, 122.06
2026/09/06 07:17:20.811, 1, 70, 109816, 331.87
2026/09/06 07:17:21.814, 0, 0, 13231, 122.09
2026/09/06 07:17:21.815, 1, 64, 109816, 324.54
2026/09/06 07:17:22.816, 0, 0, 13231, 121.97
2026/09/06 07:17:22.819, 1, 50, 109816, 318.14
2026/09/06 07:17:23.820, 0, 0, 13231, 122.07
2026/09/06 07:17:23.822, 1, 68, 109816, 328.03
2026/09/06 07:17:24.824, 0, 0, 13231, 122.04
2026/09/06 07:17:24.825, 1, 69, 109816, 326.50
2026/09/06 07:17:25.827, 0, 0, 13231, 122.14
2026/09/06 07:17:25.828, 1, 68, 109816, 330.88
2026/09/06 07:17:26.830, 0, 0, 13231, 122.04
2026/09/06 07:17:26.831, 1, 69, 109816, 342.92
2026/09/06 07:17:27.833, 0, 0, 13231, 122.04
2026/09/06 07:17:27.835, 1, 67, 109816, 323.61
2026/09/06 07:17:28.837, 0, 0, 13231, 122.06
2026/09/06 07:17:28.838, 1, 67, 109816, 321.35
2026/09/06 07:17:29.839, 0, 0, 13231, 121.93
2026/09/06 07:17:29.841, 1, 63, 109816, 329.16
2026/09/06 07:17:30.843, 0, 0, 13231, 122.00
2026/09/06 07:17:30.844, 1, 66, 109816, 329.22
2026/09/06 07:17:31.846, 0, 0, 13231, 121.92
2026/09/06 07:17:31.848, 1, 64, 109816, 325.59
2026/09/06 07:17:32.849, 0, 0, 13231, 122.04
2026/09/06 07:17:32.851, 1, 66, 109816, 324.99
2026/09/06 07:17:33.853, 0, 0, 13231, 122.00
2026/09/06 07:17:33.855, 1, 61, 109816, 317.24
2026/09/06 07:17:34.857, 0, 0, 13231, 122.04
2026/09/06 07:17:34.859, 1, 66, 109816, 320.82
2026/09/06 07:17:35.860, 0, 0, 13231, 121.97
2026/09/06 07:17:35.862, 1, 65, 109816, 316.74
2026/09/06 07:17:36.864, 0, 0, 13231, 121.90
2026/09/06 07:17:36.865, 1, 66, 109816, 317.28
2026/09/06 07:17:37.867, 0, 0, 13231, 121.90
2026/09/06 07:17:37.868, 1, 67, 109816, 324.39
2026/09/06 07:17:38.870, 0, 0, 13231, 121.91
2026/09/06 07:17:38.872, 1, 67, 109816, 324.27
2026/09/06 07:17:39.873, 0, 0, 13231, 121.86
2026/09/06 07:17:39.875, 1, 68, 109816, 323.99
2026/09/06 07:17:40.876, 0, 0, 13231, 121.95
2026/09/06 07:17:40.878, 1, 70, 109816, 313.89
2026/09/06 07:17:41.881, 0, 0, 13231, 121.89
2026/09/06 07:17:41.883, 1, 66, 109816, 325.20
2026/09/06 07:17:42.884, 0, 0, 13231, 121.89
2026/09/06 07:17:42.886, 1, 70, 109816, 322.43
2026/09/06 07:17:43.887, 0, 0, 13231, 121.79
2026/09/06 07:17:43.889, 1, 67, 109816, 324.45
2026/09/06 07:17:44.892, 0, 0, 21927, 121.92
2026/09/06 07:17:44.893, 1, 68, 109816, 319.60
2026/09/06 07:17:45.895, 0, 0, 38503, 139.69
2026/09/06 07:17:45.897, 1, 68, 109816, 289.40
2026/09/06 07:17:46.899, 0, 99, 41339, 653.29
2026/09/06 07:17:46.900, 1, 69, 109816, 320.03
2026/09/06 07:17:47.902, 0, 100, 46537, 645.38
2026/09/06 07:17:47.903, 1, 70, 109816, 323.55
2026/09/06 07:17:48.905, 0, 100, 46537, 686.15
2026/09/06 07:17:48.907, 1, 69, 109816, 326.07
2026/09/06 07:17:49.908, 0, 100, 46537, 691.94
2026/09/06 07:17:49.910, 1, 68, 109816, 316.51
2026/09/06 07:17:50.912, 0, 87, 46537, 642.00
2026/09/06 07:17:50.913, 1, 66, 109816, 326.49
2026/09/06 07:17:51.915, 0, 10, 47321, 189.71
2026/09/06 07:17:51.917, 1, 66, 109816, 327.77
2026/09/06 07:17:52.919, 0, 11, 47321, 127.20
2026/09/06 07:17:52.921, 1, 65, 109816, 312.32
2026/09/06 07:17:53.923, 0, 12, 47321, 126.69
2026/09/06 07:17:53.924, 1, 66, 109816, 320.04
2026/09/06 07:17:54.927, 0, 4, 49747, 127.15
2026/09/06 07:17:54.929, 1, 69, 109816, 321.46
2026/09/06 07:17:55.930, 0, 0, 37973, 125.31
2026/09/06 07:17:55.932, 1, 64, 109816, 334.50
2026/09/06 07:17:56.934, 0, 0, 37299, 124.56
2026/09/06 07:17:56.936, 1, 69, 109816, 330.97
2026/09/06 07:17:57.940, 0, 0, 37299, 124.15
2026/09/06 07:17:57.978, 1, 68, 109816, 328.29
2026/09/06 07:17:58.996, 0, 0, 43601, 128.85
2026/09/06 07:17:58.999, 1, 70, 109816, 332.75
2026/09/06 07:18:00.000, 0, 51, 60607, 241.67
2026/09/06 07:18:00.002, 1, 66, 109816, 332.30
2026/09/06 07:18:01.004, 0, 17, 100017, 332.31
2026/09/06 07:18:01.006, 1, 67, 109816, 332.06
2026/09/06 07:18:02.008, 0, 17, 100017, 353.30
2026/09/06 07:18:02.010, 1, 68, 109816, 332.38
2026/09/06 07:18:03.011, 0, 16, 100017, 269.75
2026/09/06 07:18:03.013, 1, 66, 109816, 330.28
2026/09/06 07:18:04.015, 0, 25, 100017, 163.46
2026/09/06 07:18:04.017, 1, 68, 109816, 324.03
2026/09/06 07:18:05.019, 0, 23, 100017, 124.76
2026/09/06 07:18:05.020, 1, 67, 109816, 324.76
2026/09/06 07:18:06.022, 0, 25, 100017, 124.71
2026/09/06 07:18:06.024, 1, 70, 109816, 334.43
2026/09/06 07:18:07.025, 0, 68, 100529, 221.92
2026/09/06 07:18:07.026, 1, 69, 109816, 333.33
2026/09/06 07:18:08.028, 0, 42, 101743, 330.77
2026/09/06 07:18:08.030, 1, 68, 109816, 329.34
2026/09/06 07:18:09.031, 0, 17, 101747, 522.76
2026/09/06 07:18:09.033, 1, 69, 109816, 333.24
2026/09/06 07:18:10.035, 0, 17, 101747, 180.57
2026/09/06 07:18:10.036, 1, 70, 109816, 312.81
2026/09/06 07:18:11.038, 0, 42, 101747, 175.49
2026/09/06 07:18:11.039, 1, 67, 109816, 317.41
2026/09/06 07:18:12.041, 0, 100, 101747, 501.88
2026/09/06 07:18:12.043, 1, 67, 109816, 321.35
2026/09/06 07:18:13.044, 0, 17, 101747, 560.80
2026/09/06 07:18:13.046, 1, 70, 109816, 327.64
2026/09/06 07:18:14.048, 0, 39, 101747, 179.74
2026/09/06 07:18:14.049, 1, 67, 109816, 309.62
2026/09/06 07:18:15.051, 0, 33, 101747, 161.11
2026/09/06 07:18:15.052, 1, 68, 109816, 305.68
2026/09/06 07:18:16.053, 0, 100, 101747, 354.23
2026/09/06 07:18:16.055, 1, 67, 109816, 294.72
2026/09/06 07:18:17.056, 0, 18, 101747, 624.99
2026/09/06 07:18:17.058, 1, 67, 109816, 298.50
2026/09/06 07:18:18.059, 0, 17, 101747, 160.00
2026/09/06 07:18:18.061, 1, 67, 109816, 294.63
2026/09/06 07:18:19.062, 0, 100, 101747, 407.77
2026/09/06 07:18:19.063, 1, 68, 109816, 293.75
2026/09/06 07:18:20.065, 0, 67, 102529, 341.72
2026/09/06 07:18:20.067, 1, 68, 109816, 302.30
2026/09/06 07:18:21.068, 0, 12, 102531, 130.70
2026/09/06 07:18:21.070, 1, 65, 109816, 299.80
2026/09/06 07:18:22.072, 0, 11, 102531, 127.50
2026/09/06 07:18:22.074, 1, 62, 109816, 292.20
2026/09/06 07:18:23.075, 0, 11, 102531, 126.73
2026/09/06 07:18:23.078, 1, 61, 109816, 294.57
2026/09/06 07:18:24.080, 0, 0, 104957, 130.10
2026/09/06 07:18:24.081, 1, 67, 109816, 300.22
2026/09/06 07:18:25.088, 0, 1, 43601, 129.76
2026/09/06 07:18:25.090, 1, 66, 109816, 298.86
2026/09/06 07:18:26.092, 0, 0, 42855, 125.08
2026/09/06 07:18:26.094, 1, 67, 109816, 304.36
2026/09/06 07:18:27.095, 0, 0, 37397, 125.89
2026/09/06 07:18:27.097, 1, 63, 109816, 301.14
2026/09/06 07:18:28.099, 0, 0, 43601, 128.07
2026/09/06 07:18:28.100, 1, 64, 109816, 298.50
2026/09/06 07:18:29.102, 0, 0, 43601, 126.07
2026/09/06 07:18:29.103, 1, 0, 109816, 221.42
2026/09/06 07:18:30.105, 0, 4, 44271, 129.76
2026/09/06 07:18:30.106, 1, 0, 110118, 139.67
2026/09/06 07:18:31.108, 0, 0, 43955, 136.27
2026/09/06 07:18:31.109, 1, 82, 109852, 241.18
2026/09/06 07:18:32.111, 0, 0, 42855, 124.93
2026/09/06 07:18:32.113, 1, 66, 109498, 289.30
2026/09/06 07:18:33.114, 0, 0, 39217, 125.39
2026/09/06 07:18:33.116, 1, 63, 109498, 303.07
2026/09/06 07:18:34.118, 0, 0, 13231, 126.73
2026/09/06 07:18:34.120, 1, 67, 109498, 302.10
2026/09/06 07:18:35.121, 0, 0, 13231, 124.11
2026/09/06 07:18:35.122, 1, 67, 109498, 308.20
2026/09/06 07:18:36.124, 0, 0, 13231, 124.06
2026/09/06 07:18:36.125, 1, 68, 109498, 306.88
2026/09/06 07:18:37.127, 0, 0, 13231, 123.95
2026/09/06 07:18:37.128, 1, 68, 109498, 305.92
2026/09/06 07:18:38.129, 0, 0, 13231, 123.96
2026/09/06 07:18:38.131, 1, 64, 109498, 304.22
2026/09/06 07:18:39.133, 0, 0, 13231, 123.86
2026/09/06 07:18:39.136, 1, 60, 109498, 307.20
2026/09/06 07:18:40.138, 0, 0, 13231, 123.73
2026/09/06 07:18:40.139, 1, 65, 109498, 307.64
2026/09/06 07:18:41.141, 0, 0, 13231, 123.76
2026/09/06 07:18:41.143, 1, 69, 109498, 309.70
2026/09/06 07:18:42.145, 0, 100, 21927, 125.45
2026/09/06 07:18:42.146, 1, 46, 109498, 303.86
2026/09/06 07:18:43.147, 0, 83, 41049, 279.74
2026/09/06 07:18:43.149, 1, 69, 109500, 303.95
2026/09/06 07:18:44.150, 0, 97, 44077, 626.07
2026/09/06 07:18:44.152, 1, 67, 109500, 304.71
2026/09/06 07:18:45.153, 0, 100, 46505, 691.45
2026/09/06 07:18:45.154, 1, 68, 109500, 314.24
2026/09/06 07:18:46.156, 0, 100, 46505, 652.20
2026/09/06 07:18:46.158, 1, 66, 109500, 307.55
2026/09/06 07:18:47.159, 0, 68, 47109, 641.53
2026/09/06 07:18:47.161, 1, 69, 109500, 312.94
2026/09/06 07:18:48.162, 0, 11, 47289, 148.71
2026/09/06 07:18:48.165, 1, 61, 109500, 307.60
2026/09/06 07:18:49.167, 0, 12, 47289, 127.88
2026/09/06 07:18:49.169, 1, 65, 109500, 303.14
2026/09/06 07:18:50.171, 0, 12, 47289, 126.85
2026/09/06 07:18:50.173, 1, 62, 109500, 300.86
2026/09/06 07:18:51.175, 0, 0, 49715, 127.44
2026/09/06 07:18:51.177, 1, 66, 109500, 304.76
2026/09/06 07:18:52.179, 0, 9, 37299, 125.92
2026/09/06 07:18:52.182, 1, 66, 109500, 305.90
2026/09/06 07:18:53.185, 0, 0, 37299, 124.86
2026/09/06 07:18:53.187, 1, 67, 109500, 307.83
2026/09/06 07:18:54.189, 0, 49, 19435, 129.31
2026/09/06 07:18:54.191, 1, 65, 109502, 302.39
2026/09/06 07:18:55.193, 0, 87, 43601, 153.51
2026/09/06 07:18:55.195, 1, 69, 109502, 314.26
2026/09/06 07:18:56.197, 0, 16, 93223, 367.24
2026/09/06 07:18:56.198, 1, 69, 109502, 314.84
2026/09/06 07:18:57.200, 0, 65, 93223, 236.63
2026/09/06 07:18:57.202, 1, 70, 109502, 311.23
2026/09/06 07:18:58.204, 0, 15, 93223, 291.05
2026/09/06 07:18:58.206, 1, 67, 109502, 310.67
2026/09/06 07:18:59.208, 0, 25, 93223, 186.51
2026/09/06 07:18:59.209, 1, 68, 109502, 313.07
2026/09/06 07:19:00.211, 0, 26, 93223, 124.99
2026/09/06 07:19:00.212, 1, 67, 109502, 314.37
2026/09/06 07:19:01.214, 0, 17, 93735, 195.40
2026/09/06 07:19:01.215, 1, 67, 109502, 316.43
2026/09/06 07:19:02.217, 0, 18, 94951, 482.23
2026/09/06 07:19:02.219, 1, 70, 109502, 311.15
2026/09/06 07:19:03.221, 0, 25, 94951, 177.83
2026/09/06 07:19:03.222, 1, 69, 109502, 278.37
2026/09/06 07:19:04.223, 0, 47, 94951, 193.72
2026/09/06 07:19:04.226, 1, 70, 109502, 322.01
2026/09/06 07:19:05.227, 0, 100, 95927, 568.84
2026/09/06 07:19:05.229, 1, 68, 109502, 315.31
2026/09/06 07:19:06.231, 0, 82, 95927, 473.05
2026/09/06 07:19:06.232, 1, 68, 109502, 321.95
2026/09/06 07:19:07.234, 0, 15, 95927, 282.94
2026/09/06 07:19:07.235, 1, 66, 109502, 319.11
2026/09/06 07:19:08.237, 0, 18, 95927, 175.24
2026/09/06 07:19:08.239, 1, 68, 109502, 320.25
2026/09/06 07:19:09.240, 0, 39, 96171, 233.68
2026/09/06 07:19:09.241, 1, 67, 109502, 318.44
2026/09/06 07:19:10.243, 0, 100, 96171, 701.67
2026/09/06 07:19:10.244, 1, 69, 109502, 320.15
2026/09/06 07:19:11.245, 0, 65, 96953, 310.15
2026/09/06 07:19:11.247, 1, 68, 109502, 314.92
2026/09/06 07:19:12.248, 0, 12, 96955, 130.34
2026/09/06 07:19:12.250, 1, 70, 109502, 304.17
2026/09/06 07:19:13.252, 0, 11, 96955, 126.97
2026/09/06 07:19:13.253, 1, 68, 109502, 310.07
2026/09/06 07:19:14.255, 0, 2, 99381, 126.35
2026/09/06 07:19:14.258, 1, 67, 109502, 316.16
2026/09/06 07:19:15.260, 0, 0, 99381, 127.97
2026/09/06 07:19:15.262, 1, 70, 109502, 316.32
2026/09/06 07:19:16.263, 0, 1, 43587, 128.74
2026/09/06 07:19:16.264, 1, 69, 109502, 321.00
2026/09/06 07:19:17.266, 0, 0, 42855, 124.66
2026/09/06 07:19:17.268, 1, 69, 109502, 320.64
2026/09/06 07:19:18.269, 0, 38, 43599, 128.95
2026/09/06 07:19:18.271, 1, 70, 109502, 324.35
2026/09/06 07:19:19.273, 0, 0, 43599, 125.72
2026/09/06 07:19:19.275, 1, 0, 109502, 274.14
2026/09/06 07:19:20.276, 0, 0, 44209, 124.10
2026/09/06 07:19:20.277, 1, 0, 110118, 133.54
2026/09/06 07:19:21.279, 0, 0, 43953, 137.23
2026/09/06 07:19:21.280, 1, 1, 110170, 399.08
2026/09/06 07:19:22.283, 0, 0, 42855, 124.44
2026/09/06 07:19:22.285, 1, 67, 109816, 298.67
2026/09/06 07:19:23.287, 0, 0, 39217, 124.91
2026/09/06 07:19:23.289, 1, 69, 109816, 320.64
2026/09/06 07:19:24.292, 0, 0, 13231, 126.42
2026/09/06 07:19:24.293, 1, 67, 109818, 310.57
2026/09/06 07:19:25.296, 0, 0, 13231, 123.81
2026/09/06 07:19:25.298, 1, 67, 109818, 321.40
2026/09/06 07:19:26.300, 0, 0, 13231, 123.71
2026/09/06 07:19:26.301, 1, 69, 109818, 326.52
2026/09/06 07:19:27.302, 0, 0, 13231, 123.68
2026/09/06 07:19:27.304, 1, 70, 109818, 326.44
2026/09/06 07:19:28.305, 0, 0, 13231, 123.52
2026/09/06 07:19:28.307, 1, 67, 109818, 324.33
2026/09/06 07:19:29.309, 0, 0, 13231, 123.57
2026/09/06 07:19:29.310, 1, 69, 109818, 326.21
2026/09/06 07:19:30.312, 0, 0, 13231, 123.48
2026/09/06 07:19:30.313, 1, 69, 109818, 325.53
2026/09/06 07:19:31.314, 0, 0, 13231, 123.17
2026/09/06 07:19:31.316, 1, 70, 109818, 322.99
2026/09/06 07:19:32.318, 0, 0, 13231, 122.75
2026/09/06 07:19:32.319, 1, 70, 109818, 328.48
2026/09/06 07:19:33.321, 0, 0, 13231, 122.75
2026/09/06 07:19:33.323, 1, 68, 109818, 328.56
2026/09/06 07:19:34.324, 0, 0, 13231, 122.63
2026/09/06 07:19:34.326, 1, 68, 109818, 333.77
2026/09/06 07:19:35.328, 0, 0, 13231, 122.68
2026/09/06 07:19:35.330, 1, 69, 109818, 327.57
2026/09/06 07:19:36.331, 0, 0, 13231, 122.67
2026/09/06 07:19:36.333, 1, 68, 109818, 332.86
2026/09/06 07:19:37.335, 0, 0, 13231, 122.67
2026/09/06 07:19:37.337, 1, 69, 109818, 335.62
2026/09/06 07:19:38.339, 0, 0, 13231, 122.55
2026/09/06 07:19:38.340, 1, 67, 109818, 328.12
2026/09/06 07:19:39.342, 0, 0, 13231, 122.58
2026/09/06 07:19:39.344, 1, 68, 109818, 327.91
2026/09/06 07:19:40.346, 0, 0, 13231, 122.49
2026/09/06 07:19:40.348, 1, 67, 109818, 332.52
2026/09/06 07:19:41.349, 0, 0, 13231, 122.47
2026/09/06 07:19:41.351, 1, 67, 109818, 331.14
2026/09/06 07:19:42.352, 0, 0, 13231, 122.43
2026/09/06 07:19:42.354, 1, 70, 109818, 335.47
2026/09/06 07:19:43.356, 0, 0, 13231, 122.45
2026/09/06 07:19:43.359, 1, 70, 109818, 339.12
2026/09/06 07:19:44.364, 0, 0, 13231, 122.44
2026/09/06 07:19:44.366, 1, 69, 109818, 338.51
2026/09/06 07:19:45.367, 0, 0, 13231, 122.43
2026/09/06 07:19:45.377, 1, 69, 109818, 336.28
2026/09/06 07:19:46.382, 0, 0, 13231, 122.54
2026/09/06 07:19:46.384, 1, 69, 109818, 341.73
2026/09/06 07:19:47.385, 0, 0, 13231, 122.37
2026/09/06 07:19:47.389, 1, 69, 109818, 338.77
2026/09/06 07:19:48.397, 0, 0, 13231, 122.29
2026/09/06 07:19:48.399, 1, 67, 109818, 344.77
2026/09/06 07:19:49.400, 0, 0, 13231, 122.33
2026/09/06 07:19:49.403, 1, 70, 109818, 338.48
2026/09/06 07:19:50.409, 0, 0, 13231, 122.24
2026/09/06 07:19:50.411, 1, 65, 109818, 341.18
2026/09/06 07:19:51.412, 0, 0, 13231, 122.33
2026/09/06 07:19:51.414, 1, 66, 109818, 335.81
2026/09/06 07:19:52.416, 0, 0, 13231, 122.28
2026/09/06 07:19:52.418, 1, 68, 109818, 337.99
2026/09/06 07:19:53.419, 0, 0, 13231, 122.20
2026/09/06 07:19:53.425, 1, 68, 109818, 337.22
2026/09/06 07:19:54.431, 0, 0, 13231, 122.21
2026/09/06 07:19:54.432, 1, 70, 109818, 343.08
2026/09/06 07:19:55.434, 0, 0, 37973, 124.02
2026/09/06 07:19:55.436, 1, 71, 109818, 326.43
2026/09/06 07:19:56.437, 0, 45, 39701, 324.25
2026/09/06 07:19:56.439, 1, 70, 109818, 343.23
2026/09/06 07:19:57.440, 0, 100, 41869, 623.47
2026/09/06 07:19:57.445, 1, 69, 109818, 330.44
2026/09/06 07:19:58.447, 0, 63, 42473, 470.98
2026/09/06 07:19:58.449, 1, 69, 109818, 338.95
2026/09/06 07:19:59.450, 0, 11, 42653, 129.41
2026/09/06 07:19:59.454, 1, 65, 109818, 332.79
2026/09/06 07:20:00.457, 0, 12, 42653, 126.35
2026/09/06 07:20:00.458, 1, 65, 109818, 332.45
2026/09/06 07:20:01.460, 0, 0, 45079, 125.48
2026/09/06 07:20:01.462, 1, 64, 109818, 333.19
2026/09/06 07:20:02.464, 0, 0, 38421, 125.65
2026/09/06 07:20:02.465, 1, 70, 109818, 339.90
2026/09/06 07:20:03.467, 0, 0, 37299, 124.22
2026/09/06 07:20:03.469, 1, 71, 109818, 342.14
2026/09/06 07:20:04.471, 0, 0, 37299, 123.59
2026/09/06 07:20:04.473, 1, 66, 109818, 340.73
2026/09/06 07:20:05.476, 0, 0, 37299, 123.47
2026/09/06 07:20:05.478, 1, 71, 109818, 339.75
2026/09/06 07:20:06.480, 0, 0, 37299, 123.54
2026/09/06 07:20:06.482, 1, 70, 109818, 342.19
2026/09/06 07:20:07.483, 0, 0, 43599, 128.33
2026/09/06 07:20:07.485, 1, 71, 109818, 348.59
2026/09/06 07:20:08.487, 0, 19, 53813, 204.43
2026/09/06 07:20:08.489, 1, 69, 109818, 344.30
2026/09/06 07:20:09.491, 0, 22, 67637, 308.63
2026/09/06 07:20:09.493, 1, 70, 109818, 344.85
2026/09/06 07:20:10.495, 0, 25, 67637, 144.99
2026/09/06 07:20:10.496, 1, 71, 109818, 347.08
2026/09/06 07:20:11.498, 0, 68, 68151, 292.98
2026/09/06 07:20:11.499, 1, 66, 109818, 349.74
2026/09/06 07:20:12.501, 0, 85, 69365, 429.60
2026/09/06 07:20:12.502, 1, 72, 109818, 345.11
2026/09/06 07:20:13.505, 0, 50, 69365, 179.60
2026/09/06 07:20:13.506, 1, 67, 109818, 348.99
2026/09/06 07:20:14.508, 0, 35, 69371, 445.12
2026/09/06 07:20:14.509, 1, 66, 109818, 345.77
2026/09/06 07:20:15.511, 0, 59, 69371, 381.23
2026/09/06 07:20:15.513, 1, 69, 109818, 350.53
2026/09/06 07:20:16.514, 0, 13, 70155, 154.80
2026/09/06 07:20:16.516, 1, 64, 109818, 341.63
2026/09/06 07:20:17.518, 0, 11, 70155, 127.01
2026/09/06 07:20:17.520, 1, 66, 109818, 332.51
2026/09/06 07:20:18.522, 0, 12, 70155, 125.81
2026/09/06 07:20:18.524, 1, 64, 109818, 339.14
2026/09/06 07:20:19.526, 0, 0, 72581, 127.29
2026/09/06 07:20:19.528, 1, 69, 109818, 346.05
2026/09/06 07:20:20.529, 0, 1, 43599, 125.49
2026/09/06 07:20:20.531, 1, 70, 109818, 344.52
2026/09/06 07:20:21.533, 0, 0, 42855, 123.52
2026/09/06 07:20:21.534, 1, 67, 109818, 345.81
2026/09/06 07:20:22.535, 0, 44, 17613, 127.26
2026/09/06 07:20:22.541, 1, 71, 109818, 346.62
2026/09/06 07:20:23.542, 0, 0, 43599, 124.40
2026/09/06 07:20:23.544, 1, 70, 109818, 348.79
2026/09/06 07:20:24.545, 0, 0, 43599, 123.74
2026/09/06 07:20:24.547, 1, 0, 109818, 159.55
2026/09/06 07:20:25.549, 0, 8, 44209, 137.83
2026/09/06 07:20:25.550, 1, 80, 110394, 154.88
2026/09/06 07:20:26.552, 0, 0, 43887, 123.11
2026/09/06 07:20:26.554, 1, 0, 109880, 521.23
2026/09/06 07:20:27.555, 0, 0, 42855, 123.26
2026/09/06 07:20:27.557, 1, 76, 109814, 412.05
2026/09/06 07:20:28.558, 0, 0, 39217, 123.72
2026/09/06 07:20:28.559, 1, 73, 109814, 342.22
2026/09/06 07:20:29.561, 0, 0, 13231, 125.13
2026/09/06 07:20:29.563, 1, 73, 109814, 349.68
2026/09/06 07:20:30.565, 0, 0, 13231, 122.48
2026/09/06 07:20:30.567, 1, 69, 109814, 353.90
2026/09/06 07:20:31.569, 0, 0, 13231, 122.43
2026/09/06 07:20:31.571, 1, 69, 109814, 353.78
2026/09/06 07:20:32.572, 0, 0, 13231, 122.31
2026/09/06 07:20:32.574, 1, 54, 109818, 345.44
2026/09/06 07:20:33.575, 0, 0, 13231, 122.25
2026/09/06 07:20:33.576, 1, 70, 109818, 346.36
2026/09/06 07:20:34.579, 0, 0, 13231, 122.19
2026/09/06 07:20:34.581, 1, 69, 109818, 352.20
2026/09/06 07:20:35.583, 0, 0, 13231, 122.09
2026/09/06 07:20:35.584, 1, 73, 109818, 356.19
2026/09/06 07:20:36.586, 0, 0, 13231, 122.07
2026/09/06 07:20:36.588, 1, 70, 109818, 355.90
2026/09/06 07:20:37.590, 0, 0, 13231, 122.00
2026/09/06 07:20:37.591, 1, 73, 109818, 353.79
2026/09/06 07:20:38.594, 0, 0, 13231, 121.86
2026/09/06 07:20:38.596, 1, 71, 109818, 349.28
2026/09/06 07:20:39.597, 0, 0, 13231, 121.86
2026/09/06 07:20:39.599, 1, 70, 109818, 342.55
2026/09/06 07:20:40.600, 0, 0, 13231, 121.86
2026/09/06 07:20:40.602, 1, 68, 109818, 340.67
2026/09/06 07:20:41.603, 0, 0, 13231, 121.81
2026/09/06 07:20:41.605, 1, 68, 109818, 333.00
2026/09/06 07:20:42.606, 0, 0, 13231, 121.59
2026/09/06 07:20:42.608, 1, 66, 109818, 335.76
2026/09/06 07:20:43.610, 0, 0, 13231, 121.72
2026/09/06 07:20:43.611, 1, 65, 109818, 328.23
2026/09/06 07:20:44.613, 0, 0, 13231, 121.60
2026/09/06 07:20:44.615, 1, 64, 109818, 331.92
2026/09/06 07:20:45.616, 0, 0, 13231, 121.42
2026/09/06 07:20:45.618, 1, 64, 109818, 325.14
2026/09/06 07:20:46.619, 0, 0, 13231, 121.42
2026/09/06 07:20:46.621, 1, 65, 109818, 334.65
2026/09/06 07:20:47.622, 0, 0, 13231, 121.51
2026/09/06 07:20:47.624, 1, 66, 109818, 335.93
2026/09/06 07:20:48.626, 0, 0, 13231, 121.46
2026/09/06 07:20:48.628, 1, 66, 109818, 335.16
2026/09/06 07:20:49.630, 0, 0, 13231, 121.46
2026/09/06 07:20:49.631, 1, 71, 109818, 333.09
2026/09/06 07:20:50.633, 0, 0, 13231, 121.43
2026/09/06 07:20:50.635, 1, 69, 109818, 337.04
2026/09/06 07:20:51.636, 0, 0, 13231, 121.39
2026/09/06 07:20:51.638, 1, 69, 109818, 331.54
2026/09/06 07:20:52.639, 0, 0, 13231, 121.33
2026/09/06 07:20:52.641, 1, 68, 109818, 339.46
2026/09/06 07:20:53.643, 0, 0, 13231, 121.28
2026/09/06 07:20:53.644, 1, 68, 109818, 337.40
2026/09/06 07:20:54.646, 0, 0, 13231, 121.35
2026/09/06 07:20:54.647, 1, 69, 109818, 328.99
2026/09/06 07:20:55.648, 0, 0, 13231, 121.12
2026/09/06 07:20:55.650, 1, 67, 109818, 328.09
2026/09/06 07:20:56.652, 0, 0, 13231, 121.14
2026/09/06 07:20:56.654, 1, 67, 109818, 323.94
2026/09/06 07:20:57.656, 0, 0, 13231, 121.14
2026/09/06 07:20:57.658, 1, 67, 109818, 334.80
2026/09/06 07:20:58.660, 0, 0, 13231, 121.07
2026/09/06 07:20:58.662, 1, 68, 109818, 331.04
2026/09/06 07:20:59.664, 0, 0, 13231, 121.07
2026/09/06 07:20:59.665, 1, 69, 109818, 331.56
2026/09/06 07:21:00.667, 0, 0, 13231, 120.96
2026/09/06 07:21:00.669, 1, 67, 109818, 325.78
2026/09/06 07:21:01.670, 0, 0, 13231, 121.05
2026/09/06 07:21:01.672, 1, 68, 109818, 336.01
2026/09/06 07:21:02.675, 0, 0, 13231, 121.04
2026/09/06 07:21:02.676, 1, 68, 109818, 331.88
2026/09/06 07:21:03.679, 0, 0, 13231, 121.00
2026/09/06 07:21:03.680, 1, 69, 109818, 330.84
2026/09/06 07:21:04.682, 0, 0, 13231, 120.97
2026/09/06 07:21:04.684, 1, 69, 109818, 323.08
2026/09/06 07:21:05.744, 0, 0, 37907, 122.78
2026/09/06 07:21:05.748, 1, 0, 109818, 287.76
2026/09/06 07:21:06.750, 0, 0, 38455, 183.72
2026/09/06 07:21:06.751, 1, 63, 109818, 301.14
2026/09/06 07:21:07.754, 0, 100, 42247, 657.82
2026/09/06 07:21:07.756, 1, 70, 109818, 309.73
2026/09/06 07:21:08.757, 0, 100, 44671, 598.63
2026/09/06 07:21:08.764, 1, 66, 109818, 310.84
2026/09/06 07:21:09.766, 0, 100, 45843, 698.77
2026/09/06 07:21:09.768, 1, 66, 109818, 307.71
2026/09/06 07:21:10.769, 0, 100, 45843, 673.53
2026/09/06 07:21:10.773, 1, 68, 109818, 308.88
2026/09/06 07:21:11.781, 0, 100, 45843, 698.33
2026/09/06 07:21:11.782, 1, 68, 109818, 313.03
2026/09/06 07:21:12.784, 0, 25, 46627, 406.66
2026/09/06 07:21:12.786, 1, 62, 109818, 311.62
2026/09/06 07:21:13.788, 0, 11, 46627, 126.77
2026/09/06 07:21:13.790, 1, 65, 109818, 308.52
2026/09/06 07:21:14.792, 0, 11, 46627, 125.87
2026/09/06 07:21:14.795, 1, 66, 109818, 303.71
2026/09/06 07:21:15.797, 0, 17, 49053, 125.10
2026/09/06 07:21:15.799, 1, 67, 109818, 298.51
2026/09/06 07:21:16.801, 0, 0, 37909, 125.73
2026/09/06 07:21:16.803, 1, 66, 109818, 296.45
2026/09/06 07:21:17.804, 0, 0, 37299, 122.73
2026/09/06 07:21:17.808, 1, 63, 109818, 295.95
2026/09/06 07:21:18.809, 0, 0, 37299, 122.28
2026/09/06 07:21:18.812, 1, 66, 109818, 296.68
2026/09/06 07:21:19.814, 0, 9, 37299, 122.90
2026/09/06 07:21:19.817, 1, 65, 109818, 299.68
2026/09/06 07:21:20.819, 0, 0, 43599, 126.25
2026/09/06 07:21:20.820, 1, 65, 109818, 298.09
2026/09/06 07:21:21.822, 0, 17, 55331, 216.90
2026/09/06 07:21:21.824, 1, 69, 109818, 302.31
2026/09/06 07:21:22.825, 0, 18, 87769, 298.53
2026/09/06 07:21:22.827, 1, 65, 109818, 295.80
2026/09/06 07:21:23.829, 0, 17, 119297, 345.28
2026/09/06 07:21:23.831, 1, 69, 109818, 304.42
2026/09/06 07:21:24.833, 0, 100, 119297, 392.28
2026/09/06 07:21:24.835, 1, 68, 109818, 307.11
2026/09/06 07:21:25.837, 0, 34, 119297, 150.62
2026/09/06 07:21:25.839, 1, 68, 109818, 303.09
2026/09/06 07:21:26.841, 0, 25, 119297, 122.83
2026/09/06 07:21:26.930, 1, 67, 109818, 300.87
2026/09/06 07:21:27.932, 0, 25, 119297, 122.59
2026/09/06 07:21:27.933, 1, 65, 109818, 300.33
2026/09/06 07:21:28.935, 0, 43, 119809, 181.38
2026/09/06 07:21:28.937, 1, 65, 109818, 300.41
2026/09/06 07:21:29.938, 0, 98, 119813, 220.48
2026/09/06 07:21:29.942, 1, 67, 109818, 301.71
2026/09/06 07:21:30.946, 0, 63, 121027, 352.51
2026/09/06 07:21:30.947, 1, 67, 109818, 301.08
2026/09/06 07:21:31.949, 0, 55, 121027, 328.87
2026/09/06 07:21:31.951, 1, 69, 109818, 301.70
2026/09/06 07:21:32.953, 0, 36, 121027, 179.61
2026/09/06 07:21:32.955, 1, 69, 109818, 302.62
2026/09/06 07:21:33.958, 0, 100, 121027, 586.87
2026/09/06 07:21:33.959, 1, 67, 109818, 307.05
2026/09/06 07:21:34.960, 0, 18, 121027, 370.77
2026/09/06 07:21:34.962, 1, 68, 109818, 305.10
2026/09/06 07:21:35.964, 0, 18, 121027, 180.57
2026/09/06 07:21:35.965, 1, 67, 109818, 301.12
2026/09/06 07:21:36.967, 0, 36, 121027, 228.41
2026/09/06 07:21:36.969, 1, 65, 109818, 305.18
2026/09/06 07:21:37.970, 0, 100, 121027, 683.15
2026/09/06 07:21:37.972, 1, 69, 109818, 307.70
2026/09/06 07:21:38.974, 0, 97, 121027, 436.66
2026/09/06 07:21:38.975, 1, 68, 109818, 302.00
2026/09/06 07:21:39.976, 0, 20, 121027, 231.53
2026/09/06 07:21:39.978, 1, 66, 109818, 303.14
2026/09/06 07:21:40.980, 0, 18, 121027, 165.62
2026/09/06 07:21:40.981, 1, 68, 109818, 304.98
2026/09/06 07:21:41.983, 0, 100, 121027, 359.34
2026/09/06 07:21:41.984, 1, 69, 109818, 307.57
2026/09/06 07:21:42.986, 0, 59, 121809, 556.77
2026/09/06 07:21:42.987, 1, 67, 109818, 311.53
2026/09/06 07:21:43.989, 0, 11, 121811, 128.57
2026/09/06 07:21:43.990, 1, 66, 109818, 302.76
2026/09/06 07:21:44.992, 0, 12, 121811, 125.65
2026/09/06 07:21:44.994, 1, 65, 109818, 303.43
2026/09/06 07:21:45.997, 0, 3, 124237, 125.53
2026/09/06 07:21:45.999, 1, 63, 109818, 299.44
2026/09/06 07:21:47.002, 0, 0, 44623, 127.80
2026/09/06 07:21:47.003, 1, 66, 109818, 301.70
2026/09/06 07:21:48.005, 0, 12, 42855, 127.91
2026/09/06 07:21:48.008, 1, 67, 109818, 304.35
2026/09/06 07:21:49.010, 0, 23, 39217, 123.37
2026/09/06 07:21:49.012, 1, 69, 109818, 306.48
2026/09/06 07:21:50.014, 0, 21, 43599, 125.83
2026/09/06 07:21:50.016, 1, 68, 109818, 306.50
2026/09/06 07:21:51.018, 0, 0, 43599, 123.50
2026/09/06 07:21:51.020, 1, 0, 109818, 272.29
2026/09/06 07:21:52.021, 0, 1, 43953, 121.92
2026/09/06 07:21:52.023, 1, 0, 109860, 129.53
2026/09/06 07:21:53.025, 0, 0, 44209, 140.42
2026/09/06 07:21:53.027, 1, 60, 110410, 307.80
2026/09/06 07:21:54.028, 0, 6, 42855, 122.19
2026/09/06 07:21:54.031, 1, 68, 109800, 305.11
2026/09/06 07:21:55.034, 0, 0, 39217, 122.76
2026/09/06 07:21:55.037, 1, 66, 109800, 308.45
2026/09/06 07:21:56.039, 0, 0, 13231, 124.10
2026/09/06 07:21:56.041, 1, 69, 109800, 307.70
2026/09/06 07:21:57.043, 0, 0, 13231, 121.42
2026/09/06 07:21:57.044, 1, 66, 109800, 309.55
2026/09/06 07:21:58.046, 0, 0, 13231, 121.39
2026/09/06 07:21:58.048, 1, 69, 109800, 307.29
2026/09/06 07:21:59.050, 0, 0, 13231, 121.33
2026/09/06 07:21:59.052, 1, 67, 109800, 309.09
2026/09/06 07:22:00.054, 0, 0, 13231, 121.19
2026/09/06 07:22:00.055, 1, 69, 109800, 309.89
2026/09/06 07:22:01.057, 0, 0, 13231, 121.16
2026/09/06 07:22:01.058, 1, 68, 109800, 313.19
2026/09/06 07:22:02.060, 0, 0, 13231, 121.18
2026/09/06 07:22:02.062, 1, 67, 109800, 309.61
2026/09/06 07:22:03.063, 0, 0, 13231, 121.12
2026/09/06 07:22:03.065, 1, 67, 109800, 310.33
2026/09/06 07:22:04.066, 0, 0, 13231, 121.16
2026/09/06 07:22:04.068, 1, 68, 109800, 309.67
2026/09/06 07:22:05.069, 0, 0, 13231, 121.03
2026/09/06 07:22:05.071, 1, 70, 109800, 311.70
2026/09/06 07:22:06.072, 0, 0, 13231, 120.89
2026/09/06 07:22:06.074, 1, 68, 109800, 314.02
2026/09/06 07:22:07.075, 0, 0, 13231, 120.90
2026/09/06 07:22:07.076, 1, 71, 109800, 309.27
2026/09/06 07:22:08.078, 0, 0, 13231, 120.89
2026/09/06 07:22:08.080, 1, 70, 109800, 320.73
2026/09/06 07:22:09.082, 0, 0, 13231, 120.78
2026/09/06 07:22:09.084, 1, 68, 109800, 313.26
2026/09/06 07:22:10.086, 0, 0, 13231, 120.85
2026/09/06 07:22:10.087, 1, 69, 109800, 313.99
2026/09/06 07:22:11.089, 0, 0, 13231, 121.07
2026/09/06 07:22:11.090, 1, 61, 109800, 313.93
2026/09/06 07:22:12.093, 0, 0, 13231, 120.74
2026/09/06 07:22:12.095, 1, 66, 109800, 308.29
2026/09/06 07:22:13.097, 0, 0, 13231, 120.64
2026/09/06 07:22:13.099, 1, 60, 109800, 303.77
2026/09/06 07:22:14.101, 0, 0, 13231, 120.60
2026/09/06 07:22:14.107, 1, 63, 109800, 300.68
2026/09/06 07:22:15.112, 0, 0, 13231, 120.53
2026/09/06 07:22:15.115, 1, 63, 109800, 294.43
2026/09/06 07:22:16.120, 0, 0, 13231, 120.48
2026/09/06 07:22:16.123, 1, 63, 109800, 299.40
2026/09/06 07:22:17.125, 0, 0, 13231, 120.47
2026/09/06 07:22:17.128, 1, 62, 109800, 294.22
2026/09/06 07:22:18.132, 0, 0, 13231, 120.50
2026/09/06 07:22:18.143, 1, 63, 109800, 301.60
2026/09/06 07:22:19.147, 0, 0, 13231, 120.46
2026/09/06 07:22:19.156, 1, 59, 109800, 300.47
2026/09/06 07:22:20.164, 0, 0, 13231, 120.49
2026/09/06 07:22:20.167, 1, 60, 109800, 301.73
2026/09/06 07:22:21.172, 0, 0, 13231, 120.49
2026/09/06 07:22:21.175, 1, 63, 109800, 299.21
2026/09/06 07:22:22.179, 0, 0, 13231, 120.48
2026/09/06 07:22:22.184, 1, 61, 109800, 302.11
2026/09/06 07:22:23.188, 0, 0, 13231, 120.43
2026/09/06 07:22:23.197, 1, 63, 109800, 301.22
2026/09/06 07:22:24.202, 0, 0, 13231, 120.56
2026/09/06 07:22:24.207, 1, 63, 109800, 296.69
2026/09/06 07:22:25.211, 0, 0, 13231, 120.57
2026/09/06 07:22:25.217, 1, 57, 109800, 300.19
2026/09/06 07:22:26.219, 0, 0, 13231, 120.65
2026/09/06 07:22:26.223, 1, 63, 109800, 296.74
2026/09/06 07:22:27.228, 0, 0, 13231, 120.63
2026/09/06 07:22:27.233, 1, 60, 109800, 303.14
2026/09/06 07:22:28.240, 0, 0, 13231, 120.55
2026/09/06 07:22:28.242, 1, 64, 109800, 300.45
2026/09/06 07:22:29.245, 0, 0, 13231, 120.65
2026/09/06 07:22:29.252, 1, 59, 109800, 293.07
2026/09/06 07:22:30.256, 0, 0, 13231, 120.71
2026/09/06 07:22:30.271, 1, 64, 109800, 296.98
2026/09/06 07:22:31.286, 0, 0, 13231, 120.67
2026/09/06 07:22:31.296, 1, 51, 109800, 293.43
2026/09/06 07:22:32.309, 0, 0, 13231, 120.71
2026/09/06 07:22:32.318, 1, 53, 109800, 290.73
2026/09/06 07:22:33.328, 0, 0, 13231, 120.68
2026/09/06 07:22:33.339, 1, 51, 109800, 302.14
2026/09/06 07:22:34.341, 0, 0, 13231, 120.68
2026/09/06 07:22:34.349, 1, 60, 109800, 294.11
2026/09/06 07:22:35.353, 0, 0, 13231, 120.64
2026/09/06 07:22:35.356, 1, 59, 109800, 303.00
2026/09/06 07:22:36.363, 0, 0, 13231, 120.68
2026/09/06 07:22:36.379, 1, 45, 109800, 285.11
2026/09/06 07:22:37.381, 0, 0, 13231, 120.74
2026/09/06 07:22:37.394, 1, 56, 109800, 290.02
2026/09/06 07:22:38.404, 0, 0, 13231, 120.81
2026/09/06 07:22:38.407, 1, 53, 109800, 290.02
2026/09/06 07:22:39.412, 0, 0, 13231, 120.83
2026/09/06 07:22:39.415, 1, 61, 109800, 298.42
2026/09/06 07:22:40.418, 0, 0, 13231, 120.74
2026/09/06 07:22:40.421, 1, 62, 109800, 303.38
2026/09/06 07:22:41.429, 0, 0, 13231, 120.72
2026/09/06 07:22:41.441, 1, 60, 109800, 310.79
2026/09/06 07:22:42.444, 0, 0, 13231, 120.78
2026/09/06 07:22:42.463, 1, 61, 109800, 309.95
2026/09/06 07:22:43.471, 0, 0, 13231, 120.81
2026/09/06 07:22:43.475, 1, 64, 109800, 305.72
2026/09/06 07:22:44.483, 0, 0, 13231, 120.86
2026/09/06 07:22:44.489, 1, 62, 109800, 307.99
2026/09/06 07:22:45.492, 0, 0, 13231, 120.87
2026/09/06 07:22:45.497, 1, 57, 109800, 300.85
2026/09/06 07:22:46.502, 0, 0, 13231, 120.84
2026/09/06 07:22:46.505, 1, 65, 109800, 311.54
2026/09/06 07:22:47.512, 0, 0, 13231, 120.83
2026/09/06 07:22:47.522, 1, 65, 109800, 309.78
2026/09/06 07:22:48.526, 0, 0, 13231, 120.85
2026/09/06 07:22:48.529, 1, 64, 109800, 313.60
2026/09/06 07:22:49.532, 0, 0, 13231, 120.84
2026/09/06 07:22:49.536, 1, 63, 109800, 311.52
2026/09/06 07:22:50.539, 0, 0, 13231, 120.96
2026/09/06 07:22:50.542, 1, 66, 109800, 318.43
2026/09/06 07:22:51.548, 0, 0, 13231, 120.92
2026/09/06 07:22:51.551, 1, 65, 109800, 314.95
2026/09/06 07:22:52.555, 0, 0, 13231, 121.01
2026/09/06 07:22:52.558, 1, 60, 109800, 310.98
2026/09/06 07:22:53.561, 0, 0, 13231, 121.06
2026/09/06 07:22:53.564, 1, 70, 109800, 322.07
2026/09/06 07:22:54.566, 0, 0, 13231, 120.88
2026/09/06 07:22:54.567, 1, 69, 109800, 321.01
2026/09/06 07:22:55.568, 0, 0, 13231, 120.94
2026/09/06 07:22:55.570, 1, 68, 109800, 314.92
2026/09/06 07:22:56.571, 0, 0, 13231, 120.88
2026/09/06 07:22:56.572, 1, 65, 109800, 322.02
2026/09/06 07:22:57.574, 0, 0, 13231, 120.86
2026/09/06 07:22:57.576, 1, 69, 109800, 321.88
2026/09/06 07:22:58.577, 0, 0, 13231, 121.01
2026/09/06 07:22:58.579, 1, 73, 109800, 319.20
2026/09/06 07:22:59.581, 0, 0, 13231, 120.92
2026/09/06 07:22:59.583, 1, 68, 109800, 323.72
2026/09/06 07:23:00.585, 0, 0, 13231, 121.00
2026/09/06 07:23:00.586, 1, 69, 109800, 320.80
2026/09/06 07:23:01.588, 0, 0, 13231, 120.99
2026/09/06 07:23:01.589, 1, 70, 109800, 323.95
2026/09/06 07:23:02.590, 0, 0, 13231, 121.13
2026/09/06 07:23:02.592, 1, 71, 109800, 322.00
2026/09/06 07:23:03.593, 0, 0, 13231, 121.00
2026/09/06 07:23:03.594, 1, 69, 109800, 320.94
2026/09/06 07:23:04.596, 0, 0, 13231, 121.00
2026/09/06 07:23:04.598, 1, 69, 109800, 320.93
2026/09/06 07:23:05.600, 0, 0, 13231, 121.12
2026/09/06 07:23:05.602, 1, 70, 109800, 322.42
2026/09/06 07:23:06.604, 0, 0, 13231, 121.20
2026/09/06 07:23:06.605, 1, 70, 109800, 323.02
2026/09/06 07:23:07.607, 0, 0, 13231, 121.16
2026/09/06 07:23:07.608, 1, 73, 109800, 321.35
2026/09/06 07:23:08.610, 0, 0, 13231, 121.06
2026/09/06 07:23:08.612, 1, 70, 109800, 329.92
2026/09/06 07:23:09.613, 0, 0, 13231, 121.11
2026/09/06 07:23:09.616, 1, 70, 109800, 328.31
2026/09/06 07:23:10.617, 0, 0, 13231, 121.09
2026/09/06 07:23:10.619, 1, 68, 109800, 327.30
2026/09/06 07:23:11.621, 0, 0, 13231, 121.15
2026/09/06 07:23:11.624, 1, 68, 109800, 324.62
2026/09/06 07:23:12.625, 0, 0, 13231, 121.09
2026/09/06 07:23:12.627, 1, 50, 109800, 315.64
2026/09/06 07:23:13.629, 0, 0, 13231, 121.15
2026/09/06 07:23:13.630, 1, 0, 109800, 132.39
2026/09/06 07:23:14.632, 0, 0, 13231, 121.10
2026/09/06 07:23:14.634, 1, 0, 109800, 131.57
2026/09/06 07:23:15.635, 0, 0, 13231, 121.13
2026/09/06 07:23:15.637, 1, 0, 109800, 131.20
2026/09/06 07:23:16.639, 0, 0, 13231, 121.11
2026/09/06 07:23:16.640, 1, 0, 109800, 130.90
2026/09/06 07:23:17.641, 0, 0, 13231, 121.14
2026/09/06 07:23:17.643, 1, 0, 109800, 130.68
2026/09/06 07:23:18.645, 0, 0, 13231, 121.10
2026/09/06 07:23:18.646, 1, 0, 109800, 130.46
2026/09/06 07:23:19.647, 0, 0, 13231, 121.08
2026/09/06 07:23:19.649, 1, 0, 109800, 130.39
2026/09/06 07:23:20.650, 0, 0, 13231, 121.09
2026/09/06 07:23:20.652, 1, 0, 109800, 130.05
2026/09/06 07:23:21.653, 0, 0, 13231, 121.10
2026/09/06 07:23:21.654, 1, 0, 109800, 129.81
2026/09/06 07:23:22.656, 0, 0, 13231, 121.00
2026/09/06 07:23:22.657, 1, 0, 109800, 129.71
2026/09/06 07:23:23.658, 0, 0, 13231, 121.07
2026/09/06 07:23:23.660, 1, 0, 109800, 129.56
2026/09/06 07:23:24.662, 0, 0, 13231, 120.98
2026/09/06 07:23:24.664, 1, 0, 109800, 129.38
2026/09/06 07:23:25.665, 0, 0, 13231, 121.04
2026/09/06 07:23:25.666, 1, 0, 109800, 129.46
2026/09/06 07:23:26.667, 0, 0, 13231, 121.02
2026/09/06 07:23:26.669, 1, 0, 109800, 129.50
2026/09/06 07:23:27.670, 0, 0, 13231, 121.04
2026/09/06 07:23:27.672, 1, 0, 109800, 129.29
2026/09/06 07:23:28.674, 0, 100, 37909, 122.76
2026/09/06 07:23:28.675, 1, 0, 109800, 129.10
2026/09/06 07:23:29.677, 0, 67, 41169, 225.83
2026/09/06 07:23:29.678, 1, 0, 109800, 128.99
2026/09/06 07:23:30.681, 0, 100, 41169, 693.16
2026/09/06 07:23:30.682, 1, 0, 109800, 128.87
2026/09/06 07:23:31.684, 0, 83, 42899, 663.64
2026/09/06 07:23:31.686, 1, 0, 109800, 128.70
2026/09/06 07:23:32.688, 0, 100, 46367, 587.43
2026/09/06 07:23:32.689, 1, 0, 109800, 128.57
2026/09/06 07:23:33.691, 0, 100, 46367, 697.55
2026/09/06 07:23:33.693, 1, 0, 109800, 128.47
2026/09/06 07:23:34.695, 0, 100, 46367, 694.04
2026/09/06 07:23:34.696, 1, 0, 109800, 128.21
2026/09/06 07:23:35.698, 0, 100, 46367, 690.96
2026/09/06 07:23:35.699, 1, 0, 109800, 128.17
2026/09/06 07:23:36.701, 0, 100, 46367, 691.18
2026/09/06 07:23:36.703, 1, 0, 109800, 128.03
2026/09/06 07:23:37.705, 0, 100, 46367, 690.95
2026/09/06 07:23:37.706, 1, 0, 109800, 127.91
2026/09/06 07:23:38.707, 0, 100, 46367, 692.41
2026/09/06 07:23:38.709, 1, 0, 109800, 127.75
2026/09/06 07:23:39.711, 0, 100, 46971, 540.68
2026/09/06 07:23:39.713, 1, 0, 109800, 127.73
2026/09/06 07:23:40.714, 0, 12, 47151, 129.70
2026/09/06 07:23:40.716, 1, 0, 109800, 127.54
2026/09/06 07:23:41.717, 0, 11, 47151, 127.41
2026/09/06 07:23:41.719, 1, 0, 109800, 127.49
2026/09/06 07:23:42.721, 0, 8, 49577, 126.07
2026/09/06 07:23:42.722, 1, 0, 109800, 127.31
2026/09/06 07:23:43.724, 0, 28, 38419, 126.96
2026/09/06 07:23:43.726, 1, 0, 109800, 127.27
2026/09/06 07:23:44.728, 0, 0, 37299, 124.38
2026/09/06 07:23:44.729, 1, 0, 109800, 127.11
2026/09/06 07:23:45.731, 0, 0, 37299, 123.95
2026/09/06 07:23:45.732, 1, 0, 109800, 127.13
2026/09/06 07:23:46.734, 0, 100, 13975, 126.21
2026/09/06 07:23:46.735, 1, 0, 109800, 127.00
2026/09/06 07:23:47.737, 0, 0, 43599, 126.46
2026/09/06 07:23:47.739, 1, 0, 109800, 126.87
2026/09/06 07:23:48.740, 0, 18, 56849, 235.33
2026/09/06 07:23:48.742, 1, 0, 109800, 126.81
2026/09/06 07:23:49.743, 0, 17, 96259, 315.05
2026/09/06 07:23:49.744, 1, 0, 109800, 126.69
2026/09/06 07:23:50.747, 0, 16, 96259, 350.05
2026/09/06 07:23:50.748, 1, 0, 109800, 126.63
2026/09/06 07:23:51.751, 0, 17, 96259, 353.08
2026/09/06 07:23:51.752, 1, 0, 109800, 126.60
2026/09/06 07:23:52.754, 0, 100, 96259, 347.86
2026/09/06 07:23:52.757, 1, 0, 109800, 126.46
2026/09/06 07:23:53.760, 0, 82, 96259, 221.67
2026/09/06 07:23:53.778, 1, 0, 109800, 126.49
2026/09/06 07:23:54.779, 0, 24, 96259, 266.08
2026/09/06 07:23:54.781, 1, 0, 109800, 126.24
2026/09/06 07:23:55.783, 0, 16, 96259, 344.34
2026/09/06 07:23:55.785, 1, 0, 109800, 126.21
2026/09/06 07:23:56.787, 0, 24, 96259, 150.71
2026/09/06 07:23:56.789, 1, 0, 109800, 126.16
2026/09/06 07:23:57.790, 0, 25, 96259, 124.01
2026/09/06 07:23:57.792, 1, 0, 109800, 126.19
2026/09/06 07:23:58.793, 0, 23, 96259, 123.65
2026/09/06 07:23:58.795, 1, 0, 109800, 126.02
2026/09/06 07:23:59.796, 0, 25, 96259, 123.65
2026/09/06 07:23:59.798, 1, 0, 109800, 126.08
2026/09/06 07:24:00.799, 0, 24, 96259, 123.46
2026/09/06 07:24:00.801, 1, 0, 109800, 125.93
2026/09/06 07:24:01.802, 0, 63, 96771, 187.56
2026/09/06 07:24:01.804, 1, 0, 109800, 125.82
2026/09/06 07:24:02.806, 0, 100, 97989, 367.31
2026/09/06 07:24:02.807, 1, 0, 109800, 125.73
2026/09/06 07:24:03.808, 0, 22, 97989, 386.65
2026/09/06 07:24:03.810, 1, 0, 109800, 125.79
2026/09/06 07:24:04.812, 0, 43, 97989, 181.36
2026/09/06 07:24:04.813, 1, 0, 109800, 125.69
2026/09/06 07:24:05.815, 0, 49, 97989, 178.76
2026/09/06 07:24:05.816, 1, 0, 109800, 125.75
2026/09/06 07:24:06.818, 0, 100, 97989, 559.94
2026/09/06 07:24:06.819, 1, 0, 109800, 125.65
2026/09/06 07:24:07.821, 0, 17, 97989, 504.27
2026/09/06 07:24:07.823, 1, 0, 109800, 125.53
2026/09/06 07:24:08.824, 0, 25, 97989, 182.10
2026/09/06 07:24:08.826, 1, 0, 109800, 125.51
2026/09/06 07:24:09.827, 0, 42, 97989, 194.49
2026/09/06 07:24:09.829, 1, 0, 109800, 125.52
2026/09/06 07:24:10.830, 0, 100, 97989, 571.80
2026/09/06 07:24:10.831, 1, 0, 109800, 125.38
2026/09/06 07:24:11.833, 0, 18, 97989, 430.39
2026/09/06 07:24:11.835, 1, 0, 109800, 125.45
2026/09/06 07:24:12.836, 0, 17, 97989, 180.06
2026/09/06 07:24:12.838, 1, 0, 109800, 125.37
2026/09/06 07:24:13.839, 0, 45, 97989, 208.39
2026/09/06 07:24:13.841, 1, 0, 109800, 125.42
2026/09/06 07:24:14.842, 0, 100, 97989, 641.46
2026/09/06 07:24:14.843, 1, 0, 109800, 125.29
2026/09/06 07:24:15.845, 0, 17, 97989, 395.31
2026/09/06 07:24:15.847, 1, 0, 109800, 125.19
2026/09/06 07:24:16.849, 0, 17, 97989, 180.21
2026/09/06 07:24:16.851, 1, 0, 109800, 125.17
2026/09/06 07:24:17.853, 0, 40, 97989, 224.36
2026/09/06 07:24:17.855, 1, 0, 109800, 125.09
2026/09/06 07:24:18.857, 0, 100, 97989, 684.10
2026/09/06 07:24:18.858, 1, 0, 109800, 125.09
2026/09/06 07:24:19.860, 0, 17, 97989, 343.75
2026/09/06 07:24:19.861, 1, 0, 109800, 125.14
2026/09/06 07:24:20.863, 0, 17, 97989, 180.37
2026/09/06 07:24:20.864, 1, 0, 109800, 125.14
2026/09/06 07:24:21.865, 0, 52, 97989, 241.27
2026/09/06 07:24:21.867, 1, 0, 109800, 125.02
2026/09/06 07:24:22.869, 0, 100, 97989, 695.85
2026/09/06 07:24:22.871, 1, 0, 109800, 124.89
2026/09/06 07:24:23.873, 0, 17, 97989, 285.66
2026/09/06 07:24:23.874, 1, 0, 109800, 125.03
2026/09/06 07:24:24.876, 0, 18, 97989, 178.32
2026/09/06 07:24:24.877, 1, 0, 109800, 125.01
2026/09/06 07:24:25.879, 0, 48, 97989, 298.32
2026/09/06 07:24:25.880, 1, 0, 109800, 124.90
2026/09/06 07:24:26.881, 0, 37, 98771, 583.97
2026/09/06 07:24:26.888, 1, 0, 109800, 124.91
2026/09/06 07:24:27.891, 0, 10, 98773, 129.31
2026/09/06 07:24:27.894, 1, 0, 109800, 124.95
2026/09/06 07:24:28.896, 0, 11, 98773, 127.10
2026/09/06 07:24:28.898, 1, 0, 109800, 124.84
2026/09/06 07:24:29.900, 0, 10, 101199, 125.33
2026/09/06 07:24:29.902, 1, 0, 109800, 124.83
2026/09/06 07:24:30.903, 0, 0, 101199, 127.71
2026/09/06 07:24:30.904, 1, 0, 109800, 124.83
2026/09/06 07:24:31.906, 0, 1, 43599, 127.80
2026/09/06 07:24:31.907, 1, 0, 109800, 124.77
2026/09/06 07:24:32.909, 0, 0, 42855, 123.35
2026/09/06 07:24:32.911, 1, 0, 109800, 124.84
2026/09/06 07:24:33.912, 0, 94, 17613, 127.48
2026/09/06 07:24:33.955, 1, 0, 109800, 124.81
2026/09/06 07:24:34.957, 0, 75, 43729, 124.88
2026/09/06 07:24:34.958, 1, 0, 109666, 124.87
2026/09/06 07:24:35.960, 0, 0, 44209, 137.83
2026/09/06 07:24:35.962, 1, 57, 108902, 147.68
2026/09/06 07:24:36.963, 0, 6, 42855, 122.46
2026/09/06 07:24:36.965, 1, 1, 108292, 124.90
2026/09/06 07:24:37.966, 0, 5, 42855, 122.23
2026/09/06 07:24:37.967, 1, 0, 108292, 124.74
2026/09/06 07:24:38.969, 0, 22, 43599, 126.25
2026/09/06 07:24:38.971, 1, 0, 108292, 124.69
2026/09/06 07:24:39.972, 0, 0, 44111, 123.30
2026/09/06 07:24:39.974, 1, 0, 108292, 124.72
2026/09/06 07:24:40.975, 0, 5, 44111, 122.56
2026/09/06 07:24:40.977, 1, 0, 108292, 124.68
2026/09/06 07:24:41.980, 0, 0, 44113, 122.26
2026/09/06 07:24:41.981, 1, 0, 108292, 124.66
2026/09/06 07:24:42.983, 0, 5, 44119, 122.38
2026/09/06 07:24:42.984, 1, 0, 108292, 124.58
2026/09/06 07:24:43.986, 0, 0, 44121, 121.80
2026/09/06 07:24:43.988, 1, 0, 108292, 124.58
2026/09/06 07:24:44.989, 0, 0, 44121, 121.40
2026/09/06 07:24:44.991, 1, 0, 108292, 124.56
2026/09/06 07:24:45.993, 0, 0, 44121, 121.30
2026/09/06 07:24:45.997, 1, 0, 108292, 124.52
2026/09/06 07:24:46.999, 0, 0, 44121, 121.22
2026/09/06 07:24:47.001, 1, 0, 108292, 124.54
2026/09/06 07:24:48.003, 0, 0, 44121, 121.21
2026/09/06 07:24:48.005, 1, 0, 108292, 124.51
2026/09/06 07:24:49.008, 0, 0, 44121, 121.17
2026/09/06 07:24:49.009, 1, 0, 108292, 124.41
2026/09/06 07:24:50.010, 0, 0, 44121, 121.14
2026/09/06 07:24:50.012, 1, 0, 108292, 124.40
2026/09/06 07:24:51.014, 0, 0, 44121, 121.08
2026/09/06 07:24:51.039, 1, 0, 108292, 124.34
2026/09/06 07:24:52.051, 0, 0, 44121, 121.04
2026/09/06 07:24:52.052, 1, 0, 108292, 124.37
2026/09/06 07:24:53.055, 0, 0, 44121, 120.94
2026/09/06 07:24:53.057, 1, 0, 108292, 124.33
2026/09/06 07:24:54.059, 0, 0, 44121, 120.92
2026/09/06 07:24:54.061, 1, 0, 108292, 124.41
2026/09/06 07:24:55.063, 0, 0, 44121, 120.90
2026/09/06 07:24:55.065, 1, 0, 108292, 124.39
2026/09/06 07:24:56.068, 0, 0, 44121, 120.91
2026/09/06 07:24:56.070, 1, 0, 108292, 124.26
2026/09/06 07:24:57.072, 0, 0, 44121, 120.85
2026/09/06 07:24:57.074, 1, 0, 108292, 124.24
2026/09/06 07:24:58.076, 0, 0, 44121, 120.79
2026/09/06 07:24:58.078, 1, 0, 108292, 124.28
2026/09/06 07:24:59.082, 0, 0, 44121, 120.75
2026/09/06 07:24:59.084, 1, 0, 108292, 124.25
2026/09/06 07:25:00.086, 0, 0, 44121, 120.78
2026/09/06 07:25:00.088, 1, 0, 108292, 124.23
2026/09/06 07:25:01.089, 0, 0, 44121, 120.69
2026/09/06 07:25:01.091, 1, 0, 108292, 124.25
2026/09/06 07:25:02.093, 0, 0, 44121, 120.78
2026/09/06 07:25:02.095, 1, 0, 108292, 124.25
2026/09/06 07:25:03.097, 0, 0, 44121, 120.78
2026/09/06 07:25:03.098, 1, 0, 108292, 124.25
2026/09/06 07:25:04.100, 0, 0, 44121, 120.78
2026/09/06 07:25:04.101, 1, 0, 108292, 124.30
2026/09/06 07:25:05.103, 0, 0, 44121, 120.80
2026/09/06 07:25:05.104, 1, 0, 108292, 124.30
2026/09/06 07:25:06.106, 0, 0, 44121, 120.75
2026/09/06 07:25:06.107, 1, 0, 108292, 124.34
2026/09/06 07:25:07.109, 0, 0, 44121, 120.81
2026/09/06 07:25:07.111, 1, 0, 108292, 124.44
2026/09/06 07:25:08.113, 0, 0, 44121, 120.82
2026/09/06 07:25:08.115, 1, 0, 108292, 124.45
2026/09/06 07:25:09.116, 0, 0, 44121, 120.88
2026/09/06 07:25:09.118, 1, 0, 108292, 124.48
2026/09/06 07:25:10.120, 0, 0, 44121, 120.90
2026/09/06 07:25:10.122, 1, 0, 108292, 124.46
2026/09/06 07:25:11.126, 0, 0, 44121, 120.89
2026/09/06 07:25:11.128, 1, 0, 108292, 124.50
2026/09/06 07:25:12.129, 0, 0, 44121, 120.86
2026/09/06 07:25:12.131, 1, 0, 108292, 124.51
2026/09/06 07:25:13.133, 0, 0, 44121, 120.91
2026/09/06 07:25:13.135, 1, 0, 108292, 124.59
2026/09/06 07:25:14.136, 0, 0, 44121, 120.91
2026/09/06 07:25:14.137, 1, 0, 108292, 124.63
2026/09/06 07:25:15.139, 0, 0, 44121, 120.93
2026/09/06 07:25:15.141, 1, 0, 108292, 124.60
2026/09/06 07:25:16.143, 0, 0, 44121, 120.96
2026/09/06 07:25:16.144, 1, 0, 108292, 124.68
2026/09/06 07:25:17.146, 0, 0, 44121, 120.92
2026/09/06 07:25:17.148, 1, 0, 108292, 124.66
2026/09/06 07:25:18.149, 0, 0, 44121, 121.02
2026/09/06 07:25:18.152, 1, 0, 108292, 124.69
2026/09/06 07:25:19.153, 0, 0, 44121, 120.93
2026/09/06 07:25:19.155, 1, 0, 108292, 124.74
2026/09/06 07:25:20.157, 0, 0, 44121, 121.02
2026/09/06 07:25:20.159, 1, 0, 108292, 124.73
2026/09/06 07:25:21.161, 0, 0, 44121, 120.98
2026/09/06 07:25:21.162, 1, 0, 108292, 124.80
2026/09/06 07:25:22.164, 0, 0, 44121, 121.00
2026/09/06 07:25:22.165, 1, 0, 108292, 124.87
2026/09/06 07:25:23.167, 0, 0, 44121, 121.05
2026/09/06 07:25:23.170, 1, 0, 108292, 124.81
2026/09/06 07:25:24.171, 0, 0, 44121, 121.09
2026/09/06 07:25:24.173, 1, 0, 108292, 124.83
2026/09/06 07:25:25.175, 0, 0, 44121, 121.10
2026/09/06 07:25:25.176, 1, 0, 108292, 124.87
2026/09/06 07:25:26.178, 0, 0, 44121, 121.08
2026/09/06 07:25:26.180, 1, 0, 108292, 124.87
2026/09/06 07:25:27.182, 0, 0, 44121, 121.07
2026/09/06 07:25:27.183, 1, 0, 108292, 124.93
2026/09/06 07:25:28.185, 0, 0, 44121, 121.11
2026/09/06 07:25:28.187, 1, 0, 108292, 124.98
2026/09/06 07:25:29.188, 0, 0, 44121, 121.06
2026/09/06 07:25:29.190, 1, 0, 108292, 124.97
2026/09/06 07:25:30.191, 0, 0, 44121, 121.17
2026/09/06 07:25:30.192, 1, 0, 108292, 124.93
2026/09/06 07:25:31.193, 0, 0, 44121, 121.13
2026/09/06 07:25:31.195, 1, 0, 108292, 124.92
2026/09/06 07:25:32.197, 0, 0, 44121, 121.13
2026/09/06 07:25:32.199, 1, 0, 108292, 125.01
2026/09/06 07:25:33.200, 0, 0, 44121, 121.04
2026/09/06 07:25:33.202, 1, 0, 108292, 125.01
2026/09/06 07:25:34.203, 0, 0, 44121, 121.02
2026/09/06 07:25:34.205, 1, 0, 108292, 124.96
2026/09/06 07:25:35.208, 0, 0, 44121, 121.02
2026/09/06 07:25:35.210, 1, 0, 108292, 124.92
2026/09/06 07:25:36.213, 0, 0, 44121, 121.03
2026/09/06 07:25:36.214, 1, 0, 108292, 124.95
2026/09/06 07:25:37.216, 0, 0, 44121, 121.09
2026/09/06 07:25:37.218, 1, 0, 108292, 124.91
2026/09/06 07:25:38.221, 0, 0, 44121, 121.11
2026/09/06 07:25:38.222, 1, 0, 108292, 124.93
2026/09/06 07:25:39.223, 0, 0, 44121, 121.03
2026/09/06 07:25:39.226, 1, 0, 108292, 124.96
2026/09/06 07:25:40.228, 0, 0, 44121, 121.17
2026/09/06 07:25:40.229, 1, 0, 108292, 124.96
2026/09/06 07:25:41.230, 0, 0, 44121, 121.34
2026/09/06 07:25:41.234, 1, 0, 108292, 125.07
2026/09/06 07:25:42.235, 0, 0, 44121, 121.67
2026/09/06 07:25:42.237, 1, 0, 108292, 125.05
2026/09/06 07:25:43.238, 0, 0, 44121, 121.48
2026/09/06 07:25:43.240, 1, 0, 108292, 124.89
2026/09/06 07:25:44.241, 0, 0, 44121, 121.53
2026/09/06 07:25:44.243, 1, 0, 108292, 124.98
2026/09/06 07:25:45.245, 0, 0, 44121, 121.58
2026/09/06 07:25:45.246, 1, 0, 108292, 124.93
2026/09/06 07:25:46.248, 0, 0, 44121, 121.50
2026/09/06 07:25:46.249, 1, 0, 108292, 125.02
2026/09/06 07:25:47.251, 0, 8, 44121, 121.64
2026/09/06 07:25:47.252, 1, 0, 108292, 125.04
2026/09/06 07:25:48.254, 0, 5, 44121, 121.54
2026/09/06 07:25:48.256, 1, 0, 108292, 125.06
2026/09/06 07:25:49.258, 0, 0, 44121, 121.53
2026/09/06 07:25:49.260, 1, 0, 108292, 125.07
2026/09/06 07:25:50.261, 0, 0, 44121, 121.58
2026/09/06 07:25:50.263, 1, 0, 108292, 125.14
2026/09/06 07:25:51.265, 0, 0, 44121, 121.51
2026/09/06 07:25:51.267, 1, 0, 108292, 125.01
2026/09/06 07:25:52.268, 0, 0, 44121, 121.59
2026/09/06 07:25:52.270, 1, 0, 108292, 125.13
2026/09/06 07:25:53.272, 0, 7, 44121, 121.78
2026/09/06 07:25:53.273, 1, 0, 108292, 125.13
2026/09/06 07:25:54.275, 0, 0, 44121, 121.38
2026/09/06 07:25:54.278, 1, 0, 108292, 125.14
2026/09/06 07:25:55.280, 0, 0, 44121, 121.28
2026/09/06 07:25:55.282, 1, 0, 108292, 125.19
2026/09/06 07:25:56.284, 0, 6, 43599, 121.40
2026/09/06 07:25:56.286, 1, 0, 108292, 125.17
2026/09/06 07:25:57.288, 0, 0, 42855, 121.52
2026/09/06 07:25:57.293, 1, 0, 108292, 125.15
2026/09/06 07:25:58.299, 0, 62, 21861, 126.33
2026/09/06 07:25:58.381, 1, 0, 108292, 125.11
2026/09/06 07:25:59.384, 0, 0, 38419, 121.31
2026/09/06 07:25:59.388, 1, 0, 108292, 125.16
2026/09/06 07:26:00.390, 0, 6, 38419, 122.17
2026/09/06 07:26:00.392, 1, 0, 108292, 125.15
2026/09/06 07:26:01.394, 0, 0, 38419, 121.72
2026/09/06 07:26:01.396, 1, 0, 108292, 125.20
2026/09/06 07:26:02.397, 0, 6, 38421, 122.27
2026/09/06 07:26:02.399, 1, 0, 108292, 125.26
2026/09/06 07:26:03.401, 0, 5, 38425, 121.77
2026/09/06 07:26:03.403, 1, 0, 108292, 125.23
2026/09/06 07:26:04.404, 0, 0, 38425, 121.48
2026/09/06 07:26:04.406, 1, 0, 108292, 125.24
2026/09/06 07:26:05.407, 0, 0, 38425, 121.31
2026/09/06 07:26:05.409, 1, 0, 108292, 125.18
2026/09/06 07:26:06.412, 0, 0, 38425, 121.44
2026/09/06 07:26:06.424, 1, 0, 108292, 125.21
2026/09/06 07:26:07.427, 0, 0, 38425, 121.32
2026/09/06 07:26:07.429, 1, 0, 108292, 125.20
2026/09/06 07:26:08.432, 0, 0, 38425, 121.30
2026/09/06 07:26:08.434, 1, 0, 108292, 125.12
2026/09/06 07:26:09.436, 0, 0, 38425, 121.33
2026/09/06 07:26:09.438, 1, 0, 108292, 125.28
2026/09/06 07:26:10.439, 0, 0, 38425, 121.29
2026/09/06 07:26:10.441, 1, 0, 108292, 125.22
2026/09/06 07:26:11.442, 0, 0, 38425, 121.35
2026/09/06 07:26:11.444, 1, 0, 108292, 125.15
2026/09/06 07:26:12.445, 0, 0, 38425, 121.28
2026/09/06 07:26:12.448, 1, 0, 108292, 125.20
2026/09/06 07:26:13.450, 0, 0, 38425, 121.34
2026/09/06 07:26:13.451, 1, 0, 108292, 125.18
2026/09/06 07:26:14.453, 0, 0, 38425, 121.28
2026/09/06 07:26:14.456, 1, 0, 108292, 125.13
2026/09/06 07:26:15.457, 0, 0, 38425, 121.26
2026/09/06 07:26:15.458, 1, 0, 108292, 125.20
2026/09/06 07:26:16.460, 0, 0, 38425, 121.16
2026/09/06 07:26:16.462, 1, 0, 108292, 125.15
2026/09/06 07:26:17.464, 0, 0, 38425, 121.21
2026/09/06 07:26:17.493, 1, 0, 108292, 125.11
2026/09/06 07:26:18.505, 0, 0, 38425, 121.23
2026/09/06 07:26:18.508, 1, 0, 108292, 125.07
2026/09/06 07:26:19.510, 0, 0, 38425, 121.16
2026/09/06 07:26:19.512, 1, 0, 108292, 124.98
2026/09/06 07:26:20.514, 0, 0, 38425, 121.14
2026/09/06 07:26:20.516, 1, 0, 108292, 124.98
2026/09/06 07:26:21.520, 0, 0, 38425, 121.16
2026/09/06 07:26:21.522, 1, 0, 108292, 125.02
2026/09/06 07:26:22.524, 0, 0, 38425, 121.04
2026/09/06 07:26:22.526, 1, 0, 108292, 125.00
2026/09/06 07:26:23.529, 0, 0, 38425, 121.08
2026/09/06 07:26:23.531, 1, 0, 108292, 124.96
2026/09/06 07:26:24.534, 0, 0, 38425, 121.06
2026/09/06 07:26:24.536, 1, 0, 108292, 124.92
2026/09/06 07:26:25.538, 0, 0, 38425, 121.07
2026/09/06 07:26:25.540, 1, 0, 108292, 124.83
2026/09/06 07:26:26.542, 0, 0, 38425, 120.98
2026/09/06 07:26:26.544, 1, 0, 108292, 124.81
2026/09/06 07:26:27.546, 0, 0, 38425, 120.99
2026/09/06 07:26:27.549, 1, 0, 108292, 124.82
2026/09/06 07:26:28.550, 0, 0, 38425, 120.95
2026/09/06 07:26:28.552, 1, 0, 108292, 124.77
2026/09/06 07:26:29.554, 0, 0, 38425, 120.88
2026/09/06 07:26:29.556, 1, 0, 108292, 124.86
2026/09/06 07:26:30.559, 0, 0, 38425, 120.89
2026/09/06 07:26:30.561, 1, 0, 108292, 124.77
2026/09/06 07:26:31.564, 0, 0, 38425, 120.85
2026/09/06 07:26:31.565, 1, 0, 108292, 124.72
2026/09/06 07:26:32.566, 0, 0, 38425, 120.82
2026/09/06 07:26:32.568, 1, 0, 108292, 124.68
2026/09/06 07:26:33.569, 0, 0, 38425, 120.85
2026/09/06 07:26:33.571, 1, 0, 108292, 124.72
2026/09/06 07:26:34.572, 0, 0, 38425, 120.80
2026/09/06 07:26:34.574, 1, 0, 108292, 124.66
2026/09/06 07:26:35.576, 0, 0, 38425, 120.79
2026/09/06 07:26:35.578, 1, 0, 108292, 124.63
2026/09/06 07:26:36.580, 0, 0, 38425, 120.72
2026/09/06 07:26:36.583, 1, 0, 108292, 124.64
2026/09/06 07:26:37.587, 0, 0, 38425, 120.75
2026/09/06 07:26:37.588, 1, 0, 108292, 124.67
2026/09/06 07:26:38.591, 0, 0, 38425, 120.74
2026/09/06 07:26:38.593, 1, 0, 108292, 124.58
2026/09/06 07:26:39.595, 0, 0, 38425, 120.74
2026/09/06 07:26:39.597, 1, 0, 108292, 124.57
2026/09/06 07:26:40.599, 0, 0, 38425, 120.69
2026/09/06 07:26:40.601, 1, 0, 108292, 124.59
2026/09/06 07:26:41.603, 0, 0, 38425, 120.69
2026/09/06 07:26:41.605, 1, 0, 108292, 124.56
2026/09/06 07:26:42.607, 0, 0, 38425, 120.63
2026/09/06 07:26:42.609, 1, 0, 108292, 124.56
2026/09/06 07:26:43.611, 0, 0, 38425, 120.61
2026/09/06 07:26:43.613, 1, 0, 108292, 124.52
2026/09/06 07:26:44.616, 0, 0, 38425, 120.53
2026/09/06 07:26:44.617, 1, 0, 108292, 124.49
2026/09/06 07:26:45.619, 0, 0, 38425, 120.60
2026/09/06 07:26:45.622, 1, 0, 108292, 124.42
2026/09/06 07:26:46.625, 0, 0, 38425, 120.57
2026/09/06 07:26:46.628, 1, 0, 108292, 124.42
2026/09/06 07:26:47.629, 0, 0, 38425, 120.54
2026/09/06 07:26:47.633, 1, 0, 108292, 124.40
2026/09/06 07:26:48.635, 0, 0, 38425, 120.53
2026/09/06 07:26:48.637, 1, 0, 108292, 124.36
2026/09/06 07:26:49.639, 0, 0, 38425, 120.48
2026/09/06 07:26:49.642, 1, 0, 108292, 124.44
2026/09/06 07:26:50.645, 0, 0, 38425, 120.50
2026/09/06 07:26:50.646, 1, 0, 108292, 124.31
2026/09/06 07:26:51.649, 0, 0, 38425, 120.54
2026/09/06 07:26:51.650, 1, 0, 108292, 124.35
2026/09/06 07:26:52.652, 0, 0, 38425, 120.45
2026/09/06 07:26:52.654, 1, 0, 108292, 124.32
2026/09/06 07:26:53.657, 0, 0, 38425, 120.54
2026/09/06 07:26:53.658, 1, 0, 108292, 124.31
2026/09/06 07:26:54.660, 0, 0, 38425, 120.40
2026/09/06 07:26:54.662, 1, 0, 108292, 124.32
2026/09/06 07:26:55.665, 0, 0, 38425, 120.42
2026/09/06 07:26:55.667, 1, 0, 108292, 124.27
2026/09/06 07:26:56.669, 0, 0, 38425, 120.37
2026/09/06 07:26:56.671, 1, 0, 108292, 124.32
2026/09/06 07:26:57.672, 0, 0, 38425, 120.49
2026/09/06 07:26:57.675, 1, 0, 108292, 124.30
2026/09/06 07:26:58.677, 0, 0, 38425, 120.32
2026/09/06 07:26:58.680, 1, 0, 108292, 124.28
2026/09/06 07:26:59.682, 0, 0, 38425, 120.41
2026/09/06 07:26:59.683, 1, 0, 108292, 124.24
2026/09/06 07:27:00.685, 0, 0, 38425, 120.38
2026/09/06 07:27:00.686, 1, 0, 108292, 124.20
2026/09/06 07:27:01.688, 0, 0, 38425, 120.39
2026/09/06 07:27:01.691, 1, 0, 108292, 124.18
2026/09/06 07:27:02.693, 0, 0, 38425, 120.33
2026/09/06 07:27:02.694, 1, 0, 108292, 124.25
2026/09/06 07:27:03.696, 0, 0, 38425, 120.29
2026/09/06 07:27:03.736, 1, 0, 108292, 124.22
2026/09/06 07:27:04.738, 0, 0, 38425, 120.27
2026/09/06 07:27:04.743, 1, 0, 108292, 124.15
2026/09/06 07:27:05.746, 0, 0, 38421, 120.31
2026/09/06 07:27:05.747, 1, 0, 108292, 124.15
2026/09/06 07:27:06.749, 0, 4, 37299, 120.59
2026/09/06 07:27:06.752, 1, 0, 108292, 124.11
2026/09/06 07:27:07.756, 0, 0, 37299, 120.21
2026/09/06 07:27:07.757, 1, 0, 108292, 124.13
2026/09/06 07:27:08.759, 0, 0, 37299, 120.18
2026/09/06 07:27:08.828, 1, 0, 108292, 124.11
2026/09/06 07:27:09.845, 0, 0, 13231, 124.10
2026/09/06 07:27:09.848, 1, 100, 109424, 301.00
2026/09/06 07:27:10.850, 0, 0, 13231, 120.20
2026/09/06 07:27:10.852, 1, 100, 109424, 459.05
2026/09/06 07:27:11.853, 0, 0, 13231, 120.19
2026/09/06 07:27:11.854, 1, 100, 109424, 458.65
2026/09/06 07:27:12.857, 0, 0, 13231, 120.15
2026/09/06 07:27:12.858, 1, 100, 109424, 463.78
2026/09/06 07:27:13.860, 0, 0, 13231, 120.17
2026/09/06 07:27:13.861, 1, 100, 109424, 466.42
2026/09/06 07:27:14.863, 0, 0, 13231, 120.11
2026/09/06 07:27:14.864, 1, 100, 109424, 469.32
2026/09/06 07:27:15.867, 0, 0, 13231, 120.19
2026/09/06 07:27:15.868, 1, 100, 109424, 475.00
2026/09/06 07:27:16.871, 0, 0, 13231, 120.02
2026/09/06 07:27:16.873, 1, 100, 109424, 472.55
2026/09/06 07:27:17.875, 0, 0, 13231, 120.09
2026/09/06 07:27:17.877, 1, 100, 109424, 470.90
2026/09/06 07:27:18.878, 0, 0, 13231, 119.92
2026/09/06 07:27:18.880, 1, 100, 109424, 485.98
2026/09/06 07:27:19.881, 0, 0, 13231, 120.07
2026/09/06 07:27:19.883, 1, 100, 109424, 484.23
2026/09/06 07:27:20.885, 0, 0, 13231, 120.03
2026/09/06 07:27:20.886, 1, 100, 109424, 474.77
2026/09/06 07:27:21.888, 0, 0, 13231, 120.14
2026/09/06 07:27:21.890, 1, 100, 109424, 484.88
2026/09/06 07:27:22.891, 0, 0, 13231, 120.06
2026/09/06 07:27:22.894, 1, 100, 109424, 490.51
2026/09/06 07:27:23.897, 0, 0, 13231, 120.12
2026/09/06 07:27:23.899, 1, 100, 109424, 494.90
2026/09/06 07:27:24.900, 0, 0, 13231, 120.02
2026/09/06 07:27:24.902, 1, 100, 109424, 498.31
2026/09/06 07:27:25.904, 0, 0, 13231, 119.97
2026/09/06 07:27:25.905, 1, 100, 109424, 497.73
2026/09/06 07:27:26.907, 0, 0, 13231, 120.08
2026/09/06 07:27:26.909, 1, 100, 109426, 476.19
2026/09/06 07:27:27.911, 0, 0, 13231, 119.97
2026/09/06 07:27:27.913, 1, 100, 109426, 501.11
2026/09/06 07:27:28.914, 0, 0, 13231, 120.01
2026/09/06 07:27:28.916, 1, 100, 109426, 504.76
2026/09/06 07:27:29.918, 0, 0, 13231, 120.11
2026/09/06 07:27:29.921, 1, 100, 109426, 504.92
2026/09/06 07:27:30.923, 0, 0, 13231, 119.93
2026/09/06 07:27:30.925, 1, 100, 109426, 501.16
2026/09/06 07:27:31.926, 0, 0, 13231, 119.98
2026/09/06 07:27:31.928, 1, 100, 109426, 519.62
2026/09/06 07:27:32.930, 0, 0, 13231, 119.97
2026/09/06 07:27:32.932, 1, 100, 109426, 513.53
2026/09/06 07:27:33.933, 0, 0, 13231, 119.89
2026/09/06 07:27:33.935, 1, 100, 109426, 515.23
2026/09/06 07:27:34.937, 0, 0, 13231, 119.94
2026/09/06 07:27:34.939, 1, 100, 109426, 510.43
2026/09/06 07:27:35.942, 0, 0, 13231, 119.91
2026/09/06 07:27:35.944, 1, 100, 109426, 520.67
2026/09/06 07:27:36.946, 0, 0, 13231, 119.97
2026/09/06 07:27:36.950, 1, 100, 109426, 518.79
2026/09/06 07:27:37.951, 0, 0, 13231, 119.84
2026/09/06 07:27:37.953, 1, 100, 109426, 518.30
2026/09/06 07:27:38.955, 0, 0, 13231, 119.91
2026/09/06 07:27:38.956, 1, 100, 109426, 519.45
2026/09/06 07:27:39.958, 0, 0, 13231, 119.76
2026/09/06 07:27:39.960, 1, 100, 109426, 502.77
2026/09/06 07:27:40.961, 0, 0, 13231, 119.85
2026/09/06 07:27:40.963, 1, 100, 109426, 526.94
2026/09/06 07:27:41.965, 0, 0, 13231, 119.82
2026/09/06 07:27:41.966, 1, 100, 109426, 521.60
2026/09/06 07:27:42.968, 0, 0, 13231, 119.90
2026/09/06 07:27:42.970, 1, 100, 109426, 528.85
2026/09/06 07:27:43.971, 0, 0, 13231, 119.79
2026/09/06 07:27:43.973, 1, 100, 109426, 527.27
2026/09/06 07:27:44.975, 0, 0, 13231, 119.83
2026/09/06 07:27:44.976, 1, 100, 109426, 533.20
2026/09/06 07:27:45.978, 0, 0, 13231, 119.77
2026/09/06 07:27:45.980, 1, 100, 109426, 526.17
2026/09/06 07:27:46.981, 0, 0, 13231, 119.85
2026/09/06 07:27:46.983, 1, 100, 109426, 519.97
2026/09/06 07:27:47.985, 0, 0, 13231, 119.76
2026/09/06 07:27:47.986, 1, 100, 109426, 536.45
2026/09/06 07:27:48.988, 0, 0, 13231, 119.90
2026/09/06 07:27:48.990, 1, 60, 109426, 526.12
2026/09/06 07:27:49.992, 0, 0, 13231, 119.76
2026/09/06 07:27:49.994, 1, 100, 109426, 537.60
2026/09/06 07:27:50.996, 0, 0, 13231, 119.88
2026/09/06 07:27:50.998, 1, 100, 109426, 535.69
2026/09/06 07:27:52.000, 0, 0, 13231, 119.87
2026/09/06 07:27:52.002, 1, 100, 109426, 534.27
2026/09/06 07:27:53.003, 0, 0, 13231, 119.99
2026/09/06 07:27:53.007, 1, 100, 109426, 545.16
2026/09/06 07:27:54.008, 0, 0, 13231, 119.93
2026/09/06 07:27:54.010, 1, 98, 109426, 544.39
2026/09/06 07:27:55.012, 0, 0, 13231, 120.21
2026/09/06 07:27:55.019, 1, 100, 109426, 548.83
2026/09/06 07:27:56.021, 0, 0, 13231, 119.97
2026/09/06 07:27:56.023, 1, 100, 109426, 556.17
2026/09/06 07:27:57.024, 0, 0, 13231, 120.10
2026/09/06 07:27:57.026, 1, 100, 109426, 546.71
2026/09/06 07:27:58.028, 0, 0, 13231, 119.93
2026/09/06 07:27:58.030, 1, 100, 109426, 553.04
2026/09/06 07:27:59.033, 0, 0, 13231, 120.07
2026/09/06 07:27:59.034, 1, 100, 109426, 556.96
2026/09/06 07:28:00.036, 0, 0, 13231, 120.06
2026/09/06 07:28:00.038, 1, 100, 109426, 554.04
2026/09/06 07:28:01.040, 0, 0, 13231, 120.14
2026/09/06 07:28:01.041, 1, 100, 109426, 561.50
2026/09/06 07:28:02.043, 0, 0, 13231, 120.14
2026/09/06 07:28:02.045, 1, 100, 109426, 535.75
2026/09/06 07:28:03.046, 0, 0, 13231, 120.25
2026/09/06 07:28:03.048, 1, 100, 109426, 552.52
2026/09/06 07:28:04.050, 0, 0, 13231, 120.18
2026/09/06 07:28:04.052, 1, 100, 109426, 534.33
2026/09/06 07:28:05.053, 0, 0, 13231, 120.24
2026/09/06 07:28:05.055, 1, 100, 109426, 553.54
2026/09/06 07:28:06.057, 0, 0, 13231, 120.14
2026/09/06 07:28:06.059, 1, 100, 109426, 552.16
2026/09/06 07:28:07.061, 0, 0, 13231, 120.33
2026/09/06 07:28:07.063, 1, 100, 109426, 552.67
2026/09/06 07:28:08.065, 0, 0, 13231, 120.24
2026/09/06 07:28:08.066, 1, 100, 109426, 555.73
2026/09/06 07:28:09.068, 0, 0, 13231, 120.25
2026/09/06 07:28:09.070, 1, 100, 109426, 548.84
2026/09/06 07:28:10.072, 0, 0, 13231, 120.39
2026/09/06 07:28:10.073, 1, 100, 109426, 549.40
2026/09/06 07:28:11.075, 0, 0, 13231, 120.34
2026/09/06 07:28:11.077, 1, 100, 109426, 563.86
2026/09/06 07:28:12.079, 0, 0, 13231, 120.30
2026/09/06 07:28:12.080, 1, 100, 109426, 563.19
2026/09/06 07:28:13.082, 0, 0, 13231, 120.33
2026/09/06 07:28:13.084, 1, 100, 109426, 560.51
2026/09/06 07:28:14.085, 0, 0, 13231, 120.40
2026/09/06 07:28:14.087, 1, 78, 109426, 551.02
2026/09/06 07:28:15.088, 0, 0, 13231, 120.46
2026/09/06 07:28:15.090, 1, 100, 109426, 564.37
2026/09/06 07:28:16.092, 0, 0, 13231, 120.44
2026/09/06 07:28:16.094, 1, 100, 109426, 558.16
2026/09/06 07:28:17.096, 0, 0, 13231, 120.54
2026/09/06 07:28:17.098, 1, 100, 109426, 568.93
2026/09/06 07:28:18.100, 0, 0, 13231, 120.46
2026/09/06 07:28:18.102, 1, 100, 109426, 565.46
2026/09/06 07:28:19.103, 0, 0, 13231, 120.59
2026/09/06 07:28:19.105, 1, 100, 109426, 571.44
2026/09/06 07:28:20.108, 0, 0, 13231, 120.53
2026/09/06 07:28:20.110, 1, 100, 109426, 576.10
2026/09/06 07:28:21.112, 0, 0, 13231, 120.62
2026/09/06 07:28:21.113, 1, 100, 109426, 577.01
2026/09/06 07:28:22.115, 0, 0, 13231, 120.59
2026/09/06 07:28:22.117, 1, 100, 109426, 577.45
2026/09/06 07:28:23.118, 0, 0, 13231, 120.64
2026/09/06 07:28:23.120, 1, 100, 109426, 577.95
2026/09/06 07:28:24.121, 0, 0, 13231, 120.65
2026/09/06 07:28:24.123, 1, 100, 109426, 579.73
2026/09/06 07:28:25.124, 0, 0, 13231, 120.59
2026/09/06 07:28:25.126, 1, 100, 109426, 584.32
2026/09/06 07:28:26.128, 0, 0, 13231, 120.62
2026/09/06 07:28:26.130, 1, 100, 109426, 589.13
2026/09/06 07:28:27.132, 0, 0, 13231, 120.59
2026/09/06 07:28:27.133, 1, 97, 109426, 581.71
2026/09/06 07:28:28.136, 0, 0, 13231, 120.69
2026/09/06 07:28:28.138, 1, 100, 109426, 580.00
2026/09/06 07:28:29.139, 0, 0, 13231, 120.64
2026/09/06 07:28:29.141, 1, 100, 109426, 587.14
2026/09/06 07:28:30.143, 0, 0, 13231, 120.70
2026/09/06 07:28:30.145, 1, 63, 109426, 566.85
2026/09/06 07:28:31.147, 0, 0, 13231, 120.80
2026/09/06 07:28:31.149, 1, 100, 109426, 584.68
2026/09/06 07:28:32.150, 0, 0, 13231, 120.67
2026/09/06 07:28:32.152, 1, 100, 109426, 496.36
2026/09/06 07:28:33.153, 0, 0, 13231, 120.72
2026/09/06 07:28:33.155, 1, 100, 109426, 581.18
2026/09/06 07:28:34.157, 0, 0, 13231, 120.73
2026/09/06 07:28:34.159, 1, 100, 109426, 577.36
2026/09/06 07:28:35.160, 0, 0, 13231, 120.71
2026/09/06 07:28:35.162, 1, 100, 109426, 579.31
2026/09/06 07:28:36.163, 0, 0, 13231, 120.83
2026/09/06 07:28:36.165, 1, 100, 109426, 586.67
2026/09/06 07:28:37.167, 0, 0, 13231, 120.65
2026/09/06 07:28:37.168, 1, 100, 109426, 573.67
2026/09/06 07:28:38.170, 0, 0, 13231, 120.81
2026/09/06 07:28:38.172, 1, 100, 109426, 566.69
2026/09/06 07:28:39.173, 0, 0, 13231, 120.72
2026/09/06 07:28:39.175, 1, 100, 109426, 583.07
2026/09/06 07:28:40.176, 0, 0, 13231, 120.88
2026/09/06 07:28:40.178, 1, 100, 109426, 571.39
2026/09/06 07:28:41.180, 0, 0, 13231, 120.75
2026/09/06 07:28:41.182, 1, 100, 109426, 501.64
2026/09/06 07:28:42.183, 0, 0, 13231, 120.83
2026/09/06 07:28:42.185, 1, 0, 109726, 437.44
2026/09/06 07:28:43.186, 0, 0, 13231, 120.81
2026/09/06 07:28:43.188, 1, 100, 109726, 543.29
2026/09/06 07:28:44.190, 0, 0, 13231, 120.84
2026/09/06 07:28:44.192, 1, 100, 109726, 544.47
2026/09/06 07:28:45.193, 0, 0, 13231, 120.71
2026/09/06 07:28:45.195, 1, 100, 109726, 527.92
2026/09/06 07:28:46.197, 0, 0, 13231, 120.80
2026/09/06 07:28:46.199, 1, 100, 109726, 525.01
2026/09/06 07:28:47.201, 0, 0, 13231, 120.69
2026/09/06 07:28:47.203, 1, 100, 109728, 530.39
2026/09/06 07:28:48.204, 0, 0, 13231, 120.79
2026/09/06 07:28:48.206, 1, 100, 109728, 554.41
2026/09/06 07:28:49.207, 0, 0, 13231, 120.70
2026/09/06 07:28:49.209, 1, 100, 109728, 525.66
2026/09/06 07:28:50.210, 0, 0, 13231, 120.78
2026/09/06 07:28:50.212, 1, 99, 109728, 535.24
2026/09/06 07:28:51.213, 0, 0, 13231, 120.78
2026/09/06 07:28:51.216, 1, 100, 109728, 523.05
2026/09/06 07:28:52.218, 0, 0, 13231, 120.85
2026/09/06 07:28:54.978, 1, 100, 109728, 539.26
2026/09/06 07:28:55.979, 0, 0, 13231, 120.72
2026/09/06 07:28:55.981, 1, 100, 109728, 546.08
2026/09/06 07:28:56.983, 0, 0, 13231, 120.76
2026/09/06 07:28:56.985, 1, 100, 109728, 548.16
2026/09/06 07:28:57.986, 0, 0, 13231, 120.72
2026/09/06 07:28:57.988, 1, 100, 109728, 548.58
2026/09/06 07:28:58.989, 0, 0, 13231, 120.60
2026/09/06 07:28:58.992, 1, 100, 109728, 555.65
2026/09/06 07:28:59.995, 0, 0, 13231, 120.70
2026/09/06 07:28:59.997, 1, 60, 109728, 514.14
2026/09/06 07:29:00.998, 0, 0, 13231, 120.60
2026/09/06 07:29:01.001, 1, 100, 109728, 519.61
2026/09/06 07:29:02.004, 0, 0, 13231, 120.53
2026/09/06 07:29:02.005, 1, 100, 109728, 547.64
2026/09/06 07:29:03.007, 0, 0, 13231, 120.92
2026/09/06 07:29:03.010, 1, 100, 109728, 540.79
2026/09/06 07:29:04.012, 0, 0, 13231, 120.59
2026/09/06 07:29:04.014, 1, 100, 109728, 535.62
2026/09/06 07:29:05.016, 0, 0, 13231, 120.47
2026/09/06 07:29:05.018, 1, 100, 109728, 539.50
2026/09/06 07:29:06.021, 0, 0, 13231, 120.57
2026/09/06 07:29:06.023, 1, 100, 109728, 547.96
2026/09/06 07:29:07.025, 0, 0, 13231, 120.51
2026/09/06 07:29:07.027, 1, 100, 109728, 543.12
2026/09/06 07:29:08.028, 0, 0, 13231, 120.59
2026/09/06 07:29:08.030, 1, 100, 109728, 550.09
2026/09/06 07:29:09.032, 0, 0, 13231, 120.49
2026/09/06 07:29:09.034, 1, 100, 109728, 546.11
2026/09/06 07:29:10.036, 0, 0, 13231, 120.50
2026/09/06 07:29:10.037, 1, 89, 109728, 530.90
2026/09/06 07:29:11.039, 0, 0, 13231, 120.61
2026/09/06 07:29:11.041, 1, 100, 109728, 537.73
2026/09/06 07:29:12.042, 0, 0, 13231, 120.41
2026/09/06 07:29:12.044, 1, 100, 109728, 538.21
2026/09/06 07:29:13.046, 0, 0, 13231, 120.48
2026/09/06 07:29:13.048, 1, 100, 109728, 547.46
2026/09/06 07:29:14.050, 0, 0, 13231, 120.44
2026/09/06 07:29:14.053, 1, 100, 109728, 546.59
2026/09/06 07:29:15.054, 0, 0, 13231, 120.46
2026/09/06 07:29:15.056, 1, 100, 109728, 524.27
2026/09/06 07:29:16.058, 0, 0, 13231, 120.43
2026/09/06 07:29:16.060, 1, 100, 109728, 548.52
2026/09/06 07:29:17.061, 0, 0, 13231, 120.43
2026/09/06 07:29:17.063, 1, 100, 109728, 555.67
2026/09/06 07:29:18.065, 0, 0, 13231, 120.46
2026/09/06 07:29:18.067, 1, 100, 109728, 548.55
2026/09/06 07:29:19.068, 0, 0, 13231, 120.44
2026/09/06 07:29:19.070, 1, 100, 109728, 553.77
2026/09/06 07:29:20.072, 0, 0, 13231, 120.44
2026/09/06 07:29:20.073, 1, 100, 109728, 541.22
2026/09/06 07:29:21.076, 0, 0, 13231, 120.35
2026/09/06 07:29:21.108, 1, 100, 109728, 542.34
2026/09/06 07:29:22.109, 0, 0, 13231, 120.36
2026/09/06 07:29:22.111, 1, 100, 109728, 533.00
2026/09/06 07:29:23.113, 0, 0, 13231, 120.30
2026/09/06 07:29:23.115, 1, 100, 109728, 543.86
2026/09/06 07:29:24.116, 0, 0, 13231, 120.40
2026/09/06 07:29:24.118, 1, 100, 109728, 552.07
2026/09/06 07:29:25.119, 0, 0, 13231, 120.25
2026/09/06 07:29:25.121, 1, 100, 109728, 549.63
2026/09/06 07:29:26.123, 0, 0, 13231, 120.33
2026/09/06 07:29:26.124, 1, 100, 109728, 544.09
2026/09/06 07:29:27.126, 0, 0, 13231, 120.31
2026/09/06 07:29:27.127, 1, 100, 109728, 562.00
2026/09/06 07:29:28.129, 0, 0, 13231, 120.32
2026/09/06 07:29:28.131, 1, 100, 109728, 548.25
2026/09/06 07:29:29.132, 0, 0, 13231, 120.19
2026/09/06 07:29:29.134, 1, 100, 109728, 553.59
2026/09/06 07:29:30.135, 0, 0, 13231, 120.28
2026/09/06 07:29:30.137, 1, 100, 109728, 558.99
2026/09/06 07:29:31.139, 0, 0, 13231, 120.22
2026/09/06 07:29:31.141, 1, 100, 109728, 559.99
2026/09/06 07:29:32.142, 0, 0, 13231, 120.22
2026/09/06 07:29:32.144, 1, 100, 109728, 557.15
2026/09/06 07:29:33.145, 0, 0, 13231, 120.28
2026/09/06 07:29:33.147, 1, 100, 109728, 559.23
2026/09/06 07:29:34.149, 0, 0, 13231, 120.14
2026/09/06 07:29:34.150, 1, 100, 109728, 562.83
2026/09/06 07:29:35.152, 0, 0, 13231, 120.26
2026/09/06 07:29:35.153, 1, 100, 109728, 557.53
2026/09/06 07:29:36.155, 0, 0, 13231, 120.14
2026/09/06 07:29:36.157, 1, 59, 109728, 545.51
2026/09/06 07:29:37.158, 0, 0, 13231, 120.34
2026/09/06 07:29:37.160, 1, 100, 109728, 547.28
2026/09/06 07:29:38.162, 0, 0, 13231, 120.26
2026/09/06 07:29:38.164, 1, 100, 109728, 551.15
2026/09/06 07:29:39.165, 0, 0, 13231, 120.17
2026/09/06 07:29:39.167, 1, 100, 109728, 548.95
2026/09/06 07:29:40.169, 0, 0, 13231, 120.12
2026/09/06 07:29:40.171, 1, 100, 109728, 563.01
2026/09/06 07:29:41.173, 0, 0, 13231, 120.15
2026/09/06 07:29:41.175, 1, 100, 109728, 545.38
2026/09/06 07:29:42.177, 0, 0, 13231, 120.16
2026/09/06 07:29:42.179, 1, 100, 109728, 563.96
2026/09/06 07:29:43.182, 0, 0, 13231, 120.15
2026/09/06 07:29:43.183, 1, 100, 109728, 564.14
2026/09/06 07:29:44.185, 0, 0, 13231, 120.09
2026/09/06 07:29:44.187, 1, 100, 109728, 555.44
2026/09/06 07:29:45.189, 0, 0, 13231, 120.14
2026/09/06 07:29:45.191, 1, 100, 109728, 568.52
2026/09/06 07:29:46.193, 0, 0, 13231, 119.99
2026/09/06 07:29:46.195, 1, 100, 109728, 568.54
2026/09/06 07:29:47.197, 0, 0, 13231, 120.11
2026/09/06 07:29:47.198, 1, 100, 109728, 530.59
2026/09/06 07:29:48.200, 0, 0, 13231, 120.04
2026/09/06 07:29:48.202, 1, 100, 109728, 577.11
2026/09/06 07:29:49.203, 0, 0, 13231, 120.00
2026/09/06 07:29:49.205, 1, 100, 109728, 572.94
2026/09/06 07:29:50.207, 0, 0, 13231, 120.01
2026/09/06 07:29:50.209, 1, 100, 109728, 564.94
2026/09/06 07:29:51.211, 0, 0, 13231, 120.06
2026/09/06 07:29:51.213, 1, 100, 109728, 576.27
2026/09/06 07:29:52.215, 0, 0, 13231, 120.10
2026/09/06 07:29:52.216, 1, 100, 109728, 581.61
2026/09/06 07:29:53.218, 0, 0, 13231, 120.16
2026/09/06 07:29:53.220, 1, 100, 109728, 569.01
2026/09/06 07:29:54.222, 0, 0, 13231, 119.94
2026/09/06 07:29:54.224, 1, 100, 109728, 590.25
2026/09/06 07:29:55.226, 0, 0, 13231, 120.14
2026/09/06 07:29:55.228, 1, 100, 109728, 571.89
2026/09/06 07:29:56.229, 0, 0, 13231, 119.92
2026/09/06 07:29:56.231, 1, 100, 109728, 575.14
2026/09/06 07:29:57.232, 0, 0, 13231, 120.00
2026/09/06 07:29:57.234, 1, 100, 109728, 591.45
2026/09/06 07:29:58.236, 0, 0, 13231, 120.03
2026/09/06 07:29:58.238, 1, 100, 109728, 575.98
2026/09/06 07:29:59.239, 0, 0, 13231, 120.02
2026/09/06 07:29:59.241, 1, 0, 109728, 509.99
2026/09/06 07:30:00.243, 0, 0, 13231, 120.03
2026/09/06 07:30:00.245, 1, 100, 109728, 570.36
2026/09/06 07:30:01.246, 0, 0, 13231, 119.96
2026/09/06 07:30:01.248, 1, 100, 109728, 560.60
2026/09/06 07:30:02.249, 0, 0, 13231, 119.93
2026/09/06 07:30:02.251, 1, 100, 109728, 584.27
2026/09/06 07:30:03.253, 0, 0, 13231, 119.94
2026/09/06 07:30:03.254, 1, 100, 109728, 568.27
2026/09/06 07:30:04.257, 0, 0, 13231, 119.99
2026/09/06 07:30:04.258, 1, 100, 109728, 579.10
2026/09/06 07:30:05.260, 0, 0, 13231, 120.04
2026/09/06 07:30:05.262, 1, 100, 109728, 568.11
2026/09/06 07:30:06.264, 0, 0, 13231, 120.03
2026/09/06 07:30:06.270, 1, 100, 109728, 572.84
2026/09/06 07:30:07.272, 0, 0, 13231, 119.99
2026/09/06 07:30:07.274, 1, 100, 109728, 591.15
2026/09/06 07:30:08.276, 0, 0, 13231, 119.97
2026/09/06 07:30:08.278, 1, 100, 109728, 577.29
2026/09/06 07:30:09.280, 0, 0, 13231, 120.00
2026/09/06 07:30:09.284, 1, 100, 109728, 580.16
2026/09/06 07:30:10.286, 0, 0, 13231, 119.95
2026/09/06 07:30:10.288, 1, 100, 109728, 582.84
2026/09/06 07:30:11.293, 0, 0, 13231, 119.91
2026/09/06 07:30:11.298, 1, 100, 109728, 578.49
2026/09/06 07:30:12.300, 0, 0, 13231, 119.96
2026/09/06 07:30:12.302, 1, 100, 109728, 592.63
2026/09/06 07:30:13.304, 0, 0, 13231, 120.02
2026/09/06 07:30:13.307, 1, 100, 109728, 578.78
2026/09/06 07:30:14.311, 0, 0, 13231, 119.90
2026/09/06 07:30:14.312, 1, 100, 109728, 585.00
2026/09/06 07:30:15.314, 0, 0, 13231, 120.01
2026/09/06 07:30:15.316, 1, 100, 109728, 571.99
2026/09/06 07:30:16.318, 0, 0, 13231, 119.93
2026/09/06 07:30:16.320, 1, 8, 109730, 491.57
2026/09/06 07:30:17.321, 0, 0, 13231, 120.01
2026/09/06 07:30:17.323, 1, 100, 109730, 490.31
2026/09/06 07:30:18.325, 0, 0, 13231, 119.92
2026/09/06 07:30:18.327, 1, 100, 109730, 562.80
2026/09/06 07:30:19.328, 0, 0, 13231, 119.98
2026/09/06 07:30:19.331, 1, 100, 109730, 569.83
2026/09/06 07:30:20.333, 0, 0, 13231, 119.92
2026/09/06 07:30:20.335, 1, 71, 109730, 539.46
2026/09/06 07:30:21.337, 0, 0, 13231, 119.90
2026/09/06 07:30:21.339, 1, 100, 109730, 538.29
2026/09/06 07:30:22.341, 0, 0, 13231, 119.83
2026/09/06 07:30:22.342, 1, 100, 109730, 550.21
2026/09/06 07:30:23.344, 0, 0, 13231, 119.88
2026/09/06 07:30:23.346, 1, 100, 109730, 556.13
2026/09/06 07:30:24.348, 0, 0, 13231, 119.90
2026/09/06 07:30:24.351, 1, 100, 109730, 560.63
2026/09/06 07:30:25.354, 0, 0, 13231, 119.92
2026/09/06 07:30:25.356, 1, 100, 109730, 557.38
2026/09/06 07:30:26.358, 0, 0, 13231, 119.95
2026/09/06 07:30:26.360, 1, 100, 109730, 534.88
2026/09/06 07:30:27.362, 0, 0, 13231, 119.97
2026/09/06 07:30:27.365, 1, 100, 109730, 547.46
2026/09/06 07:30:28.371, 0, 0, 13231, 119.88
2026/09/06 07:30:28.373, 1, 100, 109730, 544.81
2026/09/06 07:30:29.375, 0, 0, 13231, 119.91
2026/09/06 07:30:29.377, 1, 100, 109730, 543.50
2026/09/06 07:30:30.379, 0, 0, 13231, 119.99
2026/09/06 07:30:30.381, 1, 100, 109730, 534.32
2026/09/06 07:30:31.383, 0, 0, 13231, 119.97
2026/09/06 07:30:31.387, 1, 100, 109730, 546.05
2026/09/06 07:30:32.389, 0, 0, 13231, 120.07
2026/09/06 07:30:32.391, 1, 100, 109730, 543.52
2026/09/06 07:30:33.393, 0, 0, 13231, 119.99
2026/09/06 07:30:33.395, 1, 100, 109730, 542.78
2026/09/06 07:30:34.397, 0, 0, 13231, 119.99
2026/09/06 07:30:34.399, 1, 100, 109730, 548.87
2026/09/06 07:30:35.401, 0, 0, 13231, 119.92
2026/09/06 07:30:35.402, 1, 100, 109730, 526.20
2026/09/06 07:30:36.404, 0, 0, 13231, 120.11
2026/09/06 07:30:36.406, 1, 100, 109730, 534.61
2026/09/06 07:30:37.408, 0, 0, 13231, 120.00
2026/09/06 07:30:37.410, 1, 100, 109730, 544.89
2026/09/06 07:30:38.411, 0, 0, 13231, 120.04
2026/09/06 07:30:38.413, 1, 100, 109730, 543.28
2026/09/06 07:30:39.415, 0, 0, 13231, 120.06
2026/09/06 07:30:39.418, 1, 100, 109730, 539.85
2026/09/06 07:30:40.420, 0, 0, 13231, 120.12
2026/09/06 07:30:40.422, 1, 100, 109730, 546.07
2026/09/06 07:30:41.424, 0, 0, 13231, 120.10
2026/09/06 07:30:41.429, 1, 100, 109730, 555.85
2026/09/06 07:30:42.432, 0, 0, 13231, 120.19
2026/09/06 07:30:42.434, 1, 100, 109730, 538.41
2026/09/06 07:30:43.435, 0, 0, 13231, 120.02
2026/09/06 07:30:43.438, 1, 100, 109730, 552.50
2026/09/06 07:30:44.439, 0, 0, 13231, 120.14
2026/09/06 07:30:44.441, 1, 100, 109730, 549.04
2026/09/06 07:30:45.443, 0, 0, 13231, 120.17
2026/09/06 07:30:45.444, 1, 100, 109730, 551.65
2026/09/06 07:30:46.446, 0, 0, 13231, 120.20
2026/09/06 07:30:46.448, 1, 100, 109730, 527.43
2026/09/06 07:30:47.449, 0, 0, 13231, 120.17
2026/09/06 07:30:47.451, 1, 100, 109730, 543.74
2026/09/06 07:30:48.453, 0, 0, 13231, 120.17
2026/09/06 07:30:48.455, 1, 100, 109730, 544.69
2026/09/06 07:30:49.456, 0, 0, 13231, 120.27
2026/09/06 07:30:49.458, 1, 100, 109730, 542.36
2026/09/06 07:30:50.460, 0, 0, 13231, 120.27
2026/09/06 07:30:50.461, 1, 100, 109732, 537.23
2026/09/06 07:30:51.463, 0, 0, 13231, 120.14
2026/09/06 07:30:51.465, 1, 100, 109732, 567.44
2026/09/06 07:30:52.467, 0, 0, 13231, 120.23
2026/09/06 07:30:52.469, 1, 100, 109732, 562.30
2026/09/06 07:30:53.470, 0, 0, 13231, 120.25
2026/09/06 07:30:53.472, 1, 100, 109732, 560.40
2026/09/06 07:30:54.473, 0, 0, 13231, 120.33
2026/09/06 07:30:54.477, 1, 100, 109732, 559.43
2026/09/06 07:30:55.485, 0, 0, 13231, 120.33
2026/09/06 07:30:55.487, 1, 58, 109732, 542.68
2026/09/06 07:30:56.489, 0, 0, 13231, 120.28
2026/09/06 07:30:56.492, 1, 100, 109732, 546.34
2026/09/06 07:30:57.495, 0, 0, 13231, 120.31
2026/09/06 07:30:57.496, 1, 100, 109732, 547.94
2026/09/06 07:30:58.498, 0, 0, 13231, 120.29
2026/09/06 07:30:58.500, 1, 100, 109732, 551.96
2026/09/06 07:30:59.502, 0, 0, 13231, 120.31
2026/09/06 07:30:59.504, 1, 100, 109732, 554.08
2026/09/06 07:31:00.506, 0, 0, 13231, 120.50
2026/09/06 07:31:00.510, 1, 100, 109732, 543.35
2026/09/06 07:31:01.512, 0, 0, 13231, 120.27
2026/09/06 07:31:01.514, 1, 100, 109732, 553.63
2026/09/06 07:31:02.515, 0, 0, 13231, 120.32
2026/09/06 07:31:02.516, 1, 100, 109732, 554.21
2026/09/06 07:31:03.518, 0, 0, 13231, 120.35
2026/09/06 07:31:03.520, 1, 100, 109732, 555.08
2026/09/06 07:31:04.522, 0, 0, 13231, 120.34
2026/09/06 07:31:04.524, 1, 100, 109732, 553.92
2026/09/06 07:31:05.525, 0, 0, 13231, 120.32
2026/09/06 07:31:05.527, 1, 100, 109732, 560.58
2026/09/06 07:31:06.528, 0, 0, 13231, 120.40
2026/09/06 07:31:06.530, 1, 100, 109732, 559.62
2026/09/06 07:31:07.532, 0, 0, 13231, 120.21
2026/09/06 07:31:07.534, 1, 100, 109732, 569.65
2026/09/06 07:31:08.536, 0, 0, 13231, 120.51
2026/09/06 07:31:08.537, 1, 100, 109732, 565.16
2026/09/06 07:31:09.539, 0, 0, 13231, 120.37
2026/09/06 07:31:09.541, 1, 100, 109732, 555.22
2026/09/06 07:31:10.542, 0, 0, 13231, 120.27
2026/09/06 07:31:10.544, 1, 100, 109732, 563.55
2026/09/06 07:31:11.546, 0, 0, 13231, 120.26
2026/09/06 07:31:11.548, 1, 100, 109732, 561.41
2026/09/06 07:31:12.550, 0, 0, 13231, 120.23
2026/09/06 07:31:12.552, 1, 100, 109732, 542.41
2026/09/06 07:31:13.553, 0, 0, 13231, 120.31
2026/09/06 07:31:13.555, 1, 100, 109732, 556.49
2026/09/06 07:31:14.557, 0, 0, 13231, 120.29
2026/09/06 07:31:14.558, 1, 100, 109732, 559.10
2026/09/06 07:31:15.560, 0, 0, 13231, 120.38
2026/09/06 07:31:15.562, 1, 100, 109732, 564.46
2026/09/06 07:31:16.564, 0, 0, 13231, 120.29
2026/09/06 07:31:16.566, 1, 100, 109732, 556.41
2026/09/06 07:31:17.568, 0, 0, 13231, 120.31
2026/09/06 07:31:17.570, 1, 100, 109732, 560.15
2026/09/06 07:31:18.571, 0, 0, 13231, 120.29
2026/09/06 07:31:18.572, 1, 100, 109732, 565.51
2026/09/06 07:31:19.574, 0, 0, 13231, 120.31
2026/09/06 07:31:19.576, 1, 100, 109732, 569.40
2026/09/06 07:31:20.578, 0, 0, 13231, 120.44
2026/09/06 07:31:20.580, 1, 100, 109732, 568.75
2026/09/06 07:31:21.581, 0, 0, 13231, 120.26
2026/09/06 07:31:21.583, 1, 100, 109732, 571.15
2026/09/06 07:31:22.585, 0, 0, 13231, 120.31
2026/09/06 07:31:22.587, 1, 100, 109732, 571.67
2026/09/06 07:31:23.588, 0, 0, 13231, 120.34
2026/09/06 07:31:23.590, 1, 100, 109732, 573.20
2026/09/06 07:31:24.592, 0, 0, 13231, 120.24
2026/09/06 07:31:24.594, 1, 100, 109732, 575.71
2026/09/06 07:31:25.595, 0, 0, 13231, 120.25
2026/09/06 07:31:25.597, 1, 100, 109732, 582.19
2026/09/06 07:31:26.599, 0, 0, 13231, 120.25
2026/09/06 07:31:26.601, 1, 100, 109732, 585.36
2026/09/06 07:31:27.602, 0, 0, 13231, 120.29
2026/09/06 07:31:27.604, 1, 100, 109732, 577.01
2026/09/06 07:31:28.605, 0, 0, 13231, 120.16
2026/09/06 07:31:28.607, 1, 100, 109732, 562.72
2026/09/06 07:31:29.608, 0, 0, 13231, 120.20
2026/09/06 07:31:29.610, 1, 100, 109732, 580.17
2026/09/06 07:31:30.613, 0, 0, 13231, 120.23
2026/09/06 07:31:30.615, 1, 100, 109732, 573.53
2026/09/06 07:31:31.616, 0, 0, 13231, 120.31
2026/09/06 07:31:31.619, 1, 100, 109732, 578.68
2026/09/06 07:31:32.621, 0, 0, 13231, 120.21
2026/09/06 07:31:32.623, 1, 100, 109732, 577.74
2026/09/06 07:31:33.624, 0, 0, 13231, 120.23
2026/09/06 07:31:33.627, 1, 100, 109732, 577.34
2026/09/06 07:31:34.629, 0, 0, 13231, 120.30
2026/09/06 07:31:34.631, 1, 100, 109732, 582.00
2026/09/06 07:31:35.632, 0, 0, 13231, 120.32
2026/09/06 07:31:35.635, 1, 100, 109732, 552.97
2026/09/06 07:31:36.638, 0, 0, 13231, 120.33
2026/09/06 07:31:36.639, 1, 100, 109732, 571.16
2026/09/06 07:31:37.641, 0, 0, 13231, 120.21
2026/09/06 07:31:37.644, 1, 100, 109732, 578.17
2026/09/06 07:31:38.646, 0, 0, 13231, 120.27
2026/09/06 07:31:38.648, 1, 100, 109732, 566.29
2026/09/06 07:31:39.650, 0, 0, 13231, 120.15
2026/09/06 07:31:39.651, 1, 100, 109732, 571.29
2026/09/06 07:31:40.653, 0, 0, 13231, 120.18
2026/09/06 07:31:40.654, 1, 100, 109732, 576.66
2026/09/06 07:31:41.656, 0, 0, 13231, 120.30
2026/09/06 07:31:41.658, 1, 100, 109732, 571.29
2026/09/06 07:31:42.659, 0, 0, 13231, 120.23
2026/09/06 07:31:42.661, 1, 100, 109732, 572.75
2026/09/06 07:31:43.664, 0, 0, 13231, 120.11
2026/09/06 07:31:43.665, 1, 100, 109732, 580.91
2026/09/06 07:31:44.667, 0, 0, 13231, 120.21
2026/09/06 07:31:44.669, 1, 100, 109732, 577.10
2026/09/06 07:31:45.671, 0, 0, 13231, 120.16
2026/09/06 07:31:45.672, 1, 100, 109732, 549.80
2026/09/06 07:31:46.674, 0, 0, 13231, 120.26
2026/09/06 07:31:46.676, 1, 100, 109732, 581.41
2026/09/06 07:31:47.677, 0, 0, 13231, 120.32
2026/09/06 07:31:47.679, 1, 100, 109732, 591.02
2026/09/06 07:31:48.681, 0, 0, 13231, 120.29
2026/09/06 07:31:48.683, 1, 100, 109732, 574.36
2026/09/06 07:31:49.684, 0, 0, 13231, 120.11
2026/09/06 07:31:49.686, 1, 100, 109732, 585.93
2026/09/06 07:31:50.688, 0, 0, 13231, 120.25
2026/09/06 07:31:50.690, 1, 100, 109734, 558.18
2026/09/06 07:31:51.692, 0, 0, 13231, 120.12
2026/09/06 07:31:51.694, 1, 100, 109734, 524.34
2026/09/06 07:31:52.696, 0, 0, 13231, 120.14
2026/09/06 07:31:52.698, 1, 100, 109734, 575.75
2026/09/06 07:31:53.700, 0, 0, 13231, 120.14
2026/09/06 07:31:53.702, 1, 100, 109734, 564.70
2026/09/06 07:31:54.703, 0, 0, 13231, 120.10
2026/09/06 07:31:54.705, 1, 73, 109734, 548.50
2026/09/06 07:31:55.707, 0, 0, 13231, 120.23
2026/09/06 07:31:55.709, 1, 100, 109734, 535.89
2026/09/06 07:31:56.711, 0, 0, 13231, 120.18
2026/09/06 07:31:56.713, 1, 100, 109734, 550.23
2026/09/06 07:31:57.715, 0, 0, 13231, 120.00
2026/09/06 07:31:57.717, 1, 100, 109734, 550.75
2026/09/06 07:31:58.719, 0, 0, 13231, 120.18
2026/09/06 07:31:58.720, 1, 100, 109734, 517.52
2026/09/06 07:31:59.722, 0, 0, 13231, 120.11
2026/09/06 07:31:59.724, 1, 100, 109734, 541.66
2026/09/06 07:32:00.725, 0, 0, 13231, 120.18
2026/09/06 07:32:00.727, 1, 100, 109734, 523.72
2026/09/06 07:32:01.728, 0, 0, 13231, 120.08
2026/09/06 07:32:01.730, 1, 100, 109734, 543.69
2026/09/06 07:32:02.732, 0, 0, 13231, 120.06
2026/09/06 07:32:02.733, 1, 100, 109734, 524.78
2026/09/06 07:32:03.735, 0, 0, 13231, 120.14
2026/09/06 07:32:03.737, 1, 100, 109734, 540.42
2026/09/06 07:32:04.738, 0, 0, 13231, 120.16
2026/09/06 07:32:04.740, 1, 100, 109734, 545.15
2026/09/06 07:32:05.742, 0, 0, 13231, 120.20
2026/09/06 07:32:08.916, 1, 100, 109734, 547.72
2026/09/06 07:32:09.918, 0, 0, 13231, 120.13
2026/09/06 07:32:09.921, 1, 100, 109734, 556.95
2026/09/06 07:32:10.924, 0, 0, 13231, 120.06
2026/09/06 07:32:10.925, 1, 100, 109734, 529.83
2026/09/06 07:32:11.927, 0, 0, 13231, 120.05
2026/09/06 07:32:11.931, 1, 100, 109734, 544.38
2026/09/06 07:32:12.934, 0, 0, 13231, 120.14
2026/09/06 07:32:12.935, 1, 100, 109734, 540.85
2026/09/06 07:32:13.937, 0, 0, 13231, 119.97
2026/09/06 07:32:13.939, 1, 100, 109734, 556.52
2026/09/06 07:32:14.941, 0, 0, 13231, 120.00
2026/09/06 07:32:14.945, 1, 99, 109734, 541.44
2026/09/06 07:32:15.947, 0, 0, 13231, 119.93
2026/09/06 07:32:15.949, 1, 100, 109734, 549.55
2026/09/06 07:32:16.950, 0, 0, 13231, 120.18
2026/09/06 07:32:16.952, 1, 100, 109734, 555.15
2026/09/06 07:32:17.954, 0, 0, 13231, 119.84
2026/09/06 07:32:17.956, 1, 100, 109734, 549.55
2026/09/06 07:32:18.957, 0, 0, 13231, 120.01
2026/09/06 07:32:18.959, 1, 100, 109734, 552.02
2026/09/06 07:32:19.960, 0, 0, 13231, 119.88
2026/09/06 07:32:19.962, 1, 100, 109734, 540.77
2026/09/06 07:32:20.963, 0, 0, 13231, 119.87
2026/09/06 07:32:20.965, 1, 100, 109734, 533.16
2026/09/06 07:32:21.968, 0, 0, 13231, 119.91
2026/09/06 07:32:21.970, 1, 100, 109734, 545.00
2026/09/06 07:32:22.971, 0, 0, 13231, 119.97
2026/09/06 07:32:22.973, 1, 100, 109734, 548.43
2026/09/06 07:32:23.975, 0, 0, 13231, 119.96
2026/09/06 07:32:23.977, 1, 100, 109734, 558.79
2026/09/06 07:32:24.978, 0, 0, 13231, 119.88
2026/09/06 07:32:24.980, 1, 100, 109734, 521.16
2026/09/06 07:32:25.981, 0, 0, 13231, 119.91
2026/09/06 07:32:25.983, 1, 100, 109734, 534.84
2026/09/06 07:32:26.985, 0, 0, 13231, 119.78
2026/09/06 07:32:26.986, 1, 100, 109734, 555.99
2026/09/06 07:32:27.988, 0, 0, 13231, 119.83
2026/09/06 07:32:27.990, 1, 100, 109734, 549.07
2026/09/06 07:32:28.991, 0, 0, 13231, 119.83
2026/09/06 07:32:28.993, 1, 100, 109734, 550.19
2026/09/06 07:32:29.995, 0, 0, 13231, 119.86
2026/09/06 07:32:29.996, 1, 100, 109734, 531.64
2026/09/06 07:32:30.998, 0, 0, 13231, 119.92
2026/09/06 07:32:31.001, 1, 100, 109734, 543.68
2026/09/06 07:32:32.003, 0, 0, 13231, 119.93
2026/09/06 07:32:32.005, 1, 100, 109734, 519.20
2026/09/06 07:32:33.006, 0, 0, 13231, 119.79
2026/09/06 07:32:33.008, 1, 100, 109734, 538.21
2026/09/06 07:32:34.010, 0, 0, 13231, 119.82
2026/09/06 07:32:34.012, 1, 100, 109734, 539.13
2026/09/06 07:32:35.013, 0, 0, 13231, 119.82
2026/09/06 07:32:35.015, 1, 100, 109734, 539.91
2026/09/06 07:32:36.018, 0, 0, 13231, 119.74
2026/09/06 07:32:36.020, 1, 100, 109734, 539.36
2026/09/06 07:32:37.022, 0, 0, 13231, 119.71
2026/09/06 07:32:37.024, 1, 100, 109734, 539.92
2026/09/06 07:32:38.026, 0, 0, 13231, 119.80
2026/09/06 07:32:38.027, 1, 100, 109734, 544.69
2026/09/06 07:32:39.029, 0, 0, 13231, 119.70
2026/09/06 07:32:39.031, 1, 100, 109734, 545.44
2026/09/06 07:32:40.033, 0, 0, 13231, 119.78
2026/09/06 07:32:40.034, 1, 100, 109734, 541.81
2026/09/06 07:32:41.036, 0, 0, 13231, 119.59
2026/09/06 07:32:41.038, 1, 100, 109734, 555.24
2026/09/06 07:32:42.039, 0, 0, 13231, 119.72
2026/09/06 07:32:42.041, 1, 100, 109734, 544.88
2026/09/06 07:32:43.043, 0, 0, 13231, 119.60
2026/09/06 07:32:43.044, 1, 100, 109734, 554.71
2026/09/06 07:32:44.047, 0, 0, 13231, 119.58
2026/09/06 07:32:44.049, 1, 100, 109734, 562.89
2026/09/06 07:32:45.050, 0, 0, 13231, 119.73
2026/09/06 07:32:45.053, 1, 100, 109734, 539.75
2026/09/06 07:32:46.054, 0, 0, 13231, 119.76
2026/09/06 07:32:46.056, 1, 62, 109734, 541.56
2026/09/06 07:32:47.058, 0, 0, 13231, 119.66
2026/09/06 07:32:47.059, 1, 100, 109734, 550.86
2026/09/06 07:32:48.060, 0, 0, 13231, 119.76
2026/09/06 07:32:48.063, 1, 98, 109734, 553.87
2026/09/06 07:32:49.065, 0, 0, 13231, 119.72
2026/09/06 07:32:49.066, 1, 100, 109734, 543.85
2026/09/06 07:32:50.068, 0, 0, 13231, 119.81
2026/09/06 07:32:50.070, 1, 100, 109734, 550.34
2026/09/06 07:32:51.072, 0, 0, 13231, 119.45
2026/09/06 07:32:51.074, 1, 100, 109734, 531.66
2026/09/06 07:32:52.075, 0, 0, 13231, 119.72
2026/09/06 07:32:52.077, 1, 100, 109734, 562.19
2026/09/06 07:32:53.079, 0, 0, 13231, 119.74
2026/09/06 07:32:53.080, 1, 100, 109734, 555.29
2026/09/06 07:32:54.082, 0, 0, 13231, 119.58
2026/09/06 07:32:54.084, 1, 100, 109734, 560.54
2026/09/06 07:32:55.085, 0, 0, 13231, 119.64
2026/09/06 07:32:55.087, 1, 100, 109734, 558.26
2026/09/06 07:32:56.089, 0, 0, 13231, 119.78
2026/09/06 07:32:56.091, 1, 100, 109734, 553.97
2026/09/06 07:32:57.092, 0, 0, 13231, 119.76
2026/09/06 07:32:57.094, 1, 100, 109734, 561.49
2026/09/06 07:32:58.096, 0, 0, 13231, 119.70
2026/09/06 07:32:58.097, 1, 100, 109734, 552.47
2026/09/06 07:32:59.099, 0, 0, 13231, 119.78
2026/09/06 07:32:59.101, 1, 100, 109734, 551.42
2026/09/06 07:33:00.103, 0, 0, 13231, 119.72
2026/09/06 07:33:00.106, 1, 100, 109734, 570.86
2026/09/06 07:33:01.107, 0, 0, 13231, 119.76
2026/09/06 07:33:01.109, 1, 100, 109734, 538.91
2026/09/06 07:33:02.111, 0, 0, 13231, 119.72
2026/09/06 07:33:02.112, 1, 100, 109734, 530.88
2026/09/06 07:33:03.114, 0, 0, 13231, 119.67
2026/09/06 07:33:03.115, 1, 100, 109734, 542.92
2026/09/06 07:33:04.116, 0, 0, 13231, 119.55
2026/09/06 07:33:04.118, 1, 100, 109734, 541.24
2026/09/06 07:33:05.120, 0, 0, 13231, 119.74
2026/09/06 07:33:05.122, 1, 100, 109734, 552.11
2026/09/06 07:33:06.124, 0, 0, 13231, 119.75
2026/09/06 07:33:06.126, 1, 100, 109734, 553.81
2026/09/06 07:33:07.128, 0, 0, 13231, 119.47
2026/09/06 07:33:07.130, 1, 100, 109734, 548.59
2026/09/06 07:33:08.131, 0, 0, 13231, 119.74
2026/09/06 07:33:08.133, 1, 100, 109734, 551.88
2026/09/06 07:33:09.134, 0, 0, 13231, 119.67
2026/09/06 07:33:09.136, 1, 100, 109734, 563.79
2026/09/06 07:33:10.137, 0, 0, 13231, 119.61
2026/09/06 07:33:10.139, 1, 100, 109734, 558.23
2026/09/06 07:33:11.141, 0, 0, 13231, 119.51
2026/09/06 07:33:11.143, 1, 100, 109734, 570.20
2026/09/06 07:33:12.144, 0, 0, 13231, 119.66
2026/09/06 07:33:12.146, 1, 100, 109734, 570.87
2026/09/06 07:33:13.148, 0, 0, 13231, 119.66
2026/09/06 07:33:13.150, 1, 100, 109734, 563.24
2026/09/06 07:33:14.151, 0, 0, 13231, 119.74
2026/09/06 07:33:14.153, 1, 100, 109734, 569.27
2026/09/06 07:33:15.154, 0, 0, 13231, 119.61
2026/09/06 07:33:15.156, 1, 100, 109734, 571.32
2026/09/06 07:33:16.158, 0, 0, 13231, 119.51
2026/09/06 07:33:16.159, 1, 100, 109734, 574.03
2026/09/06 07:33:17.160, 0, 0, 13231, 119.74
2026/09/06 07:33:17.162, 1, 100, 109734, 576.48
2026/09/06 07:33:18.163, 0, 0, 13231, 119.84
2026/09/06 07:33:18.165, 1, 100, 109734, 564.51
2026/09/06 07:33:19.166, 0, 0, 13231, 119.78
2026/09/06 07:33:19.168, 1, 100, 109734, 562.09
2026/09/06 07:33:20.169, 0, 0, 13231, 119.67
2026/09/06 07:33:20.171, 1, 100, 109734, 570.09
2026/09/06 07:33:21.172, 0, 0, 13231, 119.59
2026/09/06 07:33:21.174, 1, 100, 109734, 575.41
2026/09/06 07:33:22.176, 0, 0, 13231, 119.64
2026/09/06 07:33:22.177, 1, 79, 109734, 554.01
2026/09/06 07:33:23.178, 0, 0, 13231, 119.92
2026/09/06 07:33:23.181, 1, 100, 109734, 563.52
2026/09/06 07:33:24.182, 0, 0, 13231, 119.81
2026/09/06 07:33:24.183, 1, 100, 109736, 561.38
2026/09/06 07:33:25.185, 0, 0, 13231, 119.88
2026/09/06 07:33:25.186, 1, 100, 109736, 540.73
2026/09/06 07:33:26.188, 0, 0, 13231, 119.80
2026/09/06 07:33:26.190, 1, 100, 109736, 569.27
2026/09/06 07:33:27.191, 0, 0, 13231, 119.83
2026/09/06 07:33:27.193, 1, 100, 109736, 550.94
2026/09/06 07:33:28.194, 0, 0, 13231, 119.98
2026/09/06 07:33:28.196, 1, 100, 109736, 544.34
2026/09/06 07:33:29.197, 0, 0, 13231, 119.97
2026/09/06 07:33:29.199, 1, 100, 109736, 566.19
2026/09/06 07:33:30.200, 0, 0, 13231, 119.88
2026/09/06 07:33:30.201, 1, 100, 109736, 565.21
2026/09/06 07:33:31.203, 0, 0, 13231, 119.95
2026/09/06 07:33:31.204, 1, 100, 109736, 559.68
2026/09/06 07:33:32.205, 0, 0, 13231, 119.96
2026/09/06 07:33:32.207, 1, 100, 109736, 548.21
2026/09/06 07:33:33.208, 0, 0, 13231, 119.87
2026/09/06 07:33:33.210, 1, 100, 109736, 535.38
2026/09/06 07:33:34.211, 0, 0, 13231, 119.83
2026/09/06 07:33:34.213, 1, 100, 109736, 534.10
2026/09/06 07:33:35.214, 0, 0, 13231, 119.80
2026/09/06 07:33:35.217, 1, 100, 109736, 535.89
2026/09/06 07:33:36.219, 0, 0, 13231, 119.88
2026/09/06 07:33:36.221, 1, 100, 109736, 551.84
2026/09/06 07:33:37.223, 0, 0, 13231, 119.90
2026/09/06 07:33:37.225, 1, 99, 109736, 545.97
2026/09/06 07:33:38.226, 0, 0, 13231, 119.98
2026/09/06 07:33:38.228, 1, 100, 109736, 553.06
2026/09/06 07:33:39.230, 0, 0, 13231, 119.92
2026/09/06 07:33:39.232, 1, 100, 109736, 557.99
2026/09/06 07:33:40.234, 0, 0, 13231, 119.92
2026/09/06 07:33:40.236, 1, 100, 109736, 563.95
2026/09/06 07:33:41.238, 0, 0, 13231, 119.99
2026/09/06 07:33:41.239, 1, 100, 109736, 563.42
2026/09/06 07:33:42.241, 0, 0, 13231, 119.94
2026/09/06 07:33:42.242, 1, 100, 109736, 564.15
2026/09/06 07:33:43.244, 0, 0, 13231, 119.85
2026/09/06 07:33:43.245, 1, 100, 109736, 569.93
2026/09/06 07:33:44.247, 0, 0, 13231, 119.92
2026/09/06 07:33:44.248, 1, 100, 109736, 527.05
2026/09/06 07:33:45.250, 0, 0, 13231, 119.99
2026/09/06 07:33:45.251, 1, 100, 109736, 548.03
2026/09/06 07:33:46.253, 0, 0, 13231, 119.97
2026/09/06 07:33:46.254, 1, 100, 109736, 548.13
2026/09/06 07:33:47.256, 0, 0, 13231, 120.12
2026/09/06 07:33:47.257, 1, 100, 109736, 537.15
2026/09/06 07:33:48.260, 0, 0, 13231, 120.05
2026/09/06 07:33:48.262, 1, 100, 109736, 549.95
2026/09/06 07:33:49.266, 0, 0, 13231, 120.06
2026/09/06 07:33:49.267, 1, 100, 109736, 562.89
2026/09/06 07:33:50.269, 0, 0, 13231, 119.93
2026/09/06 07:33:50.270, 1, 100, 109736, 561.45
2026/09/06 07:33:51.272, 0, 0, 13231, 119.93
2026/09/06 07:33:51.273, 1, 100, 109736, 552.22
2026/09/06 07:33:52.275, 0, 0, 13231, 120.04
2026/09/06 07:33:52.276, 1, 100, 109736, 566.06
2026/09/06 07:33:53.278, 0, 0, 13231, 120.15
2026/09/06 07:33:53.280, 1, 100, 109736, 557.78
2026/09/06 07:33:54.282, 0, 0, 13231, 120.02
2026/09/06 07:33:54.287, 1, 100, 109736, 528.30
2026/09/06 07:33:55.290, 0, 0, 13231, 120.17
2026/09/06 07:33:55.292, 1, 100, 109736, 546.64
2026/09/06 07:33:56.293, 0, 0, 13231, 120.20
2026/09/06 07:33:56.296, 1, 100, 109736, 556.41
2026/09/06 07:33:57.297, 0, 0, 13231, 120.07
2026/09/06 07:33:57.300, 1, 100, 109736, 533.56
2026/09/06 07:33:58.302, 0, 0, 13231, 120.04
2026/09/06 07:33:58.304, 1, 100, 109736, 546.32
2026/09/06 07:33:59.305, 0, 0, 13231, 120.19
2026/09/06 07:33:59.307, 1, 100, 109736, 548.83
2026/09/06 07:34:00.309, 0, 0, 13231, 120.14
2026/09/06 07:34:00.310, 1, 100, 109736, 559.12
2026/09/06 07:34:01.312, 0, 0, 13231, 120.08
2026/09/06 07:34:01.313, 1, 100, 109736, 552.83
2026/09/06 07:34:02.314, 0, 0, 13231, 120.10
2026/09/06 07:34:02.316, 1, 100, 109736, 530.55
2026/09/06 07:34:03.318, 0, 0, 13231, 120.13
2026/09/06 07:34:03.320, 1, 100, 109736, 542.54
2026/09/06 07:34:04.321, 0, 0, 13231, 120.14
2026/09/06 07:34:04.323, 1, 100, 109736, 542.11
2026/09/06 07:34:05.324, 0, 0, 13231, 120.10
2026/09/06 07:34:05.326, 1, 100, 109736, 546.61
2026/09/06 07:34:06.328, 0, 0, 13231, 120.16
2026/09/06 07:34:06.330, 1, 100, 109736, 551.70
2026/09/06 07:34:07.331, 0, 0, 13231, 120.28
2026/09/06 07:34:07.333, 1, 100, 109736, 543.70
2026/09/06 07:34:08.335, 0, 0, 13231, 120.09
2026/09/06 07:34:08.336, 1, 100, 109736, 558.08
2026/09/06 07:34:09.338, 0, 0, 13231, 120.18
2026/09/06 07:34:09.339, 1, 100, 109736, 540.56
2026/09/06 07:34:10.341, 0, 0, 13231, 120.07
2026/09/06 07:34:10.343, 1, 60, 109736, 541.95
2026/09/06 07:34:11.344, 0, 0, 13231, 120.04
2026/09/06 07:34:11.346, 1, 100, 109736, 553.45
2026/09/06 07:34:12.347, 0, 0, 13231, 120.12
2026/09/06 07:34:12.348, 1, 100, 109736, 556.43
2026/09/06 07:34:13.350, 0, 0, 13231, 120.15
2026/09/06 07:34:13.351, 1, 100, 109736, 569.98
2026/09/06 07:34:14.353, 0, 0, 13231, 120.33
2026/09/06 07:34:14.354, 1, 100, 109736, 533.54
2026/09/06 07:34:15.356, 0, 0, 13231, 120.19
2026/09/06 07:34:15.358, 1, 100, 109736, 535.71
2026/09/06 07:34:16.361, 0, 0, 13231, 120.07
2026/09/06 07:34:16.363, 1, 100, 109736, 572.39
2026/09/06 07:34:17.365, 0, 0, 13231, 120.07
2026/09/06 07:34:17.367, 1, 100, 109736, 538.28
2026/09/06 07:34:18.371, 0, 0, 13231, 120.21
2026/09/06 07:34:18.372, 1, 100, 109736, 554.62
2026/09/06 07:34:19.374, 0, 0, 13231, 120.31
2026/09/06 07:34:19.378, 1, 100, 109736, 583.35
2026/09/06 07:34:20.385, 0, 0, 13231, 120.20
2026/09/06 07:34:20.387, 1, 100, 109736, 520.88
2026/09/06 07:34:21.389, 0, 0, 13231, 120.21
2026/09/06 07:34:21.392, 1, 100, 109736, 553.23
2026/09/06 07:34:22.393, 0, 0, 13231, 120.15
2026/09/06 07:34:22.395, 1, 100, 109736, 562.58
2026/09/06 07:34:23.396, 0, 0, 13231, 120.11
2026/09/06 07:34:23.398, 1, 100, 109736, 536.45
2026/09/06 07:34:24.400, 0, 0, 13231, 119.97
2026/09/06 07:34:24.401, 1, 100, 109736, 555.37
2026/09/06 07:34:25.402, 0, 0, 13231, 120.14
2026/09/06 07:34:25.404, 1, 100, 109736, 555.16
2026/09/06 07:34:26.406, 0, 0, 13231, 120.11
2026/09/06 07:34:26.407, 1, 99, 109736, 565.69
2026/09/06 07:34:27.408, 0, 0, 13231, 120.01
2026/09/06 07:34:27.410, 1, 100, 109736, 529.96
2026/09/06 07:34:28.411, 0, 0, 13231, 120.04
2026/09/06 07:34:28.413, 1, 100, 109736, 551.29
2026/09/06 07:34:29.414, 0, 0, 13231, 120.00
2026/09/06 07:34:29.416, 1, 100, 109736, 529.74
2026/09/06 07:34:30.418, 0, 0, 13231, 119.88
2026/09/06 07:34:30.420, 1, 98, 109736, 526.42
2026/09/06 07:34:31.421, 0, 0, 13231, 120.40
2026/09/06 07:34:31.424, 1, 100, 109736, 570.57
2026/09/06 07:34:32.426, 0, 0, 13231, 120.04
2026/09/06 07:34:32.427, 1, 100, 109736, 572.54
2026/09/06 07:34:33.429, 0, 0, 13231, 119.83
2026/09/06 07:34:33.431, 1, 100, 109736, 566.60
2026/09/06 07:34:34.433, 0, 0, 13231, 119.95
2026/09/06 07:34:34.434, 1, 99, 109736, 554.62
2026/09/06 07:34:35.436, 0, 0, 13231, 119.83
2026/09/06 07:34:35.437, 1, 100, 109736, 544.48
2026/09/06 07:34:36.439, 0, 0, 13231, 119.75
2026/09/06 07:34:36.441, 1, 100, 109736, 504.94
2026/09/06 07:34:37.443, 0, 0, 13231, 119.70
2026/09/06 07:34:37.445, 1, 100, 109736, 551.69
2026/09/06 07:34:38.446, 0, 0, 13231, 119.72
2026/09/06 07:34:38.448, 1, 61, 109736, 533.99
2026/09/06 07:34:39.450, 0, 0, 13231, 119.78
2026/09/06 07:34:39.451, 1, 100, 109736, 530.48
2026/09/06 07:34:40.453, 0, 0, 13231, 119.72
2026/09/06 07:34:40.455, 1, 100, 109738, 491.30
2026/09/06 07:34:41.456, 0, 0, 13231, 119.78
2026/09/06 07:34:41.458, 1, 100, 109738, 528.34
2026/09/06 07:34:42.460, 0, 0, 13231, 119.65
2026/09/06 07:34:42.462, 1, 98, 109738, 533.85
2026/09/06 07:34:43.463, 0, 0, 13231, 119.64
2026/09/06 07:34:43.465, 1, 100, 109738, 541.72
2026/09/06 07:34:44.467, 0, 0, 13231, 119.62
2026/09/06 07:34:44.469, 1, 99, 109738, 511.21
2026/09/06 07:34:45.471, 0, 0, 13231, 119.77
2026/09/06 07:34:45.473, 1, 100, 109738, 549.15
2026/09/06 07:34:46.475, 0, 0, 13231, 119.76
2026/09/06 07:34:46.477, 1, 96, 109738, 509.03
2026/09/06 07:34:47.480, 0, 0, 13231, 119.63
2026/09/06 07:34:47.482, 1, 100, 109738, 556.15
2026/09/06 07:34:48.483, 0, 0, 13231, 119.84
2026/09/06 07:34:48.487, 1, 96, 109738, 519.47
2026/09/06 07:34:49.489, 0, 0, 13231, 119.68
2026/09/06 07:34:49.491, 1, 100, 109738, 531.73
2026/09/06 07:34:50.493, 0, 0, 13231, 119.66
2026/09/06 07:34:50.496, 1, 99, 109738, 542.00
2026/09/06 07:34:51.498, 0, 0, 13231, 119.69
2026/09/06 07:34:51.499, 1, 99, 109738, 541.33
2026/09/06 07:34:52.501, 0, 0, 13231, 119.73
2026/09/06 07:34:52.504, 1, 98, 109738, 555.34
2026/09/06 07:34:53.506, 0, 0, 13231, 119.74
2026/09/06 07:34:53.507, 1, 100, 109738, 535.05
2026/09/06 07:34:54.509, 0, 0, 13231, 119.76
2026/09/06 07:34:54.511, 1, 99, 109738, 558.95
2026/09/06 07:34:55.513, 0, 0, 13231, 119.72
2026/09/06 07:34:55.515, 1, 100, 109738, 557.16
2026/09/06 07:34:56.516, 0, 0, 13231, 119.70
2026/09/06 07:34:56.518, 1, 100, 109738, 515.33
2026/09/06 07:34:57.520, 0, 0, 13231, 119.74
2026/09/06 07:34:57.522, 1, 100, 109738, 531.45
2026/09/06 07:34:58.523, 0, 0, 13231, 119.90
2026/09/06 07:34:58.525, 1, 100, 109738, 550.25
2026/09/06 07:34:59.528, 0, 0, 13231, 119.74
2026/09/06 07:34:59.529, 1, 98, 109738, 556.73
2026/09/06 07:35:00.531, 0, 0, 13231, 119.70
2026/09/06 07:35:00.533, 1, 100, 109738, 533.33
2026/09/06 07:35:01.534, 0, 0, 13231, 119.85
2026/09/06 07:35:01.536, 1, 100, 109738, 563.93
2026/09/06 07:35:02.538, 0, 0, 13231, 119.79
2026/09/06 07:35:02.540, 1, 100, 109738, 538.89
2026/09/06 07:35:03.542, 0, 0, 13231, 119.86
2026/09/06 07:35:03.544, 1, 100, 109738, 517.36
2026/09/06 07:35:04.546, 0, 0, 13231, 119.90
2026/09/06 07:35:04.547, 1, 100, 109738, 547.57
2026/09/06 07:35:05.549, 0, 0, 13231, 119.87
2026/09/06 07:35:05.551, 1, 100, 109738, 494.04
2026/09/06 07:35:06.553, 0, 0, 13231, 119.78
2026/09/06 07:35:06.555, 1, 100, 109738, 496.62
2026/09/06 07:35:07.556, 0, 0, 13231, 119.85
2026/09/06 07:35:07.558, 1, 100, 109738, 534.42
2026/09/06 07:35:08.560, 0, 0, 13231, 119.90
2026/09/06 07:35:08.562, 1, 100, 109738, 534.92
2026/09/06 07:35:09.563, 0, 0, 13231, 119.86
2026/09/06 07:35:09.565, 1, 100, 109738, 531.32
2026/09/06 07:35:10.567, 0, 0, 13231, 119.89
2026/09/06 07:35:10.569, 1, 100, 109738, 516.79
2026/09/06 07:35:11.570, 0, 0, 13231, 119.73
2026/09/06 07:35:11.572, 1, 100, 109738, 512.94
2026/09/06 07:35:12.574, 0, 0, 13231, 119.77
2026/09/06 07:35:12.577, 1, 100, 109738, 526.24
2026/09/06 07:35:13.578, 0, 0, 13231, 119.92
2026/09/06 07:35:13.580, 1, 100, 109738, 539.44
2026/09/06 07:35:14.582, 0, 0, 13231, 119.95
2026/09/06 07:35:14.583, 1, 100, 109738, 518.76
2026/09/06 07:35:15.585, 0, 0, 13231, 119.89
2026/09/06 07:35:15.587, 1, 60, 109738, 519.74
2026/09/06 07:35:16.588, 0, 0, 13231, 119.88
2026/09/06 07:35:16.590, 1, 100, 109738, 511.13
2026/09/06 07:35:17.592, 0, 0, 13231, 119.84
2026/09/06 07:35:17.594, 1, 100, 109738, 511.24
2026/09/06 07:35:18.595, 0, 0, 13231, 119.87
2026/09/06 07:35:18.597, 1, 100, 109738, 535.21
2026/09/06 07:35:19.599, 0, 0, 13231, 119.94
2026/09/06 07:35:19.601, 1, 100, 109738, 485.05
2026/09/06 07:35:20.603, 0, 0, 13231, 119.84
2026/09/06 07:35:20.605, 1, 100, 109738, 503.34
2026/09/06 07:35:21.607, 0, 0, 13231, 120.04
2026/09/06 07:35:21.609, 1, 100, 109738, 518.12
2026/09/06 07:35:22.612, 0, 0, 13231, 120.01
2026/09/06 07:35:22.614, 1, 99, 109738, 508.39
2026/09/06 07:35:23.615, 0, 0, 13231, 119.92
2026/09/06 07:35:23.617, 1, 100, 109738, 522.44
2026/09/06 07:35:24.619, 0, 0, 13231, 119.91
2026/09/06 07:35:24.621, 1, 100, 109738, 503.47
2026/09/06 07:35:25.623, 0, 0, 13231, 119.78
2026/09/06 07:35:25.626, 1, 100, 109738, 530.77
2026/09/06 07:35:26.629, 0, 0, 13231, 119.77
2026/09/06 07:35:26.631, 1, 100, 109738, 505.25
2026/09/06 07:35:27.632, 0, 0, 13231, 119.68
2026/09/06 07:35:27.635, 1, 100, 109738, 535.99
2026/09/06 07:35:28.637, 0, 0, 13231, 119.65
2026/09/06 07:35:28.639, 1, 100, 109738, 528.47
2026/09/06 07:35:29.641, 0, 0, 13231, 119.70
2026/09/06 07:35:29.646, 1, 100, 109738, 522.04
2026/09/06 07:35:30.652, 0, 0, 13231, 119.58
2026/09/06 07:35:30.653, 1, 100, 109738, 506.66
2026/09/06 07:35:31.655, 0, 0, 13231, 119.44
2026/09/06 07:35:31.657, 1, 100, 109738, 526.19
2026/09/06 07:35:32.659, 0, 0, 13231, 119.42
2026/09/06 07:35:32.661, 1, 98, 109738, 531.68
2026/09/06 07:35:33.662, 0, 0, 13231, 119.41
2026/09/06 07:35:33.664, 1, 100, 109738, 533.60
2026/09/06 07:35:34.666, 0, 0, 13231, 119.54
2026/09/06 07:35:34.668, 1, 100, 109738, 536.03
2026/09/06 07:35:35.669, 0, 0, 13231, 119.48
2026/09/06 07:35:35.671, 1, 100, 109738, 535.36
2026/09/06 07:35:36.673, 0, 0, 13231, 119.50
2026/09/06 07:35:36.675, 1, 100, 109738, 535.17
2026/09/06 07:35:37.677, 0, 0, 13231, 119.41
2026/09/06 07:35:37.679, 1, 100, 109738, 537.57
2026/09/06 07:35:38.680, 0, 0, 13231, 119.44
2026/09/06 07:35:38.682, 1, 100, 109738, 546.25
2026/09/06 07:35:39.683, 0, 0, 13231, 119.46
2026/09/06 07:35:39.685, 1, 100, 109738, 523.43
2026/09/06 07:35:40.687, 0, 0, 13231, 119.47
2026/09/06 07:35:40.690, 1, 99, 109738, 541.86
2026/09/06 07:35:41.692, 0, 0, 13231, 119.48
2026/09/06 07:35:41.693, 1, 100, 109738, 549.58
2026/09/06 07:35:42.696, 0, 0, 13231, 119.44
2026/09/06 07:35:42.698, 1, 100, 109738, 542.16
2026/09/06 07:35:43.699, 0, 0, 13231, 119.53
2026/09/06 07:35:43.701, 1, 100, 109738, 544.52
2026/09/06 07:35:44.703, 0, 0, 13231, 119.44
2026/09/06 07:35:44.705, 1, 100, 109738, 524.85
2026/09/06 07:35:45.706, 0, 0, 13231, 119.56
2026/09/06 07:35:45.708, 1, 100, 109738, 544.51
2026/09/06 07:35:46.710, 0, 0, 13231, 119.47
2026/09/06 07:35:46.712, 1, 100, 109738, 546.53
2026/09/06 07:35:47.716, 0, 0, 13231, 119.54
2026/09/06 07:35:47.717, 1, 100, 109738, 547.88
2026/09/06 07:35:48.719, 0, 0, 13231, 119.57
2026/09/06 07:35:48.721, 1, 100, 109738, 548.36
2026/09/06 07:35:49.723, 0, 0, 13231, 119.57
2026/09/06 07:35:49.724, 1, 72, 109738, 539.45
2026/09/06 07:35:50.726, 0, 0, 13231, 119.59
2026/09/06 07:35:50.728, 1, 100, 109738, 549.01
2026/09/06 07:35:51.730, 0, 0, 13231, 119.49
2026/09/06 07:35:51.732, 1, 100, 109738, 559.31
2026/09/06 07:35:52.733, 0, 0, 13231, 119.58
2026/09/06 07:35:52.735, 1, 100, 109738, 556.59
2026/09/06 07:35:53.737, 0, 0, 13231, 119.54
2026/09/06 07:35:53.739, 1, 100, 109738, 549.19
2026/09/06 07:35:54.740, 0, 0, 13231, 119.48
2026/09/06 07:35:54.742, 1, 100, 109738, 559.32
2026/09/06 07:35:55.743, 0, 0, 13231, 119.54
2026/09/06 07:35:55.745, 1, 100, 109738, 555.41
2026/09/06 07:35:56.747, 0, 0, 13231, 119.63
2026/09/06 07:35:56.749, 1, 100, 109738, 554.69
2026/09/06 07:35:57.752, 0, 0, 13231, 119.60
2026/09/06 07:35:57.753, 1, 73, 109738, 546.04
2026/09/06 07:35:58.755, 0, 0, 13231, 119.62
2026/09/06 07:35:58.757, 1, 100, 109738, 562.53
2026/09/06 07:35:59.760, 0, 0, 13231, 119.65
2026/09/06 07:35:59.762, 1, 100, 109738, 554.57
2026/09/06 07:36:00.763, 0, 0, 13231, 119.64
2026/09/06 07:36:00.766, 1, 100, 109738, 533.38
2026/09/06 07:36:01.769, 0, 0, 13231, 119.51
2026/09/06 07:36:01.770, 1, 100, 109738, 552.30
2026/09/06 07:36:02.772, 0, 0, 13231, 119.81
2026/09/06 07:36:02.774, 1, 100, 109738, 535.88
2026/09/06 07:36:03.776, 0, 0, 13231, 119.74
2026/09/06 07:36:03.778, 1, 100, 109738, 552.03
2026/09/06 07:36:04.780, 0, 0, 13231, 119.80
2026/09/06 07:36:04.782, 1, 100, 109738, 556.31
2026/09/06 07:36:05.783, 0, 0, 13231, 119.80
2026/09/06 07:36:05.785, 1, 100, 109738, 559.40
2026/09/06 07:36:06.787, 0, 0, 13231, 119.92
2026/09/06 07:36:06.789, 1, 100, 109738, 562.73
2026/09/06 07:36:07.790, 0, 0, 13231, 119.79
2026/09/06 07:36:07.792, 1, 99, 109738, 556.34
2026/09/06 07:36:08.794, 0, 0, 13231, 119.81
2026/09/06 07:36:08.796, 1, 100, 109738, 565.01
2026/09/06 07:36:09.798, 0, 0, 13231, 120.04
2026/09/06 07:36:09.800, 1, 80, 109742, 552.44
2026/09/06 07:36:10.801, 0, 0, 13231, 119.88
2026/09/06 07:36:10.804, 1, 100, 109742, 541.97
2026/09/06 07:36:11.805, 0, 0, 13231, 119.96
2026/09/06 07:36:11.807, 1, 100, 109742, 567.88
2026/09/06 07:36:12.809, 0, 0, 13231, 119.81
2026/09/06 07:36:12.811, 1, 100, 109742, 562.74
2026/09/06 07:36:13.813, 0, 0, 13231, 120.01
2026/09/06 07:36:13.815, 1, 100, 109742, 556.74
2026/09/06 07:36:14.816, 0, 0, 13231, 119.93
2026/09/06 07:36:14.818, 1, 100, 109742, 549.55
2026/09/06 07:36:15.820, 0, 0, 13231, 120.10
2026/09/06 07:36:15.822, 1, 100, 109742, 567.51
2026/09/06 07:36:16.823, 0, 0, 13231, 120.18
2026/09/06 07:36:16.825, 1, 99, 109742, 570.30
2026/09/06 07:36:17.827, 0, 0, 13231, 120.08
2026/09/06 07:36:17.829, 1, 100, 109742, 537.13
2026/09/06 07:36:18.831, 0, 0, 13231, 120.09
2026/09/06 07:36:18.833, 1, 100, 109742, 568.52
2026/09/06 07:36:19.835, 0, 0, 13231, 120.05
2026/09/06 07:36:19.837, 1, 100, 109742, 565.70
2026/09/06 07:36:20.838, 0, 0, 13231, 120.14
2026/09/06 07:36:20.840, 1, 59, 109742, 556.22
2026/09/06 07:36:21.844, 0, 0, 13231, 120.19
2026/09/06 07:36:21.846, 1, 100, 109742, 570.15
2026/09/06 07:36:22.848, 0, 0, 13231, 120.24
2026/09/06 07:36:22.850, 1, 100, 109742, 538.95
2026/09/06 07:36:23.851, 0, 0, 13231, 120.28
2026/09/06 07:36:23.853, 1, 100, 109742, 547.44
2026/09/06 07:36:24.855, 0, 0, 13231, 120.32
2026/09/06 07:36:24.857, 1, 100, 109742, 558.21
2026/09/06 07:36:25.858, 0, 0, 13231, 120.22
2026/09/06 07:36:25.860, 1, 55, 109742, 544.02
2026/09/06 07:36:26.862, 0, 0, 13231, 120.28
2026/09/06 07:36:26.864, 1, 100, 109742, 563.49
2026/09/06 07:36:27.865, 0, 0, 13231, 120.32
2026/09/06 07:36:27.868, 1, 99, 109742, 560.59
2026/09/06 07:36:28.869, 0, 0, 13231, 120.42
2026/09/06 07:36:28.871, 1, 100, 109742, 554.93
2026/09/06 07:36:29.873, 0, 0, 13231, 120.39
2026/09/06 07:36:29.875, 1, 59, 109742, 549.45
2026/09/06 07:36:30.876, 0, 0, 13231, 120.36
2026/09/06 07:36:30.878, 1, 99, 109742, 566.14
2026/09/06 07:36:31.880, 0, 0, 13231, 120.23
2026/09/06 07:36:31.882, 1, 100, 109742, 570.80
2026/09/06 07:36:32.884, 0, 0, 13231, 120.29
2026/09/06 07:36:32.885, 1, 99, 109742, 558.32
2026/09/06 07:36:33.887, 0, 0, 13231, 120.32
2026/09/06 07:36:33.889, 1, 100, 109742, 548.94
2026/09/06 07:36:34.891, 0, 0, 13231, 120.48
2026/09/06 07:36:34.893, 1, 100, 109742, 569.71
2026/09/06 07:36:35.894, 0, 0, 13231, 120.43
2026/09/06 07:36:35.896, 1, 100, 109742, 545.30
2026/09/06 07:36:36.898, 0, 0, 13231, 120.42
2026/09/06 07:36:36.899, 1, 100, 109742, 539.94
2026/09/06 07:36:37.901, 0, 0, 13231, 120.43
2026/09/06 07:36:37.903, 1, 100, 109742, 548.38
2026/09/06 07:36:38.905, 0, 0, 13231, 120.48
2026/09/06 07:36:38.908, 1, 94, 109742, 523.13
2026/09/06 07:36:39.910, 0, 0, 13231, 120.43
2026/09/06 07:36:39.912, 1, 100, 109742, 547.62
2026/09/06 07:36:40.914, 0, 0, 13231, 120.32
2026/09/06 07:36:40.916, 1, 100, 109742, 552.13
2026/09/06 07:36:41.918, 0, 0, 13231, 120.49
2026/09/06 07:36:41.920, 1, 100, 109742, 572.93
2026/09/06 07:36:42.921, 0, 0, 13231, 120.43
2026/09/06 07:36:42.923, 1, 100, 109742, 568.23
2026/09/06 07:36:43.925, 0, 0, 13231, 120.58
2026/09/06 07:36:43.927, 1, 100, 109742, 548.11
2026/09/06 07:36:44.929, 0, 0, 13231, 120.56
2026/09/06 07:36:44.931, 1, 100, 109742, 550.67
2026/09/06 07:36:45.933, 0, 0, 13231, 120.43
2026/09/06 07:36:45.935, 1, 100, 109742, 539.02
2026/09/06 07:36:46.937, 0, 0, 13231, 120.55
2026/09/06 07:36:46.939, 1, 100, 109742, 540.17
2026/09/06 07:36:47.941, 0, 0, 13231, 120.45
2026/09/06 07:36:47.942, 1, 99, 109742, 556.02
2026/09/06 07:36:48.944, 0, 0, 13231, 120.45
2026/09/06 07:36:48.946, 1, 100, 109742, 535.07
2026/09/06 07:36:49.948, 0, 0, 13231, 120.44
2026/09/06 07:36:49.950, 1, 100, 109742, 523.64
2026/09/06 07:36:50.952, 0, 0, 13231, 120.57
2026/09/06 07:36:50.954, 1, 100, 109742, 522.59
2026/09/06 07:36:51.956, 0, 0, 13231, 120.40
2026/09/06 07:36:51.958, 1, 100, 109742, 531.54
2026/09/06 07:36:52.960, 0, 0, 13231, 120.42
2026/09/06 07:36:52.962, 1, 100, 109742, 535.29
2026/09/06 07:36:53.963, 0, 0, 13231, 120.33
2026/09/06 07:36:53.965, 1, 100, 109742, 550.18
2026/09/06 07:36:54.967, 0, 0, 13231, 120.49
2026/09/06 07:36:54.969, 1, 100, 109742, 546.29
2026/09/06 07:36:55.970, 0, 0, 13231, 120.55
2026/09/06 07:36:55.972, 1, 100, 109742, 547.10
2026/09/06 07:36:56.974, 0, 0, 13231, 120.40
2026/09/06 07:36:56.976, 1, 100, 109742, 543.69
2026/09/06 07:36:57.978, 0, 0, 13231, 120.43
2026/09/06 07:36:57.979, 1, 99, 109742, 543.55
2026/09/06 07:36:58.981, 0, 0, 13231, 120.53
2026/09/06 07:36:58.983, 1, 97, 109742, 546.58
2026/09/06 07:36:59.984, 0, 0, 13231, 120.52
2026/09/06 07:36:59.986, 1, 100, 109742, 540.28
2026/09/06 07:37:00.988, 0, 0, 13231, 120.50
2026/09/06 07:37:00.990, 1, 100, 109742, 549.37
2026/09/06 07:37:01.992, 0, 0, 13231, 120.50
2026/09/06 07:37:01.994, 1, 99, 109742, 537.14
2026/09/06 07:37:02.996, 0, 0, 13231, 120.34
2026/09/06 07:37:02.999, 1, 100, 109742, 542.44
2026/09/06 07:37:04.004, 0, 0, 13231, 120.40
2026/09/06 07:37:04.006, 1, 98, 109742, 536.90
2026/09/06 07:37:05.008, 0, 0, 13231, 120.44
2026/09/06 07:37:05.016, 1, 100, 109742, 528.22
2026/09/06 07:37:06.024, 0, 0, 13231, 120.48
2026/09/06 07:37:06.026, 1, 100, 109742, 534.11
2026/09/06 07:37:07.028, 0, 0, 13231, 120.53
2026/09/06 07:37:07.030, 1, 100, 109742, 527.88
2026/09/06 07:37:08.031, 0, 0, 13231, 120.39
2026/09/06 07:37:08.033, 1, 98, 109742, 528.90
2026/09/06 07:37:09.034, 0, 0, 13231, 120.36
2026/09/06 07:37:09.036, 1, 98, 109742, 526.81
2026/09/06 07:37:10.038, 0, 0, 13231, 120.41
2026/09/06 07:37:10.041, 1, 98, 109742, 519.34
2026/09/06 07:37:11.043, 0, 0, 13231, 120.25
2026/09/06 07:37:11.045, 1, 98, 109742, 523.05
2026/09/06 07:37:12.047, 0, 0, 13231, 120.38
2026/09/06 07:37:12.049, 1, 100, 109742, 519.16
2026/09/06 07:37:13.052, 0, 0, 13231, 120.48
2026/09/06 07:37:13.053, 1, 98, 109742, 517.09
2026/09/06 07:37:14.055, 0, 0, 13231, 120.32
2026/09/06 07:37:14.057, 1, 100, 109742, 517.51
2026/09/06 07:37:15.059, 0, 0, 13231, 120.30
2026/09/06 07:37:15.060, 1, 100, 109742, 522.96
2026/09/06 07:37:16.062, 0, 0, 13231, 120.41
2026/09/06 07:37:16.064, 1, 97, 109742, 520.74
2026/09/06 07:37:17.066, 0, 0, 13231, 120.28
2026/09/06 07:37:17.068, 1, 99, 109742, 517.29
2026/09/06 07:37:18.069, 0, 0, 13231, 120.41
2026/09/06 07:37:18.071, 1, 100, 109742, 522.78
2026/09/06 07:37:19.073, 0, 0, 13231, 120.39
2026/09/06 07:37:19.075, 1, 100, 109742, 519.16
2026/09/06 07:37:20.077, 0, 0, 13231, 120.37
2026/09/06 07:37:20.078, 1, 100, 109742, 517.66
2026/09/06 07:37:21.080, 0, 0, 13231, 120.32
2026/09/06 07:37:21.082, 1, 100, 109742, 524.78
2026/09/06 07:37:22.083, 0, 0, 13231, 120.38
2026/09/06 07:37:22.085, 1, 100, 109742, 521.72
2026/09/06 07:37:23.087, 0, 0, 13231, 120.25
2026/09/06 07:37:23.089, 1, 100, 109742, 518.62
2026/09/06 07:37:24.090, 0, 0, 13231, 120.23
2026/09/06 07:37:24.092, 1, 99, 109742, 521.41
2026/09/06 07:37:25.094, 0, 0, 13231, 120.17
2026/09/06 07:37:25.096, 1, 100, 109742, 518.69
2026/09/06 07:37:26.098, 0, 0, 13231, 120.15
2026/09/06 07:37:26.100, 1, 99, 109742, 517.18
2026/09/06 07:37:27.102, 0, 0, 13231, 120.08
2026/09/06 07:37:27.104, 1, 100, 109742, 518.58
2026/09/06 07:37:28.106, 0, 0, 13231, 120.09
2026/09/06 07:37:28.107, 1, 100, 109742, 516.91
2026/09/06 07:37:29.109, 0, 0, 13231, 120.01
2026/09/06 07:37:29.111, 1, 100, 109742, 527.96
2026/09/06 07:37:30.112, 0, 0, 13231, 119.92
2026/09/06 07:37:30.114, 1, 100, 109742, 510.09
2026/09/06 07:37:31.116, 0, 0, 13231, 119.96
2026/09/06 07:37:31.118, 1, 100, 109742, 526.03
2026/09/06 07:37:32.119, 0, 0, 13231, 119.90
2026/09/06 07:37:32.121, 1, 100, 109742, 529.71
2026/09/06 07:37:33.123, 0, 0, 13231, 119.90
2026/09/06 07:37:33.125, 1, 100, 109742, 526.92
2026/09/06 07:37:34.126, 0, 0, 13231, 119.86
2026/09/06 07:37:34.128, 1, 100, 109742, 551.85
2026/09/06 07:37:35.130, 0, 0, 13231, 119.82
2026/09/06 07:37:35.131, 1, 100, 109742, 540.00
2026/09/06 07:37:36.133, 0, 0, 13231, 119.78
2026/09/06 07:37:36.135, 1, 100, 109742, 535.76
2026/09/06 07:37:37.136, 0, 0, 13231, 119.77
2026/09/06 07:37:37.138, 1, 99, 109742, 519.25
2026/09/06 07:37:38.139, 0, 0, 13231, 119.78
2026/09/06 07:37:38.141, 1, 98, 109742, 513.82
2026/09/06 07:37:39.143, 0, 0, 13231, 119.78
2026/09/06 07:37:39.145, 1, 98, 109742, 512.29
2026/09/06 07:37:40.147, 0, 0, 13231, 119.78
2026/09/06 07:37:40.149, 1, 100, 109742, 510.35
2026/09/06 07:37:41.150, 0, 0, 13231, 119.78
2026/09/06 07:37:41.152, 1, 100, 109742, 525.37
2026/09/06 07:37:42.153, 0, 0, 13231, 119.71
2026/09/06 07:37:42.155, 1, 100, 109742, 526.42
2026/09/06 07:37:43.157, 0, 0, 13231, 119.79
2026/09/06 07:37:43.159, 1, 100, 109742, 535.61
2026/09/06 07:37:44.160, 0, 0, 13231, 119.76
2026/09/06 07:37:44.162, 1, 100, 109742, 535.45
2026/09/06 07:37:45.164, 0, 0, 13231, 119.72
2026/09/06 07:37:45.166, 1, 100, 109742, 539.22
2026/09/06 07:37:46.167, 0, 0, 13231, 119.71
2026/09/06 07:37:46.169, 1, 100, 109742, 538.08
2026/09/06 07:37:47.171, 0, 0, 13231, 119.82
2026/09/06 07:37:47.174, 1, 100, 109742, 527.41
2026/09/06 07:37:48.176, 0, 0, 13231, 119.82
2026/09/06 07:37:48.177, 1, 100, 109742, 526.87
2026/09/06 07:37:49.179, 0, 0, 13231, 119.76
2026/09/06 07:37:49.181, 1, 100, 109742, 531.02
2026/09/06 07:37:50.182, 0, 0, 13231, 119.85
2026/09/06 07:37:50.184, 1, 100, 109742, 530.27
2026/09/06 07:37:51.186, 0, 0, 13231, 119.88
2026/09/06 07:37:51.187, 1, 100, 109742, 530.07
2026/09/06 07:37:52.189, 0, 0, 13231, 119.96
2026/09/06 07:37:52.191, 1, 97, 109742, 519.09
2026/09/06 07:37:53.192, 0, 0, 13231, 119.79
2026/09/06 07:37:53.194, 1, 99, 109742, 519.43
2026/09/06 07:37:54.196, 0, 0, 13231, 119.72
2026/09/06 07:37:54.198, 1, 100, 109742, 519.66
2026/09/06 07:37:55.200, 0, 0, 13231, 119.85
2026/09/06 07:37:55.202, 1, 100, 109742, 524.36
2026/09/06 07:37:56.205, 0, 0, 13231, 119.74
2026/09/06 07:37:56.208, 1, 100, 109742, 517.85
2026/09/06 07:37:57.210, 0, 0, 13231, 119.78
2026/09/06 07:37:57.212, 1, 100, 109742, 504.42
2026/09/06 07:37:58.214, 0, 0, 13231, 119.82
2026/09/06 07:37:58.215, 1, 100, 109742, 508.60
2026/09/06 07:37:59.217, 0, 0, 13231, 119.79
2026/09/06 07:37:59.219, 1, 99, 109742, 509.19
2026/09/06 07:38:00.220, 0, 0, 13231, 119.79
2026/09/06 07:38:00.222, 1, 100, 109742, 499.10
2026/09/06 07:38:01.224, 0, 0, 13231, 119.89
2026/09/06 07:38:01.225, 1, 99, 109742, 507.06
2026/09/06 07:38:02.227, 0, 0, 13231, 119.77
2026/09/06 07:38:02.229, 1, 100, 109742, 508.16
2026/09/06 07:38:03.230, 0, 0, 13231, 119.94
2026/09/06 07:38:03.232, 1, 100, 109742, 501.31
2026/09/06 07:38:04.233, 0, 0, 13231, 119.84
2026/09/06 07:38:04.235, 1, 100, 109742, 498.76
2026/09/06 07:38:05.236, 0, 0, 13231, 119.91
2026/09/06 07:38:05.238, 1, 100, 109742, 499.08
2026/09/06 07:38:06.240, 0, 0, 13231, 119.82
2026/09/06 07:38:06.242, 1, 0, 109742, 396.78
2026/09/06 07:38:07.243, 0, 0, 13231, 119.82
2026/09/06 07:38:07.245, 1, 0, 109742, 136.84
2026/09/06 07:38:08.246, 0, 0, 13231, 119.87
2026/09/06 07:38:08.248, 1, 0, 109742, 135.49
2026/09/06 07:38:09.249, 0, 0, 13231, 119.83
2026/09/06 07:38:09.251, 1, 0, 109742, 133.91
2026/09/06 07:38:10.253, 0, 0, 13231, 119.89
2026/09/06 07:38:10.254, 1, 0, 109742, 132.91
2026/09/06 07:38:11.256, 0, 0, 13231, 119.78
2026/09/06 07:38:11.258, 1, 0, 109742, 132.52
2026/09/06 07:38:12.260, 0, 0, 13231, 119.86
2026/09/06 07:38:12.264, 1, 0, 109742, 131.98
2026/09/06 07:38:13.266, 0, 0, 13231, 119.82
2026/09/06 07:38:13.268, 1, 0, 109742, 131.63
2026/09/06 07:38:14.269, 0, 0, 13231, 119.90
2026/09/06 07:38:14.271, 1, 0, 109742, 131.35
2026/09/06 07:38:15.272, 0, 0, 13231, 119.88
2026/09/06 07:38:15.273, 1, 0, 109742, 130.96
2026/09/06 07:38:16.275, 0, 0, 13231, 119.80
2026/09/06 07:38:16.277, 1, 0, 109742, 130.62
2026/09/06 07:38:17.280, 0, 0, 13231, 119.74
2026/09/06 07:38:17.282, 1, 0, 109742, 130.38
2026/09/06 07:38:18.284, 0, 0, 13231, 119.85
2026/09/06 07:38:18.287, 1, 0, 109742, 130.05
2026/09/06 07:38:19.299, 0, 0, 13231, 119.88
2026/09/06 07:38:19.302, 1, 0, 109742, 129.93
2026/09/06 07:38:20.304, 0, 0, 13231, 119.85
2026/09/06 07:38:20.305, 1, 0, 109742, 129.75
2026/09/06 07:38:21.307, 0, 0, 13231, 119.96
2026/09/06 07:38:21.311, 1, 0, 109742, 129.37
2026/09/06 07:38:22.313, 0, 0, 13231, 119.86
2026/09/06 07:38:22.315, 1, 0, 109742, 129.09
2026/09/06 07:38:23.317, 0, 0, 13231, 119.87
2026/09/06 07:38:23.319, 1, 0, 109742, 128.98
2026/09/06 07:38:24.320, 0, 0, 13231, 119.79
2026/09/06 07:38:24.322, 1, 0, 109742, 128.68
2026/09/06 07:38:25.324, 0, 0, 13231, 119.90
2026/09/06 07:38:25.326, 1, 0, 109742, 128.58
2026/09/06 07:38:26.327, 0, 0, 13231, 119.72
2026/09/06 07:38:26.329, 1, 0, 109742, 128.22
2026/09/06 07:38:27.330, 0, 0, 13231, 119.87
2026/09/06 07:38:27.332, 1, 0, 4, 139.84
2026/09/06 07:38:28.334, 0, 0, 13231, 119.80
2026/09/06 07:38:28.335, 1, 0, 4, 132.18
2026/09/06 07:38:29.337, 0, 0, 13231, 119.86
2026/09/06 07:38:29.338, 1, 0, 4, 105.24
2026/09/06 07:38:30.339, 0, 0, 13231, 119.81
2026/09/06 07:38:30.341, 1, 0, 4, 83.40
2026/09/06 07:38:31.342, 0, 33, 4, 124.69
2026/09/06 07:38:31.870, 1, 0, 4, 83.15
2026/09/06 07:38:32.872, 0, 0, 4, 124.16
2026/09/06 07:38:32.874, 1, 0, 4, 83.00
2026/09/06 07:38:42.629, 0, 0, 4, 78.46
2026/09/06 07:38:42.643, 1, 0, 4, 82.49
2026/09/06 07:38:43.652, 0, 0, 4, 78.47
2026/09/06 07:38:43.655, 1, 0, 4, 82.74
2026/09/06 07:38:44.656, 0, 0, 4, 78.42
2026/09/06 07:38:44.658, 1, 0, 4, 82.73
2026/09/06 07:38:45.662, 0, 0, 4, 78.43
2026/09/06 07:38:45.665, 1, 0, 4, 82.78
2026/09/06 07:38:46.667, 0, 0, 4, 78.32
2026/09/06 07:38:46.671, 1, 0, 4, 82.71
2026/09/06 07:38:47.673, 0, 0, 4, 78.44
2026/09/06 07:38:47.676, 1, 0, 4, 82.65
2026/09/06 07:38:48.679, 0, 0, 4, 78.37
2026/09/06 07:38:48.681, 1, 0, 4, 82.57
2026/09/06 07:38:49.683, 0, 0, 4, 78.49
2026/09/06 07:38:49.687, 1, 0, 4, 82.41
2026/09/06 07:38:50.689, 0, 0, 4, 78.39
2026/09/06 07:38:50.690, 1, 0, 4, 82.42
2026/09/06 07:38:51.692, 0, 0, 4, 78.36
2026/09/06 07:38:51.694, 1, 0, 4, 82.48
2026/09/06 07:38:52.698, 0, 0, 4, 78.41
2026/09/06 07:38:52.700, 1, 0, 4, 82.39
2026/09/06 07:38:53.702, 0, 0, 4, 78.36
2026/09/06 07:38:53.705, 1, 0, 4, 82.39
2026/09/06 07:38:54.707, 0, 0, 4, 78.40
2026/09/06 07:38:54.709, 1, 0, 4, 82.35
2026/09/06 07:38:55.711, 0, 0, 4, 78.39
2026/09/06 07:38:55.713, 1, 0, 4, 82.26
2026/09/06 07:38:56.715, 0, 0, 4, 78.43
2026/09/06 07:38:56.718, 1, 0, 4, 82.30
2026/09/06 07:38:57.720, 0, 0, 4, 78.38
2026/09/06 07:38:57.723, 1, 0, 4, 82.26
2026/09/06 07:38:58.725, 0, 0, 4, 78.36
2026/09/06 07:38:58.728, 1, 0, 4, 82.22
2026/09/06 07:38:59.731, 0, 0, 4, 78.34
2026/09/06 07:38:59.733, 1, 0, 4, 82.31
2026/09/06 07:39:00.735, 0, 0, 4, 78.34
2026/09/06 07:39:00.737, 1, 0, 4, 82.15
2026/09/06 07:39:01.739, 0, 0, 4, 78.38
2026/09/06 07:39:01.742, 1, 0, 4, 82.11
2026/09/06 07:39:02.744, 0, 0, 4, 78.35
2026/09/06 07:39:02.747, 1, 0, 4, 82.10
2026/09/06 07:39:03.748, 0, 0, 4, 78.43
2026/09/06 07:39:03.750, 1, 0, 4, 82.03
2026/09/06 07:39:04.752, 0, 0, 4, 78.36
2026/09/06 07:39:04.755, 1, 0, 4, 82.04
2026/09/06 07:39:05.758, 0, 0, 4, 78.38
2026/09/06 07:39:05.759, 1, 0, 4, 82.06
2026/09/06 07:39:06.761, 0, 0, 4, 78.39
2026/09/06 07:39:06.763, 1, 0, 4, 82.06
2026/09/06 07:39:07.766, 0, 0, 4, 78.29
2026/09/06 07:39:07.768, 1, 0, 4, 81.97
2026/09/06 07:39:08.770, 0, 0, 4, 78.46
2026/09/06 07:39:08.774, 1, 0, 4, 81.86
2026/09/06 07:39:09.776, 0, 0, 4, 78.35
2026/09/06 07:39:09.778, 1, 0, 4, 81.82
2026/09/06 07:39:10.779, 0, 0, 4, 78.31
2026/09/06 07:39:10.785, 1, 0, 4, 81.81
2026/09/06 07:39:11.786, 0, 0, 4, 78.39
2026/09/06 07:39:11.788, 1, 0, 4, 81.83
2026/09/06 07:39:12.791, 0, 0, 4, 78.36
2026/09/06 07:39:12.794, 1, 0, 4, 81.81
2026/09/06 07:39:13.795, 0, 0, 4, 78.33
2026/09/06 07:39:13.797, 1, 0, 4, 81.87
2026/09/06 07:39:14.798, 0, 0, 4, 78.40
2026/09/06 07:39:14.800, 1, 0, 4, 81.78
2026/09/06 07:39:15.804, 0, 0, 4, 78.37
2026/09/06 07:39:15.806, 1, 0, 4, 81.69
2026/09/06 07:39:16.808, 0, 0, 4, 78.38
2026/09/06 07:39:16.810, 1, 0, 4, 81.70
2026/09/06 07:39:17.811, 0, 0, 4, 78.45
2026/09/06 07:39:17.813, 1, 0, 4, 81.70
2026/09/06 07:39:18.815, 0, 0, 4, 78.32
2026/09/06 07:39:18.817, 1, 0, 4, 81.66
2026/09/06 07:39:19.819, 0, 0, 4, 78.36
2026/09/06 07:39:19.821, 1, 0, 4, 81.75
2026/09/06 07:39:20.822, 0, 0, 4, 78.28
2026/09/06 07:39:20.825, 1, 0, 4, 81.75
2026/09/06 07:39:21.827, 0, 0, 4, 78.39
2026/09/06 07:39:21.829, 1, 0, 4, 81.72
2026/09/06 07:39:22.831, 0, 0, 4, 78.41
2026/09/06 07:39:22.833, 1, 0, 4, 81.59
2026/09/06 07:39:23.836, 0, 0, 4, 78.38
2026/09/06 07:39:23.837, 1, 0, 4, 81.53
2026/09/06 07:39:24.838, 0, 0, 4, 78.36
2026/09/06 07:39:24.841, 1, 0, 4, 81.58
2026/09/06 07:39:25.843, 0, 0, 4, 78.29
2026/09/06 07:39:25.844, 1, 0, 4, 81.55
2026/09/06 07:39:26.846, 0, 0, 4, 78.32
2026/09/06 07:39:26.848, 1, 0, 4, 81.44
2026/09/06 07:39:27.850, 0, 0, 4, 78.21
2026/09/06 07:39:27.852, 1, 0, 4, 81.43
2026/09/06 07:39:28.854, 0, 0, 4, 78.26
2026/09/06 07:39:28.855, 1, 0, 4, 81.42
2026/09/06 07:39:29.856, 0, 0, 4, 78.16
2026/09/06 07:39:29.858, 1, 0, 4, 81.23
2026/09/06 07:39:30.861, 0, 0, 4, 78.24
2026/09/06 07:39:30.863, 1, 0, 4, 81.27
2026/09/06 07:39:31.864, 0, 0, 4, 78.16
2026/09/06 07:39:31.866, 1, 0, 4, 81.17
2026/09/06 07:39:32.869, 0, 0, 4, 78.19
2026/09/06 07:39:32.871, 1, 0, 4, 81.10
2026/09/06 07:39:33.873, 0, 0, 4, 78.04
2026/09/06 07:39:33.875, 1, 0, 4, 81.12
2026/09/06 07:39:34.877, 0, 0, 4, 77.93
2026/09/06 07:39:34.878, 1, 0, 4, 81.11
2026/09/06 07:39:35.880, 0, 0, 4, 78.08
2026/09/06 07:39:35.882, 1, 0, 4, 80.91
2026/09/06 07:39:36.883, 0, 0, 4, 78.03
2026/09/06 07:39:36.885, 1, 0, 4, 80.90
2026/09/06 07:39:37.887, 0, 0, 4, 77.99
2026/09/06 07:39:37.889, 1, 0, 4, 80.86
2026/09/06 07:39:38.891, 0, 0, 4, 77.94
2026/09/06 07:39:38.893, 1, 0, 4, 80.88
2026/09/06 07:39:39.894, 0, 0, 4, 77.96
2026/09/06 07:39:39.897, 1, 0, 4, 80.88
2026/09/06 07:39:40.899, 0, 0, 4, 77.95
2026/09/06 07:39:40.901, 1, 0, 4, 80.90
2026/09/06 07:39:41.903, 0, 0, 4, 77.95
2026/09/06 07:39:41.904, 1, 0, 4, 80.84
2026/09/06 07:39:42.906, 0, 0, 4, 77.87
2026/09/06 07:39:42.907, 1, 0, 4, 80.81
2026/09/06 07:39:43.909, 0, 0, 4, 78.03
2026/09/06 07:39:43.911, 1, 0, 4, 80.82
2026/09/06 07:39:44.914, 0, 0, 4, 77.94
2026/09/06 07:39:44.916, 1, 0, 4, 80.79
2026/09/06 07:39:45.918, 0, 0, 4, 77.98
2026/09/06 07:39:45.920, 1, 0, 4, 80.84
2026/09/06 07:39:46.921, 0, 0, 4, 77.87
2026/09/06 07:39:46.924, 1, 0, 4, 80.85
2026/09/06 07:39:47.925, 0, 0, 4, 77.90
2026/09/06 07:39:47.927, 1, 0, 4, 80.91
2026/09/06 07:39:48.928, 0, 0, 4, 78.00
2026/09/06 07:39:48.929, 1, 0, 4, 80.88
2026/09/06 07:39:49.931, 0, 0, 4, 77.94
2026/09/06 07:39:49.934, 1, 0, 4, 80.82
2026/09/06 07:39:50.936, 0, 0, 4, 78.08
2026/09/06 07:39:50.938, 1, 0, 4, 80.82
2026/09/06 07:39:51.939, 0, 0, 4, 77.96
2026/09/06 07:39:51.940, 1, 0, 4, 80.86
2026/09/06 07:39:52.942, 0, 0, 4, 77.99
2026/09/06 07:39:52.943, 1, 0, 4, 80.88
2026/09/06 07:39:53.945, 0, 0, 4, 78.01
2026/09/06 07:39:53.947, 1, 0, 4, 80.92
2026/09/06 07:39:54.948, 0, 0, 4, 78.04
2026/09/06 07:39:54.951, 1, 0, 4, 80.90
2026/09/06 07:39:55.953, 0, 0, 4, 78.01
2026/09/06 07:39:55.954, 1, 0, 4, 80.84
2026/09/06 07:39:56.955, 0, 0, 4, 78.08
2026/09/06 07:39:56.957, 1, 0, 4, 80.83
2026/09/06 07:39:57.959, 0, 0, 4, 78.07
2026/09/06 07:39:57.960, 1, 0, 4, 80.85
2026/09/06 07:39:58.962, 0, 0, 4, 78.07
2026/09/06 07:39:58.964, 1, 0, 4, 80.82
2026/09/06 07:39:59.967, 0, 0, 4, 77.99
2026/09/06 07:39:59.969, 1, 0, 4, 80.79
2026/09/06 07:40:00.970, 0, 0, 4, 78.06
2026/09/06 07:40:00.973, 1, 0, 4, 80.89
2026/09/06 07:40:01.975, 0, 0, 4, 78.03
2026/09/06 07:40:01.977, 1, 0, 4, 80.93
2026/09/06 07:40:02.978, 0, 0, 4, 78.13
2026/09/06 07:40:02.980, 1, 0, 4, 80.87
2026/09/06 07:40:03.982, 0, 0, 4, 78.11
2026/09/06 07:40:03.984, 1, 0, 4, 80.82
2026/09/06 07:40:04.986, 0, 0, 4, 78.05
2026/09/06 07:40:04.987, 1, 0, 4, 80.76
2026/09/06 07:40:05.989, 0, 0, 4, 78.09
2026/09/06 07:40:05.991, 1, 0, 4, 80.86
2026/09/06 07:40:06.993, 0, 0, 4, 78.04
2026/09/06 07:40:06.996, 1, 0, 4, 80.90
2026/09/06 07:40:07.998, 0, 0, 4, 78.09
2026/09/06 07:40:08.000, 1, 0, 4, 80.83
2026/09/06 07:40:09.001, 0, 0, 4, 78.05
2026/09/06 07:40:09.004, 1, 0, 4, 80.91
2026/09/06 07:40:10.005, 0, 0, 4, 78.04
2026/09/06 07:40:10.007, 1, 0, 4, 80.88
2026/09/06 07:40:11.009, 0, 0, 4, 78.06
2026/09/06 07:40:11.012, 1, 0, 4, 80.81
2026/09/06 07:40:12.014, 0, 0, 4, 78.07
2026/09/06 07:40:12.016, 1, 0, 4, 80.80
2026/09/06 07:40:13.018, 0, 0, 4, 78.15
2026/09/06 07:40:13.019, 1, 0, 4, 80.82
2026/09/06 07:40:14.022, 0, 0, 4, 78.11
2026/09/06 07:40:14.023, 1, 0, 4, 80.81
2026/09/06 07:40:15.025, 0, 0, 4, 77.99
2026/09/06 07:40:15.029, 1, 0, 4, 80.83
2026/09/06 07:40:16.031, 0, 0, 4, 78.14
2026/09/06 07:40:16.033, 1, 0, 4, 80.86
2026/09/06 07:40:17.035, 0, 0, 4, 78.12
2026/09/06 07:40:17.036, 1, 0, 4, 80.83
2026/09/06 07:40:18.038, 0, 0, 4, 78.14
2026/09/06 07:40:18.040, 1, 0, 4, 80.81
2026/09/06 07:40:19.042, 0, 0, 4, 78.12
2026/09/06 07:40:19.044, 1, 0, 4, 80.78
2026/09/06 07:40:20.045, 0, 0, 4, 78.17
2026/09/06 07:40:20.047, 1, 0, 4, 80.86
2026/09/06 07:40:21.049, 0, 0, 4, 78.12
2026/09/06 07:40:21.051, 1, 0, 4, 80.86
2026/09/06 07:40:22.053, 0, 0, 4, 78.06
2026/09/06 07:40:22.054, 1, 0, 4, 80.87
2026/09/06 07:40:23.056, 0, 0, 4, 78.11
2026/09/06 07:40:23.057, 1, 0, 4, 80.93
2026/09/06 07:40:24.059, 0, 0, 4, 78.12
2026/09/06 07:40:24.062, 1, 0, 4, 80.80
2026/09/06 07:40:25.063, 0, 0, 4, 78.18
2026/09/06 07:40:25.064, 1, 0, 4, 80.78
2026/09/06 07:40:26.066, 0, 0, 4, 78.15
2026/09/06 07:40:26.067, 1, 0, 4, 80.78
2026/09/06 07:40:27.069, 0, 0, 4, 78.05
2026/09/06 07:40:27.071, 1, 0, 4, 80.76
2026/09/06 07:40:28.072, 0, 0, 4, 78.14
2026/09/06 07:40:28.074, 1, 0, 4, 80.87
2026/09/06 07:40:29.076, 0, 0, 4, 78.18
2026/09/06 07:40:29.078, 1, 0, 4, 80.80
2026/09/06 07:40:30.080, 0, 0, 4, 78.13
2026/09/06 07:40:30.084, 1, 0, 4, 80.79
2026/09/06 07:40:31.088, 0, 0, 4, 78.18
2026/09/06 07:40:31.090, 1, 0, 4, 80.73
2026/09/06 07:40:32.091, 0, 0, 4, 78.14
2026/09/06 07:40:32.093, 1, 0, 4, 80.70
2026/09/06 07:40:33.096, 0, 0, 4, 78.17
2026/09/06 07:40:33.098, 1, 0, 4, 80.81
2026/09/06 07:40:34.102, 0, 0, 4, 78.11
2026/09/06 07:40:34.103, 1, 0, 4, 80.77
2026/09/06 07:40:35.105, 0, 0, 22, 80.29
2026/09/06 07:40:35.110, 1, 0, 4, 80.80
2026/09/06 07:40:36.113, 0, 0, 724, 121.13
2026/09/06 07:40:36.115, 1, 0, 4, 80.79
2026/09/06 07:40:37.116, 0, 0, 9552, 119.54
2026/09/06 07:40:37.118, 1, 0, 4, 80.75
2026/09/06 07:40:38.119, 0, 9, 9552, 121.02
2026/09/06 07:40:38.121, 1, 0, 4, 80.66
2026/09/06 07:40:39.123, 0, 16, 9734, 121.64
2026/09/06 07:40:39.125, 1, 0, 4, 80.64
2026/09/06 07:40:40.127, 0, 27, 107838, 127.57
2026/09/06 07:40:40.128, 1, 0, 4, 80.68
2026/09/06 07:40:41.130, 0, 0, 107842, 120.49
2026/09/06 07:40:41.132, 1, 0, 4, 80.77
2026/09/06 07:40:42.134, 0, 0, 107874, 120.31
2026/09/06 07:40:42.136, 1, 0, 4, 80.73
2026/09/06 07:40:43.138, 0, 2, 107932, 122.63
2026/09/06 07:40:43.140, 1, 0, 4, 80.72
2026/09/06 07:40:44.142, 0, 0, 107938, 131.67
2026/09/06 07:40:44.144, 1, 0, 4, 80.72
2026/09/06 07:40:45.146, 0, 0, 107938, 120.54
2026/09/06 07:40:45.147, 1, 0, 4, 80.71
2026/09/06 07:40:46.149, 0, 0, 107938, 120.39
2026/09/06 07:40:46.151, 1, 0, 4, 80.71
2026/09/06 07:40:47.153, 0, 0, 107938, 120.35
2026/09/06 07:40:47.155, 1, 0, 4, 80.71
2026/09/06 07:40:48.157, 0, 0, 107988, 122.28
2026/09/06 07:40:48.158, 1, 0, 4, 80.75
2026/09/06 07:40:49.160, 0, 0, 107988, 120.56
2026/09/06 07:40:49.161, 1, 0, 4, 80.71
2026/09/06 07:40:50.163, 0, 0, 107988, 120.48
2026/09/06 07:40:50.165, 1, 0, 4, 80.71
2026/09/06 07:40:51.167, 0, 0, 107988, 120.50
2026/09/06 07:40:51.168, 1, 0, 4, 80.68
2026/09/06 07:40:52.170, 0, 0, 107988, 120.48
2026/09/06 07:40:52.172, 1, 0, 4, 80.70
2026/09/06 07:40:53.173, 0, 2, 108542, 124.39
2026/09/06 07:40:53.175, 1, 0, 4, 80.72
2026/09/06 07:40:54.176, 0, 100, 109330, 434.43
2026/09/06 07:40:54.178, 1, 0, 4, 80.70
2026/09/06 07:40:55.181, 0, 100, 109330, 451.29
2026/09/06 07:40:55.182, 1, 0, 4, 80.75
2026/09/06 07:40:56.184, 0, 100, 109330, 455.55
2026/09/06 07:40:56.186, 1, 0, 4, 80.79
2026/09/06 07:40:57.187, 0, 100, 109330, 460.55
2026/09/06 07:40:57.189, 1, 0, 4, 80.74
2026/09/06 07:40:58.190, 0, 100, 109330, 468.15
2026/09/06 07:40:58.191, 1, 0, 4, 80.77
2026/09/06 07:40:59.193, 0, 100, 109330, 470.73
2026/09/06 07:40:59.194, 1, 0, 4, 80.70
2026/09/06 07:41:00.195, 0, 100, 109332, 473.89
2026/09/06 07:41:00.197, 1, 0, 4, 80.71
2026/09/06 07:41:01.198, 0, 100, 109332, 405.79
2026/09/06 07:41:01.200, 1, 0, 4, 80.73
2026/09/06 07:41:02.201, 0, 100, 109332, 476.00
2026/09/06 07:41:02.203, 1, 0, 4, 80.69
2026/09/06 07:41:03.204, 0, 100, 109332, 481.10
2026/09/06 07:41:03.206, 1, 0, 4, 80.91
2026/09/06 07:41:04.208, 0, 100, 109332, 484.41
2026/09/06 07:41:04.209, 1, 0, 4, 80.71
2026/09/06 07:41:05.211, 0, 100, 109332, 413.83
2026/09/06 07:41:05.212, 1, 0, 4, 80.69
2026/09/06 07:41:06.214, 0, 100, 109332, 490.37
2026/09/06 07:41:06.224, 1, 0, 4, 80.73
2026/09/06 07:41:07.226, 0, 100, 109332, 486.76
2026/09/06 07:41:07.228, 1, 0, 4, 80.73
2026/09/06 07:41:08.230, 0, 97, 109332, 494.77
2026/09/06 07:41:08.232, 1, 0, 4, 80.75
2026/09/06 07:41:09.234, 0, 100, 109332, 494.79
2026/09/06 07:41:09.236, 1, 0, 4, 80.68
2026/09/06 07:41:10.237, 0, 100, 109332, 500.82
2026/09/06 07:41:10.240, 1, 0, 4, 80.82
2026/09/06 07:41:11.241, 0, 100, 109332, 498.56
2026/09/06 07:41:11.243, 1, 0, 4, 80.82
2026/09/06 07:41:12.245, 0, 100, 109332, 507.28
2026/09/06 07:41:12.247, 1, 0, 4, 80.73
2026/09/06 07:41:13.250, 0, 100, 109332, 512.82
2026/09/06 07:41:13.252, 1, 0, 4, 80.80
2026/09/06 07:41:14.253, 0, 100, 109332, 512.89
2026/09/06 07:41:14.255, 1, 0, 4, 80.70
2026/09/06 07:41:15.257, 0, 100, 109334, 434.48
2026/09/06 07:41:15.258, 1, 0, 4, 80.77
2026/09/06 07:41:16.260, 0, 100, 109334, 503.72
2026/09/06 07:41:16.261, 1, 0, 4, 80.64
2026/09/06 07:41:17.263, 0, 100, 109334, 502.27
2026/09/06 07:41:17.265, 1, 0, 4, 80.72
2026/09/06 07:41:18.267, 0, 100, 109334, 510.52
2026/09/06 07:41:18.270, 1, 0, 4, 80.66
2026/09/06 07:41:19.273, 0, 100, 109334, 518.31
2026/09/06 07:41:19.274, 1, 0, 4, 80.72
2026/09/06 07:41:20.275, 0, 100, 109334, 512.90
2026/09/06 07:41:20.277, 1, 0, 4, 80.70
2026/09/06 07:41:21.279, 0, 100, 109334, 517.42
2026/09/06 07:41:21.281, 1, 0, 4, 80.65
2026/09/06 07:41:22.283, 0, 100, 109334, 520.47
2026/09/06 07:41:22.285, 1, 0, 4, 80.69
2026/09/06 07:41:23.289, 0, 100, 109334, 519.27
2026/09/06 07:41:23.291, 1, 0, 4, 80.75
2026/09/06 07:41:24.293, 0, 100, 109334, 526.10
2026/09/06 07:41:24.295, 1, 0, 4, 80.63
2026/09/06 07:41:25.297, 0, 100, 109334, 519.49
2026/09/06 07:41:25.299, 1, 0, 4, 80.61
2026/09/06 07:41:26.301, 0, 100, 109334, 525.53
2026/09/06 07:41:26.302, 1, 0, 4, 80.83
2026/09/06 07:41:27.306, 0, 100, 109334, 525.48
2026/09/06 07:41:27.308, 1, 0, 4, 80.88
2026/09/06 07:41:28.310, 0, 100, 109334, 529.51
2026/09/06 07:41:28.311, 1, 0, 4, 80.89
2026/09/06 07:41:29.314, 0, 100, 109334, 520.89
2026/09/06 07:41:29.315, 1, 0, 4, 80.68
2026/09/06 07:41:30.317, 0, 100, 109334, 531.50
2026/09/06 07:41:30.318, 1, 0, 4, 80.84
2026/09/06 07:41:31.320, 0, 100, 109334, 530.51
2026/09/06 07:41:31.322, 1, 0, 4, 80.84
2026/09/06 07:41:32.324, 0, 100, 109334, 533.61
2026/09/06 07:41:32.325, 1, 0, 4, 80.63
2026/09/06 07:41:33.327, 0, 100, 109334, 547.23
2026/09/06 07:41:33.329, 1, 0, 4, 80.75
2026/09/06 07:41:34.331, 0, 100, 109334, 545.40
2026/09/06 07:41:34.335, 1, 0, 4, 80.66
2026/09/06 07:41:35.337, 0, 100, 109336, 510.58
2026/09/06 07:41:35.338, 1, 0, 4, 80.66
2026/09/06 07:41:36.341, 0, 100, 109336, 534.07
2026/09/06 07:41:36.342, 1, 0, 4, 80.74
2026/09/06 07:41:37.344, 0, 95, 109336, 533.29
2026/09/06 07:41:37.346, 1, 0, 4, 80.68
2026/09/06 07:41:38.348, 0, 100, 109336, 534.62
2026/09/06 07:41:38.350, 1, 0, 4, 80.64
2026/09/06 07:41:39.353, 0, 100, 109336, 534.60
2026/09/06 07:41:39.355, 1, 0, 4, 80.58
2026/09/06 07:41:40.357, 0, 100, 109336, 506.99
2026/09/06 07:41:40.359, 1, 0, 4, 80.71
2026/09/06 07:41:41.361, 0, 100, 109336, 530.68
2026/09/06 07:41:41.363, 1, 0, 4, 80.59
2026/09/06 07:41:42.365, 0, 100, 109336, 533.77
2026/09/06 07:41:42.368, 1, 0, 4, 80.73
2026/09/06 07:41:43.370, 0, 100, 109336, 536.74
2026/09/06 07:41:43.385, 1, 0, 4, 80.73
2026/09/06 07:41:44.389, 0, 100, 109336, 507.63
2026/09/06 07:41:44.390, 1, 0, 4, 80.70
2026/09/06 07:41:45.392, 0, 100, 109336, 521.44
2026/09/06 07:41:45.394, 1, 0, 4, 80.59
2026/09/06 07:41:46.395, 0, 100, 109336, 530.88
2026/09/06 07:41:46.397, 1, 0, 4, 80.55
2026/09/06 07:41:47.399, 0, 100, 109336, 529.07
2026/09/06 07:41:47.401, 1, 0, 4, 80.62
2026/09/06 07:41:48.402, 0, 100, 109336, 533.61
2026/09/06 07:41:48.404, 1, 0, 4, 80.66
2026/09/06 07:41:49.406, 0, 100, 109336, 523.01
2026/09/06 07:41:49.408, 1, 0, 4, 80.72
2026/09/06 07:41:50.410, 0, 100, 109336, 537.72
2026/09/06 07:41:50.411, 1, 0, 4, 80.72
2026/09/06 07:41:51.413, 0, 100, 109336, 541.76
2026/09/06 07:41:51.415, 1, 0, 4, 80.73
2026/09/06 07:41:52.417, 0, 100, 109336, 542.53
2026/09/06 07:41:52.419, 1, 0, 4, 80.66
2026/09/06 07:41:53.425, 0, 100, 109336, 537.96
2026/09/06 07:41:53.427, 1, 0, 4, 80.72
2026/09/06 07:41:54.429, 0, 100, 109336, 549.87
2026/09/06 07:41:54.430, 1, 0, 4, 80.71
2026/09/06 07:41:55.431, 0, 100, 109336, 532.83
2026/09/06 07:41:55.433, 1, 0, 4, 80.75
2026/09/06 07:41:56.435, 0, 100, 109336, 548.01
2026/09/06 07:41:56.436, 1, 0, 4, 80.75
2026/09/06 07:41:57.438, 0, 100, 109336, 559.27
2026/09/06 07:41:57.440, 1, 0, 4, 80.75
2026/09/06 07:41:58.442, 0, 100, 109336, 556.81
2026/09/06 07:41:58.444, 1, 0, 4, 80.71
2026/09/06 07:41:59.445, 0, 98, 109336, 527.21
2026/09/06 07:41:59.447, 1, 0, 4, 80.68
2026/09/06 07:42:00.448, 0, 100, 109336, 563.65
2026/09/06 07:42:00.449, 1, 0, 4, 80.77
2026/09/06 07:42:01.451, 0, 100, 109336, 561.29
2026/09/06 07:42:01.452, 1, 0, 4, 80.81
2026/09/06 07:42:02.454, 0, 100, 109336, 553.72
2026/09/06 07:42:02.456, 1, 0, 4, 80.81
2026/09/06 07:42:03.457, 0, 100, 109336, 555.77
2026/09/06 07:42:03.459, 1, 0, 4, 80.84
2026/09/06 07:42:04.461, 0, 100, 109336, 559.25
2026/09/06 07:42:04.463, 1, 0, 4, 80.83
2026/09/06 07:42:05.464, 0, 100, 109336, 538.31
2026/09/06 07:42:05.466, 1, 0, 4, 80.85
2026/09/06 07:42:06.467, 0, 100, 109336, 557.06
2026/09/06 07:42:06.470, 1, 0, 4, 80.76
2026/09/06 07:42:07.472, 0, 100, 109336, 558.77
2026/09/06 07:42:07.474, 1, 0, 4, 80.78
2026/09/06 07:42:08.476, 0, 100, 109336, 563.10
2026/09/06 07:42:08.482, 1, 0, 4, 80.72
2026/09/06 07:42:09.491, 0, 100, 109336, 569.69
2026/09/06 07:42:09.493, 1, 0, 4, 80.79
2026/09/06 07:42:10.494, 0, 100, 109336, 556.29
2026/09/06 07:42:10.497, 1, 0, 4, 80.79
2026/09/06 07:42:11.499, 0, 100, 109336, 569.66
2026/09/06 07:42:11.501, 1, 0, 4, 80.79
2026/09/06 07:42:12.503, 0, 100, 109336, 572.83
2026/09/06 07:42:12.505, 1, 0, 4, 80.78
2026/09/06 07:42:13.508, 0, 100, 109336, 567.67
2026/09/06 07:42:13.510, 1, 0, 4, 80.77
2026/09/06 07:42:14.511, 0, 100, 109336, 572.98
2026/09/06 07:42:14.513, 1, 0, 4, 80.70
2026/09/06 07:42:15.514, 0, 100, 109336, 578.32
2026/09/06 07:42:15.516, 1, 0, 4, 80.90
2026/09/06 07:42:16.518, 0, 100, 109336, 573.15
2026/09/06 07:42:16.519, 1, 0, 4, 80.80
2026/09/06 07:42:17.521, 0, 100, 109336, 583.48
2026/09/06 07:42:17.522, 1, 0, 4, 80.75
2026/09/06 07:42:18.524, 0, 100, 109336, 571.77
2026/09/06 07:42:18.526, 1, 0, 4, 80.90
2026/09/06 07:42:19.529, 0, 100, 109336, 582.82
2026/09/06 07:42:19.530, 1, 0, 4, 80.74
2026/09/06 07:42:20.532, 0, 100, 109336, 581.57
2026/09/06 07:42:20.534, 1, 0, 4, 80.83
2026/09/06 07:42:21.535, 0, 100, 109336, 583.61
2026/09/06 07:42:21.537, 1, 0, 4, 80.88
2026/09/06 07:42:22.539, 0, 100, 109336, 580.46
2026/09/06 07:42:22.540, 1, 0, 4, 80.92
2026/09/06 07:42:23.543, 0, 100, 109336, 578.93
2026/09/06 07:42:23.544, 1, 0, 4, 80.93
2026/09/06 07:42:24.546, 0, 100, 109336, 591.08
2026/09/06 07:42:24.548, 1, 0, 4, 80.96
2026/09/06 07:42:25.549, 0, 100, 109336, 589.07
2026/09/06 07:42:25.551, 1, 0, 4, 80.89
2026/09/06 07:42:26.553, 0, 100, 109338, 528.61
2026/09/06 07:42:26.554, 1, 0, 4, 80.96
2026/09/06 07:42:27.555, 0, 100, 109350, 378.51
2026/09/06 07:42:27.557, 1, 0, 4, 80.98
2026/09/06 07:42:28.559, 0, 100, 109350, 525.49
2026/09/06 07:42:28.561, 1, 0, 4, 80.90
2026/09/06 07:42:29.562, 0, 100, 109350, 527.93
2026/09/06 07:42:29.564, 1, 0, 4, 80.90
2026/09/06 07:42:30.567, 0, 100, 109350, 528.02
2026/09/06 07:42:30.569, 1, 0, 4, 81.05
2026/09/06 07:42:31.571, 0, 100, 109350, 540.17
2026/09/06 07:42:31.572, 1, 0, 4, 80.97
2026/09/06 07:42:32.574, 0, 100, 109350, 532.16
2026/09/06 07:42:32.576, 1, 0, 4, 81.08
2026/09/06 07:42:33.577, 0, 97, 109350, 541.68
2026/09/06 07:42:33.579, 1, 0, 4, 81.02
2026/09/06 07:42:34.580, 0, 100, 109350, 512.02
2026/09/06 07:42:34.582, 1, 0, 4, 80.99
2026/09/06 07:42:35.584, 0, 100, 109350, 435.68
2026/09/06 07:42:35.585, 1, 0, 4, 81.02
2026/09/06 07:42:36.588, 0, 100, 109350, 518.63
2026/09/06 07:42:36.590, 1, 0, 4, 81.10
2026/09/06 07:42:37.591, 0, 100, 109350, 528.96
2026/09/06 07:42:37.594, 1, 0, 4, 81.07
2026/09/06 07:42:38.595, 0, 100, 109350, 526.60
2026/09/06 07:42:38.597, 1, 0, 4, 81.06
2026/09/06 07:42:39.598, 0, 100, 109350, 531.60
2026/09/06 07:42:39.601, 1, 0, 4, 81.01
2026/09/06 07:42:40.603, 0, 100, 109350, 531.20
2026/09/06 07:42:40.605, 1, 0, 4, 81.05
2026/09/06 07:42:41.606, 0, 100, 109350, 526.65
2026/09/06 07:42:41.614, 1, 0, 4, 81.03
2026/09/06 07:42:42.616, 0, 100, 109350, 531.89
2026/09/06 07:42:42.618, 1, 0, 4, 80.91
2026/09/06 07:42:43.621, 0, 100, 109350, 533.97
2026/09/06 07:42:43.623, 1, 0, 4, 81.07
2026/09/06 07:42:44.626, 0, 100, 109350, 539.28
2026/09/06 07:42:44.627, 1, 0, 4, 81.07
2026/09/06 07:42:45.628, 0, 100, 109350, 537.80
2026/09/06 07:42:45.631, 1, 0, 4, 81.08
2026/09/06 07:42:46.639, 0, 99, 109350, 542.20
2026/09/06 07:42:46.640, 1, 0, 4, 81.05
2026/09/06 07:42:47.642, 0, 100, 109350, 539.97
2026/09/06 07:42:47.644, 1, 0, 4, 80.96
2026/09/06 07:42:48.647, 0, 100, 109350, 538.13
2026/09/06 07:42:48.649, 1, 0, 4, 80.98
2026/09/06 07:42:49.650, 0, 100, 109350, 518.22
2026/09/06 07:42:49.653, 1, 0, 4, 80.97
2026/09/06 07:42:50.657, 0, 100, 109350, 527.64
2026/09/06 07:42:50.659, 1, 0, 4, 81.04
2026/09/06 07:42:51.661, 0, 100, 109350, 539.13
2026/09/06 07:42:51.664, 1, 0, 4, 81.01
2026/09/06 07:42:52.666, 0, 100, 109350, 529.08
2026/09/06 07:42:52.668, 1, 0, 4, 80.99
2026/09/06 07:42:53.670, 0, 100, 109350, 538.70
2026/09/06 07:42:53.673, 1, 0, 4, 81.01
2026/09/06 07:42:54.675, 0, 100, 109350, 533.42
2026/09/06 07:42:54.677, 1, 0, 4, 81.00
2026/09/06 07:42:55.678, 0, 100, 109350, 541.03
2026/09/06 07:42:55.680, 1, 0, 4, 80.97
2026/09/06 07:42:56.682, 0, 100, 109350, 540.44
2026/09/06 07:42:56.684, 1, 0, 4, 81.03
2026/09/06 07:42:57.685, 0, 100, 109350, 545.38
2026/09/06 07:42:57.687, 1, 0, 4, 81.09
2026/09/06 07:42:58.689, 0, 100, 109350, 535.70
2026/09/06 07:42:58.691, 1, 0, 4, 81.10
2026/09/06 07:42:59.692, 0, 100, 109350, 541.79
2026/09/06 07:42:59.694, 1, 0, 4, 81.09
2026/09/06 07:43:00.696, 0, 100, 109350, 546.84
2026/09/06 07:43:00.698, 1, 0, 4, 81.03
2026/09/06 07:43:01.700, 0, 100, 109350, 546.69
2026/09/06 07:43:01.701, 1, 0, 4, 80.99
2026/09/06 07:43:02.703, 0, 100, 109350, 553.51
2026/09/06 07:43:02.705, 1, 0, 4, 81.01
2026/09/06 07:43:03.706, 0, 100, 109350, 532.97
2026/09/06 07:43:03.708, 1, 0, 4, 81.10
2026/09/06 07:43:04.709, 0, 100, 109350, 537.22
2026/09/06 07:43:04.711, 1, 0, 4, 80.87
2026/09/06 07:43:05.713, 0, 100, 109350, 532.89
2026/09/06 07:43:05.716, 1, 0, 4, 80.96
2026/09/06 07:43:06.717, 0, 96, 109350, 469.41
2026/09/06 07:43:06.719, 1, 0, 4, 81.00
2026/09/06 07:43:07.721, 0, 100, 109350, 564.43
2026/09/06 07:43:07.723, 1, 0, 4, 80.93
2026/09/06 07:43:08.725, 0, 100, 109350, 565.72
2026/09/06 07:43:08.727, 1, 0, 4, 80.99
2026/09/06 07:43:09.728, 0, 100, 109350, 552.64
2026/09/06 07:43:09.730, 1, 0, 4, 80.85
2026/09/06 07:43:10.733, 0, 100, 109350, 508.06
2026/09/06 07:43:10.734, 1, 0, 4, 80.96
2026/09/06 07:43:11.736, 0, 100, 109350, 537.37
2026/09/06 07:43:11.738, 1, 0, 4, 81.03
2026/09/06 07:43:12.740, 0, 100, 109350, 538.51
2026/09/06 07:43:12.742, 1, 0, 4, 81.03
2026/09/06 07:43:13.743, 0, 100, 109350, 535.13
2026/09/06 07:43:13.745, 1, 0, 4, 80.85
2026/09/06 07:43:14.746, 0, 100, 109350, 542.86
2026/09/06 07:43:14.748, 1, 0, 4, 80.90
2026/09/06 07:43:15.751, 0, 100, 109350, 543.39
2026/09/06 07:43:15.753, 1, 0, 4, 80.91
2026/09/06 07:43:16.754, 0, 100, 109350, 545.14
2026/09/06 07:43:16.757, 1, 0, 4, 81.12
2026/09/06 07:43:17.759, 0, 100, 109350, 549.71
2026/09/06 07:43:17.761, 1, 0, 4, 81.04
2026/09/06 07:43:18.762, 0, 100, 109350, 554.70
2026/09/06 07:43:18.764, 1, 0, 4, 81.01
2026/09/06 07:43:19.767, 0, 100, 109350, 549.18
2026/09/06 07:43:19.769, 1, 0, 4, 81.02
2026/09/06 07:43:20.771, 0, 100, 109350, 556.65
2026/09/06 07:43:20.774, 1, 0, 4, 80.97
2026/09/06 07:43:21.777, 0, 100, 109350, 558.70
2026/09/06 07:43:21.779, 1, 0, 4, 80.85
2026/09/06 07:43:22.780, 0, 100, 109350, 559.69
2026/09/06 07:43:22.782, 1, 0, 4, 80.82
2026/09/06 07:43:23.785, 0, 100, 109350, 513.35
2026/09/06 07:43:23.787, 1, 0, 4, 80.91
2026/09/06 07:43:24.789, 0, 96, 109350, 486.13
2026/09/06 07:43:24.790, 1, 0, 4, 80.85
2026/09/06 07:43:25.792, 0, 100, 109350, 538.55
2026/09/06 07:43:25.793, 1, 0, 4, 80.78
2026/09/06 07:43:26.795, 0, 100, 109350, 523.52
2026/09/06 07:43:26.797, 1, 0, 4, 80.63
2026/09/06 07:43:27.799, 0, 99, 109350, 541.26
2026/09/06 07:43:27.801, 1, 0, 4, 80.61
2026/09/06 07:43:28.802, 0, 100, 109350, 538.41
2026/09/06 07:43:28.804, 1, 0, 4, 80.60
2026/09/06 07:43:29.806, 0, 100, 109350, 539.53
2026/09/06 07:43:29.807, 1, 0, 4, 80.73
2026/09/06 07:43:30.809, 0, 100, 109350, 532.52
2026/09/06 07:43:30.812, 1, 0, 4, 80.79
2026/09/06 07:43:31.813, 0, 100, 109350, 545.87
2026/09/06 07:43:31.815, 1, 0, 4, 80.66
2026/09/06 07:43:32.819, 0, 100, 109350, 540.23
2026/09/06 07:43:32.824, 1, 0, 4, 80.66
2026/09/06 07:43:33.826, 0, 89, 109350, 532.38
2026/09/06 07:43:33.827, 1, 0, 4, 80.54
2026/09/06 07:43:34.829, 0, 100, 109350, 559.46
2026/09/06 07:43:34.831, 1, 0, 4, 80.58
2026/09/06 07:43:35.832, 0, 100, 109350, 559.78
2026/09/06 07:43:35.834, 1, 0, 4, 80.55
2026/09/06 07:43:36.836, 0, 100, 109350, 560.06
2026/09/06 07:43:36.837, 1, 0, 4, 80.61
2026/09/06 07:43:37.840, 0, 100, 109350, 564.13
2026/09/06 07:43:37.844, 1, 0, 4, 80.64
2026/09/06 07:43:38.846, 0, 100, 109350, 558.32
2026/09/06 07:43:38.848, 1, 0, 4, 80.59
2026/09/06 07:43:39.850, 0, 100, 109350, 557.73
2026/09/06 07:43:39.851, 1, 0, 4, 80.52
2026/09/06 07:43:40.853, 0, 100, 109350, 560.20
2026/09/06 07:43:40.854, 1, 0, 4, 80.63
2026/09/06 07:43:41.856, 0, 100, 109350, 556.27
2026/09/06 07:43:41.858, 1, 0, 4, 80.58
2026/09/06 07:43:42.860, 0, 100, 109350, 568.26
2026/09/06 07:43:42.862, 1, 0, 4, 80.58
2026/09/06 07:43:43.863, 0, 100, 109350, 564.86
2026/09/06 07:43:43.865, 1, 0, 4, 80.64
2026/09/06 07:43:44.866, 0, 100, 109350, 565.53
2026/09/06 07:43:44.868, 1, 0, 4, 80.58
2026/09/06 07:43:45.870, 0, 100, 109350, 481.24
2026/09/06 07:43:45.871, 1, 0, 4, 80.70
2026/09/06 07:43:46.873, 0, 100, 109350, 555.79
2026/09/06 07:43:46.875, 1, 0, 4, 80.55
2026/09/06 07:43:47.877, 0, 96, 109350, 540.08
2026/09/06 07:43:47.879, 1, 0, 4, 80.69
2026/09/06 07:43:48.880, 0, 19, 109350, 474.18
2026/09/06 07:43:48.882, 1, 0, 4, 80.57
2026/09/06 07:43:49.883, 0, 100, 109350, 557.14
2026/09/06 07:43:49.885, 1, 0, 4, 80.64
2026/09/06 07:43:50.886, 0, 100, 109350, 560.42
2026/09/06 07:43:50.888, 1, 0, 4, 80.65
2026/09/06 07:43:51.889, 0, 100, 109350, 558.77
2026/09/06 07:43:51.891, 1, 0, 4, 80.70
2026/09/06 07:43:52.892, 0, 100, 109350, 560.48
2026/09/06 07:43:52.894, 1, 0, 4, 80.73
2026/09/06 07:43:53.895, 0, 100, 109350, 562.63
2026/09/06 07:43:53.896, 1, 0, 4, 80.74
2026/09/06 07:43:54.899, 0, 100, 109350, 557.88
2026/09/06 07:43:54.901, 1, 0, 4, 80.63
2026/09/06 07:43:55.903, 0, 100, 109350, 561.98
2026/09/06 07:43:55.905, 1, 0, 4, 80.67
2026/09/06 07:43:56.908, 0, 100, 109350, 559.60
2026/09/06 07:43:56.910, 1, 0, 4, 80.71
2026/09/06 07:43:57.911, 0, 100, 109350, 565.97
2026/09/06 07:43:57.913, 1, 0, 4, 80.70
2026/09/06 07:43:58.915, 0, 100, 109350, 573.54
2026/09/06 07:43:58.916, 1, 0, 4, 80.70
2026/09/06 07:43:59.918, 0, 52, 109350, 505.06
2026/09/06 07:43:59.919, 1, 0, 4, 80.80
2026/09/06 07:44:00.922, 0, 4, 109352, 458.08
2026/09/06 07:44:00.923, 1, 0, 4, 80.69
2026/09/06 07:44:01.925, 0, 100, 109352, 512.56
2026/09/06 07:44:01.926, 1, 0, 4, 80.69
2026/09/06 07:44:02.928, 0, 100, 109352, 529.60
2026/09/06 07:44:02.929, 1, 0, 4, 80.67
2026/09/06 07:44:03.931, 0, 100, 109352, 526.12
2026/09/06 07:44:03.933, 1, 0, 4, 80.79
2026/09/06 07:44:04.934, 0, 100, 109352, 526.78
2026/09/06 07:44:04.937, 1, 0, 4, 80.80
2026/09/06 07:44:05.938, 0, 100, 109352, 523.87
2026/09/06 07:44:05.940, 1, 0, 4, 80.74
2026/09/06 07:44:06.941, 0, 100, 109352, 527.90
2026/09/06 07:44:06.944, 1, 0, 4, 80.80
2026/09/06 07:44:07.945, 0, 100, 109352, 523.25
2026/09/06 07:44:07.946, 1, 0, 4, 80.71
2026/09/06 07:44:08.948, 0, 100, 109352, 527.76
2026/09/06 07:44:08.949, 1, 0, 4, 80.66
2026/09/06 07:44:09.950, 0, 100, 109352, 448.14
2026/09/06 07:44:09.952, 1, 0, 4, 80.68
2026/09/06 07:44:10.954, 0, 100, 109352, 512.29
2026/09/06 07:44:10.955, 1, 0, 4, 80.71
2026/09/06 07:44:11.956, 0, 100, 109352, 526.03
2026/09/06 07:44:11.958, 1, 0, 4, 80.76
2026/09/06 07:44:12.960, 0, 100, 109352, 529.18
2026/09/06 07:44:12.961, 1, 0, 4, 80.68
2026/09/06 07:44:13.963, 0, 100, 109352, 508.89
2026/09/06 07:44:13.964, 1, 0, 4, 80.68
2026/09/06 07:44:14.966, 0, 100, 109352, 538.86
2026/09/06 07:44:14.967, 1, 0, 4, 80.69
2026/09/06 07:44:15.969, 0, 100, 109352, 539.97
2026/09/06 07:44:15.970, 1, 0, 4, 80.70
2026/09/06 07:44:16.972, 0, 100, 109352, 539.32
2026/09/06 07:44:16.974, 1, 0, 4, 80.69
2026/09/06 07:44:17.975, 0, 100, 109352, 515.67
2026/09/06 07:44:17.977, 1, 0, 4, 80.65
2026/09/06 07:44:18.978, 0, 100, 109352, 536.75
2026/09/06 07:44:18.980, 1, 0, 4, 80.72
2026/09/06 07:44:19.982, 0, 100, 109352, 530.51
2026/09/06 07:44:19.983, 1, 0, 4, 80.73
2026/09/06 07:44:20.985, 0, 100, 109352, 537.84
2026/09/06 07:44:20.987, 1, 0, 4, 80.69
2026/09/06 07:44:21.989, 0, 100, 109352, 538.07
2026/09/06 07:44:21.991, 1, 0, 4, 80.64
2026/09/06 07:44:22.993, 0, 100, 109352, 539.15
2026/09/06 07:44:22.995, 1, 0, 4, 80.73
2026/09/06 07:44:23.997, 0, 100, 109352, 540.96
2026/09/06 07:44:24.000, 1, 0, 4, 80.72
2026/09/06 07:44:25.002, 0, 100, 109352, 536.76
2026/09/06 07:44:25.005, 1, 0, 4, 80.65
2026/09/06 07:44:26.009, 0, 100, 109352, 537.10
2026/09/06 07:44:26.011, 1, 0, 4, 80.75
2026/09/06 07:44:27.013, 0, 100, 109352, 537.66
2026/09/06 07:44:27.016, 1, 0, 4, 80.68
2026/09/06 07:44:28.018, 0, 100, 109352, 543.51
2026/09/06 07:44:28.020, 1, 0, 4, 80.73
2026/09/06 07:44:29.022, 0, 100, 109352, 543.41
2026/09/06 07:44:29.024, 1, 0, 4, 80.66
2026/09/06 07:44:30.025, 0, 100, 109352, 556.14
2026/09/06 07:44:30.027, 1, 0, 4, 80.66
2026/09/06 07:44:31.028, 0, 62, 109352, 518.93
2026/09/06 07:44:31.030, 1, 0, 4, 80.82
2026/09/06 07:44:32.032, 0, 100, 109352, 543.37
2026/09/06 07:44:32.035, 1, 0, 4, 80.81
2026/09/06 07:44:33.036, 0, 100, 109352, 543.72
2026/09/06 07:44:33.038, 1, 0, 4, 80.78
2026/09/06 07:44:34.040, 0, 100, 109352, 543.01
2026/09/06 07:44:34.041, 1, 0, 4, 80.67
2026/09/06 07:44:35.053, 0, 100, 109352, 552.12
2026/09/06 07:44:35.055, 1, 0, 4, 80.82
2026/09/06 07:44:36.056, 0, 100, 109352, 524.31
2026/09/06 07:44:36.058, 1, 0, 4, 80.67
2026/09/06 07:44:37.060, 0, 100, 109352, 540.33
2026/09/06 07:44:37.062, 1, 0, 4, 80.72
2026/09/06 07:44:38.063, 0, 59, 109352, 523.21
2026/09/06 07:44:38.065, 1, 0, 4, 80.79
2026/09/06 07:44:39.067, 0, 100, 109352, 546.98
2026/09/06 07:44:39.068, 1, 0, 4, 80.71
2026/09/06 07:44:40.070, 0, 100, 109352, 546.30
2026/09/06 07:44:40.071, 1, 0, 4, 80.82
2026/09/06 07:44:41.073, 0, 100, 109352, 525.13
2026/09/06 07:44:41.074, 1, 0, 4, 80.78
2026/09/06 07:44:42.076, 0, 100, 109352, 533.05
2026/09/06 07:44:42.077, 1, 0, 4, 80.77
2026/09/06 07:44:43.079, 0, 100, 109352, 536.91
2026/09/06 07:44:43.080, 1, 0, 4, 80.68
2026/09/06 07:44:44.082, 0, 100, 109352, 530.81
2026/09/06 07:44:44.083, 1, 0, 4, 80.82
2026/09/06 07:44:45.085, 0, 100, 109352, 537.58
2026/09/06 07:44:45.088, 1, 0, 4, 80.76
2026/09/06 07:44:46.089, 0, 100, 109352, 531.14
2026/09/06 07:44:46.092, 1, 0, 4, 80.84
2026/09/06 07:44:47.094, 0, 99, 109352, 537.14
2026/09/06 07:44:47.096, 1, 0, 4, 80.88
2026/09/06 07:44:48.098, 0, 100, 109352, 541.75
2026/09/06 07:44:48.100, 1, 0, 4, 80.81
2026/09/06 07:44:49.102, 0, 100, 109352, 543.11
2026/09/06 07:44:49.103, 1, 0, 4, 80.73
2026/09/06 07:44:50.105, 0, 100, 109352, 537.71
2026/09/06 07:44:50.108, 1, 0, 4, 80.77
2026/09/06 07:44:51.110, 0, 100, 109352, 519.95
2026/09/06 07:44:51.111, 1, 0, 4, 80.70
2026/09/06 07:44:52.113, 0, 100, 109352, 515.78
2026/09/06 07:44:52.114, 1, 0, 4, 80.74
2026/09/06 07:44:53.116, 0, 100, 109352, 539.21
2026/09/06 07:44:53.118, 1, 0, 4, 80.72
2026/09/06 07:44:54.119, 0, 100, 109352, 536.33
2026/09/06 07:44:54.121, 1, 0, 4, 80.86
2026/09/06 07:44:55.123, 0, 100, 109352, 544.22
2026/09/06 07:44:55.125, 1, 0, 4, 80.79
2026/09/06 07:44:56.127, 0, 100, 109352, 544.82
2026/09/06 07:44:56.128, 1, 0, 4, 80.77
2026/09/06 07:44:57.130, 0, 93, 109354, 526.91
2026/09/06 07:44:57.132, 1, 0, 4, 80.80
2026/09/06 07:44:58.133, 0, 96, 109354, 545.23
2026/09/06 07:44:58.135, 1, 0, 4, 80.86
2026/09/06 07:44:59.137, 0, 100, 109354, 532.43
2026/09/06 07:44:59.139, 1, 0, 4, 80.91
2026/09/06 07:45:00.140, 0, 100, 109354, 549.01
2026/09/06 07:45:00.142, 1, 0, 4, 80.82
2026/09/06 07:45:01.143, 0, 100, 109354, 557.44
2026/09/06 07:45:01.145, 1, 0, 4, 80.84
2026/09/06 07:45:02.146, 0, 100, 109354, 563.86
2026/09/06 07:45:02.148, 1, 0, 4, 80.87
2026/09/06 07:45:03.150, 0, 100, 109354, 561.27
2026/09/06 07:45:03.153, 1, 0, 4, 80.90
2026/09/06 07:45:04.154, 0, 100, 109354, 561.18
2026/09/06 07:45:04.156, 1, 0, 4, 80.75
2026/09/06 07:45:05.158, 0, 100, 109354, 562.12
2026/09/06 07:45:05.159, 1, 0, 4, 80.92
2026/09/06 07:45:06.161, 0, 100, 109354, 555.72
2026/09/06 07:45:06.162, 1, 0, 4, 80.87
2026/09/06 07:45:07.164, 0, 100, 109354, 571.24
2026/09/06 07:45:07.165, 1, 0, 4, 80.81
2026/09/06 07:45:08.166, 0, 100, 109354, 544.10
2026/09/06 07:45:08.168, 1, 0, 4, 81.01
2026/09/06 07:45:09.170, 0, 100, 109354, 550.67
2026/09/06 07:45:09.171, 1, 0, 4, 80.82
2026/09/06 07:45:10.173, 0, 100, 109354, 566.03
2026/09/06 07:45:10.175, 1, 0, 4, 80.78
2026/09/06 07:45:11.176, 0, 100, 109354, 558.90
2026/09/06 07:45:11.177, 1, 0, 4, 80.86
2026/09/06 07:45:12.179, 0, 100, 109354, 552.01
2026/09/06 07:45:12.180, 1, 0, 4, 80.92
2026/09/06 07:45:13.182, 0, 100, 109354, 556.60
2026/09/06 07:45:13.184, 1, 0, 4, 80.92
2026/09/06 07:45:14.185, 0, 100, 109354, 572.02
2026/09/06 07:45:14.187, 1, 0, 4, 81.01
2026/09/06 07:45:15.189, 0, 100, 109354, 562.16
2026/09/06 07:45:15.191, 1, 0, 4, 80.92
2026/09/06 07:45:16.193, 0, 100, 109354, 569.67
2026/09/06 07:45:16.195, 1, 0, 4, 80.99
2026/09/06 07:45:17.196, 0, 100, 109354, 562.78
2026/09/06 07:45:17.198, 1, 0, 4, 80.84
2026/09/06 07:45:18.200, 0, 100, 109354, 545.64
2026/09/06 07:45:18.202, 1, 0, 4, 80.88
2026/09/06 07:45:19.203, 0, 100, 109354, 579.17
2026/09/06 07:45:19.206, 1, 0, 4, 80.94
2026/09/06 07:45:20.207, 0, 100, 109354, 564.12
2026/09/06 07:45:20.209, 1, 0, 4, 80.94
2026/09/06 07:45:21.210, 0, 100, 109354, 566.51
2026/09/06 07:45:21.212, 1, 0, 4, 80.95
2026/09/06 07:45:22.213, 0, 100, 109354, 575.01
2026/09/06 07:45:22.215, 1, 0, 4, 80.74
2026/09/06 07:45:23.216, 0, 100, 109354, 572.65
2026/09/06 07:45:23.217, 1, 0, 4, 80.62
2026/09/06 07:45:24.219, 0, 100, 109354, 564.85
2026/09/06 07:45:24.220, 1, 0, 4, 80.69
2026/09/06 07:45:25.222, 0, 100, 109354, 581.76
2026/09/06 07:45:25.224, 1, 0, 4, 80.72
2026/09/06 07:45:26.225, 0, 100, 109354, 568.54
2026/09/06 07:45:26.227, 1, 0, 4, 80.67
2026/09/06 07:45:27.228, 0, 100, 109354, 572.66
2026/09/06 07:45:27.230, 1, 0, 4, 80.73
2026/09/06 07:45:28.232, 0, 100, 109354, 579.65
2026/09/06 07:45:28.233, 1, 0, 4, 80.82
2026/09/06 07:45:29.236, 0, 100, 109354, 571.53
2026/09/06 07:45:29.237, 1, 0, 4, 80.66
2026/09/06 07:45:30.240, 0, 100, 109356, 554.38
2026/09/06 07:45:30.241, 1, 0, 4, 80.66
2026/09/06 07:45:31.242, 0, 100, 109356, 585.04
2026/09/06 07:45:31.244, 1, 0, 4, 80.63
2026/09/06 07:45:32.246, 0, 100, 109356, 578.22
2026/09/06 07:45:32.248, 1, 0, 4, 80.74
2026/09/06 07:45:33.250, 0, 97, 109356, 572.34
2026/09/06 07:45:33.251, 1, 0, 4, 80.74
2026/09/06 07:45:34.252, 0, 100, 109358, 520.93
2026/09/06 07:45:34.254, 1, 0, 4, 80.62
2026/09/06 07:45:35.256, 0, 100, 109358, 444.73
2026/09/06 07:45:35.257, 1, 0, 4, 80.70
2026/09/06 07:45:36.260, 0, 100, 109358, 530.77
2026/09/06 07:45:36.264, 1, 0, 4, 80.71
2026/09/06 07:45:37.267, 0, 100, 109358, 538.51
2026/09/06 07:45:37.269, 1, 0, 4, 80.63
2026/09/06 07:45:38.271, 0, 97, 109358, 532.81
2026/09/06 07:45:38.272, 1, 0, 4, 80.75
2026/09/06 07:45:39.274, 0, 96, 109358, 532.89
2026/09/06 07:45:39.276, 1, 0, 4, 80.64
2026/09/06 07:45:40.277, 0, 100, 109358, 545.02
2026/09/06 07:45:40.280, 1, 0, 4, 80.71
2026/09/06 07:45:41.282, 0, 100, 109358, 444.97
2026/09/06 07:45:41.283, 1, 0, 4, 80.75
2026/09/06 07:45:42.285, 0, 100, 109358, 540.64
2026/09/06 07:45:42.286, 1, 0, 4, 80.78
2026/09/06 07:45:43.288, 0, 100, 109358, 493.61
2026/09/06 07:45:43.290, 1, 0, 4, 80.81
2026/09/06 07:45:44.291, 0, 100, 109358, 520.11
2026/09/06 07:45:44.293, 1, 0, 4, 80.76
2026/09/06 07:45:45.295, 0, 100, 109358, 516.40
2026/09/06 07:45:45.297, 1, 0, 4, 80.87
2026/09/06 07:45:46.299, 0, 100, 109358, 519.19
2026/09/06 07:45:46.302, 1, 0, 4, 80.77
2026/09/06 07:45:47.303, 0, 99, 109358, 510.60
2026/09/06 07:45:47.305, 1, 0, 4, 80.91
2026/09/06 07:45:48.307, 0, 100, 109358, 512.93
2026/09/06 07:45:48.309, 1, 0, 4, 80.86
2026/09/06 07:45:49.310, 0, 100, 109358, 509.56
2026/09/06 07:45:49.312, 1, 0, 4, 80.75
2026/09/06 07:45:50.313, 0, 98, 109358, 529.12
2026/09/06 07:45:50.315, 1, 0, 4, 80.89
2026/09/06 07:45:51.317, 0, 100, 109358, 504.76
2026/09/06 07:45:51.318, 1, 0, 4, 80.85
2026/09/06 07:45:52.320, 0, 100, 109358, 519.72
2026/09/06 07:45:52.321, 1, 0, 4, 80.87
2026/09/06 07:45:53.323, 0, 100, 109358, 516.68
2026/09/06 07:45:53.325, 1, 0, 4, 80.91
2026/09/06 07:45:54.327, 0, 99, 109358, 540.15
2026/09/06 07:45:54.329, 1, 0, 4, 81.03
2026/09/06 07:45:55.331, 0, 100, 109358, 526.47
2026/09/06 07:45:55.333, 1, 0, 4, 80.89
2026/09/06 07:45:56.334, 0, 99, 109358, 532.76
2026/09/06 07:45:56.335, 1, 0, 4, 80.92
2026/09/06 07:45:57.337, 0, 99, 109358, 520.39
2026/09/06 07:45:57.339, 1, 0, 4, 80.92
2026/09/06 07:45:58.340, 0, 100, 109358, 513.52
2026/09/06 07:45:58.342, 1, 0, 4, 80.94
2026/09/06 07:45:59.343, 0, 99, 109358, 536.05
2026/09/06 07:45:59.345, 1, 0, 4, 80.93
2026/09/06 07:46:00.346, 0, 100, 109358, 529.26
2026/09/06 07:46:00.349, 1, 0, 4, 80.96
2026/09/06 07:46:01.351, 0, 100, 109358, 541.91
2026/09/06 07:46:01.353, 1, 0, 4, 81.11
2026/09/06 07:46:02.356, 0, 100, 109358, 517.15
2026/09/06 07:46:02.357, 1, 0, 4, 81.04
2026/09/06 07:46:03.359, 0, 100, 109358, 535.47
2026/09/06 07:46:03.361, 1, 0, 4, 81.04
2026/09/06 07:46:04.363, 0, 100, 109358, 453.73
2026/09/06 07:46:04.365, 1, 0, 4, 81.01
2026/09/06 07:46:05.367, 0, 100, 109358, 544.85
2026/09/06 07:46:05.369, 1, 0, 4, 80.98
2026/09/06 07:46:06.371, 0, 95, 109358, 547.70
2026/09/06 07:46:06.373, 1, 0, 4, 81.13
2026/09/06 07:46:07.375, 0, 100, 109358, 461.27
2026/09/06 07:46:07.377, 1, 0, 4, 81.01
2026/09/06 07:46:08.379, 0, 100, 109358, 539.98
2026/09/06 07:46:08.381, 1, 0, 4, 81.08
2026/09/06 07:46:09.382, 0, 100, 109358, 549.44
2026/09/06 07:46:09.385, 1, 0, 4, 81.06
2026/09/06 07:46:10.386, 0, 97, 109358, 537.30
2026/09/06 07:46:10.388, 1, 0, 4, 80.93
2026/09/06 07:46:11.391, 0, 100, 109358, 549.35
2026/09/06 07:46:11.392, 1, 0, 4, 80.92
2026/09/06 07:46:12.394, 0, 100, 109358, 549.24
2026/09/06 07:46:12.397, 1, 0, 4, 81.01
2026/09/06 07:46:13.399, 0, 100, 109358, 547.04
2026/09/06 07:46:13.400, 1, 0, 4, 80.95
2026/09/06 07:46:14.402, 0, 100, 109358, 544.95
2026/09/06 07:46:14.404, 1, 0, 4, 80.94
2026/09/06 07:46:15.406, 0, 100, 109358, 554.41
2026/09/06 07:46:15.407, 1, 0, 4, 81.00
2026/09/06 07:46:16.408, 0, 100, 109358, 559.53
2026/09/06 07:46:16.410, 1, 0, 4, 80.96
2026/09/06 07:46:17.412, 0, 100, 109358, 547.90
2026/09/06 07:46:17.414, 1, 0, 4, 80.93
2026/09/06 07:46:18.415, 0, 100, 109358, 560.00
2026/09/06 07:46:18.417, 1, 0, 4, 81.00
2026/09/06 07:46:19.419, 0, 100, 109358, 560.33
2026/09/06 07:46:19.420, 1, 0, 4, 80.91
2026/09/06 07:46:20.422, 0, 100, 109358, 550.51
2026/09/06 07:46:20.424, 1, 0, 4, 81.08
2026/09/06 07:46:21.425, 0, 100, 109358, 564.78
2026/09/06 07:46:21.427, 1, 0, 4, 80.94
2026/09/06 07:46:22.429, 0, 100, 109358, 558.66
2026/09/06 07:46:22.431, 1, 0, 4, 80.87
2026/09/06 07:46:23.432, 0, 100, 109358, 554.09
2026/09/06 07:46:23.434, 1, 0, 4, 80.86
2026/09/06 07:46:24.436, 0, 4, 109358, 487.24
2026/09/06 07:46:24.437, 1, 0, 4, 80.86
2026/09/06 07:46:25.439, 0, 100, 109358, 536.13
2026/09/06 07:46:25.441, 1, 0, 4, 80.91
2026/09/06 07:46:26.443, 0, 100, 109358, 546.16
2026/09/06 07:46:26.450, 1, 0, 4, 80.82
2026/09/06 07:46:27.455, 0, 100, 109358, 548.43
2026/09/06 07:46:27.457, 1, 0, 4, 80.89
2026/09/06 07:46:28.459, 0, 100, 109358, 555.25
2026/09/06 07:46:28.460, 1, 0, 4, 80.92
2026/09/06 07:46:29.462, 0, 100, 109358, 555.94
2026/09/06 07:46:29.463, 1, 0, 4, 80.88
2026/09/06 07:46:30.464, 0, 100, 109358, 551.85
2026/09/06 07:46:30.466, 1, 0, 4, 80.85
2026/09/06 07:46:31.467, 0, 61, 109358, 463.31
2026/09/06 07:46:31.469, 1, 0, 4, 80.78
2026/09/06 07:46:32.470, 0, 100, 109358, 530.60
2026/09/06 07:46:32.472, 1, 0, 4, 80.86
2026/09/06 07:46:33.474, 0, 100, 109358, 540.21
2026/09/06 07:46:33.476, 1, 0, 4, 80.77
2026/09/06 07:46:34.478, 0, 100, 109358, 543.66
2026/09/06 07:46:34.481, 1, 0, 4, 80.83
2026/09/06 07:46:35.483, 0, 100, 109358, 544.49
2026/09/06 07:46:35.485, 1, 0, 4, 80.77
2026/09/06 07:46:36.487, 0, 100, 109358, 458.74
2026/09/06 07:46:36.490, 1, 0, 4, 80.90
2026/09/06 07:46:37.492, 0, 100, 109358, 542.34
2026/09/06 07:46:37.493, 1, 0, 4, 80.68
2026/09/06 07:46:38.495, 0, 100, 109358, 537.20
2026/09/06 07:46:38.497, 1, 0, 4, 80.69
2026/09/06 07:46:39.500, 0, 100, 109358, 533.02
2026/09/06 07:46:39.502, 1, 0, 4, 80.71
2026/09/06 07:46:40.504, 0, 100, 109358, 536.42
2026/09/06 07:46:40.505, 1, 0, 4, 80.69
2026/09/06 07:46:41.507, 0, 100, 109358, 544.61
2026/09/06 07:46:41.509, 1, 0, 4, 80.90
2026/09/06 07:46:42.510, 0, 100, 109358, 512.57
2026/09/06 07:46:42.512, 1, 0, 4, 80.84
2026/09/06 07:46:43.513, 0, 100, 109358, 547.51
2026/09/06 07:46:43.515, 1, 0, 4, 80.68
2026/09/06 07:46:44.516, 0, 100, 109358, 551.14
2026/09/06 07:46:44.518, 1, 0, 4, 80.74
2026/09/06 07:46:45.520, 0, 100, 109358, 544.44
2026/09/06 07:46:45.521, 1, 0, 4, 80.68
2026/09/06 07:46:46.523, 0, 100, 109358, 543.67
2026/09/06 07:46:46.525, 1, 0, 4, 80.80
2026/09/06 07:46:47.526, 0, 0, 109358, 480.18
2026/09/06 07:46:47.527, 1, 0, 4, 80.74
2026/09/06 07:46:48.529, 0, 100, 109358, 547.29
2026/09/06 07:46:48.531, 1, 0, 4, 80.77
2026/09/06 07:46:49.532, 0, 100, 109358, 559.12
2026/09/06 07:46:49.534, 1, 0, 4, 80.81
2026/09/06 07:46:50.536, 0, 100, 109358, 562.11
2026/09/06 07:46:50.538, 1, 0, 4, 80.69
2026/09/06 07:46:51.539, 0, 100, 109358, 550.51
2026/09/06 07:46:51.541, 1, 0, 4, 80.71
2026/09/06 07:46:52.542, 0, 100, 109358, 556.42
2026/09/06 07:46:52.543, 1, 0, 4, 80.62
2026/09/06 07:46:53.545, 0, 100, 109358, 554.13
2026/09/06 07:46:53.546, 1, 0, 4, 80.75
2026/09/06 07:46:54.548, 0, 100, 109358, 569.07
2026/09/06 07:46:54.550, 1, 0, 4, 80.73
2026/09/06 07:46:55.551, 0, 100, 109358, 555.22
2026/09/06 07:46:55.553, 1, 0, 4, 80.70
2026/09/06 07:46:56.555, 0, 100, 109358, 563.35
2026/09/06 07:46:56.557, 1, 0, 4, 80.86
2026/09/06 07:46:57.559, 0, 100, 109358, 565.53
2026/09/06 07:46:57.560, 1, 0, 4, 80.74
2026/09/06 07:46:58.562, 0, 100, 109358, 562.77
2026/09/06 07:46:58.563, 1, 0, 4, 80.77
2026/09/06 07:46:59.565, 0, 100, 109358, 560.23
2026/09/06 07:46:59.567, 1, 0, 4, 80.50
2026/09/06 07:47:00.568, 0, 100, 109358, 573.67
2026/09/06 07:47:00.570, 1, 0, 4, 80.66
2026/09/06 07:47:01.572, 0, 100, 109358, 558.71
2026/09/06 07:47:01.574, 1, 0, 4, 80.59
2026/09/06 07:47:02.576, 0, 100, 109358, 581.71
2026/09/06 07:47:02.578, 1, 0, 4, 80.67
2026/09/06 07:47:03.581, 0, 100, 109358, 557.01
2026/09/06 07:47:03.582, 1, 0, 4, 80.74
2026/09/06 07:47:04.584, 0, 100, 109358, 559.08
2026/09/06 07:47:04.585, 1, 0, 4, 80.82
2026/09/06 07:47:05.587, 0, 100, 109358, 571.34
2026/09/06 07:47:05.589, 1, 0, 4, 80.64
2026/09/06 07:47:06.591, 0, 100, 109358, 566.48
2026/09/06 07:47:06.593, 1, 0, 4, 80.61
2026/09/06 07:47:07.595, 0, 100, 109358, 550.00
2026/09/06 07:47:07.597, 1, 0, 4, 80.53
2026/09/06 07:47:08.599, 0, 100, 109358, 554.40
2026/09/06 07:47:08.600, 1, 0, 4, 80.71
2026/09/06 07:47:09.601, 0, 100, 109358, 549.71
2026/09/06 07:47:09.604, 1, 0, 4, 80.75
2026/09/06 07:47:10.606, 0, 100, 109358, 558.03
2026/09/06 07:47:10.607, 1, 0, 4, 80.71
2026/09/06 07:47:11.609, 0, 100, 109358, 557.77
2026/09/06 07:47:11.612, 1, 0, 4, 80.62
2026/09/06 07:47:12.614, 0, 100, 109358, 537.22
2026/09/06 07:47:12.615, 1, 0, 4, 80.74
2026/09/06 07:47:13.617, 0, 100, 109358, 531.20
2026/09/06 07:47:13.620, 1, 0, 4, 80.64
2026/09/06 07:47:14.622, 0, 87, 109358, 518.00
2026/09/06 07:47:14.624, 1, 0, 4, 80.75
2026/09/06 07:47:15.626, 0, 100, 109358, 503.51
2026/09/06 07:47:15.633, 1, 0, 4, 80.78
2026/09/06 07:47:16.637, 0, 100, 109358, 562.66
2026/09/06 07:47:16.640, 1, 0, 4, 80.69
2026/09/06 07:47:17.641, 0, 100, 109358, 530.00
2026/09/06 07:47:17.649, 1, 0, 4, 80.69
2026/09/06 07:47:18.652, 0, 100, 109358, 546.74
2026/09/06 07:47:18.654, 1, 0, 4, 80.72
2026/09/06 07:47:19.655, 0, 100, 109358, 553.32
2026/09/06 07:47:19.659, 1, 0, 4, 80.64
2026/09/06 07:47:20.661, 0, 100, 109358, 524.54
2026/09/06 07:47:20.662, 1, 0, 4, 80.69
2026/09/06 07:47:21.664, 0, 100, 109360, 532.02
2026/09/06 07:47:21.667, 1, 0, 4, 80.73
2026/09/06 07:47:22.668, 0, 100, 109360, 507.82
2026/09/06 07:47:22.670, 1, 0, 4, 80.67
2026/09/06 07:47:23.671, 0, 100, 109360, 550.44
2026/09/06 07:47:23.673, 1, 0, 4, 80.68
2026/09/06 07:47:24.674, 0, 100, 109360, 560.03
2026/09/06 07:47:24.676, 1, 0, 4, 80.72
2026/09/06 07:47:25.677, 0, 56, 109360, 500.21
2026/09/06 07:47:25.679, 1, 0, 4, 80.63
2026/09/06 07:47:26.680, 0, 100, 109360, 536.40
2026/09/06 07:47:26.682, 1, 0, 4, 80.61
2026/09/06 07:47:27.683, 0, 100, 109360, 534.84
2026/09/06 07:47:27.685, 1, 0, 4, 80.68
2026/09/06 07:47:28.686, 0, 96, 109360, 449.30
2026/09/06 07:47:28.688, 1, 0, 4, 80.61
2026/09/06 07:47:29.689, 0, 100, 109360, 525.05
2026/09/06 07:47:29.691, 1, 0, 4, 80.63
2026/09/06 07:47:30.692, 0, 100, 109360, 530.49
2026/09/06 07:47:30.694, 1, 0, 4, 80.71
2026/09/06 07:47:31.695, 0, 100, 109360, 530.78
2026/09/06 07:47:31.697, 1, 0, 4, 80.62
2026/09/06 07:47:32.698, 0, 96, 109360, 534.47
2026/09/06 07:47:32.700, 1, 0, 4, 80.58
2026/09/06 07:47:33.702, 0, 100, 109360, 530.31
2026/09/06 07:47:33.704, 1, 0, 4, 80.73
2026/09/06 07:47:34.706, 0, 100, 109360, 529.43
2026/09/06 07:47:34.707, 1, 0, 4, 80.71
2026/09/06 07:47:35.708, 0, 100, 109360, 520.91
2026/09/06 07:47:35.710, 1, 0, 4, 80.66
2026/09/06 07:47:36.712, 0, 100, 109360, 522.11
2026/09/06 07:47:36.714, 1, 0, 4, 80.68
2026/09/06 07:47:37.715, 0, 100, 109360, 512.75
2026/09/06 07:47:37.717, 1, 0, 4, 80.62
2026/09/06 07:47:38.718, 0, 100, 109360, 522.41
2026/09/06 07:47:38.720, 1, 0, 4, 80.54
2026/09/06 07:47:39.721, 0, 100, 109360, 528.16
2026/09/06 07:47:39.723, 1, 0, 4, 80.59
2026/09/06 07:47:40.724, 0, 100, 109360, 534.18
2026/09/06 07:47:40.726, 1, 0, 4, 80.58
2026/09/06 07:47:41.727, 0, 100, 109360, 531.83
2026/09/06 07:47:41.729, 1, 0, 4, 80.68
2026/09/06 07:47:42.730, 0, 100, 109360, 532.17
2026/09/06 07:47:42.732, 1, 0, 4, 80.68
2026/09/06 07:47:43.733, 0, 100, 109360, 536.16
2026/09/06 07:47:43.735, 1, 0, 4, 80.65
2026/09/06 07:47:44.736, 0, 100, 109360, 549.68
2026/09/06 07:47:44.739, 1, 0, 4, 80.61
2026/09/06 07:47:45.740, 0, 100, 109360, 538.79
2026/09/06 07:47:45.743, 1, 0, 4, 80.68
2026/09/06 07:47:46.745, 0, 100, 109360, 537.97
2026/09/06 07:47:46.747, 1, 0, 4, 80.55
2026/09/06 07:47:47.749, 0, 100, 109360, 556.00
2026/09/06 07:47:47.752, 1, 0, 4, 80.68
2026/09/06 07:47:48.754, 0, 100, 109360, 535.47
2026/09/06 07:47:48.755, 1, 0, 4, 80.66
2026/09/06 07:47:49.757, 0, 100, 109360, 543.04
2026/09/06 07:47:49.758, 1, 0, 4, 80.73
2026/09/06 07:47:50.760, 0, 100, 109360, 547.08
2026/09/06 07:47:50.762, 1, 0, 4, 80.60
2026/09/06 07:47:51.763, 0, 100, 109360, 546.77
2026/09/06 07:47:51.765, 1, 0, 4, 80.60
2026/09/06 07:47:52.767, 0, 100, 109360, 541.18
2026/09/06 07:47:52.770, 1, 0, 4, 80.59
2026/09/06 07:47:53.772, 0, 100, 109360, 543.30
2026/09/06 07:47:53.774, 1, 0, 4, 80.55
2026/09/06 07:47:54.776, 0, 100, 109360, 554.65
2026/09/06 07:47:54.779, 1, 0, 4, 80.61
2026/09/06 07:47:55.783, 0, 100, 109360, 543.92
2026/09/06 07:47:55.784, 1, 0, 4, 80.64
2026/09/06 07:47:56.785, 0, 100, 109360, 472.88
2026/09/06 07:47:56.788, 1, 0, 4, 80.66
2026/09/06 07:47:57.789, 0, 100, 109360, 551.54
2026/09/06 07:47:57.790, 1, 0, 4, 80.62
2026/09/06 07:47:58.792, 0, 100, 109360, 519.69
2026/09/06 07:47:58.794, 1, 0, 4, 80.61
2026/09/06 07:47:59.796, 0, 96, 109360, 488.86
2026/09/06 07:47:59.798, 1, 0, 4, 80.57
2026/09/06 07:48:00.799, 0, 100, 109360, 536.26
2026/09/06 07:48:00.801, 1, 0, 4, 80.61
2026/09/06 07:48:01.802, 0, 100, 109360, 526.77
2026/09/06 07:48:01.804, 1, 0, 4, 80.64
2026/09/06 07:48:02.805, 0, 100, 109360, 530.50
2026/09/06 07:48:02.807, 1, 0, 4, 80.61
2026/09/06 07:48:03.808, 0, 100, 109360, 541.29
2026/09/06 07:48:03.809, 1, 0, 4, 80.63
2026/09/06 07:48:04.811, 0, 100, 109360, 535.65
2026/09/06 07:48:04.812, 1, 0, 4, 80.77
2026/09/06 07:48:05.814, 0, 100, 109360, 452.78
2026/09/06 07:48:05.815, 1, 0, 4, 80.62
2026/09/06 07:48:06.817, 0, 100, 109360, 530.00
2026/09/06 07:48:06.819, 1, 0, 4, 80.63
2026/09/06 07:48:07.822, 0, 100, 109360, 515.89
2026/09/06 07:48:07.824, 1, 0, 4, 80.55
2026/09/06 07:48:08.825, 0, 100, 109360, 528.42
2026/09/06 07:48:08.827, 1, 0, 4, 80.66
2026/09/06 07:48:09.829, 0, 100, 109360, 544.41
2026/09/06 07:48:09.830, 1, 0, 4, 80.61
2026/09/06 07:48:10.832, 0, 100, 109360, 539.34
2026/09/06 07:48:10.833, 1, 0, 4, 80.61
2026/09/06 07:48:11.835, 0, 100, 109360, 529.61
2026/09/06 07:48:11.836, 1, 0, 4, 80.58
2026/09/06 07:48:12.838, 0, 100, 109360, 540.41
2026/09/06 07:48:12.840, 1, 0, 4, 80.52
2026/09/06 07:48:13.842, 0, 100, 109360, 545.22
2026/09/06 07:48:13.844, 1, 0, 4, 80.53
2026/09/06 07:48:14.846, 0, 100, 109360, 538.33
2026/09/06 07:48:14.847, 1, 0, 4, 80.63
2026/09/06 07:48:15.850, 0, 100, 109360, 549.25
2026/09/06 07:48:15.852, 1, 0, 4, 80.54
2026/09/06 07:48:16.853, 0, 100, 109360, 522.65
2026/09/06 07:48:16.855, 1, 0, 4, 80.59
2026/09/06 07:48:17.857, 0, 100, 109360, 533.40
2026/09/06 07:48:17.861, 1, 0, 4, 80.67
2026/09/06 07:48:18.863, 0, 100, 109360, 546.45
2026/09/06 07:48:18.865, 1, 0, 4, 80.57
2026/09/06 07:48:19.866, 0, 100, 109360, 542.90
2026/09/06 07:48:19.868, 1, 0, 4, 80.57
2026/09/06 07:48:20.869, 0, 100, 109360, 536.75
2026/09/06 07:48:20.870, 1, 0, 4, 80.54
2026/09/06 07:48:21.872, 0, 100, 109360, 529.02
2026/09/06 07:48:21.873, 1, 0, 4, 80.59
2026/09/06 07:48:22.875, 0, 100, 109360, 553.22
2026/09/06 07:48:22.876, 1, 0, 4, 80.65
2026/09/06 07:48:23.878, 0, 100, 109360, 549.59
2026/09/06 07:48:23.879, 1, 0, 4, 80.57
2026/09/06 07:48:24.881, 0, 100, 109360, 552.58
2026/09/06 07:48:24.882, 1, 0, 4, 80.61
2026/09/06 07:48:25.884, 0, 98, 109360, 564.81
2026/09/06 07:48:25.886, 1, 0, 4, 80.53
2026/09/06 07:48:26.887, 0, 100, 109360, 562.51
2026/09/06 07:48:26.889, 1, 0, 4, 80.51
2026/09/06 07:48:27.890, 0, 100, 109360, 559.48
2026/09/06 07:48:27.892, 1, 0, 4, 80.56
2026/09/06 07:48:28.893, 0, 100, 109360, 562.92
2026/09/06 07:48:28.895, 1, 0, 4, 80.50
2026/09/06 07:48:29.897, 0, 100, 109360, 575.73
2026/09/06 07:48:29.899, 1, 0, 4, 80.62
2026/09/06 07:48:30.900, 0, 100, 109360, 540.06
2026/09/06 07:48:30.902, 1, 0, 4, 80.54
2026/09/06 07:48:31.903, 0, 100, 109360, 565.57
2026/09/06 07:48:31.906, 1, 0, 4, 80.62
2026/09/06 07:48:32.908, 0, 100, 109360, 562.93
2026/09/06 07:48:32.910, 1, 0, 4, 80.60
2026/09/06 07:48:33.911, 0, 100, 109360, 561.76
2026/09/06 07:48:33.913, 1, 0, 4, 80.53
2026/09/06 07:48:34.914, 0, 100, 109360, 546.25
2026/09/06 07:48:34.915, 1, 0, 4, 80.58
2026/09/06 07:48:35.918, 0, 100, 109360, 571.80
2026/09/06 07:48:35.919, 1, 0, 4, 80.60
2026/09/06 07:48:36.921, 0, 100, 109360, 538.32
2026/09/06 07:48:36.923, 1, 0, 4, 80.60
2026/09/06 07:48:37.924, 0, 100, 109360, 556.20
2026/09/06 07:48:37.926, 1, 0, 4, 80.59
2026/09/06 07:48:38.928, 0, 100, 109360, 567.05
2026/09/06 07:48:38.931, 1, 0, 4, 80.54
2026/09/06 07:48:39.934, 0, 100, 109360, 552.39
2026/09/06 07:48:39.938, 1, 0, 4, 80.63
2026/09/06 07:48:40.940, 0, 100, 109360, 567.92
2026/09/06 07:48:40.942, 1, 0, 4, 80.61
2026/09/06 07:48:41.944, 0, 100, 109360, 568.18
2026/09/06 07:48:41.946, 1, 0, 4, 80.63
2026/09/06 07:48:42.948, 0, 100, 109360, 556.68
2026/09/06 07:48:42.951, 1, 0, 4, 80.62
2026/09/06 07:48:43.953, 0, 100, 109360, 576.81
2026/09/06 07:48:43.954, 1, 0, 4, 80.57
2026/09/06 07:48:44.956, 0, 100, 109360, 562.61
2026/09/06 07:48:44.962, 1, 0, 4, 80.65
2026/09/06 07:48:45.966, 0, 100, 109360, 548.03
2026/09/06 07:48:45.967, 1, 0, 4, 80.64
2026/09/06 07:48:46.968, 0, 100, 109360, 580.97
2026/09/06 07:48:46.970, 1, 0, 4, 80.49
2026/09/06 07:48:47.972, 0, 100, 109360, 563.95
2026/09/06 07:48:47.973, 1, 0, 4, 80.56
2026/09/06 07:48:48.975, 0, 100, 109360, 533.64
2026/09/06 07:48:48.976, 1, 0, 4, 80.55
2026/09/06 07:48:49.978, 0, 100, 109360, 554.84
2026/09/06 07:48:49.980, 1, 0, 4, 80.58
2026/09/06 07:48:50.981, 0, 100, 109360, 529.13
2026/09/06 07:48:50.983, 1, 0, 4, 80.58
2026/09/06 07:48:51.984, 0, 100, 109360, 557.94
2026/09/06 07:48:51.986, 1, 0, 4, 80.58
2026/09/06 07:48:52.987, 0, 100, 109360, 535.09
2026/09/06 07:48:52.989, 1, 0, 4, 80.54
2026/09/06 07:48:53.992, 0, 100, 109360, 543.30
2026/09/06 07:48:53.995, 1, 0, 4, 80.52
2026/09/06 07:48:54.996, 0, 100, 109360, 469.68
2026/09/06 07:48:55.000, 1, 0, 4, 80.45
2026/09/06 07:48:56.004, 0, 67, 109362, 502.53
2026/09/06 07:48:56.006, 1, 0, 4, 80.53
2026/09/06 07:48:57.007, 0, 67, 109362, 508.86
2026/09/06 07:48:57.013, 1, 0, 4, 80.53
2026/09/06 07:48:58.015, 0, 100, 109362, 472.92
2026/09/06 07:48:58.017, 1, 0, 4, 80.61
2026/09/06 07:48:59.018, 0, 99, 109362, 544.08
2026/09/06 07:48:59.021, 1, 0, 4, 80.61
2026/09/06 07:49:00.025, 0, 100, 109362, 517.96
2026/09/06 07:49:00.027, 1, 0, 4, 80.56
2026/09/06 07:49:01.028, 0, 100, 109362, 540.42
2026/09/06 07:49:01.030, 1, 0, 4, 80.55
2026/09/06 07:49:02.031, 0, 100, 109362, 531.20
2026/09/06 07:49:02.033, 1, 0, 4, 80.54
2026/09/06 07:49:03.035, 0, 97, 109362, 506.67
2026/09/06 07:49:03.036, 1, 0, 4, 80.55
2026/09/06 07:49:04.038, 0, 100, 109362, 526.62
2026/09/06 07:49:04.040, 1, 0, 4, 80.59
2026/09/06 07:49:05.041, 0, 99, 109362, 537.53
2026/09/06 07:49:05.043, 1, 0, 4, 80.63
2026/09/06 07:49:06.044, 0, 99, 109362, 541.34
2026/09/06 07:49:06.045, 1, 0, 4, 80.55
2026/09/06 07:49:07.047, 0, 100, 109362, 534.72
2026/09/06 07:49:07.049, 1, 0, 4, 80.46
2026/09/06 07:49:08.050, 0, 100, 109362, 535.32
2026/09/06 07:49:08.052, 1, 0, 4, 80.53
2026/09/06 07:49:09.053, 0, 100, 109362, 530.50
2026/09/06 07:49:09.055, 1, 0, 4, 80.55
2026/09/06 07:49:10.056, 0, 100, 109362, 531.27
2026/09/06 07:49:10.058, 1, 0, 4, 80.60
2026/09/06 07:49:11.059, 0, 100, 109362, 452.39
2026/09/06 07:49:11.061, 1, 0, 4, 80.63
2026/09/06 07:49:12.063, 0, 100, 109362, 532.83
2026/09/06 07:49:12.068, 1, 0, 4, 80.56
2026/09/06 07:49:13.074, 0, 100, 109362, 533.24
2026/09/06 07:49:13.076, 1, 0, 4, 80.56
2026/09/06 07:49:14.078, 0, 100, 109362, 529.57
2026/09/06 07:49:14.081, 1, 0, 4, 80.50
2026/09/06 07:49:15.082, 0, 100, 109362, 549.90
2026/09/06 07:49:15.085, 1, 0, 4, 80.46
2026/09/06 07:49:16.087, 0, 100, 109362, 540.55
2026/09/06 07:49:16.089, 1, 0, 4, 80.44
2026/09/06 07:49:17.090, 0, 100, 109362, 545.93
2026/09/06 07:49:17.092, 1, 0, 4, 80.58
2026/09/06 07:49:18.094, 0, 100, 109362, 540.95
2026/09/06 07:49:18.095, 1, 0, 4, 80.55
2026/09/06 07:49:19.097, 0, 100, 109362, 531.32
2026/09/06 07:49:19.099, 1, 0, 4, 80.57
2026/09/06 07:49:20.100, 0, 100, 109362, 544.72
2026/09/06 07:49:20.102, 1, 0, 4, 80.47
2026/09/06 07:49:21.104, 0, 100, 109362, 542.73
2026/09/06 07:49:21.106, 1, 0, 4, 80.40
2026/09/06 07:49:22.107, 0, 100, 109362, 547.99
2026/09/06 07:49:22.138, 1, 0, 4, 80.44
2026/09/06 07:49:23.139, 0, 100, 109362, 544.26
2026/09/06 07:49:23.141, 1, 0, 4, 80.55
2026/09/06 07:49:24.142, 0, 100, 109362, 552.84
2026/09/06 07:49:24.144, 1, 0, 4, 80.56
2026/09/06 07:49:25.157, 0, 100, 109362, 548.27
2026/09/06 07:49:25.159, 1, 0, 4, 80.56
2026/09/06 07:49:26.161, 0, 100, 109362, 551.99
2026/09/06 07:49:26.171, 1, 0, 4, 80.49
2026/09/06 07:49:27.182, 0, 100, 109362, 556.69
2026/09/06 07:49:27.183, 1, 0, 4, 80.49
2026/09/06 07:49:28.186, 0, 100, 109362, 551.34
2026/09/06 07:49:28.189, 1, 0, 4, 80.61
2026/09/06 07:49:29.190, 0, 100, 109362, 566.14
2026/09/06 07:49:29.192, 1, 0, 4, 80.41
2026/09/06 07:49:30.194, 0, 100, 109362, 555.90
2026/09/06 07:49:30.197, 1, 0, 4, 80.53
2026/09/06 07:49:31.198, 0, 100, 109362, 533.71
2026/09/06 07:49:31.201, 1, 0, 4, 80.53
2026/09/06 07:49:32.202, 0, 100, 109362, 546.69
2026/09/06 07:49:32.204, 1, 0, 4, 80.61
2026/09/06 07:49:33.205, 0, 100, 109362, 530.38
2026/09/06 07:49:33.207, 1, 0, 4, 80.52
2026/09/06 07:49:34.208, 0, 100, 109362, 448.04
2026/09/06 07:49:34.209, 1, 0, 4, 80.51
2026/09/06 07:49:35.211, 0, 100, 109362, 520.98
2026/09/06 07:49:35.213, 1, 0, 4, 80.50
2026/09/06 07:49:36.216, 0, 100, 109362, 519.16
2026/09/06 07:49:36.218, 1, 0, 4, 80.53
2026/09/06 07:49:37.219, 0, 100, 109362, 522.91
2026/09/06 07:49:37.221, 1, 0, 4, 80.44
2026/09/06 07:49:38.223, 0, 100, 109362, 537.47
2026/09/06 07:49:38.225, 1, 0, 4, 80.54
2026/09/06 07:49:39.227, 0, 100, 109362, 529.78
2026/09/06 07:49:39.228, 1, 0, 4, 80.47
2026/09/06 07:49:40.230, 0, 100, 109362, 528.86
2026/09/06 07:49:40.232, 1, 0, 4, 80.38
2026/09/06 07:49:41.233, 0, 100, 109362, 537.20
2026/09/06 07:49:41.235, 1, 0, 4, 80.43
2026/09/06 07:49:42.237, 0, 100, 109362, 535.21
2026/09/06 07:49:42.239, 1, 0, 4, 80.45
2026/09/06 07:49:43.240, 0, 100, 109362, 536.75
2026/09/06 07:49:43.241, 1, 0, 4, 80.58
2026/09/06 07:49:44.243, 0, 100, 109362, 539.28
2026/09/06 07:49:44.244, 1, 0, 4, 80.51
2026/09/06 07:49:45.246, 0, 100, 109362, 551.11
2026/09/06 07:49:45.247, 1, 0, 4, 80.51
2026/09/06 07:49:46.249, 0, 100, 109362, 505.98
2026/09/06 07:49:46.251, 1, 0, 4, 80.52
2026/09/06 07:49:47.252, 0, 100, 109362, 525.50
2026/09/06 07:49:47.254, 1, 0, 4, 80.53
2026/09/06 07:49:48.255, 0, 100, 109362, 546.16
2026/09/06 07:49:48.257, 1, 0, 4, 80.44
2026/09/06 07:49:49.259, 0, 100, 109362, 530.27
2026/09/06 07:49:49.261, 1, 0, 4, 80.48
2026/09/06 07:49:50.262, 0, 100, 109362, 531.77
2026/09/06 07:49:50.264, 1, 0, 4, 80.42
2026/09/06 07:49:51.266, 0, 100, 109362, 535.86
2026/09/06 07:49:51.268, 1, 0, 4, 80.55
2026/09/06 07:49:52.269, 0, 100, 109362, 540.97
2026/09/06 07:49:52.271, 1, 0, 4, 80.53
2026/09/06 07:49:53.273, 0, 100, 109362, 550.84
2026/09/06 07:49:53.275, 1, 0, 4, 80.59
2026/09/06 07:49:54.277, 0, 100, 109362, 546.53
2026/09/06 07:49:54.280, 1, 0, 4, 80.51
2026/09/06 07:49:55.282, 0, 100, 109362, 550.25
2026/09/06 07:49:55.284, 1, 0, 4, 80.50
2026/09/06 07:49:56.286, 0, 100, 109362, 543.26
2026/09/06 07:49:56.288, 1, 0, 4, 80.48
2026/09/06 07:49:57.291, 0, 100, 109362, 531.21
2026/09/06 07:49:57.293, 1, 0, 4, 80.57
2026/09/06 07:49:58.294, 0, 100, 109362, 549.62
2026/09/06 07:49:58.297, 1, 0, 4, 80.55
2026/09/06 07:49:59.298, 0, 100, 109364, 547.31
2026/09/06 07:49:59.300, 1, 0, 4, 80.50
2026/09/06 07:50:00.301, 0, 100, 109366, 532.91
2026/09/06 07:50:00.303, 1, 0, 4, 80.54
2026/09/06 07:50:01.306, 0, 100, 109366, 568.15
2026/09/06 07:50:01.308, 1, 0, 4, 80.51
2026/09/06 07:50:02.309, 0, 96, 109366, 547.12
2026/09/06 07:50:02.312, 1, 0, 4, 80.62
2026/09/06 07:50:03.314, 0, 100, 109366, 547.92
2026/09/06 07:50:03.316, 1, 0, 4, 80.40
2026/09/06 07:50:04.317, 0, 100, 109366, 567.09
2026/09/06 07:50:04.318, 1, 0, 4, 80.56
2026/09/06 07:50:05.319, 0, 100, 109366, 527.84
2026/09/06 07:50:05.322, 1, 0, 4, 80.51
2026/09/06 07:50:06.323, 0, 100, 109366, 546.42
2026/09/06 07:50:06.325, 1, 0, 4, 80.58
2026/09/06 07:50:07.327, 0, 100, 109366, 549.28
2026/09/06 07:50:07.329, 1, 0, 4, 80.57
2026/09/06 07:50:08.331, 0, 100, 109366, 543.31
2026/09/06 07:50:08.333, 1, 0, 4, 80.45
2026/09/06 07:50:09.335, 0, 100, 109366, 544.47
2026/09/06 07:50:09.337, 1, 0, 4, 80.58
2026/09/06 07:50:10.340, 0, 100, 109366, 553.33
2026/09/06 07:50:10.342, 1, 0, 4, 80.50
2026/09/06 07:50:11.344, 0, 100, 109366, 560.80
2026/09/06 07:50:11.346, 1, 0, 4, 80.55
2026/09/06 07:50:12.348, 0, 100, 109366, 568.50
2026/09/06 07:50:12.350, 1, 0, 4, 80.62
2026/09/06 07:50:13.352, 0, 100, 109366, 548.29
2026/09/06 07:50:13.354, 1, 0, 4, 80.54
2026/09/06 07:50:14.356, 0, 100, 109366, 541.23
2026/09/06 07:50:14.358, 1, 0, 4, 80.57
2026/09/06 07:50:15.360, 0, 100, 109366, 559.06
2026/09/06 07:50:15.363, 1, 0, 4, 80.54
2026/09/06 07:50:16.364, 0, 100, 109366, 570.88
2026/09/06 07:50:16.366, 1, 0, 4, 80.47
2026/09/06 07:50:17.367, 0, 100, 109366, 567.63
2026/09/06 07:50:17.371, 1, 0, 4, 80.55
2026/09/06 07:50:18.374, 0, 100, 109366, 544.25
2026/09/06 07:50:18.375, 1, 0, 4, 80.59
2026/09/06 07:50:19.378, 0, 100, 109366, 551.81
2026/09/06 07:50:19.381, 1, 0, 4, 80.60
2026/09/06 07:50:20.383, 0, 100, 109366, 558.61
2026/09/06 07:50:20.384, 1, 0, 4, 80.59
2026/09/06 07:50:21.385, 0, 100, 109366, 545.55
2026/09/06 07:50:21.388, 1, 0, 4, 80.58
2026/09/06 07:50:22.389, 0, 100, 109366, 550.17
2026/09/06 07:50:22.390, 1, 0, 4, 80.50
2026/09/06 07:50:23.392, 0, 100, 109366, 560.95
2026/09/06 07:50:23.394, 1, 0, 4, 80.58
2026/09/06 07:50:24.395, 0, 100, 109366, 514.79
2026/09/06 07:50:24.397, 1, 0, 4, 80.52
2026/09/06 07:50:25.399, 0, 100, 109366, 548.68
2026/09/06 07:50:25.400, 1, 0, 4, 80.64
2026/09/06 07:50:26.401, 0, 100, 109366, 555.21
2026/09/06 07:50:26.403, 1, 0, 4, 80.56
2026/09/06 07:50:27.405, 0, 100, 109366, 558.94
2026/09/06 07:50:27.406, 1, 0, 4, 80.64
2026/09/06 07:50:28.408, 0, 100, 109366, 534.39
2026/09/06 07:50:28.409, 1, 0, 4, 80.56
2026/09/06 07:50:29.411, 0, 60, 109366, 447.47
2026/09/06 07:50:29.412, 1, 0, 4, 80.50
2026/09/06 07:50:30.414, 0, 100, 109366, 508.73
2026/09/06 07:50:30.416, 1, 0, 4, 80.52
2026/09/06 07:50:31.417, 0, 100, 109366, 527.54
2026/09/06 07:50:31.419, 1, 0, 4, 80.51
2026/09/06 07:50:32.421, 0, 100, 109366, 520.44
2026/09/06 07:50:32.422, 1, 0, 4, 80.61
2026/09/06 07:50:33.423, 0, 100, 109366, 455.80
2026/09/06 07:50:33.425, 1, 0, 4, 80.66
2026/09/06 07:50:34.427, 0, 98, 109366, 517.06
2026/09/06 07:50:34.429, 1, 0, 4, 80.56
2026/09/06 07:50:35.431, 0, 100, 109366, 554.04
2026/09/06 07:50:35.433, 1, 0, 4, 80.39
2026/09/06 07:50:36.434, 0, 100, 109366, 529.53
2026/09/06 07:50:36.436, 1, 0, 4, 80.54
2026/09/06 07:50:37.438, 0, 100, 109366, 536.21
2026/09/06 07:50:37.439, 1, 0, 4, 80.52
2026/09/06 07:50:38.441, 0, 100, 109366, 533.48
2026/09/06 07:50:38.443, 1, 0, 4, 80.64
2026/09/06 07:50:39.444, 0, 100, 109366, 530.54
2026/09/06 07:50:39.448, 1, 0, 4, 80.51
2026/09/06 07:50:40.451, 0, 96, 109366, 530.59
2026/09/06 07:50:40.453, 1, 0, 4, 80.58
2026/09/06 07:50:41.455, 0, 100, 109366, 527.39
2026/09/06 07:50:41.457, 1, 0, 4, 80.50
2026/09/06 07:50:42.458, 0, 100, 109366, 533.21
2026/09/06 07:50:42.460, 1, 0, 4, 80.72
2026/09/06 07:50:43.461, 0, 100, 109366, 526.70
2026/09/06 07:50:43.463, 1, 0, 4, 80.47
2026/09/06 07:50:44.464, 0, 95, 109366, 530.14
2026/09/06 07:50:44.466, 1, 0, 4, 80.51
2026/09/06 07:50:45.468, 0, 100, 109366, 537.24
2026/09/06 07:50:45.470, 1, 0, 4, 80.60
2026/09/06 07:50:46.472, 0, 100, 109366, 472.13
2026/09/06 07:50:46.474, 1, 0, 4, 80.53
2026/09/06 07:50:47.476, 0, 100, 109366, 540.80
2026/09/06 07:50:47.477, 1, 0, 4, 80.58
2026/09/06 07:50:48.478, 0, 100, 109366, 544.26
2026/09/06 07:50:48.480, 1, 0, 4, 80.51
2026/09/06 07:50:49.481, 0, 100, 109366, 545.14
2026/09/06 07:50:49.484, 1, 0, 4, 80.53
2026/09/06 07:50:50.485, 0, 100, 109366, 541.40
2026/09/06 07:50:50.487, 1, 0, 4, 80.50
2026/09/06 07:50:51.488, 0, 100, 109366, 555.41
2026/09/06 07:50:51.490, 1, 0, 4, 80.55
2026/09/06 07:50:52.492, 0, 100, 109366, 552.63
2026/09/06 07:50:52.493, 1, 0, 4, 80.49
2026/09/06 07:50:53.496, 0, 100, 109366, 551.83
2026/09/06 07:50:53.498, 1, 0, 4, 80.61
2026/09/06 07:50:54.500, 0, 100, 109366, 553.74
2026/09/06 07:50:54.502, 1, 0, 4, 80.70
2026/09/06 07:50:55.503, 0, 100, 109366, 555.74
2026/09/06 07:50:55.505, 1, 0, 4, 80.50
2026/09/06 07:50:56.507, 0, 100, 109366, 562.55
2026/09/06 07:50:56.509, 1, 0, 4, 80.70
2026/09/06 07:50:57.511, 0, 100, 109366, 561.40
2026/09/06 07:50:57.512, 1, 0, 4, 80.58
2026/09/06 07:50:58.513, 0, 100, 109366, 572.79
2026/09/06 07:50:58.516, 1, 0, 4, 80.53
2026/09/06 07:50:59.518, 0, 100, 109366, 563.59
2026/09/06 07:50:59.519, 1, 0, 4, 80.60
2026/09/06 07:51:00.520, 0, 100, 109366, 570.22
2026/09/06 07:51:00.522, 1, 0, 4, 80.54
2026/09/06 07:51:01.523, 0, 100, 109366, 574.10
2026/09/06 07:51:01.526, 1, 0, 4, 80.57
2026/09/06 07:51:02.529, 0, 100, 109366, 565.72
2026/09/06 07:51:02.531, 1, 0, 4, 80.56
2026/09/06 07:51:03.532, 0, 100, 109366, 574.25
2026/09/06 07:51:03.533, 1, 0, 4, 80.56
2026/09/06 07:51:04.534, 0, 0, 109366, 443.36
2026/09/06 07:51:04.536, 1, 0, 4, 80.56
2026/09/06 07:51:05.538, 0, 99, 109366, 503.95
2026/09/06 07:51:05.539, 1, 0, 4, 80.63
2026/09/06 07:51:06.541, 0, 100, 109366, 563.31
2026/09/06 07:51:06.548, 1, 0, 4, 80.59
2026/09/06 07:51:07.549, 0, 100, 109366, 517.95
2026/09/06 07:51:07.551, 1, 0, 4, 80.60
2026/09/06 07:51:08.553, 0, 100, 109366, 440.45
2026/09/06 07:51:08.555, 1, 0, 4, 80.50
2026/09/06 07:51:09.556, 0, 100, 109366, 529.15
2026/09/06 07:51:09.558, 1, 0, 4, 80.51
2026/09/06 07:51:10.559, 0, 100, 109366, 538.82
2026/09/06 07:51:10.561, 1, 0, 4, 80.56
2026/09/06 07:51:11.563, 0, 100, 109366, 538.65
2026/09/06 07:51:11.565, 1, 0, 4, 80.51
2026/09/06 07:51:12.567, 0, 100, 109366, 545.83
2026/09/06 07:51:12.568, 1, 0, 4, 80.63
2026/09/06 07:51:13.570, 0, 100, 109366, 545.43
2026/09/06 07:51:13.571, 1, 0, 4, 80.61
2026/09/06 07:51:14.572, 0, 100, 109366, 544.84
2026/09/06 07:51:14.574, 1, 0, 4, 80.62
2026/09/06 07:51:15.575, 0, 99, 109366, 555.06
2026/09/06 07:51:15.577, 1, 0, 4, 80.45
2026/09/06 07:51:16.578, 0, 100, 109366, 547.98
2026/09/06 07:51:16.580, 1, 0, 4, 80.54
2026/09/06 07:51:17.581, 0, 100, 109366, 550.47
2026/09/06 07:51:17.583, 1, 0, 4, 80.45
2026/09/06 07:51:18.584, 0, 100, 109366, 552.10
2026/09/06 07:51:18.586, 1, 0, 4, 80.60
2026/09/06 07:51:19.587, 0, 100, 109366, 519.98
2026/09/06 07:51:19.590, 1, 0, 4, 80.52
2026/09/06 07:51:20.592, 0, 100, 109366, 519.50
2026/09/06 07:51:20.593, 1, 0, 4, 80.58
2026/09/06 07:51:21.595, 0, 100, 109366, 532.66
2026/09/06 07:51:21.598, 1, 0, 4, 80.50
2026/09/06 07:51:22.605, 0, 100, 109366, 537.03
2026/09/06 07:51:22.606, 1, 0, 4, 80.54
2026/09/06 07:51:23.607, 0, 100, 109366, 530.24
2026/09/06 07:51:23.617, 1, 0, 4, 80.45
2026/09/06 07:51:24.618, 0, 100, 109366, 533.53
2026/09/06 07:51:24.620, 1, 0, 4, 80.50
2026/09/06 07:51:25.621, 0, 100, 109366, 516.62
2026/09/06 07:51:25.624, 1, 0, 4, 80.50
2026/09/06 07:51:26.626, 0, 100, 109366, 548.48
2026/09/06 07:51:26.627, 1, 0, 4, 80.51
2026/09/06 07:51:27.629, 0, 100, 109366, 552.56
2026/09/06 07:51:27.630, 1, 0, 4, 80.58
2026/09/06 07:51:28.633, 0, 100, 109366, 559.68
2026/09/06 07:51:28.634, 1, 0, 4, 80.52
2026/09/06 07:51:29.636, 0, 100, 109366, 513.42
2026/09/06 07:51:29.645, 1, 0, 4, 80.55
2026/09/06 07:51:30.648, 0, 99, 109366, 542.03
2026/09/06 07:51:30.651, 1, 0, 4, 80.49
2026/09/06 07:51:31.653, 0, 100, 109366, 541.02
2026/09/06 07:51:31.655, 1, 0, 4, 80.44
2026/09/06 07:51:32.659, 0, 100, 109366, 549.79
2026/09/06 07:51:32.660, 1, 0, 4, 80.62
2026/09/06 07:51:33.662, 0, 100, 109366, 544.31
2026/09/06 07:51:33.664, 1, 0, 4, 80.61
2026/09/06 07:51:34.666, 0, 100, 109366, 524.49
2026/09/06 07:51:34.667, 1, 0, 4, 80.54
2026/09/06 07:51:35.668, 0, 100, 109366, 531.97
2026/09/06 07:51:35.670, 1, 0, 4, 80.56
2026/09/06 07:51:36.672, 0, 100, 109366, 530.98
2026/09/06 07:51:36.673, 1, 0, 4, 80.44
2026/09/06 07:51:37.675, 0, 100, 109366, 532.53
2026/09/06 07:51:37.677, 1, 0, 4, 80.55
2026/09/06 07:51:38.678, 0, 100, 109366, 530.94
2026/09/06 07:51:38.680, 1, 0, 4, 80.45
2026/09/06 07:51:39.682, 0, 100, 109366, 452.50
2026/09/06 07:51:39.683, 1, 0, 4, 80.55
2026/09/06 07:51:40.685, 0, 100, 109366, 539.08
2026/09/06 07:51:40.687, 1, 0, 4, 80.48
2026/09/06 07:51:41.688, 0, 100, 109366, 550.02
2026/09/06 07:51:41.691, 1, 0, 4, 80.51
2026/09/06 07:51:42.693, 0, 100, 109366, 532.05
2026/09/06 07:51:42.695, 1, 0, 4, 80.56
2026/09/06 07:51:43.696, 0, 100, 109366, 546.73
2026/09/06 07:51:43.698, 1, 0, 4, 80.52
2026/09/06 07:51:44.700, 0, 100, 109366, 551.36
2026/09/06 07:51:44.702, 1, 0, 4, 80.51
2026/09/06 07:51:45.703, 0, 100, 109366, 544.26
2026/09/06 07:51:45.705, 1, 0, 4, 80.46
2026/09/06 07:51:46.707, 0, 100, 109366, 544.77
2026/09/06 07:51:46.709, 1, 0, 4, 80.57
2026/09/06 07:51:47.711, 0, 100, 109366, 545.61
2026/09/06 07:51:47.712, 1, 0, 4, 80.54
2026/09/06 07:51:48.715, 0, 100, 109366, 552.92
2026/09/06 07:51:48.717, 1, 0, 4, 80.61
2026/09/06 07:51:49.719, 0, 100, 109366, 542.53
2026/09/06 07:51:49.720, 1, 0, 4, 80.51
2026/09/06 07:51:50.722, 0, 100, 109366, 553.87
2026/09/06 07:51:50.724, 1, 0, 4, 80.48
2026/09/06 07:51:51.726, 0, 100, 109366, 555.84
2026/09/06 07:51:51.727, 1, 0, 4, 80.54
2026/09/06 07:51:52.729, 0, 100, 109366, 547.52
2026/09/06 07:51:52.730, 1, 0, 4, 80.60
2026/09/06 07:51:53.732, 0, 100, 109366, 549.87
2026/09/06 07:51:53.734, 1, 0, 4, 80.53
2026/09/06 07:51:54.736, 0, 100, 109366, 562.93
2026/09/06 07:51:54.737, 1, 0, 4, 80.63
2026/09/06 07:51:55.739, 0, 100, 109366, 552.64
2026/09/06 07:51:55.740, 1, 0, 4, 80.58
2026/09/06 07:51:56.742, 0, 100, 109366, 554.63
2026/09/06 07:51:56.743, 1, 0, 4, 80.46
2026/09/06 07:51:57.745, 0, 100, 109366, 577.58
2026/09/06 07:51:57.746, 1, 0, 4, 80.52
2026/09/06 07:51:58.748, 0, 100, 109366, 451.94
2026/09/06 07:51:58.751, 1, 0, 4, 80.64
2026/09/06 07:51:59.753, 0, 100, 109366, 539.26
2026/09/06 07:51:59.754, 1, 0, 4, 80.54
2026/09/06 07:52:00.756, 0, 100, 109366, 536.58
2026/09/06 07:52:00.757, 1, 0, 4, 80.67
2026/09/06 07:52:01.759, 0, 100, 109366, 544.51
2026/09/06 07:52:01.761, 1, 0, 4, 80.56
2026/09/06 07:52:02.763, 0, 100, 109366, 548.05
2026/09/06 07:52:02.766, 1, 0, 4, 80.62
2026/09/06 07:52:03.768, 0, 100, 109366, 531.76
2026/09/06 07:52:03.770, 1, 0, 4, 80.71
2026/09/06 07:52:04.772, 0, 100, 109366, 546.72
2026/09/06 07:52:04.773, 1, 0, 4, 80.53
2026/09/06 07:52:05.776, 0, 100, 109366, 552.98
2026/09/06 07:52:05.777, 1, 0, 4, 80.55
2026/09/06 07:52:06.779, 0, 100, 109366, 560.62
2026/09/06 07:52:06.783, 1, 0, 4, 80.59
2026/09/06 07:52:07.784, 0, 100, 109366, 467.79
2026/09/06 07:52:07.786, 1, 0, 4, 80.66
2026/09/06 07:52:08.787, 0, 100, 109366, 547.70
2026/09/06 07:52:08.789, 1, 0, 4, 80.63
2026/09/06 07:52:09.790, 0, 100, 109366, 548.42
2026/09/06 07:52:09.792, 1, 0, 4, 80.55
2026/09/06 07:52:10.794, 0, 100, 109366, 543.71
2026/09/06 07:52:10.797, 1, 0, 4, 80.56
2026/09/06 07:52:11.799, 0, 100, 109366, 546.86
2026/09/06 07:52:11.802, 1, 0, 4, 80.62
2026/09/06 07:52:12.803, 0, 100, 109366, 551.23
2026/09/06 07:52:12.805, 1, 0, 4, 80.55
2026/09/06 07:52:13.807, 0, 100, 109366, 538.31
2026/09/06 07:52:13.809, 1, 0, 4, 80.66
2026/09/06 07:52:14.810, 0, 100, 109366, 542.73
2026/09/06 07:52:14.812, 1, 0, 4, 80.68
2026/09/06 07:52:15.814, 0, 100, 109366, 553.79
2026/09/06 07:52:15.816, 1, 0, 4, 80.64
2026/09/06 07:52:16.818, 0, 100, 109366, 546.72
2026/09/06 07:52:16.820, 1, 0, 4, 80.52
2026/09/06 07:52:17.822, 0, 100, 109366, 547.14
2026/09/06 07:52:17.824, 1, 0, 4, 80.62
2026/09/06 07:52:18.825, 0, 100, 109366, 552.60
2026/09/06 07:52:18.826, 1, 0, 4, 80.44
2026/09/06 07:52:19.827, 0, 100, 109366, 545.53
2026/09/06 07:52:19.829, 1, 0, 4, 80.59
2026/09/06 07:52:20.831, 0, 100, 109366, 550.97
2026/09/06 07:52:20.832, 1, 0, 4, 80.50
2026/09/06 07:52:21.834, 0, 100, 109366, 540.40
2026/09/06 07:52:21.835, 1, 0, 4, 80.40
2026/09/06 07:52:22.837, 0, 100, 109366, 544.72
2026/09/06 07:52:22.839, 1, 0, 4, 80.46
2026/09/06 07:52:23.841, 0, 100, 109366, 556.31
2026/09/06 07:52:23.844, 1, 0, 4, 80.54
2026/09/06 07:52:24.846, 0, 100, 109366, 565.69
2026/09/06 07:52:24.848, 1, 0, 4, 80.54
2026/09/06 07:52:25.850, 0, 100, 109366, 555.92
2026/09/06 07:52:25.853, 1, 0, 4, 80.43
2026/09/06 07:52:26.855, 0, 100, 109366, 569.94
2026/09/06 07:52:26.857, 1, 0, 4, 80.49
2026/09/06 07:52:27.859, 0, 100, 109366, 567.68
2026/09/06 07:52:27.860, 1, 0, 4, 80.55
2026/09/06 07:52:28.863, 0, 100, 109366, 568.60
2026/09/06 07:52:28.864, 1, 0, 4, 80.42
2026/09/06 07:52:29.865, 0, 100, 109366, 577.68
2026/09/06 07:52:29.867, 1, 0, 4, 80.49
2026/09/06 07:52:30.870, 0, 100, 109366, 595.49
2026/09/06 07:52:30.872, 1, 0, 4, 80.48
2026/09/06 07:52:31.873, 0, 100, 109366, 562.42
2026/09/06 07:52:31.876, 1, 0, 4, 80.55
2026/09/06 07:52:32.877, 0, 100, 109366, 550.77
2026/09/06 07:52:32.879, 1, 0, 4, 80.46
2026/09/06 07:52:33.880, 0, 100, 109366, 570.73
2026/09/06 07:52:33.882, 1, 0, 4, 80.53
2026/09/06 07:52:34.884, 0, 100, 109366, 567.64
2026/09/06 07:52:34.885, 1, 0, 4, 80.55
2026/09/06 07:52:35.887, 0, 100, 109366, 573.70
2026/09/06 07:52:35.888, 1, 0, 4, 80.44
2026/09/06 07:52:36.890, 0, 100, 109366, 574.52
2026/09/06 07:52:36.895, 1, 0, 4, 80.50
2026/09/06 07:52:37.897, 0, 100, 109366, 561.88
2026/09/06 07:52:37.899, 1, 0, 4, 80.45
2026/09/06 07:52:38.901, 0, 100, 109366, 582.62
2026/09/06 07:52:38.904, 1, 0, 4, 80.48
2026/09/06 07:52:39.906, 0, 54, 109366, 536.60
2026/09/06 07:52:39.908, 1, 0, 4, 80.49
2026/09/06 07:52:40.910, 0, 100, 109366, 562.79
2026/09/06 07:52:40.912, 1, 0, 4, 80.51
2026/09/06 07:52:41.914, 0, 100, 109366, 569.00
2026/09/06 07:52:41.916, 1, 0, 4, 80.52
2026/09/06 07:52:42.918, 0, 100, 109366, 512.12
2026/09/06 07:52:42.920, 1, 0, 4, 80.59
2026/09/06 07:52:43.921, 0, 100, 109366, 409.52
2026/09/06 07:52:43.923, 1, 0, 4, 80.70
2026/09/06 07:52:44.924, 0, 100, 109366, 537.79
2026/09/06 07:52:44.926, 1, 0, 4, 80.58
2026/09/06 07:52:45.928, 0, 100, 109366, 510.05
2026/09/06 07:52:45.930, 1, 0, 4, 80.53
2026/09/06 07:52:46.931, 0, 100, 109366, 533.73
2026/09/06 07:52:46.933, 1, 0, 4, 80.61
2026/09/06 07:52:47.935, 0, 100, 109366, 542.97
2026/09/06 07:52:47.937, 1, 0, 4, 80.64
2026/09/06 07:52:48.939, 0, 100, 109366, 536.21
2026/09/06 07:52:48.940, 1, 0, 4, 80.50
2026/09/06 07:52:49.941, 0, 100, 109366, 533.73
2026/09/06 07:52:49.944, 1, 0, 4, 80.53
2026/09/06 07:52:50.946, 0, 100, 109366, 539.78
2026/09/06 07:52:50.948, 1, 0, 4, 80.38
2026/09/06 07:52:51.949, 0, 100, 109366, 535.28
2026/09/06 07:52:51.951, 1, 0, 4, 80.57
2026/09/06 07:52:52.952, 0, 100, 109366, 541.78
2026/09/06 07:52:52.954, 1, 0, 4, 80.52
2026/09/06 07:52:53.955, 0, 100, 109366, 516.02
2026/09/06 07:52:53.959, 1, 0, 4, 80.65
2026/09/06 07:52:54.960, 0, 100, 109366, 451.73
2026/09/06 07:52:54.962, 1, 0, 4, 80.53
2026/09/06 07:52:55.963, 0, 100, 109366, 504.88
2026/09/06 07:52:55.965, 1, 0, 4, 80.59
2026/09/06 07:52:56.966, 0, 100, 109366, 529.60
2026/09/06 07:52:56.968, 1, 0, 4, 80.44
2026/09/06 07:52:57.969, 0, 100, 109366, 538.41
2026/09/06 07:52:57.971, 1, 0, 4, 80.61
2026/09/06 07:52:58.972, 0, 100, 109366, 538.23
2026/09/06 07:52:58.974, 1, 0, 4, 80.54
2026/09/06 07:52:59.975, 0, 100, 109366, 525.99
2026/09/06 07:52:59.977, 1, 0, 4, 80.51
2026/09/06 07:53:00.978, 0, 58, 109366, 492.45
2026/09/06 07:53:00.980, 1, 0, 4, 80.52
2026/09/06 07:53:01.981, 0, 100, 109366, 521.46
2026/09/06 07:53:01.983, 1, 0, 4, 80.47
2026/09/06 07:53:02.984, 0, 100, 109366, 517.69
2026/09/06 07:53:02.986, 1, 0, 4, 80.59
2026/09/06 07:53:03.987, 0, 100, 109366, 513.23
2026/09/06 07:53:03.988, 1, 0, 4, 80.47
2026/09/06 07:53:04.990, 0, 100, 109366, 524.63
2026/09/06 07:53:04.994, 1, 0, 4, 80.49
2026/09/06 07:53:05.998, 0, 99, 109366, 522.36
2026/09/06 07:53:06.000, 1, 0, 4, 80.49
2026/09/06 07:53:07.001, 0, 100, 109366, 522.66
2026/09/06 07:53:07.003, 1, 0, 4, 80.52
2026/09/06 07:53:08.005, 0, 100, 109366, 529.03
2026/09/06 07:53:08.007, 1, 0, 4, 80.48
2026/09/06 07:53:09.008, 0, 100, 109366, 528.59
2026/09/06 07:53:09.010, 1, 0, 4, 80.56
2026/09/06 07:53:10.012, 0, 100, 109366, 532.02
2026/09/06 07:53:10.013, 1, 0, 4, 80.49
2026/09/06 07:53:11.015, 0, 100, 109366, 529.92
2026/09/06 07:53:11.018, 1, 0, 4, 80.43
2026/09/06 07:53:12.025, 0, 100, 109366, 534.49
2026/09/06 07:53:12.027, 1, 0, 4, 80.45
2026/09/06 07:53:13.028, 0, 100, 109366, 536.84
2026/09/06 07:53:13.032, 1, 0, 4, 80.47
2026/09/06 07:53:14.036, 0, 100, 109366, 541.02
2026/09/06 07:53:14.038, 1, 0, 4, 80.57
2026/09/06 07:53:15.040, 0, 100, 109366, 542.36
2026/09/06 07:53:15.042, 1, 0, 4, 80.62
2026/09/06 07:53:16.043, 0, 100, 109366, 547.71
2026/09/06 07:53:16.045, 1, 0, 4, 80.48
2026/09/06 07:53:17.047, 0, 100, 109366, 546.76
2026/09/06 07:53:17.048, 1, 0, 4, 80.46
2026/09/06 07:53:18.050, 0, 100, 109366, 545.40
2026/09/06 07:53:18.052, 1, 0, 4, 80.46
2026/09/06 07:53:19.055, 0, 100, 109366, 550.18
2026/09/06 07:53:19.056, 1, 0, 4, 80.45
2026/09/06 07:53:20.059, 0, 100, 109366, 551.64
2026/09/06 07:53:20.061, 1, 0, 4, 80.39
2026/09/06 07:53:21.063, 0, 100, 109366, 555.59
2026/09/06 07:53:21.064, 1, 0, 4, 80.51
2026/09/06 07:53:22.066, 0, 100, 109366, 552.45
2026/09/06 07:53:22.068, 1, 0, 4, 80.51
2026/09/06 07:53:23.070, 0, 100, 109366, 557.63
2026/09/06 07:53:23.072, 1, 0, 4, 80.50
2026/09/06 07:53:24.073, 0, 100, 109366, 556.38
2026/09/06 07:53:24.075, 1, 0, 4, 80.45
2026/09/06 07:53:25.076, 0, 100, 109366, 534.49
2026/09/06 07:53:25.078, 1, 0, 4, 80.39
2026/09/06 07:53:26.080, 0, 100, 109366, 555.77
2026/09/06 07:53:26.082, 1, 0, 4, 80.44
2026/09/06 07:53:27.084, 0, 100, 109366, 551.82
2026/09/06 07:53:27.085, 1, 0, 4, 80.47
2026/09/06 07:53:28.087, 0, 98, 109366, 559.41
2026/09/06 07:53:28.088, 1, 0, 4, 80.44
2026/09/06 07:53:29.089, 0, 100, 109366, 556.70
2026/09/06 07:53:29.092, 1, 0, 4, 80.57
2026/09/06 07:53:30.093, 0, 100, 109366, 564.92
2026/09/06 07:53:30.095, 1, 0, 4, 80.46
2026/09/06 07:53:31.096, 0, 100, 109366, 566.57
2026/09/06 07:53:31.098, 1, 0, 4, 80.35
2026/09/06 07:53:32.099, 0, 100, 109366, 521.15
2026/09/06 07:53:32.101, 1, 0, 4, 80.46
2026/09/06 07:53:33.102, 0, 100, 109366, 543.86
2026/09/06 07:53:33.104, 1, 0, 4, 80.53
2026/09/06 07:53:34.105, 0, 100, 109366, 539.25
2026/09/06 07:53:34.107, 1, 0, 4, 80.56
2026/09/06 07:53:35.109, 0, 78, 109366, 535.78
2026/09/06 07:53:35.111, 1, 0, 4, 80.52
2026/09/06 07:53:36.112, 0, 100, 109366, 541.67
2026/09/06 07:53:36.114, 1, 0, 4, 80.56
2026/09/06 07:53:37.115, 0, 100, 109366, 546.23
2026/09/06 07:53:37.117, 1, 0, 4, 80.46
2026/09/06 07:53:38.118, 0, 100, 109366, 528.54
2026/09/06 07:53:38.120, 1, 0, 4, 80.49
2026/09/06 07:53:39.121, 0, 100, 109366, 541.79
2026/09/06 07:53:39.123, 1, 0, 4, 80.47
2026/09/06 07:53:40.125, 0, 100, 109366, 546.80
2026/09/06 07:53:40.126, 1, 0, 4, 80.46
2026/09/06 07:53:41.127, 0, 100, 109366, 556.12
2026/09/06 07:53:41.129, 1, 0, 4, 80.60
2026/09/06 07:53:42.130, 0, 100, 109366, 523.83
2026/09/06 07:53:42.133, 1, 0, 4, 80.50
2026/09/06 07:53:43.134, 0, 99, 109366, 536.45
2026/09/06 07:53:43.136, 1, 0, 4, 80.49
2026/09/06 07:53:44.137, 0, 100, 109366, 539.91
2026/09/06 07:53:44.139, 1, 0, 4, 80.42
2026/09/06 07:53:45.141, 0, 100, 109366, 537.72
2026/09/06 07:53:45.143, 1, 0, 4, 80.70
2026/09/06 07:53:46.145, 0, 100, 109366, 544.59
2026/09/06 07:53:46.147, 1, 0, 4, 80.41
2026/09/06 07:53:47.149, 0, 100, 109366, 538.90
2026/09/06 07:53:47.150, 1, 0, 4, 80.54
2026/09/06 07:53:48.152, 0, 100, 109366, 550.49
2026/09/06 07:53:48.153, 1, 0, 4, 80.45
2026/09/06 07:53:49.155, 0, 100, 109366, 548.45
2026/09/06 07:53:49.156, 1, 0, 4, 80.55
2026/09/06 07:53:50.158, 0, 100, 109366, 553.33
2026/09/06 07:53:50.160, 1, 0, 4, 80.46
2026/09/06 07:53:51.162, 0, 100, 109366, 545.71
2026/09/06 07:53:51.164, 1, 0, 4, 80.48
2026/09/06 07:53:52.165, 0, 100, 109366, 548.00
2026/09/06 07:53:52.167, 1, 0, 4, 80.44
2026/09/06 07:53:53.169, 0, 100, 109366, 538.54
2026/09/06 07:53:53.170, 1, 0, 4, 80.47
2026/09/06 07:53:54.173, 0, 100, 109366, 562.59
2026/09/06 07:53:54.174, 1, 0, 4, 80.46
2026/09/06 07:53:55.175, 0, 100, 109366, 462.14
2026/09/06 07:53:55.177, 1, 0, 4, 80.58
2026/09/06 07:53:56.179, 0, 100, 109366, 474.13
2026/09/06 07:53:56.180, 1, 0, 4, 80.58
2026/09/06 07:53:57.181, 0, 100, 109366, 542.70
2026/09/06 07:53:57.183, 1, 0, 4, 80.60
2026/09/06 07:53:58.185, 0, 100, 109366, 549.62
2026/09/06 07:53:58.187, 1, 0, 4, 80.46
2026/09/06 07:53:59.189, 0, 100, 109366, 551.48
2026/09/06 07:53:59.191, 1, 0, 4, 80.49
2026/09/06 07:54:00.192, 0, 100, 109366, 540.62
2026/09/06 07:54:00.195, 1, 0, 4, 80.57
2026/09/06 07:54:01.198, 0, 100, 109366, 557.76
2026/09/06 07:54:01.200, 1, 0, 4, 80.60
2026/09/06 07:54:02.202, 0, 100, 109366, 553.76
2026/09/06 07:54:02.204, 1, 0, 4, 80.56
2026/09/06 07:54:03.205, 0, 100, 109366, 548.84
2026/09/06 07:54:03.207, 1, 0, 4, 80.54
2026/09/06 07:54:04.209, 0, 100, 109366, 560.51
2026/09/06 07:54:04.210, 1, 0, 4, 80.55
2026/09/06 07:54:05.211, 0, 100, 109366, 578.96
2026/09/06 07:54:05.213, 1, 0, 4, 80.43
2026/09/06 07:54:06.214, 0, 100, 109366, 559.99
2026/09/06 07:54:06.216, 1, 0, 4, 80.50
2026/09/06 07:54:07.217, 0, 100, 109366, 564.13
2026/09/06 07:54:07.219, 1, 0, 4, 80.40
2026/09/06 07:54:08.220, 0, 100, 109366, 576.66
2026/09/06 07:54:08.222, 1, 0, 4, 80.64
2026/09/06 07:54:09.224, 0, 100, 109366, 489.59
2026/09/06 07:54:09.226, 1, 0, 4, 80.52
2026/09/06 07:54:10.228, 0, 100, 109366, 560.22
2026/09/06 07:54:10.230, 1, 0, 4, 80.57
2026/09/06 07:54:11.231, 0, 100, 109366, 565.25
2026/09/06 07:54:11.233, 1, 0, 4, 80.59
2026/09/06 07:54:12.235, 0, 100, 109366, 553.98
2026/09/06 07:54:12.237, 1, 0, 4, 80.52
2026/09/06 07:54:13.239, 0, 100, 109366, 556.55
2026/09/06 07:54:13.241, 1, 0, 4, 80.36
2026/09/06 07:54:14.242, 0, 100, 109366, 558.16
2026/09/06 07:54:14.244, 1, 0, 4, 80.61
2026/09/06 07:54:15.246, 0, 100, 109366, 558.89
2026/09/06 07:54:15.247, 1, 0, 4, 80.54
2026/09/06 07:54:16.249, 0, 100, 109366, 563.39
2026/09/06 07:54:16.251, 1, 0, 4, 80.59
2026/09/06 07:54:17.252, 0, 100, 109366, 547.86
2026/09/06 07:54:17.254, 1, 0, 4, 80.48
2026/09/06 07:54:18.256, 0, 100, 109366, 525.73
2026/09/06 07:54:18.258, 1, 0, 4, 80.58
2026/09/06 07:54:19.260, 0, 75, 109366, 540.04
2026/09/06 07:54:19.262, 1, 0, 4, 80.60
2026/09/06 07:54:20.264, 0, 100, 109366, 536.21
2026/09/06 07:54:20.265, 1, 0, 4, 80.68
2026/09/06 07:54:21.267, 0, 100, 109366, 552.52
2026/09/06 07:54:21.269, 1, 0, 4, 80.53
2026/09/06 07:54:22.271, 0, 100, 109366, 553.17
2026/09/06 07:54:22.273, 1, 0, 4, 80.62
2026/09/06 07:54:23.276, 0, 100, 109366, 558.02
2026/09/06 07:54:23.277, 1, 0, 4, 80.64
2026/09/06 07:54:24.278, 0, 100, 109366, 546.48
2026/09/06 07:54:24.280, 1, 0, 4, 80.53
2026/09/06 07:54:25.283, 0, 100, 109366, 561.12
2026/09/06 07:54:25.285, 1, 0, 4, 80.54
2026/09/06 07:54:26.287, 0, 100, 109366, 543.91
2026/09/06 07:54:26.289, 1, 0, 4, 80.59
2026/09/06 07:54:27.291, 0, 100, 109366, 545.56
2026/09/06 07:54:27.293, 1, 0, 4, 80.50
2026/09/06 07:54:28.295, 0, 100, 109366, 550.03
2026/09/06 07:54:28.296, 1, 0, 4, 80.57
2026/09/06 07:54:29.299, 0, 100, 109366, 542.09
2026/09/06 07:54:29.301, 1, 0, 4, 80.64
2026/09/06 07:54:30.303, 0, 100, 109366, 523.08
2026/09/06 07:54:30.306, 1, 0, 4, 80.42
2026/09/06 07:54:31.308, 0, 100, 109366, 544.71
2026/09/06 07:54:31.310, 1, 0, 4, 80.61
2026/09/06 07:54:32.311, 0, 100, 109366, 538.23
2026/09/06 07:54:32.313, 1, 0, 4, 80.52
2026/09/06 07:54:33.314, 0, 100, 109366, 545.89
2026/09/06 07:54:33.315, 1, 0, 4, 80.63
2026/09/06 07:54:34.317, 0, 100, 109366, 538.73
2026/09/06 07:54:34.319, 1, 0, 4, 80.54
2026/09/06 07:54:35.320, 0, 100, 109366, 529.17
2026/09/06 07:54:35.322, 1, 0, 4, 80.59
2026/09/06 07:54:36.323, 0, 100, 109366, 507.75
2026/09/06 07:54:36.325, 1, 0, 4, 80.65
2026/09/06 07:54:37.326, 0, 100, 109366, 522.38
2026/09/06 07:54:37.328, 1, 0, 4, 80.70
2026/09/06 07:54:38.329, 0, 100, 109366, 529.71
2026/09/06 07:54:38.331, 1, 0, 4, 80.46
2026/09/06 07:54:39.332, 0, 100, 109366, 533.19
2026/09/06 07:54:39.334, 1, 0, 4, 80.57
2026/09/06 07:54:40.335, 0, 100, 109366, 530.31
2026/09/06 07:54:40.337, 1, 0, 4, 80.60
2026/09/06 07:54:41.339, 0, 100, 109366, 525.26
2026/09/06 07:54:41.341, 1, 0, 4, 80.65
2026/09/06 07:54:42.344, 0, 100, 109366, 531.46
2026/09/06 07:54:42.345, 1, 0, 4, 80.61
2026/09/06 07:54:43.347, 0, 100, 109366, 541.65
2026/09/06 07:54:43.349, 1, 0, 4, 80.56
2026/09/06 07:54:44.351, 0, 100, 109366, 515.16
2026/09/06 07:54:44.353, 1, 0, 4, 80.51
2026/09/06 07:54:45.354, 0, 100, 109366, 532.03
2026/09/06 07:54:45.356, 1, 0, 4, 80.71
2026/09/06 07:54:46.359, 0, 100, 109366, 535.33
2026/09/06 07:54:46.361, 1, 0, 4, 80.45
2026/09/06 07:54:47.363, 0, 100, 109366, 530.35
2026/09/06 07:54:47.366, 1, 0, 4, 80.60
2026/09/06 07:54:48.368, 0, 100, 109366, 538.27
2026/09/06 07:54:48.369, 1, 0, 4, 80.54
2026/09/06 07:54:49.371, 0, 100, 109366, 541.85
2026/09/06 07:54:49.373, 1, 0, 4, 80.58
2026/09/06 07:54:50.376, 0, 100, 109366, 540.49
2026/09/06 07:54:50.378, 1, 0, 4, 80.58
2026/09/06 07:54:51.380, 0, 100, 109366, 542.97
2026/09/06 07:54:51.382, 1, 0, 4, 80.67
2026/09/06 07:54:52.385, 0, 100, 109366, 550.34
2026/09/06 07:54:52.386, 1, 0, 4, 80.57
2026/09/06 07:54:53.388, 0, 100, 109366, 555.61
2026/09/06 07:54:53.391, 1, 0, 4, 80.44
2026/09/06 07:54:54.393, 0, 100, 109366, 541.54
2026/09/06 07:54:54.395, 1, 0, 4, 80.60
2026/09/06 07:54:55.396, 0, 100, 109366, 550.25
2026/09/06 07:54:55.398, 1, 0, 4, 80.57
2026/09/06 07:54:56.400, 0, 100, 109366, 558.81
2026/09/06 07:54:56.402, 1, 0, 4, 80.57
2026/09/06 07:54:57.403, 0, 100, 109366, 551.80
2026/09/06 07:54:57.404, 1, 0, 4, 80.56
2026/09/06 07:54:58.407, 0, 100, 109366, 556.98
2026/09/06 07:54:58.409, 1, 0, 4, 80.61
2026/09/06 07:54:59.411, 0, 100, 109366, 554.88
2026/09/06 07:54:59.413, 1, 0, 4, 80.41
2026/09/06 07:55:00.415, 0, 100, 109366, 524.20
2026/09/06 07:55:00.417, 1, 0, 4, 80.52
2026/09/06 07:55:01.418, 0, 100, 109366, 553.88
2026/09/06 07:55:01.420, 1, 0, 4, 80.43
2026/09/06 07:55:02.422, 0, 100, 109366, 532.54
2026/09/06 07:55:02.425, 1, 0, 4, 80.52
2026/09/06 07:55:03.427, 0, 100, 109366, 539.21
2026/09/06 07:55:03.429, 1, 0, 4, 80.56
2026/09/06 07:55:04.431, 0, 100, 109366, 551.29
2026/09/06 07:55:04.433, 1, 0, 4, 80.49
2026/09/06 07:55:05.434, 0, 96, 109366, 547.51
2026/09/06 07:55:05.437, 1, 0, 4, 80.46
2026/09/06 07:55:06.438, 0, 100, 109366, 535.74
2026/09/06 07:55:06.440, 1, 0, 4, 80.43
2026/09/06 07:55:07.441, 0, 100, 109366, 533.50
2026/09/06 07:55:07.443, 1, 0, 4, 80.56
2026/09/06 07:55:08.445, 0, 96, 109366, 544.41
2026/09/06 07:55:08.446, 1, 0, 4, 80.54
2026/09/06 07:55:09.447, 0, 100, 109366, 532.69
2026/09/06 07:55:09.449, 1, 0, 4, 80.57
2026/09/06 07:55:10.450, 0, 100, 109366, 527.97
2026/09/06 07:55:10.452, 1, 0, 4, 80.59
2026/09/06 07:55:11.454, 0, 100, 109366, 540.72
2026/09/06 07:55:11.456, 1, 0, 4, 80.56
2026/09/06 07:55:12.457, 0, 100, 109366, 512.85
2026/09/06 07:55:12.459, 1, 0, 4, 80.49
2026/09/06 07:55:13.460, 0, 100, 109366, 538.62
2026/09/06 07:55:13.462, 1, 0, 4, 80.45
2026/09/06 07:55:14.464, 0, 100, 109366, 539.85
2026/09/06 07:55:14.467, 1, 0, 4, 80.51
2026/09/06 07:55:15.469, 0, 100, 109366, 525.40
2026/09/06 07:55:15.470, 1, 0, 4, 80.50
2026/09/06 07:55:16.472, 0, 100, 109366, 536.07
2026/09/06 07:55:16.474, 1, 0, 4, 80.46
2026/09/06 07:55:17.475, 0, 100, 109366, 546.80
2026/09/06 07:55:17.477, 1, 0, 4, 80.71
2026/09/06 07:55:18.479, 0, 100, 109366, 546.10
2026/09/06 07:55:18.481, 1, 0, 4, 80.48
2026/09/06 07:55:19.483, 0, 100, 109366, 543.82
2026/09/06 07:55:19.485, 1, 0, 4, 80.48
2026/09/06 07:55:20.487, 0, 100, 109366, 544.56
2026/09/06 07:55:20.488, 1, 0, 4, 80.44
2026/09/06 07:55:21.490, 0, 100, 109366, 550.90
2026/09/06 07:55:21.491, 1, 0, 4, 80.56
2026/09/06 07:55:22.492, 0, 100, 109366, 539.33
2026/09/06 07:55:22.494, 1, 0, 4, 80.45
2026/09/06 07:55:23.496, 0, 100, 109366, 546.90
2026/09/06 07:55:23.498, 1, 0, 4, 80.46
2026/09/06 07:55:24.500, 0, 100, 109366, 555.23
2026/09/06 07:55:24.502, 1, 0, 4, 80.41
2026/09/06 07:55:25.503, 0, 100, 109366, 552.96
2026/09/06 07:55:25.505, 1, 0, 4, 80.52
2026/09/06 07:55:26.507, 0, 100, 109366, 550.97
2026/09/06 07:55:26.509, 1, 0, 4, 80.51
2026/09/06 07:55:27.510, 0, 100, 109366, 562.31
2026/09/06 07:55:27.512, 1, 0, 4, 80.41
2026/09/06 07:55:28.514, 0, 100, 109366, 529.47
2026/09/06 07:55:28.516, 1, 0, 4, 80.54
2026/09/06 07:55:29.517, 0, 100, 109366, 558.99
2026/09/06 07:55:29.519, 1, 0, 4, 80.51
2026/09/06 07:55:30.521, 0, 100, 109366, 539.09
2026/09/06 07:55:30.523, 1, 0, 4, 80.61
2026/09/06 07:55:31.524, 0, 99, 109366, 523.58
2026/09/06 07:55:31.526, 1, 0, 4, 80.59
2026/09/06 07:55:32.528, 0, 100, 109366, 544.06
2026/09/06 07:55:32.530, 1, 0, 4, 80.53
2026/09/06 07:55:33.531, 0, 100, 109366, 561.05
2026/09/06 07:55:33.533, 1, 0, 4, 80.45
2026/09/06 07:55:34.535, 0, 100, 109366, 548.74
2026/09/06 07:55:34.537, 1, 0, 4, 80.50
2026/09/06 07:55:35.538, 0, 100, 109366, 554.08
2026/09/06 07:55:35.541, 1, 0, 4, 80.56
2026/09/06 07:55:36.543, 0, 98, 109366, 567.76
2026/09/06 07:55:36.545, 1, 0, 4, 80.42
2026/09/06 07:55:37.547, 0, 100, 109366, 569.67
2026/09/06 07:55:37.549, 1, 0, 4, 80.49
2026/09/06 07:55:38.551, 0, 100, 109366, 562.59
2026/09/06 07:55:38.553, 1, 0, 4, 80.49
2026/09/06 07:55:39.555, 0, 100, 109366, 576.00
2026/09/06 07:55:39.557, 1, 0, 4, 80.45
2026/09/06 07:55:40.558, 0, 100, 109366, 572.84
2026/09/06 07:55:40.560, 1, 0, 4, 80.66
2026/09/06 07:55:41.562, 0, 100, 109366, 564.22
2026/09/06 07:55:41.564, 1, 0, 4, 80.36
2026/09/06 07:55:42.565, 0, 81, 109366, 502.43
2026/09/06 07:55:42.567, 1, 0, 4, 80.48
2026/09/06 07:55:43.569, 0, 100, 109366, 532.59
2026/09/06 07:55:43.571, 1, 0, 4, 80.50
2026/09/06 07:55:44.572, 0, 100, 109366, 552.72
2026/09/06 07:55:44.575, 1, 0, 4, 80.51
2026/09/06 07:55:45.576, 0, 100, 109366, 562.09
2026/09/06 07:55:45.578, 1, 0, 4, 80.47
2026/09/06 07:55:46.580, 0, 100, 109366, 543.09
2026/09/06 07:55:46.581, 1, 0, 4, 80.38
2026/09/06 07:55:47.582, 0, 100, 109366, 530.91
2026/09/06 07:55:47.584, 1, 0, 4, 80.52
2026/09/06 07:55:48.585, 0, 100, 109366, 507.93
2026/09/06 07:55:48.587, 1, 0, 4, 80.42
2026/09/06 07:55:49.588, 0, 100, 109366, 548.35
2026/09/06 07:55:49.591, 1, 0, 4, 80.52
2026/09/06 07:55:50.592, 0, 100, 109366, 519.70
2026/09/06 07:55:50.594, 1, 0, 4, 80.45
2026/09/06 07:55:51.595, 0, 100, 109366, 525.74
2026/09/06 07:55:51.598, 1, 0, 4, 80.49
2026/09/06 07:55:52.600, 0, 100, 109366, 554.07
2026/09/06 07:55:52.602, 1, 0, 4, 80.51
2026/09/06 07:55:53.606, 0, 100, 109366, 516.37
2026/09/06 07:55:53.609, 1, 0, 4, 80.57
2026/09/06 07:55:54.611, 0, 100, 109366, 539.72
2026/09/06 07:55:54.613, 1, 0, 4, 80.44
2026/09/06 07:55:55.614, 0, 100, 109366, 538.13
2026/09/06 07:55:55.617, 1, 0, 4, 80.48
2026/09/06 07:55:56.618, 0, 100, 109366, 528.56
2026/09/06 07:55:56.620, 1, 0, 4, 80.50
2026/09/06 07:55:57.622, 0, 100, 109366, 534.82
2026/09/06 07:55:57.626, 1, 0, 4, 80.44
2026/09/06 07:55:58.627, 0, 100, 109366, 539.74
2026/09/06 07:55:58.629, 1, 0, 4, 80.49
2026/09/06 07:55:59.631, 0, 62, 109366, 508.06
2026/09/06 07:55:59.634, 1, 0, 4, 80.60
2026/09/06 07:56:00.636, 0, 100, 109366, 537.01
2026/09/06 07:56:00.638, 1, 0, 4, 80.52
2026/09/06 07:56:01.639, 0, 100, 109366, 540.13
2026/09/06 07:56:01.643, 1, 0, 4, 80.57
2026/09/06 07:56:02.652, 0, 54, 109366, 521.08
2026/09/06 07:56:02.654, 1, 0, 4, 80.50
2026/09/06 07:56:03.655, 0, 100, 109366, 511.34
2026/09/06 07:56:03.658, 1, 0, 4, 80.58
2026/09/06 07:56:04.660, 0, 100, 109366, 537.01
2026/09/06 07:56:04.662, 1, 0, 4, 80.52
2026/09/06 07:56:05.663, 0, 100, 109366, 520.85
2026/09/06 07:56:05.666, 1, 0, 4, 80.61
2026/09/06 07:56:06.668, 0, 100, 109366, 524.72
2026/09/06 07:56:06.669, 1, 0, 4, 80.55
2026/09/06 07:56:07.671, 0, 100, 109366, 526.15
2026/09/06 07:56:07.673, 1, 0, 4, 80.54
2026/09/06 07:56:08.674, 0, 100, 109366, 498.71
2026/09/06 07:56:08.675, 1, 0, 4, 80.33
2026/09/06 07:56:09.677, 0, 100, 109366, 497.84
2026/09/06 07:56:09.679, 1, 0, 4, 80.56
2026/09/06 07:56:10.681, 0, 100, 109366, 518.21
2026/09/06 07:56:10.683, 1, 0, 4, 80.57
2026/09/06 07:56:11.684, 0, 100, 109366, 519.47
2026/09/06 07:56:11.686, 1, 0, 4, 80.60
2026/09/06 07:56:12.688, 0, 100, 109366, 519.44
2026/09/06 07:56:12.690, 1, 0, 4, 80.59
2026/09/06 07:56:13.692, 0, 100, 109366, 519.37
2026/09/06 07:56:13.694, 1, 0, 4, 80.45
2026/09/06 07:56:14.695, 0, 97, 109366, 499.43
2026/09/06 07:56:14.698, 1, 0, 4, 80.38
2026/09/06 07:56:15.699, 0, 100, 109366, 513.55
2026/09/06 07:56:15.701, 1, 0, 4, 80.56
2026/09/06 07:56:16.703, 0, 100, 109366, 518.60
2026/09/06 07:56:16.705, 1, 0, 4, 80.59
2026/09/06 07:56:17.706, 0, 100, 109366, 522.15
2026/09/06 07:56:17.708, 1, 0, 4, 80.51
2026/09/06 07:56:18.710, 0, 100, 109366, 521.55
2026/09/06 07:56:18.711, 1, 0, 4, 80.53
2026/09/06 07:56:19.713, 0, 62, 109366, 508.21
2026/09/06 07:56:19.715, 1, 0, 4, 80.57
2026/09/06 07:56:20.717, 0, 100, 109366, 530.99
2026/09/06 07:56:20.718, 1, 0, 4, 80.46
2026/09/06 07:56:21.720, 0, 100, 109366, 523.62
2026/09/06 07:56:21.722, 1, 0, 4, 80.57
2026/09/06 07:56:22.724, 0, 100, 109366, 514.57
2026/09/06 07:56:22.725, 1, 0, 4, 80.46
2026/09/06 07:56:23.727, 0, 100, 109366, 534.32
2026/09/06 07:56:23.729, 1, 0, 4, 80.47
2026/09/06 07:56:24.733, 0, 100, 109366, 533.05
2026/09/06 07:56:24.735, 1, 0, 4, 80.49
2026/09/06 07:56:25.737, 0, 100, 109366, 531.50
2026/09/06 07:56:25.739, 1, 0, 4, 80.49
2026/09/06 07:56:26.740, 0, 100, 109366, 537.70
2026/09/06 07:56:26.741, 1, 0, 4, 80.43
2026/09/06 07:56:27.743, 0, 100, 109366, 541.36
2026/09/06 07:56:27.745, 1, 0, 4, 80.45
2026/09/06 07:56:28.747, 0, 100, 109366, 541.91
2026/09/06 07:56:28.749, 1, 0, 4, 80.40
2026/09/06 07:56:29.751, 0, 76, 109366, 525.81
2026/09/06 07:56:29.753, 1, 0, 4, 80.47
2026/09/06 07:56:30.754, 0, 92, 109366, 541.09
2026/09/06 07:56:30.757, 1, 0, 4, 80.36
2026/09/06 07:56:31.759, 0, 100, 109366, 549.44
2026/09/06 07:56:31.761, 1, 0, 4, 80.52
2026/09/06 07:56:32.763, 0, 100, 109366, 515.59
2026/09/06 07:56:32.766, 1, 0, 4, 80.49
2026/09/06 07:56:33.768, 0, 100, 109366, 529.59
2026/09/06 07:56:33.769, 1, 0, 4, 80.49
2026/09/06 07:56:34.771, 0, 100, 109366, 536.32
2026/09/06 07:56:34.774, 1, 0, 4, 80.39
2026/09/06 07:56:35.777, 0, 100, 109366, 525.30
2026/09/06 07:56:35.780, 1, 0, 4, 80.44
2026/09/06 07:56:36.782, 0, 100, 109366, 528.03
2026/09/06 07:56:36.784, 1, 0, 4, 80.47
2026/09/06 07:56:37.785, 0, 100, 109366, 538.51
2026/09/06 07:56:37.787, 1, 0, 4, 80.50
2026/09/06 07:56:38.789, 0, 100, 109366, 542.81
2026/09/06 07:56:38.790, 1, 0, 4, 80.51
2026/09/06 07:56:39.793, 0, 100, 109366, 542.40
2026/09/06 07:56:39.795, 1, 0, 4, 80.48
2026/09/06 07:56:40.796, 0, 100, 109366, 540.96
2026/09/06 07:56:40.798, 1, 0, 4, 80.53
2026/09/06 07:56:41.800, 0, 100, 109366, 539.44
2026/09/06 07:56:41.802, 1, 0, 4, 80.51
2026/09/06 07:56:42.804, 0, 100, 109366, 536.80
2026/09/06 07:56:42.806, 1, 0, 4, 80.47
2026/09/06 07:56:43.807, 0, 100, 109366, 526.14
2026/09/06 07:56:43.809, 1, 0, 4, 80.59
2026/09/06 07:56:44.811, 0, 100, 109366, 541.58
2026/09/06 07:56:44.813, 1, 0, 4, 80.51
2026/09/06 07:56:45.814, 0, 100, 109366, 536.12
2026/09/06 07:56:45.816, 1, 0, 4, 80.57
2026/09/06 07:56:46.819, 0, 100, 109366, 533.80
2026/09/06 07:56:46.821, 1, 0, 4, 80.55
2026/09/06 07:56:47.823, 0, 100, 109366, 547.71
2026/09/06 07:56:47.825, 1, 0, 4, 80.47
2026/09/06 07:56:48.827, 0, 100, 109366, 542.60
2026/09/06 07:56:48.829, 1, 0, 4, 80.47
2026/09/06 07:56:49.831, 0, 100, 109366, 536.81
2026/09/06 07:56:49.833, 1, 0, 4, 80.52
2026/09/06 07:56:50.834, 0, 100, 109366, 552.17
2026/09/06 07:56:50.836, 1, 0, 4, 80.52
2026/09/06 07:56:51.838, 0, 100, 109366, 545.13
2026/09/06 07:56:51.839, 1, 0, 4, 80.52
2026/09/06 07:56:52.842, 0, 100, 109366, 552.56
2026/09/06 07:56:52.844, 1, 0, 4, 80.62
2026/09/06 07:56:53.847, 0, 100, 109366, 552.40
2026/09/06 07:56:53.849, 1, 0, 4, 80.49
2026/09/06 07:56:54.851, 0, 100, 109366, 548.34
2026/09/06 07:56:54.853, 1, 0, 4, 80.50
2026/09/06 07:56:55.854, 0, 100, 109366, 559.56
2026/09/06 07:56:55.857, 1, 0, 4, 80.53
2026/09/06 07:56:56.860, 0, 100, 109366, 551.62
2026/09/06 07:56:56.863, 1, 0, 4, 80.62
2026/09/06 07:56:57.865, 0, 100, 109366, 555.62
2026/09/06 07:56:57.868, 1, 0, 4, 80.67
2026/09/06 07:56:58.871, 0, 100, 109366, 553.08
2026/09/06 07:56:58.872, 1, 0, 4, 80.59
2026/09/06 07:56:59.873, 0, 100, 109366, 561.40
2026/09/06 07:56:59.876, 1, 0, 4, 80.50
2026/09/06 07:57:00.877, 0, 100, 109366, 541.65
2026/09/06 07:57:00.878, 1, 0, 4, 80.54
2026/09/06 07:57:01.880, 0, 100, 109366, 560.29
2026/09/06 07:57:01.883, 1, 0, 4, 80.50
2026/09/06 07:57:02.886, 0, 96, 109366, 566.31
2026/09/06 07:57:02.889, 1, 0, 4, 80.48
2026/09/06 07:57:03.891, 0, 100, 109366, 559.35
2026/09/06 07:57:03.893, 1, 0, 4, 80.58
2026/09/06 07:57:04.894, 0, 100, 109366, 562.53
2026/09/06 07:57:04.896, 1, 0, 4, 80.53
2026/09/06 07:57:05.897, 0, 100, 109366, 575.77
2026/09/06 07:57:05.899, 1, 0, 4, 80.60
2026/09/06 07:57:06.901, 0, 100, 109366, 565.80
2026/09/06 07:57:06.902, 1, 0, 4, 80.62
2026/09/06 07:57:07.904, 0, 100, 109366, 565.18
2026/09/06 07:57:07.906, 1, 0, 4, 80.49
2026/09/06 07:57:08.909, 0, 100, 109366, 566.96
2026/09/06 07:57:08.911, 1, 0, 4, 80.45
2026/09/06 07:57:09.912, 0, 100, 109366, 562.83
2026/09/06 07:57:09.914, 1, 0, 4, 80.52
2026/09/06 07:57:10.917, 0, 100, 109366, 578.09
2026/09/06 07:57:10.919, 1, 0, 4, 80.54
2026/09/06 07:57:11.921, 0, 100, 109366, 570.47
2026/09/06 07:57:11.924, 1, 0, 4, 80.54
2026/09/06 07:57:12.925, 0, 100, 109366, 565.30
2026/09/06 07:57:12.927, 1, 0, 4, 80.63
2026/09/06 07:57:13.929, 0, 100, 109366, 573.99
2026/09/06 07:57:13.932, 1, 0, 4, 80.53
2026/09/06 07:57:14.934, 0, 100, 109366, 572.06
2026/09/06 07:57:14.937, 1, 0, 4, 80.49
2026/09/06 07:57:15.939, 0, 100, 109366, 522.99
2026/09/06 07:57:15.940, 1, 0, 4, 80.56
2026/09/06 07:57:16.942, 0, 100, 109366, 570.81
2026/09/06 07:57:16.944, 1, 0, 4, 80.43
2026/09/06 07:57:17.945, 0, 100, 109366, 563.80
2026/09/06 07:57:17.947, 1, 0, 4, 80.51
2026/09/06 07:57:18.949, 0, 77, 109366, 546.18
2026/09/06 07:57:18.951, 1, 0, 4, 80.57
2026/09/06 07:57:19.953, 0, 100, 109366, 557.30
2026/09/06 07:57:19.955, 1, 0, 4, 80.59
2026/09/06 07:57:20.957, 0, 100, 109366, 517.96
2026/09/06 07:57:20.960, 1, 0, 4, 80.51
2026/09/06 07:57:21.961, 0, 100, 109366, 560.73
2026/09/06 07:57:21.964, 1, 0, 4, 80.45
2026/09/06 07:57:22.965, 0, 100, 109366, 539.84
2026/09/06 07:57:22.968, 1, 0, 4, 80.41
2026/09/06 07:57:23.970, 0, 100, 109366, 517.40
2026/09/06 07:57:23.972, 1, 0, 4, 80.44
2026/09/06 07:57:24.975, 0, 100, 109366, 475.85
2026/09/06 07:57:24.977, 1, 0, 4, 80.53
2026/09/06 07:57:25.978, 0, 100, 109366, 550.64
2026/09/06 07:57:25.980, 1, 0, 4, 80.59
2026/09/06 07:57:26.982, 0, 100, 109366, 543.24
2026/09/06 07:57:26.983, 1, 0, 4, 80.60
2026/09/06 07:57:27.985, 0, 100, 109366, 550.68
2026/09/06 07:57:27.987, 1, 0, 4, 80.48
2026/09/06 07:57:28.988, 0, 100, 109366, 554.44
2026/09/06 07:57:28.990, 1, 0, 4, 80.52
2026/09/06 07:57:29.992, 0, 100, 109366, 549.55
2026/09/06 07:57:29.994, 1, 0, 4, 80.54
2026/09/06 07:57:30.996, 0, 100, 109366, 535.63
2026/09/06 07:57:31.000, 1, 0, 4, 80.47
2026/09/06 07:57:32.001, 0, 100, 109366, 559.75
2026/09/06 07:57:32.003, 1, 0, 4, 80.50
2026/09/06 07:57:33.005, 0, 100, 109366, 529.67
2026/09/06 07:57:33.007, 1, 0, 4, 80.48
2026/09/06 07:57:34.009, 0, 100, 109366, 546.05
2026/09/06 07:57:34.011, 1, 0, 4, 80.54
2026/09/06 07:57:35.013, 0, 100, 109366, 556.17
2026/09/06 07:57:35.017, 1, 0, 4, 80.49
2026/09/06 07:57:36.021, 0, 100, 109366, 547.49
2026/09/06 07:57:36.023, 1, 0, 4, 80.50
2026/09/06 07:57:37.024, 0, 100, 109366, 467.33
2026/09/06 07:57:37.026, 1, 0, 4, 80.46
2026/09/06 07:57:38.027, 0, 100, 109366, 544.49
2026/09/06 07:57:38.029, 1, 0, 4, 80.50
2026/09/06 07:57:39.031, 0, 100, 109366, 546.96
2026/09/06 07:57:39.033, 1, 0, 4, 80.49
2026/09/06 07:57:40.034, 0, 100, 109366, 539.46
2026/09/06 07:57:40.036, 1, 0, 4, 80.42
2026/09/06 07:57:41.037, 0, 100, 109366, 464.59
2026/09/06 07:57:41.039, 1, 0, 4, 80.45
2026/09/06 07:57:42.041, 0, 100, 109366, 518.88
2026/09/06 07:57:42.043, 1, 0, 4, 80.39
2026/09/06 07:57:43.046, 0, 100, 109366, 504.19
2026/09/06 07:57:43.048, 1, 0, 4, 80.46
2026/09/06 07:57:44.049, 0, 100, 109366, 523.45
2026/09/06 07:57:44.051, 1, 0, 4, 80.40
2026/09/06 07:57:45.052, 0, 100, 109366, 526.16
2026/09/06 07:57:45.055, 1, 0, 4, 80.47
2026/09/06 07:57:46.057, 0, 100, 109366, 519.49
2026/09/06 07:57:46.059, 1, 0, 4, 80.53
2026/09/06 07:57:47.060, 0, 100, 109366, 450.40
2026/09/06 07:57:47.062, 1, 0, 4, 80.46
2026/09/06 07:57:48.064, 0, 100, 109366, 513.43
2026/09/06 07:57:48.067, 1, 0, 4, 80.44
2026/09/06 07:57:49.068, 0, 100, 109366, 490.88
2026/09/06 07:57:49.070, 1, 0, 4, 80.35
2026/09/06 07:57:50.071, 0, 100, 109366, 517.41
2026/09/06 07:57:50.073, 1, 0, 4, 80.32
2026/09/06 07:57:51.074, 0, 100, 109366, 514.33
2026/09/06 07:57:51.077, 1, 0, 4, 80.44
2026/09/06 07:57:52.078, 0, 100, 109366, 512.63
2026/09/06 07:57:52.080, 1, 0, 4, 80.33
2026/09/06 07:57:53.081, 0, 100, 109366, 516.56
2026/09/06 07:57:53.083, 1, 0, 4, 80.44
2026/09/06 07:57:54.084, 0, 100, 109366, 521.46
2026/09/06 07:57:54.086, 1, 0, 4, 80.40
2026/09/06 07:57:55.088, 0, 100, 109366, 517.78
2026/09/06 07:57:55.090, 1, 0, 4, 80.39
2026/09/06 07:57:56.091, 0, 100, 109366, 525.10
2026/09/06 07:57:56.097, 1, 0, 4, 80.40
2026/09/06 07:57:57.099, 0, 100, 109366, 524.43
2026/09/06 07:57:57.101, 1, 0, 4, 80.37
2026/09/06 07:57:58.102, 0, 100, 109366, 521.78
2026/09/06 07:57:58.104, 1, 0, 4, 80.58
2026/09/06 07:57:59.106, 0, 100, 109366, 525.21
2026/09/06 07:57:59.108, 1, 0, 4, 80.52
2026/09/06 07:58:00.109, 0, 100, 109366, 526.28
2026/09/06 07:58:00.111, 1, 0, 4, 80.62
2026/09/06 07:58:01.113, 0, 100, 109366, 525.17
2026/09/06 07:58:01.115, 1, 0, 4, 80.46
2026/09/06 07:58:02.117, 0, 100, 109366, 531.03
2026/09/06 07:58:02.118, 1, 0, 4, 80.43
2026/09/06 07:58:03.120, 0, 100, 109366, 537.71
2026/09/06 07:58:03.121, 1, 0, 4, 80.46
2026/09/06 07:58:04.123, 0, 89, 109366, 515.97
2026/09/06 07:58:04.125, 1, 0, 4, 80.47
2026/09/06 07:58:05.127, 0, 100, 109366, 529.22
2026/09/06 07:58:05.129, 1, 0, 4, 80.46
2026/09/06 07:58:06.131, 0, 100, 109366, 530.66
2026/09/06 07:58:06.132, 1, 0, 4, 80.59
2026/09/06 07:58:07.134, 0, 100, 109366, 507.54
2026/09/06 07:58:07.135, 1, 0, 4, 80.54
2026/09/06 07:58:08.137, 0, 100, 109366, 524.78
2026/09/06 07:58:08.139, 1, 0, 4, 80.58
2026/09/06 07:58:09.141, 0, 100, 109366, 526.00
2026/09/06 07:58:09.142, 1, 0, 4, 80.42
2026/09/06 07:58:10.144, 0, 100, 109366, 531.02
2026/09/06 07:58:10.145, 1, 0, 4, 80.42
2026/09/06 07:58:11.147, 0, 100, 109366, 530.63
2026/09/06 07:58:11.149, 1, 0, 4, 80.47
2026/09/06 07:58:12.151, 0, 100, 109366, 525.69
2026/09/06 07:58:12.153, 1, 0, 4, 80.47
2026/09/06 07:58:13.154, 0, 97, 109366, 515.05
2026/09/06 07:58:13.156, 1, 0, 4, 80.49
2026/09/06 07:58:14.158, 0, 100, 109366, 527.27
2026/09/06 07:58:14.159, 1, 0, 4, 80.57
2026/09/06 07:58:15.161, 0, 100, 109366, 522.03
2026/09/06 07:58:15.163, 1, 0, 4, 80.41
2026/09/06 07:58:16.164, 0, 66, 109366, 508.81
2026/09/06 07:58:16.165, 1, 0, 4, 80.40
2026/09/06 07:58:17.167, 0, 100, 109366, 489.87
2026/09/06 07:58:17.168, 1, 0, 4, 80.54
2026/09/06 07:58:18.170, 0, 100, 109366, 526.28
2026/09/06 07:58:18.171, 1, 0, 4, 80.47
2026/09/06 07:58:19.172, 0, 100, 109366, 528.21
2026/09/06 07:58:19.174, 1, 0, 4, 80.49
2026/09/06 07:58:20.175, 0, 100, 109366, 523.86
2026/09/06 07:58:20.177, 1, 0, 4, 80.46
2026/09/06 07:58:21.179, 0, 100, 109366, 539.53
2026/09/06 07:58:21.181, 1, 0, 4, 80.49
2026/09/06 07:58:22.183, 0, 100, 109366, 548.21
2026/09/06 07:58:22.185, 1, 0, 4, 80.50
2026/09/06 07:58:23.186, 0, 100, 109366, 550.64
2026/09/06 07:58:23.188, 1, 0, 4, 80.49
2026/09/06 07:58:24.189, 0, 99, 109366, 556.95
2026/09/06 07:58:24.191, 1, 0, 4, 80.42
2026/09/06 07:58:25.192, 0, 100, 109366, 551.30
2026/09/06 07:58:25.194, 1, 0, 4, 80.36
2026/09/06 07:58:26.195, 0, 97, 109366, 559.66
2026/09/06 07:58:26.197, 1, 0, 4, 80.40
2026/09/06 07:58:27.198, 0, 100, 109366, 546.24
2026/09/06 07:58:27.200, 1, 0, 4, 80.57
2026/09/06 07:58:28.201, 0, 97, 109366, 533.76
2026/09/06 07:58:28.203, 1, 0, 4, 80.62
2026/09/06 07:58:29.204, 0, 100, 109366, 554.43
2026/09/06 07:58:29.206, 1, 0, 4, 80.48
2026/09/06 07:58:30.208, 0, 100, 109366, 549.43
2026/09/06 07:58:30.211, 1, 0, 4, 80.42
2026/09/06 07:58:31.212, 0, 100, 109366, 556.33
2026/09/06 07:58:31.213, 1, 0, 4, 80.48
2026/09/06 07:58:32.215, 0, 100, 109366, 551.72
2026/09/06 07:58:32.217, 1, 0, 4, 80.45
2026/09/06 07:58:33.218, 0, 100, 109366, 544.57
2026/09/06 07:58:33.220, 1, 0, 4, 80.52
2026/09/06 07:58:34.221, 0, 90, 109366, 543.19
2026/09/06 07:58:34.223, 1, 0, 4, 80.60
2026/09/06 07:58:35.224, 0, 100, 109366, 550.93
2026/09/06 07:58:35.226, 1, 0, 4, 80.48
2026/09/06 07:58:36.227, 0, 100, 109366, 536.58
2026/09/06 07:58:36.229, 1, 0, 4, 80.32
2026/09/06 07:58:37.231, 0, 100, 109366, 554.06
2026/09/06 07:58:37.233, 1, 0, 4, 80.49
2026/09/06 07:58:38.234, 0, 100, 109366, 549.11
2026/09/06 07:58:38.236, 1, 0, 4, 80.37
2026/09/06 07:58:39.238, 0, 100, 109366, 543.43
2026/09/06 07:58:39.240, 1, 0, 4, 80.40
2026/09/06 07:58:40.242, 0, 100, 109366, 549.65
2026/09/06 07:58:40.244, 1, 0, 4, 80.58
2026/09/06 07:58:41.245, 0, 100, 109366, 549.11
2026/09/06 07:58:41.247, 1, 0, 4, 80.42
2026/09/06 07:58:42.249, 0, 100, 109366, 553.17
2026/09/06 07:58:42.250, 1, 0, 4, 80.46
2026/09/06 07:58:43.252, 0, 100, 109366, 571.97
2026/09/06 07:58:43.253, 1, 0, 4, 80.36
2026/09/06 07:58:44.256, 0, 100, 109366, 564.66
2026/09/06 07:58:44.257, 1, 0, 4, 80.39
2026/09/06 07:58:45.260, 0, 100, 109366, 555.14
2026/09/06 07:58:45.262, 1, 0, 4, 80.32
2026/09/06 07:58:46.264, 0, 100, 109366, 565.30
2026/09/06 07:58:46.266, 1, 0, 4, 80.44
2026/09/06 07:58:47.267, 0, 100, 109366, 554.46
2026/09/06 07:58:47.268, 1, 0, 4, 80.40
2026/09/06 07:58:48.270, 0, 100, 109366, 567.76
2026/09/06 07:58:48.272, 1, 0, 4, 80.40
2026/09/06 07:58:49.273, 0, 100, 109366, 547.27
2026/09/06 07:58:49.275, 1, 0, 4, 80.45
2026/09/06 07:58:50.276, 0, 96, 109366, 554.23
2026/09/06 07:58:50.278, 1, 0, 4, 80.31
2026/09/06 07:58:51.280, 0, 100, 109366, 554.93
2026/09/06 07:58:51.281, 1, 0, 4, 80.38
2026/09/06 07:58:52.283, 0, 100, 109366, 542.85
2026/09/06 07:58:52.285, 1, 0, 4, 80.45
2026/09/06 07:58:53.287, 0, 100, 109366, 549.43
2026/09/06 07:58:53.289, 1, 0, 4, 80.52
2026/09/06 07:58:54.290, 0, 100, 109366, 543.00
2026/09/06 07:58:54.293, 1, 0, 4, 80.38
2026/09/06 07:58:55.300, 0, 57, 109366, 532.16
2026/09/06 07:58:55.302, 1, 0, 4, 80.53
2026/09/06 07:58:56.303, 0, 100, 109366, 534.56
2026/09/06 07:58:56.306, 1, 0, 4, 80.25
2026/09/06 07:58:57.308, 0, 100, 109366, 531.26
2026/09/06 07:58:57.309, 1, 0, 4, 80.40
2026/09/06 07:58:58.311, 0, 100, 109366, 531.25
2026/09/06 07:58:58.313, 1, 0, 4, 80.38
2026/09/06 07:58:59.315, 0, 100, 109366, 543.09
2026/09/06 07:58:59.316, 1, 0, 4, 80.42
2026/09/06 07:59:00.318, 0, 100, 109366, 546.99
2026/09/06 07:59:00.320, 1, 0, 4, 80.48
2026/09/06 07:59:01.321, 0, 61, 109366, 526.71
2026/09/06 07:59:01.323, 1, 0, 4, 80.50
2026/09/06 07:59:02.324, 0, 100, 109366, 546.94
2026/09/06 07:59:02.327, 1, 0, 4, 80.34
2026/09/06 07:59:03.328, 0, 100, 109366, 520.53
2026/09/06 07:59:03.330, 1, 0, 4, 80.34
2026/09/06 07:59:04.331, 0, 100, 109366, 548.64
2026/09/06 07:59:04.333, 1, 0, 4, 80.28
2026/09/06 07:59:05.335, 0, 100, 109366, 548.05
2026/09/06 07:59:05.337, 1, 0, 4, 80.44
2026/09/06 07:59:06.338, 0, 100, 109366, 522.88
2026/09/06 07:59:06.340, 1, 0, 4, 80.36
2026/09/06 07:59:07.342, 0, 100, 109366, 550.01
2026/09/06 07:59:07.344, 1, 0, 4, 80.30
2026/09/06 07:59:08.346, 0, 100, 109366, 531.78
2026/09/06 07:59:08.347, 1, 0, 4, 80.47
2026/09/06 07:59:09.349, 0, 100, 109366, 547.52
2026/09/06 07:59:09.350, 1, 0, 4, 80.39
2026/09/06 07:59:10.352, 0, 100, 109366, 532.30
2026/09/06 07:59:10.354, 1, 0, 4, 80.38
2026/09/06 07:59:11.355, 0, 100, 109366, 555.33
2026/09/06 07:59:11.358, 1, 0, 4, 80.43
2026/09/06 07:59:12.359, 0, 100, 109366, 560.02
2026/09/06 07:59:12.361, 1, 0, 4, 80.37
2026/09/06 07:59:13.362, 0, 100, 109366, 552.93
2026/09/06 07:59:13.365, 1, 0, 4, 80.63
2026/09/06 07:59:14.368, 0, 100, 109366, 524.53
2026/09/06 07:59:14.370, 1, 0, 4, 80.55
2026/09/06 07:59:15.371, 0, 97, 109366, 520.50
2026/09/06 07:59:15.374, 1, 0, 4, 80.60
2026/09/06 07:59:16.377, 0, 100, 109366, 539.57
2026/09/06 07:59:16.378, 1, 0, 4, 80.42
2026/09/06 07:59:17.380, 0, 100, 109366, 523.95
2026/09/06 07:59:17.384, 1, 0, 4, 80.51
2026/09/06 07:59:18.387, 0, 100, 109366, 546.69
2026/09/06 07:59:18.388, 1, 0, 4, 80.42
2026/09/06 07:59:19.390, 0, 100, 109366, 541.85
2026/09/06 07:59:19.392, 1, 0, 4, 80.44
2026/09/06 07:59:20.394, 0, 72, 109366, 506.31
2026/09/06 07:59:20.395, 1, 0, 4, 80.49
2026/09/06 07:59:21.397, 0, 100, 109366, 508.99
2026/09/06 07:59:21.399, 1, 0, 4, 80.50
2026/09/06 07:59:22.400, 0, 100, 109366, 509.86
2026/09/06 07:59:22.403, 1, 0, 4, 80.53
2026/09/06 07:59:23.405, 0, 100, 109366, 512.08
2026/09/06 07:59:23.407, 1, 0, 4, 80.39
2026/09/06 07:59:24.408, 0, 100, 109366, 533.04
2026/09/06 07:59:24.410, 1, 0, 4, 80.39
2026/09/06 07:59:25.412, 0, 100, 109366, 426.88
2026/09/06 07:59:25.413, 1, 0, 4, 80.52
2026/09/06 07:59:26.415, 0, 100, 109366, 549.41
2026/09/06 07:59:26.417, 1, 0, 4, 80.37
2026/09/06 07:59:27.418, 0, 100, 109366, 497.38
2026/09/06 07:59:27.420, 1, 0, 4, 80.44
2026/09/06 07:59:28.422, 0, 100, 109366, 540.19
2026/09/06 07:59:28.424, 1, 0, 4, 80.55
2026/09/06 07:59:29.425, 0, 100, 109366, 530.66
2026/09/06 07:59:29.427, 1, 0, 4, 80.66
2026/09/06 07:59:30.429, 0, 100, 109366, 517.12
2026/09/06 07:59:30.431, 1, 0, 4, 80.53
2026/09/06 07:59:31.432, 0, 100, 109366, 514.99
2026/09/06 07:59:31.434, 1, 0, 4, 80.48
2026/09/06 07:59:32.435, 0, 100, 109366, 521.20
2026/09/06 07:59:32.437, 1, 0, 4, 80.50
2026/09/06 07:59:33.439, 0, 100, 109366, 526.84
2026/09/06 07:59:33.440, 1, 0, 4, 80.50
2026/09/06 07:59:34.442, 0, 100, 109366, 529.71
2026/09/06 07:59:34.443, 1, 0, 4, 80.46
2026/09/06 07:59:35.445, 0, 100, 109366, 526.08
2026/09/06 07:59:35.446, 1, 0, 4, 80.55
2026/09/06 07:59:36.448, 0, 100, 109366, 526.57
2026/09/06 07:59:36.450, 1, 0, 4, 80.61
2026/09/06 07:59:37.451, 0, 100, 109366, 531.68
2026/09/06 07:59:37.453, 1, 0, 4, 80.56
2026/09/06 07:59:38.455, 0, 100, 109366, 523.83
2026/09/06 07:59:38.456, 1, 0, 4, 80.51
2026/09/06 07:59:39.458, 0, 100, 109366, 534.37
2026/09/06 07:59:39.459, 1, 0, 4, 80.49
2026/09/06 07:59:40.461, 0, 100, 109366, 465.42
2026/09/06 07:59:40.463, 1, 0, 4, 80.52
2026/09/06 07:59:41.466, 0, 100, 109366, 529.59
2026/09/06 07:59:41.468, 1, 0, 4, 80.56
2026/09/06 07:59:42.470, 0, 100, 109366, 536.47
2026/09/06 07:59:42.472, 1, 0, 4, 80.59
2026/09/06 07:59:43.475, 0, 100, 109366, 536.34
2026/09/06 07:59:43.476, 1, 0, 4, 80.54
2026/09/06 07:59:44.477, 0, 100, 109366, 538.63
2026/09/06 07:59:44.480, 1, 0, 4, 80.40
2026/09/06 07:59:45.482, 0, 100, 109366, 537.13
2026/09/06 07:59:45.484, 1, 0, 4, 80.44
2026/09/06 07:59:46.486, 0, 100, 109366, 498.27
2026/09/06 07:59:46.488, 1, 0, 4, 80.53
2026/09/06 07:59:47.489, 0, 100, 109366, 538.54
2026/09/06 07:59:47.491, 1, 0, 4, 80.60
2026/09/06 07:59:48.492, 0, 100, 109366, 532.14
2026/09/06 07:59:48.494, 1, 0, 4, 80.60
2026/09/06 07:59:49.496, 0, 100, 109366, 510.30
2026/09/06 07:59:49.497, 1, 0, 4, 80.55
2026/09/06 07:59:50.498, 0, 100, 109366, 521.31
2026/09/06 07:59:50.500, 1, 0, 4, 80.45
2026/09/06 07:59:51.501, 0, 100, 109366, 515.68
2026/09/06 07:59:51.503, 1, 0, 4, 80.44
2026/09/06 07:59:52.505, 0, 100, 109366, 522.09
2026/09/06 07:59:52.507, 1, 0, 4, 80.46
2026/09/06 07:59:53.508, 0, 100, 109366, 529.41
2026/09/06 07:59:53.510, 1, 0, 4, 80.55
2026/09/06 07:59:54.511, 0, 100, 109366, 527.88
2026/09/06 07:59:54.513, 1, 0, 4, 80.63
2026/09/06 07:59:55.514, 0, 100, 109366, 525.43
2026/09/06 07:59:55.516, 1, 0, 4, 80.58
2026/09/06 07:59:56.517, 0, 100, 109366, 527.28
2026/09/06 07:59:56.519, 1, 0, 4, 80.42
2026/09/06 07:59:57.521, 0, 100, 109366, 531.19
2026/09/06 07:59:57.522, 1, 0, 4, 80.48
2026/09/06 07:59:58.524, 0, 100, 109366, 529.77
2026/09/06 07:59:58.526, 1, 0, 4, 80.44
2026/09/06 07:59:59.528, 0, 100, 109366, 526.64
2026/09/06 07:59:59.530, 1, 0, 4, 80.51
2026/09/06 08:00:00.531, 0, 100, 109366, 543.03
2026/09/06 08:00:00.533, 1, 0, 4, 80.41
2026/09/06 08:00:01.535, 0, 100, 109366, 532.71
2026/09/06 08:00:01.537, 1, 0, 4, 80.44
2026/09/06 08:00:02.538, 0, 100, 109366, 538.10
2026/09/06 08:00:02.541, 1, 0, 4, 80.55
2026/09/06 08:00:03.542, 0, 100, 109366, 542.22
2026/09/06 08:00:03.545, 1, 0, 4, 80.43
2026/09/06 08:00:04.546, 0, 100, 109366, 546.04
2026/09/06 08:00:04.547, 1, 0, 4, 80.41
2026/09/06 08:00:05.549, 0, 100, 109366, 549.78
2026/09/06 08:00:05.550, 1, 0, 4, 80.52
2026/09/06 08:00:06.552, 0, 100, 109366, 554.28
2026/09/06 08:00:06.553, 1, 0, 4, 80.44
2026/09/06 08:00:07.555, 0, 100, 109366, 520.86
2026/09/06 08:00:07.557, 1, 0, 4, 80.53
2026/09/06 08:00:08.559, 0, 100, 109366, 536.51
2026/09/06 08:00:08.560, 1, 0, 4, 80.43
2026/09/06 08:00:09.561, 0, 100, 109366, 540.07
2026/09/06 08:00:09.564, 1, 0, 4, 80.52
2026/09/06 08:00:10.565, 0, 100, 109366, 540.90
2026/09/06 08:00:10.567, 1, 0, 4, 80.46
2026/09/06 08:00:11.568, 0, 100, 109366, 536.38
2026/09/06 08:00:11.570, 1, 0, 4, 80.28
2026/09/06 08:00:12.571, 0, 100, 109366, 546.08
2026/09/06 08:00:12.573, 1, 0, 4, 80.34
2026/09/06 08:00:13.575, 0, 100, 109366, 547.35
2026/09/06 08:00:13.577, 1, 0, 4, 80.40
2026/09/06 08:00:14.578, 0, 100, 109366, 542.82
2026/09/06 08:00:14.579, 1, 0, 4, 80.39
2026/09/06 08:00:15.581, 0, 100, 109366, 549.49
2026/09/06 08:00:15.582, 1, 0, 4, 80.34
2026/09/06 08:00:16.583, 0, 100, 109366, 556.73
2026/09/06 08:00:16.585, 1, 0, 4, 80.57
2026/09/06 08:00:17.587, 0, 100, 109366, 549.48
2026/09/06 08:00:17.589, 1, 0, 4, 80.26
2026/09/06 08:00:18.590, 0, 100, 109366, 561.50
2026/09/06 08:00:18.593, 1, 0, 4, 80.44
2026/09/06 08:00:19.595, 0, 100, 109366, 525.20
2026/09/06 08:00:19.598, 1, 0, 4, 80.54
2026/09/06 08:00:20.600, 0, 65, 109366, 533.04
2026/09/06 08:00:20.601, 1, 0, 4, 80.47
2026/09/06 08:00:21.603, 0, 100, 109366, 531.65
2026/09/06 08:00:21.606, 1, 0, 4, 80.26
2026/09/06 08:00:22.614, 0, 100, 109366, 540.76
2026/09/06 08:00:22.616, 1, 0, 4, 80.43
2026/09/06 08:00:23.619, 0, 100, 109366, 536.26
2026/09/06 08:00:23.621, 1, 0, 4, 80.42
2026/09/06 08:00:24.624, 0, 100, 109366, 538.63
2026/09/06 08:00:24.626, 1, 0, 4, 80.43
2026/09/06 08:00:25.628, 0, 100, 109366, 542.05
2026/09/06 08:00:25.630, 1, 0, 4, 80.52
2026/09/06 08:00:26.633, 0, 100, 109366, 550.81
2026/09/06 08:00:26.635, 1, 0, 4, 80.46
2026/09/06 08:00:27.636, 0, 100, 109366, 522.51
2026/09/06 08:00:27.639, 1, 0, 4, 80.67
2026/09/06 08:00:28.642, 0, 100, 109366, 540.49
2026/09/06 08:00:28.644, 1, 0, 4, 80.45
2026/09/06 08:00:29.645, 0, 100, 109366, 531.85
2026/09/06 08:00:29.647, 1, 0, 4, 80.39
2026/09/06 08:00:30.650, 0, 100, 109366, 553.01
2026/09/06 08:00:30.652, 1, 0, 4, 80.46
2026/09/06 08:00:31.654, 0, 96, 109366, 556.68
2026/09/06 08:00:31.657, 1, 0, 4, 80.54
2026/09/06 08:00:32.660, 0, 100, 109366, 544.43
2026/09/06 08:00:32.661, 1, 0, 4, 80.40
2026/09/06 08:00:33.663, 0, 100, 109366, 552.27
2026/09/06 08:00:33.664, 1, 0, 4, 80.51
2026/09/06 08:00:34.666, 0, 100, 109366, 553.77
2026/09/06 08:00:34.667, 1, 0, 4, 80.43
2026/09/06 08:00:35.669, 0, 100, 109366, 550.20
2026/09/06 08:00:35.670, 1, 0, 4, 80.60
2026/09/06 08:00:36.672, 0, 100, 109366, 565.57
2026/09/06 08:00:36.674, 1, 0, 4, 80.46
2026/09/06 08:00:37.676, 0, 100, 109366, 568.95
2026/09/06 08:00:37.678, 1, 0, 4, 80.38
2026/09/06 08:00:38.679, 0, 100, 109366, 552.83
2026/09/06 08:00:38.681, 1, 0, 4, 80.34
2026/09/06 08:00:39.683, 0, 100, 109366, 566.79
2026/09/06 08:00:39.684, 1, 0, 4, 80.33
2026/09/06 08:00:40.686, 0, 100, 109366, 565.42
2026/09/06 08:00:40.688, 1, 0, 4, 80.42
2026/09/06 08:00:41.689, 0, 100, 109366, 560.17
2026/09/06 08:00:41.690, 1, 0, 4, 80.45
2026/09/06 08:00:42.692, 0, 100, 109366, 567.06
2026/09/06 08:00:42.694, 1, 0, 4, 80.49
2026/09/06 08:00:43.696, 0, 100, 109366, 533.55
2026/09/06 08:00:43.698, 1, 0, 4, 80.54
2026/09/06 08:00:44.700, 0, 100, 109366, 553.18
2026/09/06 08:00:44.701, 1, 0, 4, 80.49
2026/09/06 08:00:45.704, 0, 100, 109366, 564.02
2026/09/06 08:00:45.705, 1, 0, 4, 80.46
2026/09/06 08:00:46.708, 0, 100, 109366, 534.62
2026/09/06 08:00:46.709, 1, 0, 4, 80.42
2026/09/06 08:00:47.710, 0, 100, 109366, 519.59
2026/09/06 08:00:47.712, 1, 0, 4, 80.57
2026/09/06 08:00:48.714, 0, 100, 109366, 548.08
2026/09/06 08:00:48.716, 1, 0, 4, 80.44
2026/09/06 08:00:49.717, 0, 100, 109366, 551.03
2026/09/06 08:00:49.719, 1, 0, 4, 80.47
2026/09/06 08:00:50.721, 0, 100, 109366, 552.15
2026/09/06 08:00:50.722, 1, 0, 4, 80.50
2026/09/06 08:00:51.724, 0, 100, 109366, 551.85
2026/09/06 08:00:51.726, 1, 0, 4, 80.38
2026/09/06 08:00:52.727, 0, 100, 109366, 571.00
2026/09/06 08:00:52.729, 1, 0, 4, 80.34
2026/09/06 08:00:53.730, 0, 100, 109366, 517.94
2026/09/06 08:00:53.732, 1, 0, 4, 80.43
2026/09/06 08:00:54.734, 0, 2, 109366, 403.20
2026/09/06 08:00:54.743, 1, 0, 4, 80.49
2026/09/06 08:00:55.745, 0, 96, 109366, 429.86
2026/09/06 08:00:55.747, 1, 0, 4, 80.51
2026/09/06 08:00:56.748, 0, 100, 109366, 498.99
2026/09/06 08:00:56.751, 1, 0, 4, 80.45
2026/09/06 08:00:57.753, 0, 100, 109366, 497.05
2026/09/06 08:00:57.755, 1, 0, 4, 80.58
2026/09/06 08:00:58.757, 0, 100, 109366, 519.10
2026/09/06 08:00:58.759, 1, 0, 4, 80.39
2026/09/06 08:00:59.761, 0, 100, 109366, 525.26
2026/09/06 08:00:59.763, 1, 0, 4, 80.39
2026/09/06 08:01:00.766, 0, 100, 109366, 528.97
2026/09/06 08:01:00.770, 1, 0, 4, 80.43
2026/09/06 08:01:01.772, 0, 100, 109366, 522.33
2026/09/06 08:01:01.773, 1, 0, 4, 80.42
2026/09/06 08:01:02.775, 0, 100, 109366, 531.20
2026/09/06 08:01:02.779, 1, 0, 4, 80.38
2026/09/06 08:01:03.782, 0, 100, 109366, 532.14
2026/09/06 08:01:03.784, 1, 0, 4, 80.44
2026/09/06 08:01:04.786, 0, 100, 109366, 542.25
2026/09/06 08:01:04.788, 1, 0, 4, 80.48
2026/09/06 08:01:05.789, 0, 100, 109366, 534.68
2026/09/06 08:01:05.791, 1, 0, 4, 80.43
2026/09/06 08:01:06.797, 0, 100, 109366, 538.19
2026/09/06 08:01:06.799, 1, 0, 4, 80.53
2026/09/06 08:01:07.800, 0, 100, 109366, 540.09
2026/09/06 08:01:07.801, 1, 0, 4, 80.43
2026/09/06 08:01:08.803, 0, 100, 109366, 532.00
2026/09/06 08:01:08.805, 1, 0, 4, 80.45
2026/09/06 08:01:09.806, 0, 90, 109366, 537.40
2026/09/06 08:01:09.808, 1, 0, 4, 80.58
2026/09/06 08:01:10.809, 0, 100, 109366, 543.80
2026/09/06 08:01:10.811, 1, 0, 4, 80.47
2026/09/06 08:01:11.813, 0, 100, 109366, 542.75
2026/09/06 08:01:11.814, 1, 0, 4, 80.42
2026/09/06 08:01:12.816, 0, 100, 109366, 538.48
2026/09/06 08:01:12.818, 1, 0, 4, 80.41
2026/09/06 08:01:13.819, 0, 100, 109366, 546.05
2026/09/06 08:01:13.821, 1, 0, 4, 80.42
2026/09/06 08:01:14.823, 0, 100, 109366, 553.09
2026/09/06 08:01:14.824, 1, 0, 4, 80.46
2026/09/06 08:01:15.826, 0, 100, 109366, 546.89
2026/09/06 08:01:15.828, 1, 0, 4, 80.52
2026/09/06 08:01:16.829, 0, 100, 109366, 545.61
2026/09/06 08:01:16.831, 1, 0, 4, 80.54
2026/09/06 08:01:17.833, 0, 100, 109366, 554.45
2026/09/06 08:01:17.835, 1, 0, 4, 80.48
2026/09/06 08:01:18.837, 0, 100, 109366, 554.34
2026/09/06 08:01:18.839, 1, 0, 4, 80.46
2026/09/06 08:01:19.840, 0, 100, 109366, 532.36
2026/09/06 08:01:19.843, 1, 0, 4, 80.46
2026/09/06 08:01:20.845, 0, 100, 109366, 536.41
2026/09/06 08:01:20.848, 1, 0, 4, 80.44
2026/09/06 08:01:21.850, 0, 100, 109366, 497.52
2026/09/06 08:01:21.858, 1, 0, 4, 80.49
2026/09/06 08:01:22.860, 0, 100, 109366, 530.41
2026/09/06 08:01:22.862, 1, 0, 4, 80.43
2026/09/06 08:01:23.863, 0, 100, 109366, 534.32
2026/09/06 08:01:23.867, 1, 0, 4, 80.49
2026/09/06 08:01:24.869, 0, 100, 109366, 508.21
2026/09/06 08:01:24.871, 1, 0, 4, 80.50
2026/09/06 08:01:25.872, 0, 100, 109366, 518.16
2026/09/06 08:01:25.874, 1, 0, 4, 80.54
2026/09/06 08:01:26.875, 0, 100, 109366, 542.42
2026/09/06 08:01:26.877, 1, 0, 4, 80.39
2026/09/06 08:01:27.878, 0, 100, 109366, 521.49
2026/09/06 08:01:27.881, 1, 0, 4, 80.36
2026/09/06 08:01:28.883, 0, 100, 109366, 512.77
2026/09/06 08:01:28.884, 1, 0, 4, 80.37
2026/09/06 08:01:29.886, 0, 100, 109366, 536.40
2026/09/06 08:01:29.888, 1, 0, 4, 80.47
2026/09/06 08:01:30.890, 0, 100, 109366, 531.30
2026/09/06 08:01:30.891, 1, 0, 4, 80.38
2026/09/06 08:01:31.893, 0, 100, 109366, 529.41
2026/09/06 08:01:31.895, 1, 0, 4, 80.48
2026/09/06 08:01:32.897, 0, 100, 109366, 524.63
2026/09/06 08:01:32.900, 1, 0, 4, 80.41
2026/09/06 08:01:33.901, 0, 100, 109366, 511.91
2026/09/06 08:01:33.903, 1, 0, 4, 80.39
2026/09/06 08:01:34.904, 0, 100, 109366, 524.50
2026/09/06 08:01:34.907, 1, 0, 4, 80.43
2026/09/06 08:01:35.909, 0, 100, 109366, 517.80
2026/09/06 08:01:35.911, 1, 0, 4, 80.51
2026/09/06 08:01:36.913, 0, 100, 109366, 511.71
2026/09/06 08:01:36.915, 1, 0, 4, 80.45
2026/09/06 08:01:37.916, 0, 100, 109366, 516.02
2026/09/06 08:01:37.918, 1, 0, 4, 80.48
2026/09/06 08:01:38.919, 0, 100, 109366, 537.66
2026/09/06 08:01:38.921, 1, 0, 4, 80.47
2026/09/06 08:01:39.923, 0, 100, 109366, 536.59
2026/09/06 08:01:39.925, 1, 0, 4, 80.48
2026/09/06 08:01:40.927, 0, 100, 109366, 540.86
2026/09/06 08:01:40.929, 1, 0, 4, 80.40
2026/09/06 08:01:41.931, 0, 100, 109366, 509.06
2026/09/06 08:01:41.932, 1, 0, 4, 80.46
2026/09/06 08:01:42.934, 0, 100, 109366, 522.24
2026/09/06 08:01:42.937, 1, 0, 4, 80.43
2026/09/06 08:01:43.938, 0, 100, 109366, 524.69
2026/09/06 08:01:43.940, 1, 0, 4, 80.50
2026/09/06 08:01:44.941, 0, 100, 109366, 532.51
2026/09/06 08:01:44.946, 1, 0, 4, 80.59
2026/09/06 08:01:45.947, 0, 100, 109366, 530.65
2026/09/06 08:01:45.950, 1, 0, 4, 80.54
2026/09/06 08:01:46.951, 0, 100, 109366, 514.52
2026/09/06 08:01:46.952, 1, 0, 4, 80.47
2026/09/06 08:01:47.954, 0, 100, 109366, 539.84
2026/09/06 08:01:47.955, 1, 0, 4, 80.38
2026/09/06 08:01:48.957, 0, 100, 109366, 535.14
2026/09/06 08:01:48.958, 1, 0, 4, 80.56
2026/09/06 08:01:49.960, 0, 100, 109366, 534.01
2026/09/06 08:01:49.962, 1, 0, 4, 80.52
2026/09/06 08:01:50.963, 0, 100, 109366, 532.21
2026/09/06 08:01:50.965, 1, 0, 4, 80.56
2026/09/06 08:01:51.967, 0, 78, 109366, 525.34
2026/09/06 08:01:51.968, 1, 0, 4, 80.44
2026/09/06 08:01:52.970, 0, 100, 109366, 534.21
2026/09/06 08:01:52.971, 1, 0, 4, 80.45
2026/09/06 08:01:53.973, 0, 100, 109366, 533.01
2026/09/06 08:01:53.975, 1, 0, 4, 80.47
2026/09/06 08:01:54.976, 0, 100, 109366, 542.49
2026/09/06 08:01:54.978, 1, 0, 4, 80.43
2026/09/06 08:01:55.979, 0, 100, 109366, 547.71
2026/09/06 08:01:55.981, 1, 0, 4, 80.56
2026/09/06 08:01:56.983, 0, 100, 109366, 539.01
2026/09/06 08:01:56.985, 1, 0, 4, 80.55
2026/09/06 08:01:57.987, 0, 100, 109366, 552.89
2026/09/06 08:01:57.989, 1, 0, 4, 80.52
2026/09/06 08:01:58.992, 0, 99, 109366, 548.64
2026/09/06 08:01:58.995, 1, 0, 4, 80.48
2026/09/06 08:01:59.997, 0, 100, 109366, 543.03
2026/09/06 08:02:00.000, 1, 0, 4, 80.40
2026/09/06 08:02:01.002, 0, 100, 109366, 484.38
2026/09/06 08:02:01.004, 1, 0, 4, 80.49
2026/09/06 08:02:02.006, 0, 100, 109366, 456.58
2026/09/06 08:02:02.008, 1, 0, 4, 80.49
2026/09/06 08:02:03.009, 0, 100, 109366, 528.48
2026/09/06 08:02:03.012, 1, 0, 4, 80.37
2026/09/06 08:02:04.014, 0, 100, 109366, 537.24
2026/09/06 08:02:04.016, 1, 0, 4, 80.43
2026/09/06 08:02:05.017, 0, 100, 109366, 538.88
2026/09/06 08:02:05.020, 1, 0, 4, 80.43
2026/09/06 08:02:06.027, 0, 100, 109366, 535.83
2026/09/06 08:02:06.029, 1, 0, 4, 80.68
2026/09/06 08:02:07.030, 0, 98, 109366, 538.73
2026/09/06 08:02:07.032, 1, 0, 4, 80.54
2026/09/06 08:02:08.034, 0, 100, 109366, 545.82
2026/09/06 08:02:08.035, 1, 0, 4, 80.50
2026/09/06 08:02:09.038, 0, 100, 109366, 536.50
2026/09/06 08:02:09.041, 1, 0, 4, 80.42
2026/09/06 08:02:10.042, 0, 100, 109366, 547.44
2026/09/06 08:02:10.044, 1, 0, 4, 80.45
2026/09/06 08:02:11.045, 0, 100, 109366, 549.68
2026/09/06 08:02:11.047, 1, 0, 4, 80.47
2026/09/06 08:02:12.049, 0, 100, 109366, 558.35
2026/09/06 08:02:12.051, 1, 0, 4, 80.53
2026/09/06 08:02:13.052, 0, 100, 109366, 555.81
2026/09/06 08:02:13.055, 1, 0, 4, 80.42
2026/09/06 08:02:14.057, 0, 100, 109366, 560.12
2026/09/06 08:02:14.059, 1, 0, 4, 80.51
2026/09/06 08:02:15.062, 0, 100, 109366, 558.92
2026/09/06 08:02:15.063, 1, 0, 4, 80.60
2026/09/06 08:02:16.064, 0, 61, 109366, 509.57
2026/09/06 08:02:16.066, 1, 0, 4, 80.46
2026/09/06 08:02:17.068, 0, 100, 109366, 515.64
2026/09/06 08:02:17.069, 1, 0, 4, 80.51
2026/09/06 08:02:18.071, 0, 100, 109366, 538.42
2026/09/06 08:02:18.072, 1, 0, 4, 80.46
2026/09/06 08:02:19.074, 0, 100, 109366, 524.73
2026/09/06 08:02:19.077, 1, 0, 4, 80.48
2026/09/06 08:02:20.079, 0, 31, 109366, 463.03
2026/09/06 08:02:20.081, 1, 0, 4, 80.58
2026/09/06 08:02:21.083, 0, 100, 109366, 539.39
2026/09/06 08:02:21.084, 1, 0, 4, 80.48
2026/09/06 08:02:22.087, 0, 99, 109366, 546.09
2026/09/06 08:02:22.088, 1, 0, 4, 80.54
2026/09/06 08:02:23.090, 0, 100, 109366, 549.17
2026/09/06 08:02:23.091, 1, 0, 4, 80.62
2026/09/06 08:02:24.093, 0, 100, 109366, 552.57
2026/09/06 08:02:24.095, 1, 0, 4, 80.45
2026/09/06 08:02:25.096, 0, 100, 109366, 551.38
2026/09/06 08:02:25.097, 1, 0, 4, 80.51
2026/09/06 08:02:26.099, 0, 100, 109366, 551.58
2026/09/06 08:02:26.101, 1, 0, 4, 80.56
2026/09/06 08:02:27.102, 0, 100, 109366, 523.13
2026/09/06 08:02:27.104, 1, 0, 4, 80.43
2026/09/06 08:02:28.106, 0, 64, 109366, 511.18
2026/09/06 08:02:28.108, 1, 0, 4, 80.47
2026/09/06 08:02:29.109, 0, 100, 109366, 506.68
2026/09/06 08:02:29.111, 1, 0, 4, 80.50
2026/09/06 08:02:30.113, 0, 100, 109366, 510.16
2026/09/06 08:02:30.114, 1, 0, 4, 80.53
2026/09/06 08:02:31.116, 0, 100, 109366, 530.23
2026/09/06 08:02:31.117, 1, 0, 4, 80.55
2026/09/06 08:02:32.118, 0, 100, 109366, 530.72
2026/09/06 08:02:32.120, 1, 0, 4, 80.51
2026/09/06 08:02:33.122, 0, 99, 109366, 529.41
2026/09/06 08:02:33.124, 1, 0, 4, 80.48
2026/09/06 08:02:34.125, 0, 100, 109366, 544.46
2026/09/06 08:02:34.127, 1, 0, 4, 80.47
2026/09/06 08:02:35.128, 0, 100, 109366, 528.82
2026/09/06 08:02:35.131, 1, 0, 4, 80.43
2026/09/06 08:02:36.132, 0, 100, 109366, 541.51
2026/09/06 08:02:36.134, 1, 0, 4, 80.46
2026/09/06 08:02:37.136, 0, 100, 109366, 539.64
2026/09/06 08:02:37.137, 1, 0, 4, 80.61
2026/09/06 08:02:38.139, 0, 100, 109366, 545.53
2026/09/06 08:02:38.141, 1, 0, 4, 80.54
2026/09/06 08:02:39.142, 0, 100, 109366, 536.75
2026/09/06 08:02:39.144, 1, 0, 4, 80.42
2026/09/06 08:02:40.145, 0, 100, 109366, 540.40
2026/09/06 08:02:40.147, 1, 0, 4, 80.59
2026/09/06 08:02:41.148, 0, 97, 109366, 546.67
2026/09/06 08:02:41.150, 1, 0, 4, 80.51
2026/09/06 08:02:42.152, 0, 100, 109366, 516.36
2026/09/06 08:02:42.154, 1, 0, 4, 80.47
2026/09/06 08:02:43.155, 0, 100, 109366, 533.51
2026/09/06 08:02:43.157, 1, 0, 4, 80.45
2026/09/06 08:02:44.159, 0, 100, 109366, 521.73
2026/09/06 08:02:44.161, 1, 0, 4, 80.44
2026/09/06 08:02:45.163, 0, 100, 109366, 528.31
2026/09/06 08:02:45.164, 1, 0, 4, 80.62
2026/09/06 08:02:46.167, 0, 100, 109366, 539.61
2026/09/06 08:02:46.168, 1, 0, 4, 80.53
2026/09/06 08:02:47.169, 0, 100, 109366, 545.73
2026/09/06 08:02:47.171, 1, 0, 4, 80.53
2026/09/06 08:02:48.172, 0, 100, 109366, 544.18
2026/09/06 08:02:48.174, 1, 0, 4, 80.49
2026/09/06 08:02:49.175, 0, 100, 109366, 534.39
2026/09/06 08:02:49.177, 1, 0, 4, 80.42
2026/09/06 08:02:50.178, 0, 100, 109366, 540.95
2026/09/06 08:02:50.180, 1, 0, 4, 80.61
2026/09/06 08:02:51.182, 0, 100, 109366, 542.81
2026/09/06 08:02:51.184, 1, 0, 4, 80.64
2026/09/06 08:02:52.185, 0, 100, 109366, 550.17
2026/09/06 08:02:52.187, 1, 0, 4, 80.58
2026/09/06 08:02:53.188, 0, 100, 109366, 554.04
2026/09/06 08:02:53.190, 1, 0, 4, 80.52
2026/09/06 08:02:54.192, 0, 100, 109366, 532.95
2026/09/06 08:02:54.193, 1, 0, 4, 80.54
2026/09/06 08:02:55.195, 0, 100, 109366, 548.50
2026/09/06 08:02:55.196, 1, 0, 4, 80.47
2026/09/06 08:02:56.198, 0, 100, 109366, 545.71
2026/09/06 08:02:56.199, 1, 0, 4, 80.47
2026/09/06 08:02:57.201, 0, 100, 109366, 547.06
2026/09/06 08:02:57.203, 1, 0, 4, 80.54
2026/09/06 08:02:58.204, 0, 100, 109366, 545.41
2026/09/06 08:02:58.206, 1, 0, 4, 80.51
2026/09/06 08:02:59.207, 0, 100, 109366, 548.60
2026/09/06 08:02:59.209, 1, 0, 4, 80.46
2026/09/06 08:03:00.210, 0, 100, 109366, 529.36
2026/09/06 08:03:00.212, 1, 0, 4, 80.51
2026/09/06 08:03:01.213, 0, 100, 109366, 527.15
2026/09/06 08:03:01.214, 1, 0, 4, 80.37
2026/09/06 08:03:02.216, 0, 100, 109366, 539.20
2026/09/06 08:03:02.217, 1, 0, 4, 80.44
2026/09/06 08:03:03.218, 0, 100, 109366, 526.70
2026/09/06 08:03:03.220, 1, 0, 4, 80.55
2026/09/06 08:03:04.222, 0, 100, 109366, 529.80
2026/09/06 08:03:04.223, 1, 0, 4, 80.45
2026/09/06 08:03:05.225, 0, 100, 109366, 540.19
2026/09/06 08:03:05.226, 1, 0, 4, 80.57
2026/09/06 08:03:06.228, 0, 100, 109366, 533.46
2026/09/06 08:03:06.230, 1, 0, 4, 80.44
2026/09/06 08:03:07.232, 0, 100, 109366, 528.00
2026/09/06 08:03:07.234, 1, 0, 4, 80.51
2026/09/06 08:03:08.235, 0, 100, 109366, 553.03
2026/09/06 08:03:08.237, 1, 0, 4, 80.54
2026/09/06 08:03:09.239, 0, 100, 109366, 545.48
2026/09/06 08:03:09.240, 1, 0, 4, 80.49
2026/09/06 08:03:10.241, 0, 100, 109366, 543.90
2026/09/06 08:03:10.244, 1, 0, 4, 80.53
2026/09/06 08:03:11.245, 0, 100, 109366, 474.00
2026/09/06 08:03:11.248, 1, 0, 4, 80.48
2026/09/06 08:03:12.249, 0, 100, 109366, 535.16
2026/09/06 08:03:12.251, 1, 0, 4, 80.55
2026/09/06 08:03:13.253, 0, 100, 109366, 536.47
2026/09/06 08:03:13.255, 1, 0, 4, 80.43
2026/09/06 08:03:14.257, 0, 100, 109366, 543.40
2026/09/06 08:03:14.259, 1, 0, 4, 80.42
2026/09/06 08:03:15.260, 0, 100, 109366, 515.34
2026/09/06 08:03:15.261, 1, 0, 4, 80.41
2026/09/06 08:03:16.263, 0, 100, 109366, 526.03
2026/09/06 08:03:16.265, 1, 0, 4, 80.40
2026/09/06 08:03:17.267, 0, 100, 109366, 537.30
2026/09/06 08:03:17.268, 1, 0, 4, 80.50
2026/09/06 08:03:18.270, 0, 100, 109366, 544.38
2026/09/06 08:03:18.272, 1, 0, 4, 80.44
2026/09/06 08:03:19.275, 0, 100, 109366, 531.87
2026/09/06 08:03:19.277, 1, 0, 4, 80.46
2026/09/06 08:03:20.278, 0, 100, 109366, 534.34
2026/09/06 08:03:20.281, 1, 0, 4, 80.49
2026/09/06 08:03:21.283, 0, 100, 109366, 450.11
2026/09/06 08:03:21.285, 1, 0, 4, 80.44
2026/09/06 08:03:22.286, 0, 100, 109366, 522.22
2026/09/06 08:03:22.289, 1, 0, 4, 80.47
2026/09/06 08:03:23.291, 0, 100, 109366, 548.41
2026/09/06 08:03:23.292, 1, 0, 4, 80.46
2026/09/06 08:03:24.294, 0, 100, 109366, 552.01
2026/09/06 08:03:24.297, 1, 0, 4, 80.48
2026/09/06 08:03:25.299, 0, 100, 109366, 540.23
2026/09/06 08:03:25.302, 1, 0, 4, 80.46
2026/09/06 08:03:26.304, 0, 100, 109366, 530.33
2026/09/06 08:03:26.305, 1, 0, 4, 80.58
2026/09/06 08:03:27.307, 0, 100, 109366, 547.73
2026/09/06 08:03:27.309, 1, 0, 4, 80.39
2026/09/06 08:03:28.310, 0, 100, 109366, 535.78
2026/09/06 08:03:28.313, 1, 0, 4, 80.47
2026/09/06 08:03:29.315, 0, 100, 109366, 539.16
2026/09/06 08:03:29.317, 1, 0, 4, 80.51
2026/09/06 08:03:30.318, 0, 100, 109366, 547.11
2026/09/06 08:03:30.320, 1, 0, 4, 80.47
2026/09/06 08:03:31.321, 0, 100, 109366, 547.36
2026/09/06 08:03:31.324, 1, 0, 4, 80.45
2026/09/06 08:03:32.327, 0, 100, 109366, 540.76
2026/09/06 08:03:32.329, 1, 0, 4, 80.62
2026/09/06 08:03:33.331, 0, 100, 109366, 548.67
2026/09/06 08:03:33.333, 1, 0, 4, 80.47
2026/09/06 08:03:34.334, 0, 100, 109366, 546.01
2026/09/06 08:03:34.336, 1, 0, 4, 80.43
2026/09/06 08:03:35.338, 0, 100, 109366, 520.66
2026/09/06 08:03:35.339, 1, 0, 4, 80.26
2026/09/06 08:03:36.341, 0, 100, 109366, 539.06
2026/09/06 08:03:36.343, 1, 0, 4, 80.44
2026/09/06 08:03:37.345, 0, 100, 109366, 542.85
2026/09/06 08:03:37.347, 1, 0, 4, 80.46
2026/09/06 08:03:38.348, 0, 100, 109366, 545.35
2026/09/06 08:03:38.350, 1, 0, 4, 80.50
2026/09/06 08:03:39.351, 0, 100, 109366, 543.62
2026/09/06 08:03:39.354, 1, 0, 4, 80.47
2026/09/06 08:03:40.357, 0, 100, 109366, 546.31
2026/09/06 08:03:40.359, 1, 0, 4, 80.50
2026/09/06 08:03:41.360, 0, 100, 109366, 541.66
2026/09/06 08:03:41.362, 1, 0, 4, 80.53
2026/09/06 08:03:42.364, 0, 100, 109366, 547.22
2026/09/06 08:03:42.366, 1, 0, 4, 80.44
2026/09/06 08:03:43.368, 0, 100, 109366, 554.35
2026/09/06 08:03:43.371, 1, 0, 4, 80.48
2026/09/06 08:03:44.373, 0, 100, 109366, 536.17
2026/09/06 08:03:44.375, 1, 0, 4, 80.38
2026/09/06 08:03:45.378, 0, 100, 109366, 547.28
2026/09/06 08:03:45.381, 1, 0, 4, 80.59
2026/09/06 08:03:46.384, 0, 100, 109366, 545.69
2026/09/06 08:03:46.385, 1, 0, 4, 80.44
2026/09/06 08:03:47.387, 0, 100, 109366, 539.15
2026/09/06 08:03:47.389, 1, 0, 4, 80.51
2026/09/06 08:03:48.392, 0, 100, 109366, 550.63
2026/09/06 08:03:48.393, 1, 0, 4, 80.36
2026/09/06 08:03:49.395, 0, 100, 109366, 554.08
2026/09/06 08:03:49.396, 1, 0, 4, 80.49
2026/09/06 08:03:50.398, 0, 56, 109366, 510.76
2026/09/06 08:03:50.399, 1, 0, 4, 80.44
2026/09/06 08:03:51.401, 0, 100, 109366, 558.59
2026/09/06 08:03:51.402, 1, 0, 4, 80.49
2026/09/06 08:03:52.404, 0, 100, 109366, 541.13
2026/09/06 08:03:52.405, 1, 0, 4, 80.46
2026/09/06 08:03:53.407, 0, 100, 109366, 538.49
2026/09/06 08:03:53.409, 1, 0, 4, 80.60
2026/09/06 08:03:54.410, 0, 100, 109366, 514.64
2026/09/06 08:03:54.413, 1, 0, 4, 80.40
2026/09/06 08:03:55.414, 0, 100, 109366, 528.93
2026/09/06 08:03:55.416, 1, 0, 4, 80.45
2026/09/06 08:03:56.417, 0, 100, 109366, 525.51
2026/09/06 08:03:56.420, 1, 0, 4, 80.51
2026/09/06 08:03:57.421, 0, 100, 109366, 532.35
2026/09/06 08:03:57.424, 1, 0, 4, 80.47
2026/09/06 08:03:58.426, 0, 100, 109366, 527.79
2026/09/06 08:03:58.428, 1, 0, 4, 80.51
2026/09/06 08:03:59.429, 0, 100, 109366, 536.58
2026/09/06 08:03:59.431, 1, 0, 4, 80.36
2026/09/06 08:04:00.433, 0, 100, 109366, 546.13
2026/09/06 08:04:00.434, 1, 0, 4, 80.50
2026/09/06 08:04:01.436, 0, 100, 109366, 461.16
2026/09/06 08:04:01.437, 1, 0, 4, 80.55
2026/09/06 08:04:02.439, 0, 100, 109366, 538.21
2026/09/06 08:04:02.440, 1, 0, 4, 80.47
2026/09/06 08:04:03.442, 0, 100, 109366, 529.19
2026/09/06 08:04:03.443, 1, 0, 4, 80.46
2026/09/06 08:04:04.444, 0, 100, 109366, 511.40
2026/09/06 08:04:04.446, 1, 0, 4, 80.51
2026/09/06 08:04:05.447, 0, 100, 109366, 532.54
2026/09/06 08:04:05.449, 1, 0, 4, 80.60
2026/09/06 08:04:06.451, 0, 100, 109366, 538.68
2026/09/06 08:04:06.452, 1, 0, 4, 80.51
2026/09/06 08:04:07.454, 0, 100, 109366, 526.89
2026/09/06 08:04:07.456, 1, 0, 4, 80.53
2026/09/06 08:04:08.457, 0, 57, 109366, 505.30
2026/09/06 08:04:08.459, 1, 0, 4, 80.48
2026/09/06 08:04:09.461, 0, 100, 109366, 531.61
2026/09/06 08:04:09.463, 1, 0, 4, 80.39
2026/09/06 08:04:10.465, 0, 100, 109366, 532.76
2026/09/06 08:04:10.466, 1, 0, 4, 80.49
2026/09/06 08:04:11.467, 0, 100, 109366, 539.25
2026/09/06 08:04:11.469, 1, 0, 4, 80.36
2026/09/06 08:04:12.470, 0, 100, 109366, 549.89
2026/09/06 08:04:12.472, 1, 0, 4, 80.48
2026/09/06 08:04:13.473, 0, 100, 109366, 549.32
2026/09/06 08:04:13.475, 1, 0, 4, 80.48
2026/09/06 08:04:14.477, 0, 100, 109366, 502.21
2026/09/06 08:04:14.478, 1, 0, 4, 80.49
2026/09/06 08:04:15.480, 0, 100, 109366, 535.91
2026/09/06 08:04:15.482, 1, 0, 4, 80.47
2026/09/06 08:04:16.483, 0, 100, 109366, 537.45
2026/09/06 08:04:16.485, 1, 0, 4, 80.50
2026/09/06 08:04:17.487, 0, 100, 109366, 515.46
2026/09/06 08:04:17.488, 1, 0, 4, 80.54
2026/09/06 08:04:18.490, 0, 100, 109366, 514.68
2026/09/06 08:04:18.492, 1, 0, 4, 80.45
2026/09/06 08:04:19.494, 0, 100, 109366, 541.54
2026/09/06 08:04:19.495, 1, 0, 4, 80.51
2026/09/06 08:04:20.497, 0, 100, 109366, 534.40
2026/09/06 08:04:20.499, 1, 0, 4, 80.71
2026/09/06 08:04:21.500, 0, 100, 109366, 529.14
2026/09/06 08:04:21.502, 1, 0, 4, 80.49
2026/09/06 08:04:22.504, 0, 100, 109366, 539.76
2026/09/06 08:04:22.505, 1, 0, 4, 80.45
2026/09/06 08:04:23.507, 0, 100, 109366, 547.50
2026/09/06 08:04:23.508, 1, 0, 4, 80.46
2026/09/06 08:04:24.511, 0, 100, 109366, 540.86
2026/09/06 08:04:24.513, 1, 0, 4, 80.49
2026/09/06 08:04:25.515, 0, 100, 109366, 550.04
2026/09/06 08:04:25.517, 1, 0, 4, 80.44
2026/09/06 08:04:26.519, 0, 100, 109366, 548.90
2026/09/06 08:04:26.520, 1, 0, 4, 80.50
2026/09/06 08:04:27.522, 0, 100, 109366, 528.31
2026/09/06 08:04:27.524, 1, 0, 4, 80.51
2026/09/06 08:04:28.525, 0, 100, 109366, 524.23
2026/09/06 08:04:28.527, 1, 0, 4, 80.51
2026/09/06 08:04:29.529, 0, 100, 109366, 523.35
2026/09/06 08:04:29.530, 1, 0, 4, 80.48
2026/09/06 08:04:30.532, 0, 100, 109366, 531.81
2026/09/06 08:04:30.534, 1, 0, 4, 80.38
2026/09/06 08:04:31.535, 0, 100, 109366, 530.71
2026/09/06 08:04:31.537, 1, 0, 4, 80.40
2026/09/06 08:04:32.538, 0, 100, 109366, 539.55
2026/09/06 08:04:32.540, 1, 0, 4, 80.39
2026/09/06 08:04:33.542, 0, 100, 109366, 540.43
2026/09/06 08:04:33.544, 1, 0, 4, 80.56
2026/09/06 08:04:34.545, 0, 81, 109366, 515.97
2026/09/06 08:04:34.547, 1, 0, 4, 80.49
2026/09/06 08:04:35.548, 0, 100, 109366, 538.62
2026/09/06 08:04:35.550, 1, 0, 4, 80.43
2026/09/06 08:04:36.552, 0, 100, 109366, 533.41
2026/09/06 08:04:36.554, 1, 0, 4, 80.45
2026/09/06 08:04:37.555, 0, 100, 109366, 533.30
2026/09/06 08:04:37.557, 1, 0, 4, 80.48
2026/09/06 08:04:38.559, 0, 100, 109366, 536.96
2026/09/06 08:04:38.561, 1, 0, 4, 80.54
2026/09/06 08:04:39.563, 0, 100, 109366, 545.34
2026/09/06 08:04:39.564, 1, 0, 4, 80.48
2026/09/06 08:04:40.565, 0, 100, 109366, 539.12
2026/09/06 08:04:40.568, 1, 0, 4, 80.40
2026/09/06 08:04:41.570, 0, 100, 109366, 513.37
2026/09/06 08:04:41.572, 1, 0, 4, 80.59
2026/09/06 08:04:42.574, 0, 100, 109366, 533.43
2026/09/06 08:04:42.576, 1, 0, 4, 80.36
2026/09/06 08:04:43.578, 0, 94, 109366, 526.57
2026/09/06 08:04:43.579, 1, 0, 4, 80.47
2026/09/06 08:04:44.581, 0, 100, 109366, 457.51
2026/09/06 08:04:44.583, 1, 0, 4, 80.44
2026/09/06 08:04:45.584, 0, 100, 109366, 529.24
2026/09/06 08:04:45.586, 1, 0, 4, 80.35
2026/09/06 08:04:46.589, 0, 100, 109366, 518.78
2026/09/06 08:04:46.591, 1, 0, 4, 80.50
2026/09/06 08:04:47.592, 0, 100, 109366, 531.30
2026/09/06 08:04:47.595, 1, 0, 4, 80.49
2026/09/06 08:04:48.599, 0, 100, 109366, 547.72
2026/09/06 08:04:48.604, 1, 0, 4, 80.55
2026/09/06 08:04:49.605, 0, 100, 109366, 551.71
2026/09/06 08:04:49.608, 1, 0, 4, 80.45
2026/09/06 08:04:50.611, 0, 100, 109366, 547.60
2026/09/06 08:04:50.612, 1, 0, 4, 80.44
2026/09/06 08:04:51.614, 0, 100, 109366, 555.92
2026/09/06 08:04:51.616, 1, 0, 4, 80.48
2026/09/06 08:04:52.618, 0, 100, 109366, 554.91
2026/09/06 08:04:52.621, 1, 0, 4, 80.48
2026/09/06 08:04:53.622, 0, 100, 109366, 548.30
2026/09/06 08:04:53.627, 1, 0, 4, 80.50
2026/09/06 08:04:54.629, 0, 100, 109366, 548.51
2026/09/06 08:04:54.631, 1, 0, 4, 80.47
2026/09/06 08:04:55.632, 0, 100, 109366, 508.95
2026/09/06 08:04:55.636, 1, 0, 4, 80.52
2026/09/06 08:04:56.644, 0, 100, 109366, 538.09
2026/09/06 08:04:56.647, 1, 0, 4, 80.49
2026/09/06 08:04:57.649, 0, 100, 109366, 535.59
2026/09/06 08:04:57.652, 1, 0, 4, 80.50
2026/09/06 08:04:58.655, 0, 100, 109366, 532.56
2026/09/06 08:04:58.657, 1, 0, 4, 80.49
2026/09/06 08:04:59.658, 0, 100, 109366, 539.63
2026/09/06 08:04:59.663, 1, 0, 4, 80.46
2026/09/06 08:05:00.665, 0, 100, 109366, 514.26
2026/09/06 08:05:00.668, 1, 0, 4, 80.54
2026/09/06 08:05:01.669, 0, 96, 109366, 531.61
2026/09/06 08:05:01.671, 1, 0, 4, 80.54
2026/09/06 08:05:02.673, 0, 100, 109366, 522.92
2026/09/06 08:05:02.674, 1, 0, 4, 80.46
2026/09/06 08:05:03.676, 0, 100, 109366, 531.49
2026/09/06 08:05:03.677, 1, 0, 4, 80.44
2026/09/06 08:05:04.679, 0, 97, 109366, 547.04
2026/09/06 08:05:04.681, 1, 0, 4, 80.50
2026/09/06 08:05:05.682, 0, 100, 109366, 540.84
2026/09/06 08:05:05.685, 1, 0, 4, 80.58
2026/09/06 08:05:06.686, 0, 97, 109366, 538.12
2026/09/06 08:05:06.688, 1, 0, 4, 80.46
2026/09/06 08:05:07.691, 0, 100, 109366, 528.76
2026/09/06 08:05:07.693, 1, 0, 4, 80.54
2026/09/06 08:05:08.695, 0, 100, 109366, 548.89
2026/09/06 08:05:08.697, 1, 0, 4, 80.47
2026/09/06 08:05:09.699, 0, 100, 109366, 497.60
2026/09/06 08:05:09.702, 1, 0, 4, 80.50
2026/09/06 08:05:10.704, 0, 100, 109366, 497.00
2026/09/06 08:05:10.706, 1, 0, 4, 80.51
2026/09/06 08:05:11.707, 0, 100, 109366, 538.45
2026/09/06 08:05:11.710, 1, 0, 4, 80.52
2026/09/06 08:05:12.712, 0, 100, 109366, 540.00
2026/09/06 08:05:12.715, 1, 0, 4, 80.52
2026/09/06 08:05:13.716, 0, 100, 109366, 546.25
2026/09/06 08:05:13.718, 1, 0, 4, 80.55
2026/09/06 08:05:14.720, 0, 100, 109366, 552.64
2026/09/06 08:05:14.722, 1, 0, 4, 80.53
2026/09/06 08:05:15.724, 0, 100, 109366, 542.39
2026/09/06 08:05:15.726, 1, 0, 4, 80.51
2026/09/06 08:05:16.728, 0, 100, 109366, 541.64
2026/09/06 08:05:16.730, 1, 0, 4, 80.56
2026/09/06 08:05:17.732, 0, 100, 109366, 549.72
2026/09/06 08:05:17.737, 1, 0, 4, 80.54
2026/09/06 08:05:18.739, 0, 100, 109366, 544.65
2026/09/06 08:05:18.741, 1, 0, 4, 80.57
2026/09/06 08:05:19.742, 0, 100, 109366, 555.07
2026/09/06 08:05:19.745, 1, 0, 4, 80.54
2026/09/06 08:05:20.751, 0, 100, 109366, 560.29
2026/09/06 08:05:20.753, 1, 0, 4, 80.58
2026/09/06 08:05:21.756, 0, 100, 109366, 539.58
2026/09/06 08:05:21.758, 1, 0, 4, 80.67
2026/09/06 08:05:22.759, 0, 100, 109366, 548.94
2026/09/06 08:05:22.761, 1, 0, 4, 80.51
2026/09/06 08:05:23.763, 0, 100, 109366, 551.98
2026/09/06 08:05:23.764, 1, 0, 4, 80.45
2026/09/06 08:05:24.766, 0, 100, 109366, 493.37
2026/09/06 08:05:24.768, 1, 0, 4, 80.44
2026/09/06 08:05:25.771, 0, 99, 109366, 560.78
2026/09/06 08:05:25.773, 1, 0, 4, 80.52
2026/09/06 08:05:26.774, 0, 100, 109366, 528.66
2026/09/06 08:05:26.777, 1, 0, 4, 80.54
2026/09/06 08:05:27.779, 0, 99, 109366, 533.32
2026/09/06 08:05:27.780, 1, 0, 4, 80.56
2026/09/06 08:05:28.782, 0, 100, 109366, 534.70
2026/09/06 08:05:28.784, 1, 0, 4, 80.49
2026/09/06 08:05:29.785, 0, 100, 109366, 542.72
2026/09/06 08:05:29.787, 1, 0, 4, 80.57
2026/09/06 08:05:30.788, 0, 100, 109366, 541.76
2026/09/06 08:05:30.790, 1, 0, 4, 80.52
2026/09/06 08:05:31.792, 0, 100, 109366, 545.04
2026/09/06 08:05:31.794, 1, 0, 4, 80.57
2026/09/06 08:05:32.796, 0, 96, 109366, 543.45
2026/09/06 08:05:32.797, 1, 0, 4, 80.43
2026/09/06 08:05:33.799, 0, 100, 109366, 548.37
2026/09/06 08:05:33.801, 1, 0, 4, 80.59
2026/09/06 08:05:34.802, 0, 100, 109366, 547.27
2026/09/06 08:05:34.804, 1, 0, 4, 80.53
2026/09/06 08:05:35.805, 0, 100, 109366, 554.99
2026/09/06 08:05:35.807, 1, 0, 4, 80.62
2026/09/06 08:05:36.809, 0, 100, 109366, 534.66
2026/09/06 08:05:36.810, 1, 0, 4, 80.49
2026/09/06 08:05:37.812, 0, 100, 109366, 543.92
2026/09/06 08:05:37.814, 1, 0, 4, 80.54
2026/09/06 08:05:38.816, 0, 0, 109366, 470.11
2026/09/06 08:05:38.817, 1, 0, 4, 80.46
2026/09/06 08:05:39.819, 0, 100, 109366, 527.41
2026/09/06 08:05:39.821, 1, 0, 4, 80.56
2026/09/06 08:05:40.823, 0, 100, 109366, 538.69
2026/09/06 08:05:40.825, 1, 0, 4, 80.57
2026/09/06 08:05:41.826, 0, 100, 109366, 527.45
2026/09/06 08:05:41.829, 1, 0, 4, 80.60
2026/09/06 08:05:42.831, 0, 100, 109366, 525.66
2026/09/06 08:05:42.833, 1, 0, 4, 80.66
2026/09/06 08:05:43.835, 0, 100, 109366, 533.28
2026/09/06 08:05:43.837, 1, 0, 4, 80.52
2026/09/06 08:05:44.838, 0, 100, 109366, 540.23
2026/09/06 08:05:44.840, 1, 0, 4, 80.46
2026/09/06 08:05:45.842, 0, 100, 109366, 540.23
2026/09/06 08:05:45.845, 1, 0, 4, 80.67
2026/09/06 08:05:46.848, 0, 100, 109366, 542.28
2026/09/06 08:05:46.850, 1, 0, 4, 80.54
2026/09/06 08:05:47.851, 0, 95, 109366, 518.85
2026/09/06 08:05:47.854, 1, 0, 4, 80.56
2026/09/06 08:05:48.857, 0, 100, 109366, 537.60
2026/09/06 08:05:48.859, 1, 0, 4, 80.55
2026/09/06 08:05:49.861, 0, 100, 109366, 489.58
2026/09/06 08:05:49.863, 1, 0, 4, 80.61
2026/09/06 08:05:50.865, 0, 100, 109366, 525.24
2026/09/06 08:05:50.867, 1, 0, 4, 80.59
2026/09/06 08:05:51.868, 0, 100, 109366, 522.71
2026/09/06 08:05:51.870, 1, 0, 4, 80.60
2026/09/06 08:05:52.873, 0, 100, 109366, 519.51
2026/09/06 08:05:52.874, 1, 0, 4, 80.55
2026/09/06 08:05:53.876, 0, 100, 109366, 526.84
2026/09/06 08:05:53.879, 1, 0, 4, 80.61
2026/09/06 08:05:54.880, 0, 100, 109366, 532.55
2026/09/06 08:05:54.882, 1, 0, 4, 80.61
2026/09/06 08:05:55.884, 0, 100, 109366, 528.52
2026/09/06 08:05:55.886, 1, 0, 4, 80.46
2026/09/06 08:05:56.888, 0, 100, 109366, 530.05
2026/09/06 08:05:56.889, 1, 0, 4, 80.52
2026/09/06 08:05:57.891, 0, 100, 109366, 541.67
2026/09/06 08:05:57.892, 1, 0, 4, 80.51
2026/09/06 08:05:58.894, 0, 100, 109366, 516.44
2026/09/06 08:05:58.896, 1, 0, 4, 80.57
2026/09/06 08:05:59.897, 0, 100, 109366, 534.14
2026/09/06 08:05:59.899, 1, 0, 4, 80.60
2026/09/06 08:06:00.901, 0, 100, 109366, 547.17
2026/09/06 08:06:00.903, 1, 0, 4, 80.52
2026/09/06 08:06:01.904, 0, 66, 109366, 522.78
2026/09/06 08:06:01.907, 1, 0, 4, 80.60
2026/09/06 08:06:02.908, 0, 100, 109366, 518.34
2026/09/06 08:06:02.911, 1, 0, 4, 80.62
2026/09/06 08:06:03.913, 0, 100, 109366, 501.68
2026/09/06 08:06:03.915, 1, 0, 4, 80.38
2026/09/06 08:06:04.917, 0, 100, 109366, 517.79
2026/09/06 08:06:04.919, 1, 0, 4, 80.54
2026/09/06 08:06:05.921, 0, 100, 109366, 520.64
2026/09/06 08:06:05.923, 1, 0, 4, 80.57
2026/09/06 08:06:06.925, 0, 100, 109366, 527.65
2026/09/06 08:06:06.927, 1, 0, 4, 80.49
2026/09/06 08:06:07.929, 0, 100, 109366, 523.42
2026/09/06 08:06:07.931, 1, 0, 4, 80.52
2026/09/06 08:06:08.933, 0, 100, 109366, 525.01
2026/09/06 08:06:08.934, 1, 0, 4, 80.54
2026/09/06 08:06:09.936, 0, 100, 109366, 538.32
2026/09/06 08:06:09.938, 1, 0, 4, 80.56
2026/09/06 08:06:10.939, 0, 100, 109366, 549.05
2026/09/06 08:06:10.941, 1, 0, 4, 80.47
2026/09/06 08:06:11.942, 0, 100, 109366, 539.38
2026/09/06 08:06:11.945, 1, 0, 4, 80.50
2026/09/06 08:06:12.947, 0, 100, 109366, 547.50
2026/09/06 08:06:12.948, 1, 0, 4, 80.57
2026/09/06 08:06:13.951, 0, 100, 109366, 549.89
2026/09/06 08:06:13.952, 1, 0, 4, 80.50
2026/09/06 08:06:14.954, 0, 100, 109366, 548.95
2026/09/06 08:06:14.956, 1, 0, 4, 80.56
2026/09/06 08:06:15.957, 0, 100, 109366, 521.10
2026/09/06 08:06:15.959, 1, 0, 4, 80.57
2026/09/06 08:06:16.961, 0, 100, 109366, 532.27
2026/09/06 08:06:16.962, 1, 0, 4, 80.50
2026/09/06 08:06:17.964, 0, 100, 109366, 541.41
2026/09/06 08:06:17.966, 1, 0, 4, 80.36
2026/09/06 08:06:18.967, 0, 100, 109366, 508.60
2026/09/06 08:06:18.969, 1, 0, 4, 80.62
2026/09/06 08:06:19.972, 0, 100, 109366, 528.36
2026/09/06 08:06:19.974, 1, 0, 4, 80.56
2026/09/06 08:06:20.975, 0, 100, 109366, 533.59
2026/09/06 08:06:20.977, 1, 0, 4, 80.57
2026/09/06 08:06:21.978, 0, 100, 109366, 518.22
2026/09/06 08:06:21.980, 1, 0, 4, 80.51
2026/09/06 08:06:22.981, 0, 100, 109366, 535.47
2026/09/06 08:06:22.983, 1, 0, 4, 80.59
2026/09/06 08:06:23.985, 0, 100, 109366, 548.53
2026/09/06 08:06:23.986, 1, 0, 4, 80.50
2026/09/06 08:06:24.988, 0, 100, 109366, 543.81
2026/09/06 08:06:24.990, 1, 0, 4, 80.66
2026/09/06 08:06:25.992, 0, 100, 109366, 543.73
2026/09/06 08:06:25.994, 1, 0, 4, 80.57
2026/09/06 08:06:26.996, 0, 100, 109366, 542.35
2026/09/06 08:06:26.998, 1, 0, 4, 80.69
2026/09/06 08:06:28.000, 0, 100, 109366, 553.39
2026/09/06 08:06:28.002, 1, 0, 4, 80.63
2026/09/06 08:06:29.004, 0, 100, 109366, 548.18
2026/09/06 08:06:29.005, 1, 0, 4, 80.52
2026/09/06 08:06:30.007, 0, 100, 109366, 545.69
2026/09/06 08:06:30.009, 1, 0, 4, 80.55
2026/09/06 08:06:31.012, 0, 100, 109366, 565.94
2026/09/06 08:06:31.014, 1, 0, 4, 80.44
2026/09/06 08:06:32.017, 0, 100, 109366, 549.25
2026/09/06 08:06:32.018, 1, 0, 4, 80.43
2026/09/06 08:06:33.020, 0, 100, 109366, 550.07
2026/09/06 08:06:33.023, 1, 0, 4, 80.53
2026/09/06 08:06:34.026, 0, 100, 109366, 561.65
2026/09/06 08:06:34.028, 1, 0, 4, 80.57
2026/09/06 08:06:35.030, 0, 100, 109366, 527.65
2026/09/06 08:06:35.032, 1, 0, 4, 80.57
2026/09/06 08:06:36.034, 0, 100, 109366, 535.66
2026/09/06 08:06:36.036, 1, 0, 4, 80.55
2026/09/06 08:06:37.037, 0, 100, 109366, 551.37
2026/09/06 08:06:37.040, 1, 0, 4, 80.55
2026/09/06 08:06:38.042, 0, 100, 109366, 546.63
2026/09/06 08:06:38.044, 1, 0, 4, 80.53
2026/09/06 08:06:39.046, 0, 100, 109366, 543.00
2026/09/06 08:06:39.048, 1, 0, 4, 80.55
2026/09/06 08:06:40.050, 0, 100, 109366, 565.19
2026/09/06 08:06:40.052, 1, 0, 4, 80.48
2026/09/06 08:06:41.054, 0, 100, 109366, 550.78
2026/09/06 08:06:41.056, 1, 0, 4, 80.58
2026/09/06 08:06:42.058, 0, 100, 109366, 541.77
2026/09/06 08:06:42.060, 1, 0, 4, 80.59
2026/09/06 08:06:43.062, 0, 100, 109366, 555.35
2026/09/06 08:06:43.063, 1, 0, 4, 80.53
2026/09/06 08:06:44.066, 0, 89, 109366, 501.40
2026/09/06 08:06:44.067, 1, 0, 4, 80.47
2026/09/06 08:06:45.071, 0, 100, 109366, 518.53
2026/09/06 08:06:45.074, 1, 0, 4, 80.62
2026/09/06 08:06:46.078, 0, 97, 109366, 552.45
2026/09/06 08:06:46.080, 1, 0, 4, 80.57
2026/09/06 08:06:47.082, 0, 100, 109366, 562.11
2026/09/06 08:06:47.085, 1, 0, 4, 80.61
2026/09/06 08:06:48.087, 0, 98, 109366, 553.98
2026/09/06 08:06:48.090, 1, 0, 4, 80.58
2026/09/06 08:06:49.092, 0, 100, 109366, 560.77
2026/09/06 08:06:49.094, 1, 0, 4, 80.61
2026/09/06 08:06:50.096, 0, 100, 109366, 565.08
2026/09/06 08:06:50.098, 1, 0, 4, 80.61
2026/09/06 08:06:51.099, 0, 100, 109366, 551.53
2026/09/06 08:06:51.101, 1, 0, 4, 80.54
2026/09/06 08:06:52.102, 0, 100, 109366, 583.63
2026/09/06 08:06:52.104, 1, 0, 4, 80.45
2026/09/06 08:06:53.106, 0, 100, 109366, 561.00
2026/09/06 08:06:53.111, 1, 0, 4, 80.60
2026/09/06 08:06:54.114, 0, 100, 109366, 565.92
2026/09/06 08:06:54.116, 1, 0, 4, 80.42
2026/09/06 08:06:55.118, 0, 100, 109366, 566.84
2026/09/06 08:06:55.119, 1, 0, 4, 80.62
2026/09/06 08:06:56.122, 0, 100, 109366, 567.65
2026/09/06 08:06:56.124, 1, 0, 4, 80.58
2026/09/06 08:06:57.126, 0, 100, 109366, 571.67
2026/09/06 08:06:57.127, 1, 0, 4, 80.59
2026/09/06 08:06:58.129, 0, 100, 109366, 570.69
2026/09/06 08:06:58.132, 1, 0, 4, 80.55
2026/09/06 08:06:59.133, 0, 100, 109366, 499.08
2026/09/06 08:06:59.135, 1, 0, 4, 80.60
2026/09/06 08:07:00.137, 0, 100, 109366, 567.02
2026/09/06 08:07:00.139, 1, 0, 4, 80.40
2026/09/06 08:07:01.140, 0, 100, 109366, 540.92
2026/09/06 08:07:01.142, 1, 0, 4, 80.47
2026/09/06 08:07:02.144, 0, 70, 109366, 522.55
2026/09/06 08:07:02.146, 1, 0, 4, 80.45
2026/09/06 08:07:03.147, 0, 100, 109366, 530.95
2026/09/06 08:07:03.148, 1, 0, 4, 80.59
2026/09/06 08:07:04.150, 0, 100, 109366, 546.18
2026/09/06 08:07:04.151, 1, 0, 4, 80.58
2026/09/06 08:07:05.153, 0, 100, 109366, 542.97
2026/09/06 08:07:05.154, 1, 0, 4, 80.56
2026/09/06 08:07:06.156, 0, 100, 109366, 546.58
2026/09/06 08:07:06.158, 1, 0, 4, 80.53
2026/09/06 08:07:07.160, 0, 100, 109366, 566.16
2026/09/06 08:07:07.161, 1, 0, 4, 80.56
2026/09/06 08:07:08.162, 0, 100, 109366, 554.87
2026/09/06 08:07:08.164, 1, 0, 4, 80.40
2026/09/06 08:07:09.165, 0, 100, 109366, 557.05
2026/09/06 08:07:09.167, 1, 0, 4, 80.64
2026/09/06 08:07:10.168, 0, 100, 109366, 559.36
2026/09/06 08:07:10.170, 1, 0, 4, 80.59
2026/09/06 08:07:11.171, 0, 100, 109366, 533.01
2026/09/06 08:07:11.173, 1, 0, 4, 80.56
2026/09/06 08:07:12.175, 0, 100, 109366, 514.62
2026/09/06 08:07:12.176, 1, 0, 4, 80.47
2026/09/06 08:07:13.178, 0, 100, 109366, 519.47
2026/09/06 08:07:13.180, 1, 0, 4, 80.54
2026/09/06 08:07:14.181, 0, 100, 109366, 535.83
2026/09/06 08:07:14.183, 1, 0, 4, 80.52
2026/09/06 08:07:15.184, 0, 100, 109366, 535.21
2026/09/06 08:07:15.186, 1, 0, 4, 80.63
2026/09/06 08:07:16.187, 0, 100, 109366, 538.85
2026/09/06 08:07:16.189, 1, 0, 4, 80.61
2026/09/06 08:07:17.190, 0, 100, 109366, 540.27
2026/09/06 08:07:17.192, 1, 0, 4, 80.59
2026/09/06 08:07:18.194, 0, 100, 109366, 534.82
2026/09/06 08:07:18.196, 1, 0, 4, 80.75
2026/09/06 08:07:19.197, 0, 100, 109366, 542.51
2026/09/06 08:07:19.199, 1, 0, 4, 80.64
2026/09/06 08:07:20.200, 0, 100, 109366, 527.94
2026/09/06 08:07:20.202, 1, 0, 4, 80.53
2026/09/06 08:07:21.203, 0, 100, 109366, 539.81
2026/09/06 08:07:21.205, 1, 0, 4, 80.63
2026/09/06 08:07:22.206, 0, 100, 109366, 538.33
2026/09/06 08:07:22.208, 1, 0, 4, 80.54
2026/09/06 08:07:23.209, 0, 100, 109366, 536.73
2026/09/06 08:07:23.211, 1, 0, 4, 80.75
2026/09/06 08:07:24.212, 0, 100, 109366, 499.99
2026/09/06 08:07:24.214, 1, 0, 4, 80.51
2026/09/06 08:07:25.215, 0, 61, 109366, 512.91
2026/09/06 08:07:25.217, 1, 0, 4, 80.61
2026/09/06 08:07:26.218, 0, 99, 109366, 500.09
2026/09/06 08:07:26.220, 1, 0, 4, 80.54
2026/09/06 08:07:27.222, 0, 100, 109366, 537.85
2026/09/06 08:07:27.223, 1, 0, 4, 80.62
2026/09/06 08:07:28.224, 0, 100, 109366, 537.21
2026/09/06 08:07:28.226, 1, 0, 4, 80.67
2026/09/06 08:07:29.227, 0, 100, 109366, 536.30
2026/09/06 08:07:29.229, 1, 0, 4, 80.75
2026/09/06 08:07:30.231, 0, 100, 109366, 538.12
2026/09/06 08:07:30.232, 1, 0, 4, 80.67
2026/09/06 08:07:31.234, 0, 100, 109366, 539.52
2026/09/06 08:07:31.236, 1, 0, 4, 80.59
2026/09/06 08:07:32.237, 0, 100, 109366, 533.16
2026/09/06 08:07:32.239, 1, 0, 4, 80.50
2026/09/06 08:07:33.241, 0, 100, 109366, 538.75
2026/09/06 08:07:33.243, 1, 0, 4, 80.57
2026/09/06 08:07:34.244, 0, 100, 109366, 549.04
2026/09/06 08:07:34.246, 1, 0, 4, 80.55
2026/09/06 08:07:35.248, 0, 100, 109366, 549.83
2026/09/06 08:07:35.250, 1, 0, 4, 80.60
2026/09/06 08:07:36.251, 0, 100, 109366, 516.03
2026/09/06 08:07:36.254, 1, 0, 4, 80.57
2026/09/06 08:07:37.255, 0, 100, 109366, 522.04
2026/09/06 08:07:37.257, 1, 0, 4, 80.49
2026/09/06 08:07:38.258, 0, 100, 109366, 478.61
2026/09/06 08:07:38.260, 1, 0, 4, 80.57
2026/09/06 08:07:39.261, 0, 100, 109366, 508.86
2026/09/06 08:07:39.263, 1, 0, 4, 80.59
2026/09/06 08:07:40.264, 0, 100, 109366, 490.35
2026/09/06 08:07:40.266, 1, 0, 4, 80.56
2026/09/06 08:07:41.267, 0, 100, 109366, 516.42
2026/09/06 08:07:41.269, 1, 0, 4, 80.47
2026/09/06 08:07:42.270, 0, 100, 109366, 519.00
2026/09/06 08:07:42.273, 1, 0, 4, 80.58
2026/09/06 08:07:43.276, 0, 100, 109366, 511.84
2026/09/06 08:07:43.277, 1, 0, 4, 80.61
2026/09/06 08:07:44.278, 0, 100, 109366, 517.74
2026/09/06 08:07:44.281, 1, 0, 4, 80.64
2026/09/06 08:07:45.283, 0, 100, 109366, 519.59
2026/09/06 08:07:45.286, 1, 0, 4, 80.56
2026/09/06 08:07:46.287, 0, 100, 109366, 523.22
2026/09/06 08:07:46.289, 1, 0, 4, 80.53
2026/09/06 08:07:47.291, 0, 100, 109366, 511.27
2026/09/06 08:07:47.293, 1, 0, 4, 80.44
2026/09/06 08:07:48.295, 0, 100, 109366, 499.90
2026/09/06 08:07:48.296, 1, 0, 4, 80.63
2026/09/06 08:07:49.299, 0, 99, 109366, 504.56
2026/09/06 08:07:49.300, 1, 0, 4, 80.61
2026/09/06 08:07:50.302, 0, 96, 109366, 494.84
2026/09/06 08:07:50.303, 1, 0, 4, 80.55
2026/09/06 08:07:51.305, 0, 100, 109366, 513.01
2026/09/06 08:07:51.307, 1, 0, 4, 80.58
2026/09/06 08:07:52.308, 0, 100, 109366, 524.89
2026/09/06 08:07:52.310, 1, 0, 4, 80.51
2026/09/06 08:07:53.311, 0, 100, 109366, 531.31
2026/09/06 08:07:53.313, 1, 0, 4, 80.44
2026/09/06 08:07:54.315, 0, 100, 109366, 522.89
2026/09/06 08:07:54.317, 1, 0, 4, 80.52
2026/09/06 08:07:55.319, 0, 100, 109366, 523.35
2026/09/06 08:07:55.320, 1, 0, 4, 80.63
2026/09/06 08:07:56.322, 0, 100, 109366, 530.16
2026/09/06 08:07:56.324, 1, 0, 4, 80.59
2026/09/06 08:07:57.325, 0, 100, 109366, 526.84
2026/09/06 08:07:57.327, 1, 0, 4, 80.57
2026/09/06 08:07:58.328, 0, 100, 109366, 445.64
2026/09/06 08:07:58.330, 1, 0, 4, 80.60
2026/09/06 08:07:59.332, 0, 100, 109366, 521.98
2026/09/06 08:07:59.334, 1, 0, 4, 80.53
2026/09/06 08:08:00.336, 0, 100, 109366, 525.44
2026/09/06 08:08:00.338, 1, 0, 4, 80.56
2026/09/06 08:08:01.339, 0, 100, 109366, 516.70
2026/09/06 08:08:01.341, 1, 0, 4, 80.58
2026/09/06 08:08:02.343, 0, 100, 109366, 523.35
2026/09/06 08:08:02.345, 1, 0, 4, 80.61
2026/09/06 08:08:03.346, 0, 100, 109366, 525.89
2026/09/06 08:08:03.348, 1, 0, 4, 80.62
2026/09/06 08:08:04.349, 0, 100, 109366, 510.15
2026/09/06 08:08:04.351, 1, 0, 4, 80.58
2026/09/06 08:08:05.352, 0, 100, 109366, 517.70
2026/09/06 08:08:05.356, 1, 0, 4, 80.55
2026/09/06 08:08:06.358, 0, 100, 109366, 531.50
2026/09/06 08:08:06.360, 1, 0, 4, 80.54
2026/09/06 08:08:07.362, 0, 100, 109366, 516.17
2026/09/06 08:08:07.364, 1, 0, 4, 80.67
2026/09/06 08:08:08.366, 0, 100, 109366, 525.92
2026/09/06 08:08:08.368, 1, 0, 4, 80.59
2026/09/06 08:08:09.370, 0, 100, 109366, 533.45
2026/09/06 08:08:09.371, 1, 0, 4, 80.52
2026/09/06 08:08:10.374, 0, 100, 109366, 537.30
2026/09/06 08:08:10.376, 1, 0, 4, 80.49
2026/09/06 08:08:11.377, 0, 100, 109366, 526.70
2026/09/06 08:08:11.381, 1, 0, 4, 80.60
2026/09/06 08:08:12.383, 0, 100, 109366, 534.45
2026/09/06 08:08:12.385, 1, 0, 4, 80.46
2026/09/06 08:08:13.387, 0, 100, 109366, 541.91
2026/09/06 08:08:13.389, 1, 0, 4, 80.57
2026/09/06 08:08:14.390, 0, 100, 109366, 531.93
2026/09/06 08:08:14.392, 1, 0, 4, 80.48
2026/09/06 08:08:15.393, 0, 100, 109366, 541.73
2026/09/06 08:08:15.395, 1, 0, 4, 80.49
2026/09/06 08:08:16.396, 0, 100, 109366, 539.09
2026/09/06 08:08:16.398, 1, 0, 4, 80.55
2026/09/06 08:08:17.400, 0, 100, 109366, 552.88
2026/09/06 08:08:17.402, 1, 0, 4, 80.44
2026/09/06 08:08:18.404, 0, 100, 109366, 543.51
2026/09/06 08:08:18.405, 1, 0, 4, 80.46
2026/09/06 08:08:19.408, 0, 100, 109366, 547.59
2026/09/06 08:08:19.409, 1, 0, 4, 80.50
2026/09/06 08:08:20.411, 0, 100, 109366, 551.30
2026/09/06 08:08:20.412, 1, 0, 4, 80.41
2026/09/06 08:08:21.414, 0, 100, 109366, 538.16
2026/09/06 08:08:21.416, 1, 0, 4, 80.49
2026/09/06 08:08:22.417, 0, 100, 109366, 555.43
2026/09/06 08:08:22.420, 1, 0, 4, 80.54
2026/09/06 08:08:23.421, 0, 100, 109366, 537.74
2026/09/06 08:08:23.424, 1, 0, 4, 80.42
2026/09/06 08:08:24.425, 0, 100, 109366, 539.11
2026/09/06 08:08:24.427, 1, 0, 4, 80.50
2026/09/06 08:08:25.429, 0, 100, 109366, 537.43
2026/09/06 08:08:25.430, 1, 0, 4, 80.50
2026/09/06 08:08:26.434, 0, 100, 109366, 550.48
2026/09/06 08:08:26.436, 1, 0, 4, 80.46
2026/09/06 08:08:27.438, 0, 100, 109366, 544.51
2026/09/06 08:08:27.440, 1, 0, 4, 80.39
2026/09/06 08:08:28.442, 0, 100, 109366, 544.63
2026/09/06 08:08:28.444, 1, 0, 4, 80.60
2026/09/06 08:08:29.446, 0, 100, 109366, 552.81
2026/09/06 08:08:29.447, 1, 0, 4, 80.43
2026/09/06 08:08:30.450, 0, 100, 109366, 544.16
2026/09/06 08:08:30.452, 1, 0, 4, 80.56
2026/09/06 08:08:31.453, 0, 100, 109366, 530.60
2026/09/06 08:08:31.455, 1, 0, 4, 80.46
2026/09/06 08:08:32.457, 0, 100, 109366, 541.26
2026/09/06 08:08:32.458, 1, 0, 4, 80.48
2026/09/06 08:08:33.460, 0, 100, 109366, 548.06
2026/09/06 08:08:33.464, 1, 0, 4, 80.44
2026/09/06 08:08:34.465, 0, 100, 109366, 538.28
2026/09/06 08:08:34.467, 1, 0, 4, 80.39
2026/09/06 08:08:35.468, 0, 100, 109366, 545.86
2026/09/06 08:08:35.470, 1, 0, 4, 80.64
2026/09/06 08:08:36.472, 0, 100, 109366, 561.91
2026/09/06 08:08:36.474, 1, 0, 4, 80.54
2026/09/06 08:08:37.476, 0, 97, 109366, 568.78
2026/09/06 08:08:37.478, 1, 0, 4, 80.44
2026/09/06 08:08:38.480, 0, 100, 109366, 560.23
2026/09/06 08:08:38.481, 1, 0, 4, 80.58
2026/09/06 08:08:39.483, 0, 100, 109366, 563.50
2026/09/06 08:08:39.485, 1, 0, 4, 80.38
2026/09/06 08:08:40.486, 0, 100, 109366, 567.65
2026/09/06 08:08:40.488, 1, 0, 4, 80.44
2026/09/06 08:08:41.490, 0, 100, 109366, 561.95
2026/09/06 08:08:41.492, 1, 0, 4, 80.45
2026/09/06 08:08:42.494, 0, 100, 109366, 559.66
2026/09/06 08:08:42.496, 1, 0, 4, 80.58
2026/09/06 08:08:43.498, 0, 100, 109366, 571.07
2026/09/06 08:08:43.499, 1, 0, 4, 80.47
2026/09/06 08:08:44.502, 0, 61, 109366, 518.28
2026/09/06 08:08:44.503, 1, 0, 4, 80.51
2026/09/06 08:08:45.505, 0, 100, 109366, 551.70
2026/09/06 08:08:45.507, 1, 0, 4, 80.49
2026/09/06 08:08:46.509, 0, 100, 109366, 552.24
2026/09/06 08:08:46.511, 1, 0, 4, 80.57
2026/09/06 08:08:47.512, 0, 96, 109366, 550.86
2026/09/06 08:08:47.514, 1, 0, 4, 80.46
2026/09/06 08:08:48.516, 0, 100, 109366, 542.86
2026/09/06 08:08:48.517, 1, 0, 4, 80.51
2026/09/06 08:08:49.519, 0, 100, 109366, 557.20
2026/09/06 08:08:49.521, 1, 0, 4, 80.54
2026/09/06 08:08:50.523, 0, 100, 109366, 550.38
2026/09/06 08:08:50.525, 1, 0, 4, 80.58
2026/09/06 08:08:51.527, 0, 100, 109366, 556.16
2026/09/06 08:08:51.528, 1, 0, 4, 80.60
2026/09/06 08:08:52.530, 0, 100, 109366, 560.38
2026/09/06 08:08:52.532, 1, 0, 4, 80.50
2026/09/06 08:08:53.534, 0, 100, 109366, 528.23
2026/09/06 08:08:53.536, 1, 0, 4, 80.45
2026/09/06 08:08:54.537, 0, 100, 109366, 551.76
2026/09/06 08:08:54.539, 1, 0, 4, 80.49
2026/09/06 08:08:55.541, 0, 100, 109366, 548.22
2026/09/06 08:08:55.543, 1, 0, 4, 80.58
2026/09/06 08:08:56.545, 0, 100, 109366, 537.42
2026/09/06 08:08:56.547, 1, 0, 4, 80.52
2026/09/06 08:08:57.549, 0, 48, 109366, 478.80
2026/09/06 08:08:57.551, 1, 0, 4, 80.62
2026/09/06 08:08:58.552, 0, 100, 109366, 551.18
2026/09/06 08:08:58.555, 1, 0, 4, 80.65
2026/09/06 08:08:59.556, 0, 100, 109366, 497.93
2026/09/06 08:08:59.558, 1, 0, 4, 80.54
2026/09/06 08:09:00.559, 0, 100, 109366, 482.76
2026/09/06 08:09:00.561, 1, 0, 4, 80.49
2026/09/06 08:09:01.562, 0, 100, 109366, 509.83
2026/09/06 08:09:01.564, 1, 0, 4, 80.51
2026/09/06 08:09:02.566, 0, 100, 109366, 537.80
2026/09/06 08:09:02.567, 1, 0, 4, 80.51
2026/09/06 08:09:03.569, 0, 100, 109366, 539.26
2026/09/06 08:09:03.571, 1, 0, 4, 80.46
2026/09/06 08:09:04.572, 0, 59, 109366, 518.51
2026/09/06 08:09:04.574, 1, 0, 4, 80.50
2026/09/06 08:09:05.575, 0, 100, 109366, 481.06
2026/09/06 08:09:05.577, 1, 0, 4, 80.48
2026/09/06 08:09:06.579, 0, 100, 109366, 544.51
2026/09/06 08:09:06.581, 1, 0, 4, 80.47
2026/09/06 08:09:07.582, 0, 100, 109366, 548.66
2026/09/06 08:09:07.584, 1, 0, 4, 80.50
2026/09/06 08:09:08.586, 0, 100, 109366, 555.45
2026/09/06 08:09:08.587, 1, 0, 4, 80.52
2026/09/06 08:09:09.589, 0, 100, 109366, 545.54
2026/09/06 08:09:09.591, 1, 0, 4, 80.57
2026/09/06 08:09:10.593, 0, 53, 109366, 529.52
2026/09/06 08:09:10.595, 1, 0, 4, 80.54
2026/09/06 08:09:11.597, 0, 100, 109366, 549.85
2026/09/06 08:09:11.600, 1, 0, 4, 80.47
2026/09/06 08:09:12.602, 0, 100, 109366, 522.32
2026/09/06 08:09:12.604, 1, 0, 4, 80.57
2026/09/06 08:09:13.605, 0, 100, 109366, 538.69
2026/09/06 08:09:13.607, 1, 0, 4, 80.42
2026/09/06 08:09:14.609, 0, 100, 109366, 532.99
2026/09/06 08:09:14.611, 1, 0, 4, 80.48
2026/09/06 08:09:15.612, 0, 100, 109366, 453.40
2026/09/06 08:09:15.614, 1, 0, 4, 80.50
2026/09/06 08:09:16.616, 0, 100, 109366, 531.33
2026/09/06 08:09:16.618, 1, 0, 4, 80.52
2026/09/06 08:09:17.619, 0, 100, 109366, 534.53
2026/09/06 08:09:17.621, 1, 0, 4, 80.54
2026/09/06 08:09:18.624, 0, 100, 109366, 541.47
2026/09/06 08:09:18.625, 1, 0, 4, 80.51
2026/09/06 08:09:19.627, 0, 100, 109366, 536.12
2026/09/06 08:09:19.631, 1, 0, 4, 80.53
2026/09/06 08:09:20.634, 0, 100, 109366, 537.04
2026/09/06 08:09:20.636, 1, 0, 4, 80.60
2026/09/06 08:09:21.637, 0, 100, 109366, 547.52
2026/09/06 08:09:21.644, 1, 0, 4, 80.53
2026/09/06 08:09:22.647, 0, 100, 109366, 552.70
2026/09/06 08:09:22.648, 1, 0, 4, 80.49
2026/09/06 08:09:23.650, 0, 100, 109366, 521.55
2026/09/06 08:09:23.653, 1, 0, 4, 80.46
2026/09/06 08:09:24.655, 0, 100, 109366, 512.28
2026/09/06 08:09:24.656, 1, 0, 4, 80.52
2026/09/06 08:09:25.657, 0, 100, 109366, 525.79
2026/09/06 08:09:25.659, 1, 0, 4, 80.56
2026/09/06 08:09:26.660, 0, 100, 109366, 527.29
2026/09/06 08:09:26.662, 1, 0, 4, 80.48
2026/09/06 08:09:27.664, 0, 100, 109366, 528.40
2026/09/06 08:09:27.666, 1, 0, 4, 80.44
2026/09/06 08:09:28.668, 0, 100, 109366, 534.46
2026/09/06 08:09:28.669, 1, 0, 4, 80.51
2026/09/06 08:09:29.671, 0, 100, 109366, 524.05
2026/09/06 08:09:29.674, 1, 0, 4, 80.48
2026/09/06 08:09:30.675, 0, 100, 109366, 531.17
2026/09/06 08:09:30.677, 1, 0, 4, 80.51
2026/09/06 08:09:31.680, 0, 100, 109366, 530.31
2026/09/06 08:09:31.682, 1, 0, 4, 80.55
2026/09/06 08:09:32.684, 0, 100, 109366, 515.99
2026/09/06 08:09:32.686, 1, 0, 4, 80.47
2026/09/06 08:09:33.687, 0, 100, 109366, 451.20
2026/09/06 08:09:33.688, 1, 0, 4, 80.56
2026/09/06 08:09:34.690, 0, 100, 109366, 531.66
2026/09/06 08:09:34.692, 1, 0, 4, 80.34
2026/09/06 08:09:35.698, 0, 100, 109366, 524.14
2026/09/06 08:09:35.701, 1, 0, 4, 80.48
2026/09/06 08:09:36.703, 0, 100, 109366, 530.92
2026/09/06 08:09:36.705, 1, 0, 4, 80.44
2026/09/06 08:09:37.706, 0, 100, 109366, 536.16
2026/09/06 08:09:37.711, 1, 0, 4, 80.54
2026/09/06 08:09:38.715, 0, 100, 109366, 530.65
2026/09/06 08:09:38.716, 1, 0, 4, 80.51
2026/09/06 08:09:39.718, 0, 100, 109366, 518.05
2026/09/06 08:09:39.719, 1, 0, 4, 80.51
2026/09/06 08:09:40.721, 0, 100, 109366, 524.02
2026/09/06 08:09:40.723, 1, 0, 4, 80.50
2026/09/06 08:09:41.725, 0, 100, 109366, 534.44
2026/09/06 08:09:41.727, 1, 0, 4, 80.51
2026/09/06 08:09:42.729, 0, 100, 109366, 532.44
2026/09/06 08:09:42.730, 1, 0, 4, 80.60
2026/09/06 08:09:43.732, 0, 100, 109366, 508.52
2026/09/06 08:09:43.734, 1, 0, 4, 80.53
2026/09/06 08:09:44.736, 0, 100, 109366, 518.86
2026/09/06 08:09:44.738, 1, 0, 4, 80.48
2026/09/06 08:09:45.739, 0, 100, 109366, 527.07
2026/09/06 08:09:45.741, 1, 0, 4, 80.54
2026/09/06 08:09:46.742, 0, 100, 109366, 531.18
2026/09/06 08:09:46.744, 1, 0, 4, 80.46
2026/09/06 08:09:47.745, 0, 100, 109366, 518.84
2026/09/06 08:09:47.747, 1, 0, 4, 80.53
2026/09/06 08:09:48.749, 0, 100, 109366, 526.16
2026/09/06 08:09:48.751, 1, 0, 4, 80.51
2026/09/06 08:09:49.754, 0, 100, 109366, 526.80
2026/09/06 08:09:49.757, 1, 0, 4, 80.49
2026/09/06 08:09:50.759, 0, 100, 109366, 537.36
2026/09/06 08:09:50.761, 1, 0, 4, 80.62
2026/09/06 08:09:51.763, 0, 100, 109366, 533.18
2026/09/06 08:09:51.765, 1, 0, 4, 80.61
2026/09/06 08:09:52.767, 0, 100, 109366, 538.16
2026/09/06 08:09:52.770, 1, 0, 4, 80.54
2026/09/06 08:09:53.772, 0, 100, 109366, 534.99
2026/09/06 08:09:53.775, 1, 0, 4, 80.46
2026/09/06 08:09:54.777, 0, 100, 109366, 535.05
2026/09/06 08:09:54.779, 1, 0, 4, 80.44
2026/09/06 08:09:55.781, 0, 100, 109366, 525.41
2026/09/06 08:09:55.783, 1, 0, 4, 80.58
2026/09/06 08:09:56.785, 0, 100, 109366, 543.96
2026/09/06 08:09:56.786, 1, 0, 4, 80.52
2026/09/06 08:09:57.788, 0, 100, 109366, 534.30
2026/09/06 08:09:57.790, 1, 0, 4, 80.57
2026/09/06 08:09:58.792, 0, 100, 109366, 511.30
2026/09/06 08:09:58.794, 1, 0, 4, 80.48
2026/09/06 08:09:59.795, 0, 100, 109366, 534.71
2026/09/06 08:09:59.797, 1, 0, 4, 80.61
2026/09/06 08:10:00.799, 0, 100, 109366, 528.86
2026/09/06 08:10:00.800, 1, 0, 4, 80.60
2026/09/06 08:10:01.802, 0, 100, 109366, 525.77
2026/09/06 08:10:01.804, 1, 0, 4, 80.51
2026/09/06 08:10:02.805, 0, 100, 109366, 536.69
2026/09/06 08:10:02.809, 1, 0, 4, 80.47
2026/09/06 08:10:03.810, 0, 100, 109366, 538.26
2026/09/06 08:10:03.812, 1, 0, 4, 80.52
2026/09/06 08:10:04.814, 0, 100, 109366, 535.05
2026/09/06 08:10:04.816, 1, 0, 4, 80.48
2026/09/06 08:10:05.818, 0, 100, 109366, 541.23
2026/09/06 08:10:05.819, 1, 0, 4, 80.59
2026/09/06 08:10:06.821, 0, 100, 109366, 538.68
2026/09/06 08:10:06.822, 1, 0, 4, 80.57
2026/09/06 08:10:07.825, 0, 100, 109366, 537.12
2026/09/06 08:10:07.827, 1, 0, 4, 80.51
2026/09/06 08:10:08.828, 0, 100, 109366, 544.16
2026/09/06 08:10:08.829, 1, 0, 4, 80.51
2026/09/06 08:10:09.830, 0, 100, 109366, 550.43
2026/09/06 08:10:09.832, 1, 0, 4, 80.49
2026/09/06 08:10:10.834, 0, 100, 109366, 550.62
2026/09/06 08:10:10.835, 1, 0, 4, 80.43
2026/09/06 08:10:11.837, 0, 100, 109366, 556.19
2026/09/06 08:10:11.838, 1, 0, 4, 80.51
2026/09/06 08:10:12.840, 0, 100, 109366, 552.57
2026/09/06 08:10:12.842, 1, 0, 4, 80.54
2026/09/06 08:10:13.844, 0, 100, 109366, 549.87
2026/09/06 08:10:13.847, 1, 0, 4, 80.69
2026/09/06 08:10:14.849, 0, 100, 109366, 556.37
2026/09/06 08:10:14.851, 1, 0, 4, 80.46
2026/09/06 08:10:15.852, 0, 100, 109366, 553.29
2026/09/06 08:10:15.856, 1, 0, 4, 80.47
2026/09/06 08:10:16.858, 0, 100, 109366, 551.51
2026/09/06 08:10:16.859, 1, 0, 4, 80.47
2026/09/06 08:10:17.861, 0, 100, 109366, 563.07
2026/09/06 08:10:17.864, 1, 0, 4, 80.57
2026/09/06 08:10:18.865, 0, 100, 109366, 559.01
2026/09/06 08:10:18.867, 1, 0, 4, 80.53
2026/09/06 08:10:19.870, 0, 100, 109366, 528.38
2026/09/06 08:10:19.881, 1, 0, 4, 80.57
2026/09/06 08:10:20.883, 0, 100, 109366, 557.79
2026/09/06 08:10:20.885, 1, 0, 4, 80.43
2026/09/06 08:10:21.887, 0, 98, 109366, 550.41
2026/09/06 08:10:21.889, 1, 0, 4, 80.51
2026/09/06 08:10:22.891, 0, 100, 109366, 547.42
2026/09/06 08:10:22.893, 1, 0, 4, 80.50
2026/09/06 08:10:23.894, 0, 100, 109366, 557.45
2026/09/06 08:10:23.896, 1, 0, 4, 80.54
2026/09/06 08:10:24.898, 0, 100, 109366, 549.26
2026/09/06 08:10:24.900, 1, 0, 4, 80.50
2026/09/06 08:10:25.902, 0, 100, 109366, 552.56
2026/09/06 08:10:25.905, 1, 0, 4, 80.51
2026/09/06 08:10:26.907, 0, 100, 109366, 559.77
2026/09/06 08:10:26.909, 1, 0, 4, 80.57
2026/09/06 08:10:27.910, 0, 100, 109366, 530.85
2026/09/06 08:10:27.913, 1, 0, 4, 80.55
2026/09/06 08:10:28.914, 0, 100, 109366, 552.72
2026/09/06 08:10:28.916, 1, 0, 4, 80.52
2026/09/06 08:10:29.919, 0, 100, 109366, 560.68
2026/09/06 08:10:29.922, 1, 0, 4, 80.43
2026/09/06 08:10:30.924, 0, 100, 109366, 563.63
2026/09/06 08:10:30.926, 1, 0, 4, 80.49
2026/09/06 08:10:31.928, 0, 100, 109366, 560.43
2026/09/06 08:10:31.931, 1, 0, 4, 80.56
2026/09/06 08:10:32.932, 0, 58, 109366, 530.93
2026/09/06 08:10:32.934, 1, 0, 4, 80.54
2026/09/06 08:10:33.936, 0, 100, 109366, 534.46
2026/09/06 08:10:33.938, 1, 0, 4, 80.49
2026/09/06 08:10:34.940, 0, 100, 109366, 466.33
2026/09/06 08:10:34.942, 1, 0, 4, 80.54
2026/09/06 08:10:35.944, 0, 100, 109366, 537.72
2026/09/06 08:10:35.946, 1, 0, 4, 80.53
2026/09/06 08:10:36.948, 0, 100, 109366, 552.05
2026/09/06 08:10:36.950, 1, 0, 4, 80.46
2026/09/06 08:10:37.951, 0, 100, 109366, 533.71
2026/09/06 08:10:37.953, 1, 0, 4, 80.65
2026/09/06 08:10:38.954, 0, 100, 109366, 545.52
2026/09/06 08:10:38.956, 1, 0, 4, 80.53
2026/09/06 08:10:39.958, 0, 100, 109366, 543.80
2026/09/06 08:10:39.960, 1, 0, 4, 80.61
2026/09/06 08:10:40.961, 0, 100, 109366, 548.14
2026/09/06 08:10:40.963, 1, 0, 4, 80.56
2026/09/06 08:10:41.964, 0, 100, 109366, 542.02
2026/09/06 08:10:41.966, 1, 0, 4, 80.51
2026/09/06 08:10:42.968, 0, 100, 109366, 554.35
2026/09/06 08:10:42.969, 1, 0, 4, 80.44
2026/09/06 08:10:43.971, 0, 100, 109366, 547.09
2026/09/06 08:10:43.973, 1, 0, 4, 80.53
2026/09/06 08:10:44.974, 0, 99, 109366, 549.80
2026/09/06 08:10:44.976, 1, 0, 4, 80.54
2026/09/06 08:10:45.978, 0, 100, 109366, 533.47
2026/09/06 08:10:45.980, 1, 0, 4, 80.46
2026/09/06 08:10:46.981, 0, 79, 109366, 513.30
2026/09/06 08:10:46.983, 1, 0, 4, 80.58
2026/09/06 08:10:47.984, 0, 100, 109366, 540.11
2026/09/06 08:10:47.986, 1, 0, 4, 80.53
2026/09/06 08:10:48.988, 0, 100, 109366, 545.73
2026/09/06 08:10:48.989, 1, 0, 4, 80.52
2026/09/06 08:10:49.990, 0, 100, 109366, 524.34
2026/09/06 08:10:49.993, 1, 0, 4, 80.47
2026/09/06 08:10:50.995, 0, 100, 109366, 532.65
2026/09/06 08:10:50.998, 1, 0, 4, 80.59
2026/09/06 08:10:52.000, 0, 100, 109366, 530.97
2026/09/06 08:10:52.002, 1, 0, 4, 80.49
2026/09/06 08:10:53.004, 0, 100, 109366, 546.36
2026/09/06 08:10:53.006, 1, 0, 4, 80.60
2026/09/06 08:10:54.008, 0, 100, 109366, 544.03
2026/09/06 08:10:54.011, 1, 0, 4, 80.49
2026/09/06 08:10:55.013, 0, 100, 109366, 548.16
2026/09/06 08:10:55.016, 1, 0, 4, 80.48
2026/09/06 08:10:56.019, 0, 100, 109366, 555.67
2026/09/06 08:10:56.021, 1, 0, 4, 80.43
2026/09/06 08:10:57.022, 0, 100, 109366, 547.13
2026/09/06 08:10:57.025, 1, 0, 4, 80.62
2026/09/06 08:10:58.028, 0, 57, 109366, 527.55
2026/09/06 08:10:58.029, 1, 0, 4, 80.57
2026/09/06 08:10:59.031, 0, 100, 109366, 540.95
2026/09/06 08:10:59.032, 1, 0, 4, 80.64
2026/09/06 08:11:00.034, 0, 100, 109366, 453.08
2026/09/06 08:11:00.041, 1, 0, 4, 80.54
2026/09/06 08:11:01.043, 0, 100, 109366, 534.06
2026/09/06 08:11:01.045, 1, 0, 4, 80.58
2026/09/06 08:11:02.047, 0, 100, 109366, 532.23
2026/09/06 08:11:02.049, 1, 0, 4, 80.53
2026/09/06 08:11:03.051, 0, 100, 109366, 532.68
2026/09/06 08:11:03.053, 1, 0, 4, 80.50
2026/09/06 08:11:04.055, 0, 100, 109366, 533.97
2026/09/06 08:11:04.056, 1, 0, 4, 80.58
2026/09/06 08:11:05.058, 0, 100, 109366, 538.34
2026/09/06 08:11:05.060, 1, 0, 4, 80.49
2026/09/06 08:11:06.063, 0, 100, 109366, 543.55
2026/09/06 08:11:06.064, 1, 0, 4, 80.54
2026/09/06 08:11:07.065, 0, 100, 109366, 548.93
2026/09/06 08:11:07.067, 1, 0, 4, 80.52
2026/09/06 08:11:08.069, 0, 100, 109366, 522.18
2026/09/06 08:11:08.071, 1, 0, 4, 80.51
2026/09/06 08:11:09.072, 0, 100, 109366, 516.19
2026/09/06 08:11:09.074, 1, 0, 4, 80.50
2026/09/06 08:11:10.077, 0, 100, 109366, 530.63
2026/09/06 08:11:10.079, 1, 0, 4, 80.49
2026/09/06 08:11:11.081, 0, 100, 109366, 538.34
2026/09/06 08:11:11.082, 1, 0, 4, 80.47
2026/09/06 08:11:12.084, 0, 100, 109366, 533.90
2026/09/06 08:11:12.085, 1, 0, 4, 80.56
2026/09/06 08:11:13.087, 0, 100, 109366, 529.99
2026/09/06 08:11:13.089, 1, 0, 4, 80.45
2026/09/06 08:11:14.091, 0, 100, 109366, 499.74
2026/09/06 08:11:14.092, 1, 0, 4, 80.52
2026/09/06 08:11:15.094, 0, 98, 109366, 526.48
2026/09/06 08:11:15.095, 1, 0, 4, 80.53
2026/09/06 08:11:16.096, 0, 100, 109366, 526.82
2026/09/06 08:11:16.098, 1, 0, 4, 80.53
2026/09/06 08:11:17.100, 0, 100, 109366, 526.24
2026/09/06 08:11:17.101, 1, 0, 4, 80.45
2026/09/06 08:11:18.103, 0, 100, 109366, 514.56
2026/09/06 08:11:18.105, 1, 0, 4, 80.57
2026/09/06 08:11:19.106, 0, 97, 109366, 513.21
2026/09/06 08:11:19.107, 1, 0, 4, 80.52
2026/09/06 08:11:20.109, 0, 100, 109366, 519.58
2026/09/06 08:11:20.110, 1, 0, 4, 80.52
2026/09/06 08:11:21.112, 0, 96, 109366, 520.61
2026/09/06 08:11:21.114, 1, 0, 4, 80.54
2026/09/06 08:11:22.115, 0, 100, 109366, 529.97
2026/09/06 08:11:22.117, 1, 0, 4, 80.56
2026/09/06 08:11:23.118, 0, 100, 109366, 521.37
2026/09/06 08:11:23.120, 1, 0, 4, 80.46
2026/09/06 08:11:24.121, 0, 100, 109366, 506.64
2026/09/06 08:11:24.123, 1, 0, 4, 80.56
2026/09/06 08:11:25.124, 0, 100, 109366, 524.66
2026/09/06 08:11:25.126, 1, 0, 4, 80.53
2026/09/06 08:11:26.128, 0, 100, 109366, 533.21
2026/09/06 08:11:26.130, 1, 0, 4, 80.58
2026/09/06 08:11:27.131, 0, 100, 109366, 523.82
2026/09/06 08:11:27.133, 1, 0, 4, 80.58
2026/09/06 08:11:28.135, 0, 100, 109366, 528.56
2026/09/06 08:11:28.136, 1, 0, 4, 80.64
2026/09/06 08:11:29.138, 0, 100, 109366, 537.62
2026/09/06 08:11:29.140, 1, 0, 4, 80.55
2026/09/06 08:11:30.141, 0, 100, 109366, 531.48
2026/09/06 08:11:30.142, 1, 0, 4, 80.47
2026/09/06 08:11:31.144, 0, 100, 109366, 533.92
2026/09/06 08:11:31.146, 1, 0, 4, 80.42
2026/09/06 08:11:32.148, 0, 100, 109366, 535.65
2026/09/06 08:11:32.150, 1, 0, 4, 80.59
2026/09/06 08:11:33.152, 0, 100, 109366, 452.90
2026/09/06 08:11:33.154, 1, 0, 4, 80.50
2026/09/06 08:11:34.156, 0, 95, 109366, 523.85
2026/09/06 08:11:34.158, 1, 0, 4, 80.59
2026/09/06 08:11:35.160, 0, 100, 109366, 534.34
2026/09/06 08:11:35.161, 1, 0, 4, 80.54
2026/09/06 08:11:36.162, 0, 100, 109366, 544.11
2026/09/06 08:11:36.164, 1, 0, 4, 80.51
2026/09/06 08:11:37.165, 0, 100, 109366, 532.67
2026/09/06 08:11:37.166, 1, 0, 4, 80.54
2026/09/06 08:11:38.168, 0, 100, 109366, 534.82
2026/09/06 08:11:38.169, 1, 0, 4, 80.57
2026/09/06 08:11:39.171, 0, 100, 109366, 543.67
2026/09/06 08:11:39.172, 1, 0, 4, 80.59
2026/09/06 08:11:40.174, 0, 100, 109366, 540.45
2026/09/06 08:11:40.175, 1, 0, 4, 80.57
2026/09/06 08:11:41.177, 0, 100, 109366, 518.45
2026/09/06 08:11:41.179, 1, 0, 4, 80.56
2026/09/06 08:11:42.180, 0, 100, 109366, 549.66
2026/09/06 08:11:42.182, 1, 0, 4, 80.51
2026/09/06 08:11:43.183, 0, 100, 109366, 539.08
2026/09/06 08:11:43.185, 1, 0, 4, 80.46
2026/09/06 08:11:44.187, 0, 100, 109366, 542.89
2026/09/06 08:11:44.189, 1, 0, 4, 80.41
2026/09/06 08:11:45.191, 0, 100, 109366, 545.07
2026/09/06 08:11:45.193, 1, 0, 4, 80.66
2026/09/06 08:11:46.195, 0, 100, 109366, 543.33
2026/09/06 08:11:46.197, 1, 0, 4, 80.62
2026/09/06 08:11:47.199, 0, 100, 109366, 543.79
2026/09/06 08:11:47.200, 1, 0, 4, 80.66
2026/09/06 08:11:48.202, 0, 100, 109366, 548.68
2026/09/06 08:11:48.204, 1, 0, 4, 80.65
2026/09/06 08:11:49.206, 0, 100, 109366, 542.18
2026/09/06 08:11:49.207, 1, 0, 4, 80.60
2026/09/06 08:11:50.210, 0, 100, 109366, 527.44
2026/09/06 08:11:50.211, 1, 0, 4, 80.40
2026/09/06 08:11:51.212, 0, 100, 109366, 553.17
2026/09/06 08:11:51.214, 1, 0, 4, 80.68
2026/09/06 08:11:52.215, 0, 100, 109366, 553.14
2026/09/06 08:11:52.217, 1, 0, 4, 80.55
2026/09/06 08:11:53.218, 0, 100, 109366, 551.00
2026/09/06 08:11:53.220, 1, 0, 4, 80.58
2026/09/06 08:11:54.221, 0, 100, 109366, 514.89
2026/09/06 08:11:54.223, 1, 0, 4, 80.56
2026/09/06 08:11:55.225, 0, 100, 109366, 538.49
2026/09/06 08:11:55.226, 1, 0, 4, 80.65
2026/09/06 08:11:56.228, 0, 100, 109366, 545.14
2026/09/06 08:11:56.230, 1, 0, 4, 80.58
2026/09/06 08:11:57.231, 0, 100, 109366, 564.03
2026/09/06 08:11:57.234, 1, 0, 4, 80.56
2026/09/06 08:11:58.236, 0, 100, 109366, 546.58
2026/09/06 08:11:58.238, 1, 0, 4, 80.59
2026/09/06 08:11:59.240, 0, 100, 109366, 550.56
2026/09/06 08:11:59.242, 1, 0, 4, 80.54
2026/09/06 08:12:00.244, 0, 100, 109366, 574.70
2026/09/06 08:12:00.246, 1, 0, 4, 80.63
2026/09/06 08:12:01.248, 0, 100, 109366, 562.71
2026/09/06 08:12:01.250, 1, 0, 4, 80.57
2026/09/06 08:12:02.251, 0, 100, 109366, 554.79
2026/09/06 08:12:02.254, 1, 0, 4, 80.56
2026/09/06 08:12:03.256, 0, 100, 109366, 544.94
2026/09/06 08:12:03.258, 1, 0, 4, 80.52
2026/09/06 08:12:04.259, 0, 100, 109366, 566.16
2026/09/06 08:12:04.261, 1, 0, 4, 80.55
2026/09/06 08:12:05.262, 0, 100, 109366, 567.68
2026/09/06 08:12:05.263, 1, 0, 4, 80.51
2026/09/06 08:12:06.265, 0, 100, 109366, 554.33
2026/09/06 08:12:06.266, 1, 0, 4, 80.62
2026/09/06 08:12:07.267, 0, 100, 109366, 525.81
2026/09/06 08:12:07.269, 1, 0, 4, 80.66
2026/09/06 08:12:08.270, 0, 100, 109366, 549.06
2026/09/06 08:12:08.278, 1, 0, 4, 80.56
2026/09/06 08:12:09.279, 0, 100, 109366, 456.67
2026/09/06 08:12:09.282, 1, 0, 4, 80.60
2026/09/06 08:12:10.283, 0, 100, 109366, 530.05
2026/09/06 08:12:10.286, 1, 0, 4, 80.59
2026/09/06 08:12:11.288, 0, 93, 109366, 536.29
2026/09/06 08:12:11.290, 1, 0, 4, 80.49
2026/09/06 08:12:12.292, 0, 100, 109366, 541.13
2026/09/06 08:12:12.295, 1, 0, 4, 80.51
2026/09/06 08:12:13.305, 0, 100, 109366, 520.45
2026/09/06 08:12:13.307, 1, 0, 4, 80.79
2026/09/06 08:12:14.308, 0, 100, 109366, 548.17
2026/09/06 08:12:14.310, 1, 0, 4, 80.66
2026/09/06 08:12:15.312, 0, 100, 109366, 545.42
2026/09/06 08:12:15.314, 1, 0, 4, 80.59
2026/09/06 08:12:16.315, 0, 100, 109366, 530.86
2026/09/06 08:12:16.317, 1, 0, 4, 80.54
2026/09/06 08:12:17.318, 0, 100, 109366, 551.92
2026/09/06 08:12:17.320, 1, 0, 4, 80.55
2026/09/06 08:12:18.321, 0, 100, 109366, 546.48
2026/09/06 08:12:18.322, 1, 0, 4, 80.61
2026/09/06 08:12:19.324, 0, 83, 109366, 525.87
2026/09/06 08:12:19.325, 1, 0, 4, 80.57
2026/09/06 08:12:20.328, 0, 100, 109366, 539.33
2026/09/06 08:12:20.329, 1, 0, 4, 80.61
2026/09/06 08:12:21.331, 0, 100, 109366, 545.16
2026/09/06 08:12:21.332, 1, 0, 4, 80.63
2026/09/06 08:12:22.334, 0, 99, 109366, 542.84
2026/09/06 08:12:22.335, 1, 0, 4, 80.67
2026/09/06 08:12:23.337, 0, 100, 109366, 555.53
2026/09/06 08:12:23.339, 1, 0, 4, 80.57
2026/09/06 08:12:24.341, 0, 100, 109366, 509.48
2026/09/06 08:12:24.344, 1, 0, 4, 80.52
2026/09/06 08:12:25.346, 0, 100, 109366, 533.25
2026/09/06 08:12:25.348, 1, 0, 4, 80.53
2026/09/06 08:12:26.350, 0, 100, 109366, 523.96
2026/09/06 08:12:26.352, 1, 0, 4, 80.63
2026/09/06 08:12:27.353, 0, 100, 109366, 542.45
2026/09/06 08:12:27.357, 1, 0, 4, 80.65
2026/09/06 08:12:28.359, 0, 100, 109366, 540.67
2026/09/06 08:12:28.362, 1, 0, 4, 80.55
2026/09/06 08:12:29.363, 0, 100, 109366, 538.76
2026/09/06 08:12:29.366, 1, 0, 4, 80.57
2026/09/06 08:12:30.368, 0, 99, 109366, 551.96
2026/09/06 08:12:30.370, 1, 0, 4, 80.57
2026/09/06 08:12:31.371, 0, 100, 109366, 551.59
2026/09/06 08:12:31.373, 1, 0, 4, 80.67
2026/09/06 08:12:32.375, 0, 100, 109366, 543.33
2026/09/06 08:12:32.377, 1, 0, 4, 80.53
2026/09/06 08:12:33.379, 0, 100, 109366, 517.52
2026/09/06 08:12:33.381, 1, 0, 4, 80.56
2026/09/06 08:12:34.383, 0, 100, 109366, 533.17
2026/09/06 08:12:34.385, 1, 0, 4, 80.63
2026/09/06 08:12:35.386, 0, 100, 109366, 533.68
2026/09/06 08:12:35.388, 1, 0, 4, 80.68
2026/09/06 08:12:36.389, 0, 100, 109366, 531.08
2026/09/06 08:12:36.390, 1, 0, 4, 80.63
2026/09/06 08:12:37.392, 0, 100, 109366, 535.17
2026/09/06 08:12:37.394, 1, 0, 4, 80.57
2026/09/06 08:12:38.396, 0, 100, 109366, 538.87
2026/09/06 08:12:38.398, 1, 0, 4, 80.50
2026/09/06 08:12:39.400, 0, 100, 109366, 536.49
2026/09/06 08:12:39.401, 1, 0, 4, 80.44
2026/09/06 08:12:40.403, 0, 100, 109366, 547.61
2026/09/06 08:12:40.404, 1, 0, 4, 80.62
2026/09/06 08:12:41.406, 0, 100, 109366, 543.95
2026/09/06 08:12:41.408, 1, 0, 4, 80.50
2026/09/06 08:12:42.410, 0, 100, 109366, 518.03
2026/09/06 08:12:42.411, 1, 0, 4, 80.60
2026/09/06 08:12:43.413, 0, 100, 109366, 533.36
2026/09/06 08:12:43.415, 1, 0, 4, 80.63
2026/09/06 08:12:44.417, 0, 100, 109366, 546.76
2026/09/06 08:12:44.419, 1, 0, 4, 80.58
2026/09/06 08:12:45.420, 0, 100, 109366, 535.68
2026/09/06 08:12:45.422, 1, 0, 4, 80.54
2026/09/06 08:12:46.424, 0, 100, 109366, 534.71
2026/09/06 08:12:46.426, 1, 0, 4, 80.51
2026/09/06 08:12:47.428, 0, 100, 109366, 541.53
2026/09/06 08:12:47.431, 1, 0, 4, 80.63
2026/09/06 08:12:48.433, 0, 100, 109366, 519.01
2026/09/06 08:12:48.435, 1, 0, 4, 80.66
2026/09/06 08:12:49.436, 0, 100, 109366, 534.27
2026/09/06 08:12:49.437, 1, 0, 4, 80.73
2026/09/06 08:12:50.439, 0, 100, 109366, 534.24
2026/09/06 08:12:50.440, 1, 0, 4, 80.51
2026/09/06 08:12:51.443, 0, 100, 109366, 543.55
2026/09/06 08:12:51.445, 1, 0, 4, 80.54
2026/09/06 08:12:52.447, 0, 100, 109366, 536.48
2026/09/06 08:12:52.449, 1, 0, 4, 80.57
2026/09/06 08:12:53.451, 0, 100, 109366, 534.80
2026/09/06 08:12:53.453, 1, 0, 4, 80.66
2026/09/06 08:12:54.457, 0, 100, 109366, 536.16
2026/09/06 08:12:54.459, 1, 0, 4, 80.69
2026/09/06 08:12:55.460, 0, 100, 109366, 542.43
2026/09/06 08:12:55.462, 1, 0, 4, 80.65
2026/09/06 08:12:56.464, 0, 100, 109366, 527.83
2026/09/06 08:12:56.465, 1, 0, 4, 80.60
2026/09/06 08:12:57.467, 0, 90, 109366, 472.02
2026/09/06 08:12:57.468, 1, 0, 4, 80.60
2026/09/06 08:12:58.469, 0, 61, 109366, 524.62
2026/09/06 08:12:58.471, 1, 0, 4, 80.64
2026/09/06 08:12:59.473, 0, 100, 109366, 535.88
2026/09/06 08:12:59.474, 1, 0, 4, 80.51
2026/09/06 08:13:00.476, 0, 100, 109366, 544.19
2026/09/06 08:13:00.477, 1, 0, 4, 80.68
2026/09/06 08:13:01.479, 0, 100, 109366, 539.30
2026/09/06 08:13:01.481, 1, 0, 4, 80.70
2026/09/06 08:13:02.483, 0, 100, 109366, 537.12
2026/09/06 08:13:02.485, 1, 0, 4, 80.70
2026/09/06 08:13:03.487, 0, 100, 109366, 553.07
2026/09/06 08:13:03.489, 1, 0, 4, 80.57
2026/09/06 08:13:04.490, 0, 100, 109366, 543.76
2026/09/06 08:13:04.492, 1, 0, 4, 80.57
2026/09/06 08:13:05.493, 0, 100, 109366, 539.71
2026/09/06 08:13:05.495, 1, 0, 4, 80.44
2026/09/06 08:13:06.497, 0, 100, 109366, 547.54
2026/09/06 08:13:06.499, 1, 0, 4, 80.65
2026/09/06 08:13:07.501, 0, 100, 109366, 511.87
2026/09/06 08:13:07.503, 1, 0, 4, 80.64
2026/09/06 08:13:08.504, 0, 100, 109366, 520.52
2026/09/06 08:13:08.506, 1, 0, 4, 80.68
2026/09/06 08:13:09.507, 0, 100, 109366, 534.47
2026/09/06 08:13:09.510, 1, 0, 4, 80.63
2026/09/06 08:13:10.512, 0, 100, 109366, 534.02
2026/09/06 08:13:10.514, 1, 0, 4, 80.59
2026/09/06 08:13:11.516, 0, 100, 109366, 513.03
2026/09/06 08:13:11.517, 1, 0, 4, 80.55
2026/09/06 08:13:12.519, 0, 100, 109366, 529.68
2026/09/06 08:13:12.521, 1, 0, 4, 80.59
2026/09/06 08:13:13.522, 0, 100, 109366, 528.58
2026/09/06 08:13:13.524, 1, 0, 4, 80.63
2026/09/06 08:13:14.526, 0, 100, 109366, 530.97
2026/09/06 08:13:14.528, 1, 0, 4, 80.63
2026/09/06 08:13:15.530, 0, 100, 109366, 532.45
2026/09/06 08:13:15.532, 1, 0, 4, 80.64
2026/09/06 08:13:16.534, 0, 100, 109366, 541.70
2026/09/06 08:13:16.536, 1, 0, 4, 80.56
2026/09/06 08:13:17.538, 0, 100, 109366, 542.05
2026/09/06 08:13:17.540, 1, 0, 4, 80.60
2026/09/06 08:13:18.542, 0, 100, 109366, 535.40
2026/09/06 08:13:18.544, 1, 0, 4, 80.57
2026/09/06 08:13:19.546, 0, 100, 109366, 550.37
2026/09/06 08:13:19.547, 1, 0, 4, 80.61
2026/09/06 08:13:20.549, 0, 100, 109366, 556.58
2026/09/06 08:13:20.551, 1, 0, 4, 80.56
2026/09/06 08:13:21.553, 0, 100, 109366, 547.79
2026/09/06 08:13:21.554, 1, 0, 4, 80.65
2026/09/06 08:13:22.556, 0, 100, 109366, 553.63
2026/09/06 08:13:22.558, 1, 0, 4, 80.51
2026/09/06 08:13:23.559, 0, 100, 109366, 544.23
2026/09/06 08:13:23.561, 1, 0, 4, 80.53
2026/09/06 08:13:24.562, 0, 100, 109366, 552.41
2026/09/06 08:13:24.564, 1, 0, 4, 80.45
2026/09/06 08:13:25.565, 0, 100, 109366, 548.63
2026/09/06 08:13:25.567, 1, 0, 4, 80.52
2026/09/06 08:13:26.569, 0, 100, 109366, 557.36
2026/09/06 08:13:26.571, 1, 0, 4, 80.61
2026/09/06 08:13:27.572, 0, 100, 109366, 562.07
2026/09/06 08:13:27.574, 1, 0, 4, 80.65
2026/09/06 08:13:28.576, 0, 100, 109366, 554.09
2026/09/06 08:13:28.578, 1, 0, 4, 80.56
2026/09/06 08:13:29.579, 0, 100, 109366, 553.53
2026/09/06 08:13:29.581, 1, 0, 4, 80.53
2026/09/06 08:13:30.583, 0, 100, 109366, 562.87
2026/09/06 08:13:30.585, 1, 0, 4, 80.62
2026/09/06 08:13:31.587, 0, 100, 109366, 527.80
2026/09/06 08:13:31.589, 1, 0, 4, 80.55
2026/09/06 08:13:32.591, 0, 100, 109366, 557.54
2026/09/06 08:13:32.594, 1, 0, 4, 80.37
2026/09/06 08:13:33.596, 0, 100, 109366, 563.71
2026/09/06 08:13:33.598, 1, 0, 4, 80.54
2026/09/06 08:13:34.601, 0, 100, 109366, 558.55
2026/09/06 08:13:34.602, 1, 0, 4, 80.55
2026/09/06 08:13:35.605, 0, 100, 109366, 570.40
2026/09/06 08:13:35.606, 1, 0, 4, 80.46
2026/09/06 08:13:36.614, 0, 100, 109366, 562.55
2026/09/06 08:13:36.616, 1, 0, 4, 80.61
2026/09/06 08:13:37.617, 0, 100, 109366, 558.79
2026/09/06 08:13:37.619, 1, 0, 4, 80.46
2026/09/06 08:13:38.622, 0, 100, 109366, 572.51
2026/09/06 08:13:38.624, 1, 0, 4, 80.47
2026/09/06 08:13:39.625, 0, 100, 109366, 563.26
2026/09/06 08:13:39.627, 1, 0, 4, 80.56
2026/09/06 08:13:40.630, 0, 100, 109366, 546.75
2026/09/06 08:13:40.631, 1, 0, 4, 80.55
2026/09/06 08:13:41.633, 0, 100, 109366, 566.47
2026/09/06 08:13:41.636, 1, 0, 4, 80.53
2026/09/06 08:13:42.639, 0, 100, 109366, 540.41
2026/09/06 08:13:42.640, 1, 0, 4, 80.61
2026/09/06 08:13:43.643, 0, 100, 109366, 560.22
2026/09/06 08:13:43.645, 1, 0, 4, 80.55
2026/09/06 08:13:44.647, 0, 100, 109366, 571.29
2026/09/06 08:13:44.649, 1, 0, 4, 80.69
2026/09/06 08:13:45.652, 0, 100, 109366, 544.97
2026/09/06 08:13:45.655, 1, 0, 4, 80.60
2026/09/06 08:13:46.658, 0, 100, 109366, 559.38
2026/09/06 08:13:46.659, 1, 0, 4, 80.45
2026/09/06 08:13:47.661, 0, 100, 109366, 532.27
2026/09/06 08:13:47.664, 1, 0, 4, 80.62
2026/09/06 08:13:48.665, 0, 100, 109366, 540.85
2026/09/06 08:13:48.668, 1, 0, 4, 80.60
2026/09/06 08:13:49.669, 0, 100, 109366, 536.06
2026/09/06 08:13:49.671, 1, 0, 4, 80.59
2026/09/06 08:13:50.673, 0, 100, 109366, 547.15
2026/09/06 08:13:50.676, 1, 0, 4, 80.51
2026/09/06 08:13:51.677, 0, 100, 109366, 541.22
2026/09/06 08:13:51.679, 1, 0, 4, 80.55
2026/09/06 08:13:52.680, 0, 100, 109366, 558.20
2026/09/06 08:13:52.682, 1, 0, 4, 80.53
2026/09/06 08:13:53.684, 0, 100, 109366, 528.96
2026/09/06 08:13:53.685, 1, 0, 4, 80.61
2026/09/06 08:13:54.687, 0, 100, 109366, 516.74
2026/09/06 08:13:54.689, 1, 0, 4, 80.57
2026/09/06 08:13:55.693, 0, 100, 109366, 541.70
2026/09/06 08:13:55.697, 1, 0, 4, 80.49
2026/09/06 08:13:56.700, 0, 100, 109366, 536.61
2026/09/06 08:13:56.703, 1, 0, 4, 80.68
2026/09/06 08:13:57.705, 0, 56, 109366, 516.94
2026/09/06 08:13:57.707, 1, 0, 4, 80.54
2026/09/06 08:13:58.710, 0, 100, 109366, 542.70
2026/09/06 08:13:58.711, 1, 0, 4, 80.56
2026/09/06 08:13:59.712, 0, 77, 109366, 525.32
2026/09/06 08:13:59.714, 1, 0, 4, 80.51
2026/09/06 08:14:00.715, 0, 100, 109366, 531.58
2026/09/06 08:14:00.717, 1, 0, 4, 80.61
2026/09/06 08:14:01.718, 0, 100, 109366, 529.36
2026/09/06 08:14:01.720, 1, 0, 4, 80.63
2026/09/06 08:14:02.721, 0, 100, 109366, 536.61
2026/09/06 08:14:02.723, 1, 0, 4, 80.59
2026/09/06 08:14:03.725, 0, 100, 109366, 524.41
2026/09/06 08:14:03.727, 1, 0, 4, 80.64
2026/09/06 08:14:04.728, 0, 97, 109366, 530.28
2026/09/06 08:14:04.730, 1, 0, 4, 80.55
2026/09/06 08:14:05.731, 0, 100, 109366, 538.32
2026/09/06 08:14:05.733, 1, 0, 4, 80.51
2026/09/06 08:14:06.734, 0, 100, 109366, 541.55
2026/09/06 08:14:06.736, 1, 0, 4, 80.57
2026/09/06 08:14:07.738, 0, 100, 109366, 430.72
2026/09/06 08:14:07.739, 1, 0, 4, 80.51
2026/09/06 08:14:08.741, 0, 100, 109366, 526.99
2026/09/06 08:14:08.742, 1, 0, 4, 80.57
2026/09/06 08:14:09.744, 0, 100, 109366, 527.83
2026/09/06 08:14:09.746, 1, 0, 4, 80.58
2026/09/06 08:14:10.747, 0, 100, 109366, 511.22
2026/09/06 08:14:10.748, 1, 0, 4, 80.53
2026/09/06 08:14:11.751, 0, 100, 109366, 534.08
2026/09/06 08:14:11.753, 1, 0, 4, 80.51
2026/09/06 08:14:12.754, 0, 100, 109366, 542.43
2026/09/06 08:14:12.756, 1, 0, 4, 80.62
2026/09/06 08:14:13.759, 0, 100, 109366, 533.55
2026/09/06 08:14:13.760, 1, 0, 4, 80.51
2026/09/06 08:14:14.762, 0, 100, 109366, 529.39
2026/09/06 08:14:14.764, 1, 0, 4, 80.54
2026/09/06 08:14:15.766, 0, 100, 109366, 539.47
2026/09/06 08:14:15.768, 1, 0, 4, 80.56
2026/09/06 08:14:16.769, 0, 100, 109366, 538.28
2026/09/06 08:14:16.771, 1, 0, 4, 80.58
2026/09/06 08:14:17.774, 0, 100, 109366, 531.32
2026/09/06 08:14:17.776, 1, 0, 4, 80.54
2026/09/06 08:14:18.778, 0, 100, 109366, 543.68
2026/09/06 08:14:18.780, 1, 0, 4, 80.60
2026/09/06 08:14:19.783, 0, 100, 109366, 547.57
2026/09/06 08:14:19.784, 1, 0, 4, 80.54
2026/09/06 08:14:20.787, 0, 100, 109366, 541.14
2026/09/06 08:14:20.789, 1, 0, 4, 80.53
2026/09/06 08:14:21.791, 0, 100, 109366, 545.56
2026/09/06 08:14:21.793, 1, 0, 4, 80.65
2026/09/06 08:14:22.794, 0, 100, 109366, 550.24
2026/09/06 08:14:22.796, 1, 0, 4, 80.51
2026/09/06 08:14:23.798, 0, 100, 109366, 547.84
2026/09/06 08:14:23.800, 1, 0, 4, 80.53
2026/09/06 08:14:24.801, 0, 100, 109366, 542.94
2026/09/06 08:14:24.803, 1, 0, 4, 80.47
2026/09/06 08:14:25.805, 0, 100, 109366, 491.90
2026/09/06 08:14:25.806, 1, 0, 4, 80.55
2026/09/06 08:14:26.807, 0, 100, 109366, 534.22
2026/09/06 08:14:26.809, 1, 0, 4, 80.44
2026/09/06 08:14:27.811, 0, 100, 109366, 539.00
2026/09/06 08:14:27.812, 1, 0, 4, 80.55
2026/09/06 08:14:28.814, 0, 100, 109366, 543.20
2026/09/06 08:14:28.816, 1, 0, 4, 80.59
2026/09/06 08:14:29.817, 0, 99, 109366, 550.82
2026/09/06 08:14:29.819, 1, 0, 4, 80.62
2026/09/06 08:14:30.821, 0, 100, 109366, 539.81
2026/09/06 08:14:30.823, 1, 0, 4, 80.48
2026/09/06 08:14:31.825, 0, 32, 109366, 498.45
2026/09/06 08:14:31.827, 1, 0, 4, 80.51
2026/09/06 08:14:32.828, 0, 100, 109366, 464.48
2026/09/06 08:14:32.830, 1, 0, 4, 80.49
2026/09/06 08:14:33.832, 0, 100, 109366, 534.38
2026/09/06 08:14:33.833, 1, 0, 4, 80.51
2026/09/06 08:14:34.835, 0, 100, 109366, 541.61
2026/09/06 08:14:34.837, 1, 0, 4, 80.47
2026/09/06 08:14:35.838, 0, 100, 109366, 527.30
2026/09/06 08:14:35.840, 1, 0, 4, 80.47
2026/09/06 08:14:36.842, 0, 100, 109366, 538.14
2026/09/06 08:14:36.844, 1, 0, 4, 80.51
2026/09/06 08:14:37.845, 0, 100, 109366, 544.80
2026/09/06 08:14:37.848, 1, 0, 4, 80.61
2026/09/06 08:14:38.850, 0, 100, 109366, 538.75
2026/09/06 08:14:38.852, 1, 0, 4, 80.49
2026/09/06 08:14:39.853, 0, 100, 109366, 537.07
2026/09/06 08:14:39.856, 1, 0, 4, 80.48
2026/09/06 08:14:40.859, 0, 100, 109366, 547.52
2026/09/06 08:14:40.860, 1, 0, 4, 80.46
2026/09/06 08:14:41.862, 0, 34, 109366, 419.01
2026/09/06 08:14:41.863, 1, 0, 4, 80.60
2026/09/06 08:14:42.865, 0, 100, 109366, 485.98
2026/09/06 08:14:42.867, 1, 0, 4, 80.57
2026/09/06 08:14:43.868, 0, 98, 109366, 528.98
2026/09/06 08:14:43.871, 1, 0, 4, 80.58
2026/09/06 08:14:44.873, 0, 100, 109366, 526.79
2026/09/06 08:14:44.875, 1, 0, 4, 80.53
2026/09/06 08:14:45.876, 0, 100, 109366, 510.97
2026/09/06 08:14:45.878, 1, 0, 4, 80.45
2026/09/06 08:14:46.880, 0, 100, 109366, 526.69
2026/09/06 08:14:46.881, 1, 0, 4, 80.54
2026/09/06 08:14:47.883, 0, 100, 109366, 523.16
2026/09/06 08:14:47.884, 1, 0, 4, 80.57
2026/09/06 08:14:48.886, 0, 100, 109366, 523.19
2026/09/06 08:14:48.888, 1, 0, 4, 80.54
2026/09/06 08:14:49.890, 0, 100, 109366, 532.41
2026/09/06 08:14:49.891, 1, 0, 4, 80.54
2026/09/06 08:14:50.893, 0, 100, 109366, 537.68
2026/09/06 08:14:50.896, 1, 0, 4, 80.62
2026/09/06 08:14:51.897, 0, 100, 109366, 529.01
2026/09/06 08:14:51.899, 1, 0, 4, 80.50
2026/09/06 08:14:52.900, 0, 69, 109366, 461.31
2026/09/06 08:14:52.903, 1, 0, 4, 80.52
2026/09/06 08:14:53.904, 0, 100, 109366, 533.14
2026/09/06 08:14:53.906, 1, 0, 4, 80.43
2026/09/06 08:14:54.908, 0, 100, 109366, 528.73
2026/09/06 08:14:54.910, 1, 0, 4, 80.39
2026/09/06 08:14:55.911, 0, 100, 109366, 523.23
2026/09/06 08:14:55.915, 1, 0, 4, 80.46
2026/09/06 08:14:56.918, 0, 100, 109366, 523.24
2026/09/06 08:14:56.919, 1, 0, 4, 80.49
2026/09/06 08:14:57.921, 0, 100, 109366, 524.78
2026/09/06 08:14:57.923, 1, 0, 4, 80.53
2026/09/06 08:14:58.925, 0, 100, 109366, 525.30
2026/09/06 08:14:58.926, 1, 0, 4, 80.48
2026/09/06 08:14:59.928, 0, 100, 109366, 532.05
2026/09/06 08:14:59.930, 1, 0, 4, 80.48
2026/09/06 08:15:00.932, 0, 100, 109366, 540.47
2026/09/06 08:15:00.934, 1, 0, 4, 80.47
2026/09/06 08:15:01.936, 0, 97, 109366, 530.90
2026/09/06 08:15:01.937, 1, 0, 4, 80.58
2026/09/06 08:15:02.940, 0, 100, 109366, 533.72
2026/09/06 08:15:02.943, 1, 0, 4, 80.60
2026/09/06 08:15:03.946, 0, 100, 109366, 541.41
2026/09/06 08:15:03.948, 1, 0, 4, 80.71
2026/09/06 08:15:04.950, 0, 100, 109366, 542.44
2026/09/06 08:15:04.952, 1, 0, 4, 80.60
2026/09/06 08:15:05.955, 0, 100, 109366, 551.72
2026/09/06 08:15:05.956, 1, 0, 4, 80.50
2026/09/06 08:15:06.957, 0, 100, 109366, 553.64
2026/09/06 08:15:06.959, 1, 0, 4, 80.44
2026/09/06 08:15:07.961, 0, 100, 109366, 544.69
2026/09/06 08:15:07.963, 1, 0, 4, 80.65
2026/09/06 08:15:08.964, 0, 100, 109366, 555.51
2026/09/06 08:15:08.966, 1, 0, 4, 80.54
2026/09/06 08:15:09.968, 0, 100, 109366, 557.91
2026/09/06 08:15:09.970, 1, 0, 4, 80.63
2026/09/06 08:15:10.971, 0, 100, 109366, 549.12
2026/09/06 08:15:10.973, 1, 0, 4, 80.52
2026/09/06 08:15:11.975, 0, 100, 109366, 548.83
2026/09/06 08:15:11.977, 1, 0, 4, 80.67
2026/09/06 08:15:12.979, 0, 100, 109366, 566.53
2026/09/06 08:15:12.981, 1, 0, 4, 80.54
2026/09/06 08:15:13.983, 0, 100, 109366, 550.43
2026/09/06 08:15:13.985, 1, 0, 4, 80.46
2026/09/06 08:15:14.986, 0, 100, 109366, 558.78
2026/09/06 08:15:14.988, 1, 0, 4, 80.55
2026/09/06 08:15:15.991, 0, 100, 109366, 559.97
2026/09/06 08:15:15.993, 1, 0, 4, 80.58
2026/09/06 08:15:16.995, 0, 100, 109366, 527.12
2026/09/06 08:15:16.997, 1, 0, 4, 80.61
2026/09/06 08:15:17.999, 0, 100, 109366, 549.62
2026/09/06 08:15:18.001, 1, 0, 4, 80.57
2026/09/06 08:15:19.004, 0, 100, 109366, 553.49
2026/09/06 08:15:19.006, 1, 0, 4, 80.51
2026/09/06 08:15:20.008, 0, 100, 109366, 544.41
2026/09/06 08:15:20.011, 1, 0, 4, 80.49
2026/09/06 08:15:21.013, 0, 0, 109366, 483.56
2026/09/06 08:15:21.016, 1, 0, 4, 80.53
2026/09/06 08:15:22.019, 0, 100, 109366, 445.22
2026/09/06 08:15:22.021, 1, 0, 4, 80.65
2026/09/06 08:15:23.022, 0, 100, 109366, 550.42
2026/09/06 08:15:23.085, 1, 0, 4, 80.61
2026/09/06 08:15:24.088, 0, 100, 109366, 556.28
2026/09/06 08:15:24.090, 1, 0, 4, 80.66
2026/09/06 08:15:25.091, 0, 100, 109366, 546.70
2026/09/06 08:15:25.093, 1, 0, 4, 80.57
2026/09/06 08:15:26.094, 0, 100, 109366, 546.37
2026/09/06 08:15:26.096, 1, 0, 4, 80.54
2026/09/06 08:15:27.098, 0, 100, 109366, 553.10
2026/09/06 08:15:27.100, 1, 0, 4, 80.43
2026/09/06 08:15:28.101, 0, 100, 109366, 458.54
2026/09/06 08:15:28.103, 1, 0, 4, 80.62
2026/09/06 08:15:29.104, 0, 100, 109366, 541.01
2026/09/06 08:15:29.106, 1, 0, 4, 80.46
2026/09/06 08:15:30.108, 0, 100, 109366, 543.21
2026/09/06 08:15:30.110, 1, 0, 4, 80.61
2026/09/06 08:15:31.111, 0, 100, 109366, 538.35
2026/09/06 08:15:31.113, 1, 0, 4, 80.66
2026/09/06 08:15:32.115, 0, 100, 109366, 554.40
2026/09/06 08:15:32.117, 1, 0, 4, 80.61
2026/09/06 08:15:33.118, 0, 100, 109366, 524.81
2026/09/06 08:15:33.120, 1, 0, 4, 80.55
2026/09/06 08:15:34.122, 0, 100, 109366, 533.47
2026/09/06 08:15:34.123, 1, 0, 4, 80.50
2026/09/06 08:15:35.125, 0, 100, 109366, 543.17
2026/09/06 08:15:35.128, 1, 0, 4, 80.59
2026/09/06 08:15:36.129, 0, 100, 109366, 540.03
2026/09/06 08:15:36.131, 1, 0, 4, 80.56
2026/09/06 08:15:37.132, 0, 100, 109366, 536.30
2026/09/06 08:15:37.135, 1, 0, 4, 80.56
2026/09/06 08:15:38.137, 0, 100, 109366, 554.02
2026/09/06 08:15:38.138, 1, 0, 4, 80.55
2026/09/06 08:15:39.140, 0, 100, 109366, 541.24
2026/09/06 08:15:39.142, 1, 0, 4, 80.70
2026/09/06 08:15:40.145, 0, 100, 109366, 552.76
2026/09/06 08:15:40.147, 1, 0, 4, 80.55
2026/09/06 08:15:41.150, 0, 100, 109366, 549.45
2026/09/06 08:15:41.152, 1, 0, 4, 80.53
2026/09/06 08:15:42.155, 0, 100, 109366, 541.62
2026/09/06 08:15:42.156, 1, 0, 4, 80.54
2026/09/06 08:15:43.158, 0, 100, 109366, 506.48
2026/09/06 08:15:43.160, 1, 0, 4, 80.56
2026/09/06 08:15:44.162, 0, 100, 109366, 551.91
2026/09/06 08:15:44.163, 1, 0, 4, 80.56
2026/09/06 08:15:45.165, 0, 100, 109366, 544.82
2026/09/06 08:15:45.166, 1, 0, 4, 80.67
2026/09/06 08:15:46.167, 0, 100, 109366, 529.24
2026/09/06 08:15:46.169, 1, 0, 4, 80.51
2026/09/06 08:15:47.171, 0, 100, 109366, 541.37
2026/09/06 08:15:47.180, 1, 0, 4, 80.45
2026/09/06 08:15:48.181, 0, 100, 109366, 526.32
2026/09/06 08:15:48.183, 1, 0, 4, 80.58
2026/09/06 08:15:49.184, 0, 100, 109366, 539.03
2026/09/06 08:15:49.186, 1, 0, 4, 80.52
2026/09/06 08:15:50.188, 0, 100, 109366, 545.89
2026/09/06 08:15:50.190, 1, 0, 4, 80.50
2026/09/06 08:15:51.191, 0, 100, 109366, 539.95
2026/09/06 08:15:51.193, 1, 0, 4, 80.52
2026/09/06 08:15:52.194, 0, 100, 109366, 532.63
2026/09/06 08:15:52.196, 1, 0, 4, 80.58
2026/09/06 08:15:53.198, 0, 100, 109366, 545.73
2026/09/06 08:15:53.200, 1, 0, 4, 80.46
2026/09/06 08:15:54.202, 0, 100, 109366, 549.76
2026/09/06 08:15:54.204, 1, 0, 4, 80.51
2026/09/06 08:15:55.206, 0, 100, 109366, 548.42
2026/09/06 08:15:55.208, 1, 0, 4, 80.37
2026/09/06 08:15:56.210, 0, 100, 109366, 551.33
2026/09/06 08:15:56.211, 1, 0, 4, 80.56
2026/09/06 08:15:57.213, 0, 100, 109366, 553.51
2026/09/06 08:15:57.215, 1, 0, 4, 80.47
2026/09/06 08:15:58.216, 0, 100, 109366, 472.76
2026/09/06 08:15:58.218, 1, 0, 4, 80.56
2026/09/06 08:15:59.220, 0, 100, 109366, 549.03
2026/09/06 08:15:59.221, 1, 0, 4, 80.50
2026/09/06 08:16:00.223, 0, 100, 109366, 536.36
2026/09/06 08:16:00.224, 1, 0, 4, 80.48
2026/09/06 08:16:01.227, 0, 100, 109366, 478.00
2026/09/06 08:16:01.229, 1, 0, 4, 80.49
2026/09/06 08:16:02.231, 0, 100, 109366, 547.52
2026/09/06 08:16:02.233, 1, 0, 4, 80.64
2026/09/06 08:16:03.234, 0, 100, 109366, 536.71
2026/09/06 08:16:03.236, 1, 0, 4, 80.70
2026/09/06 08:16:04.237, 0, 100, 109366, 543.38
2026/09/06 08:16:04.239, 1, 0, 4, 80.52
2026/09/06 08:16:05.241, 0, 100, 109366, 539.38
2026/09/06 08:16:05.243, 1, 0, 4, 80.59
2026/09/06 08:16:06.244, 0, 100, 109366, 549.20
2026/09/06 08:16:06.246, 1, 0, 4, 80.55
2026/09/06 08:16:07.247, 0, 100, 109366, 557.89
2026/09/06 08:16:07.249, 1, 0, 4, 80.36
2026/09/06 08:16:08.251, 0, 100, 109366, 487.10
2026/09/06 08:16:08.253, 1, 0, 4, 80.50
2026/09/06 08:16:09.254, 0, 100, 109366, 541.97
2026/09/06 08:16:09.256, 1, 0, 4, 80.47
2026/09/06 08:16:10.258, 0, 100, 109366, 545.30
2026/09/06 08:16:10.260, 1, 0, 4, 80.58
2026/09/06 08:16:11.261, 0, 100, 109366, 551.62
2026/09/06 08:16:11.263, 1, 0, 4, 80.55
2026/09/06 08:16:12.264, 0, 100, 109366, 538.02
2026/09/06 08:16:12.266, 1, 0, 4, 80.51
2026/09/06 08:16:13.267, 0, 100, 109366, 540.35
2026/09/06 08:16:13.268, 1, 0, 4, 80.61
2026/09/06 08:16:14.270, 0, 100, 109366, 546.20
2026/09/06 08:16:14.272, 1, 0, 4, 80.55
2026/09/06 08:16:15.275, 0, 100, 109366, 544.53
2026/09/06 08:16:15.277, 1, 0, 4, 80.35
2026/09/06 08:16:16.279, 0, 100, 109366, 552.95
2026/09/06 08:16:16.281, 1, 0, 4, 80.42
2026/09/06 08:16:17.282, 0, 100, 109366, 545.65
2026/09/06 08:16:17.283, 1, 0, 4, 80.50
2026/09/06 08:16:18.285, 0, 100, 109366, 502.56
2026/09/06 08:16:18.287, 1, 0, 4, 80.49
2026/09/06 08:16:19.289, 0, 100, 109366, 534.65
2026/09/06 08:16:19.290, 1, 0, 4, 80.51
2026/09/06 08:16:20.293, 0, 100, 109366, 536.54
2026/09/06 08:16:20.295, 1, 0, 4, 80.45
2026/09/06 08:16:21.296, 0, 100, 109366, 536.09
2026/09/06 08:16:21.298, 1, 0, 4, 80.60
2026/09/06 08:16:22.299, 0, 100, 109366, 511.93
2026/09/06 08:16:22.300, 1, 0, 4, 80.47
2026/09/06 08:16:23.301, 0, 100, 109366, 533.74
2026/09/06 08:16:23.303, 1, 0, 4, 80.56
2026/09/06 08:16:24.305, 0, 100, 109366, 528.80
2026/09/06 08:16:24.308, 1, 0, 4, 80.59
2026/09/06 08:16:25.309, 0, 100, 109366, 539.10
2026/09/06 08:16:25.311, 1, 0, 4, 80.58
2026/09/06 08:16:26.313, 0, 100, 109366, 543.89
2026/09/06 08:16:26.315, 1, 0, 4, 80.59
2026/09/06 08:16:27.317, 0, 95, 109366, 542.73
2026/09/06 08:16:27.319, 1, 0, 4, 80.51
2026/09/06 08:16:28.320, 0, 100, 109366, 548.82
2026/09/06 08:16:28.323, 1, 0, 4, 80.45
2026/09/06 08:16:29.324, 0, 100, 109366, 547.09
2026/09/06 08:16:29.326, 1, 0, 4, 80.47
2026/09/06 08:16:30.327, 0, 100, 109366, 546.45
2026/09/06 08:16:30.333, 1, 0, 4, 80.53
2026/09/06 08:16:31.335, 0, 100, 109366, 560.77
2026/09/06 08:16:31.337, 1, 0, 4, 80.54
2026/09/06 08:16:32.339, 0, 100, 109366, 545.78
2026/09/06 08:16:32.340, 1, 0, 4, 80.52
2026/09/06 08:16:33.342, 0, 100, 109366, 448.48
2026/09/06 08:16:33.343, 1, 0, 4, 80.55
2026/09/06 08:16:34.345, 0, 0, 109366, 451.08
2026/09/06 08:16:34.346, 1, 0, 4, 80.48
2026/09/06 08:16:35.348, 0, 100, 109366, 542.05
2026/09/06 08:16:35.351, 1, 0, 4, 80.42
2026/09/06 08:16:36.353, 0, 100, 109366, 534.68
2026/09/06 08:16:36.355, 1, 0, 4, 80.50
2026/09/06 08:16:37.357, 0, 100, 109366, 542.60
2026/09/06 08:16:37.360, 1, 0, 4, 80.47
2026/09/06 08:16:38.363, 0, 100, 109366, 540.50
2026/09/06 08:16:38.365, 1, 0, 4, 80.59
2026/09/06 08:16:39.367, 0, 100, 109366, 543.79
2026/09/06 08:16:39.369, 1, 0, 4, 80.49
2026/09/06 08:16:40.371, 0, 100, 109366, 541.15
2026/09/06 08:16:40.373, 1, 0, 4, 80.56
2026/09/06 08:16:41.375, 0, 100, 109366, 535.36
2026/09/06 08:16:41.378, 1, 0, 4, 80.39
2026/09/06 08:16:42.379, 0, 100, 109366, 545.10
2026/09/06 08:16:42.381, 1, 0, 4, 80.50
2026/09/06 08:16:43.383, 0, 100, 109366, 541.19
2026/09/06 08:16:43.386, 1, 0, 4, 80.54
2026/09/06 08:16:44.389, 0, 100, 109366, 555.53
2026/09/06 08:16:44.391, 1, 0, 4, 80.43
2026/09/06 08:16:45.392, 0, 100, 109366, 543.98
2026/09/06 08:16:45.394, 1, 0, 4, 80.58
2026/09/06 08:16:46.396, 0, 100, 109366, 547.16
2026/09/06 08:16:46.398, 1, 0, 4, 80.61
2026/09/06 08:16:47.402, 0, 100, 109366, 555.42
2026/09/06 08:16:47.403, 1, 0, 4, 80.37
2026/09/06 08:16:48.405, 0, 100, 109366, 551.68
2026/09/06 08:16:48.407, 1, 0, 4, 80.61
2026/09/06 08:16:49.410, 0, 100, 109366, 549.98
2026/09/06 08:16:49.411, 1, 0, 4, 80.50
2026/09/06 08:16:50.413, 0, 100, 109366, 561.64
2026/09/06 08:16:50.415, 1, 0, 4, 80.61
2026/09/06 08:16:51.418, 0, 100, 109366, 556.03
2026/09/06 08:16:51.420, 1, 0, 4, 80.48
2026/09/06 08:16:52.422, 0, 100, 109366, 549.94
2026/09/06 08:16:52.425, 1, 0, 4, 80.62
2026/09/06 08:16:53.428, 0, 100, 109366, 562.47
2026/09/06 08:16:53.430, 1, 0, 4, 80.53
2026/09/06 08:16:54.431, 0, 100, 109366, 555.35
2026/09/06 08:16:54.433, 1, 0, 4, 80.50
2026/09/06 08:16:55.435, 0, 100, 109366, 557.52
2026/09/06 08:16:55.437, 1, 0, 4, 80.49
2026/09/06 08:16:56.439, 0, 14, 109366, 485.49
2026/09/06 08:16:56.440, 1, 0, 4, 80.55
2026/09/06 08:16:57.442, 0, 100, 109366, 528.95
2026/09/06 08:16:57.444, 1, 0, 4, 80.46
2026/09/06 08:16:58.446, 0, 100, 109366, 552.20
2026/09/06 08:16:58.448, 1, 0, 4, 80.60
2026/09/06 08:16:59.450, 0, 97, 109366, 546.57
2026/09/06 08:16:59.451, 1, 0, 4, 80.58
2026/09/06 08:17:00.453, 0, 96, 109366, 550.30
2026/09/06 08:17:00.455, 1, 0, 4, 80.41
2026/09/06 08:17:01.457, 0, 100, 109366, 556.85
2026/09/06 08:17:01.461, 1, 0, 4, 80.51
2026/09/06 08:17:02.468, 0, 100, 109366, 552.12
2026/09/06 08:17:02.469, 1, 0, 4, 80.49
2026/09/06 08:17:03.471, 0, 100, 109366, 537.24
2026/09/06 08:17:03.473, 1, 0, 4, 80.50
2026/09/06 08:17:04.474, 0, 100, 109366, 553.75
2026/09/06 08:17:04.476, 1, 0, 4, 80.54
2026/09/06 08:17:05.478, 0, 100, 109366, 542.61
2026/09/06 08:17:05.480, 1, 0, 4, 80.62
2026/09/06 08:17:06.482, 0, 96, 109366, 551.00
2026/09/06 08:17:06.483, 1, 0, 4, 80.61
2026/09/06 08:17:07.485, 0, 100, 109366, 553.74
2026/09/06 08:17:07.486, 1, 0, 4, 80.67
2026/09/06 08:17:08.488, 0, 100, 109366, 521.98
2026/09/06 08:17:08.490, 1, 0, 4, 80.55
2026/09/06 08:17:09.492, 0, 100, 109366, 539.99
2026/09/06 08:17:09.493, 1, 0, 4, 80.57
2026/09/06 08:17:10.495, 0, 100, 109366, 544.46
2026/09/06 08:17:10.496, 1, 0, 4, 80.61
2026/09/06 08:17:11.498, 0, 100, 109366, 542.46
2026/09/06 08:17:11.500, 1, 0, 4, 80.58
2026/09/06 08:17:12.504, 0, 100, 109366, 542.62
2026/09/06 08:17:12.506, 1, 0, 4, 80.55
2026/09/06 08:17:13.507, 0, 100, 109366, 545.80
2026/09/06 08:17:13.509, 1, 0, 4, 80.57
2026/09/06 08:17:14.511, 0, 100, 109366, 523.31
2026/09/06 08:17:14.513, 1, 0, 4, 80.54
2026/09/06 08:17:15.515, 0, 100, 109366, 544.74
2026/09/06 08:17:15.517, 1, 0, 4, 80.51
2026/09/06 08:17:16.519, 0, 100, 109366, 480.90
2026/09/06 08:17:16.521, 1, 0, 4, 80.62
2026/09/06 08:17:17.524, 0, 100, 109366, 543.38
2026/09/06 08:17:17.526, 1, 0, 4, 80.56
2026/09/06 08:17:18.528, 0, 100, 109366, 504.02
2026/09/06 08:17:18.529, 1, 0, 4, 80.55
2026/09/06 08:17:19.532, 0, 100, 109366, 534.87
2026/09/06 08:17:19.534, 1, 0, 4, 80.55
2026/09/06 08:17:20.535, 0, 100, 109366, 529.16
2026/09/06 08:17:20.537, 1, 0, 4, 80.58
2026/09/06 08:17:21.538, 0, 100, 109366, 533.71
2026/09/06 08:17:21.540, 1, 0, 4, 80.47
2026/09/06 08:17:22.542, 0, 100, 109366, 536.94
2026/09/06 08:17:22.543, 1, 0, 4, 80.50
2026/09/06 08:17:23.545, 0, 100, 109366, 537.84
2026/09/06 08:17:23.547, 1, 0, 4, 80.57
2026/09/06 08:17:24.549, 0, 100, 109366, 547.41
2026/09/06 08:17:24.550, 1, 0, 4, 80.53
2026/09/06 08:17:25.552, 0, 100, 109366, 538.80
2026/09/06 08:17:25.554, 1, 0, 4, 80.51
2026/09/06 08:17:26.555, 0, 100, 109366, 555.55
2026/09/06 08:17:26.557, 1, 0, 4, 80.49
2026/09/06 08:17:27.558, 0, 100, 109366, 552.03
2026/09/06 08:17:27.560, 1, 0, 4, 80.61
2026/09/06 08:17:28.561, 0, 72, 109366, 492.49
2026/09/06 08:17:28.563, 1, 0, 4, 80.49
2026/09/06 08:17:29.564, 0, 97, 109366, 515.29
2026/09/06 08:17:29.566, 1, 0, 4, 80.57
2026/09/06 08:17:30.568, 0, 100, 109366, 544.64
2026/09/06 08:17:30.569, 1, 0, 4, 80.54
2026/09/06 08:17:31.571, 0, 100, 109366, 542.67
2026/09/06 08:17:31.573, 1, 0, 4, 80.58
2026/09/06 08:17:32.574, 0, 100, 109366, 526.09
2026/09/06 08:17:32.576, 1, 0, 4, 80.53
2026/09/06 08:17:33.578, 0, 100, 109366, 537.08
2026/09/06 08:17:33.580, 1, 0, 4, 80.66
2026/09/06 08:17:34.581, 0, 100, 109366, 539.87
2026/09/06 08:17:34.583, 1, 0, 4, 80.67
2026/09/06 08:17:35.585, 0, 100, 109366, 527.97
2026/09/06 08:17:35.587, 1, 0, 4, 80.50
2026/09/06 08:17:36.588, 0, 100, 109366, 544.25
2026/09/06 08:17:36.590, 1, 0, 4, 80.52
2026/09/06 08:17:37.591, 0, 100, 109366, 539.35
2026/09/06 08:17:37.594, 1, 0, 4, 80.61
2026/09/06 08:17:38.597, 0, 100, 109366, 549.50
2026/09/06 08:17:38.599, 1, 0, 4, 80.50
2026/09/06 08:17:39.601, 0, 100, 109366, 531.05
2026/09/06 08:17:39.608, 1, 0, 4, 80.59
2026/09/06 08:17:40.612, 0, 100, 109366, 539.06
2026/09/06 08:17:40.614, 1, 0, 4, 80.54
2026/09/06 08:17:41.616, 0, 100, 109366, 512.68
2026/09/06 08:17:41.618, 1, 0, 4, 80.54
2026/09/06 08:17:42.620, 0, 100, 109366, 545.49
2026/09/06 08:17:42.622, 1, 0, 4, 80.48
2026/09/06 08:17:43.623, 0, 100, 109366, 541.68
2026/09/06 08:17:43.625, 1, 0, 4, 80.56
2026/09/06 08:17:44.627, 0, 100, 109366, 536.65
2026/09/06 08:17:44.628, 1, 0, 4, 80.55
2026/09/06 08:17:45.630, 0, 100, 109366, 550.69
2026/09/06 08:17:45.632, 1, 0, 4, 80.60
2026/09/06 08:17:46.635, 0, 100, 109366, 551.15
2026/09/06 08:17:46.636, 1, 0, 4, 80.65
2026/09/06 08:17:47.638, 0, 100, 109366, 535.30
2026/09/06 08:17:47.640, 1, 0, 4, 80.54
2026/09/06 08:17:48.642, 0, 100, 109366, 556.25
2026/09/06 08:17:48.644, 1, 0, 4, 80.50
2026/09/06 08:17:49.645, 0, 88, 109366, 530.29
2026/09/06 08:17:49.655, 1, 0, 4, 80.63
2026/09/06 08:17:50.663, 0, 100, 109366, 542.78
2026/09/06 08:17:50.664, 1, 0, 4, 80.55
2026/09/06 08:17:51.666, 0, 100, 109366, 552.44
2026/09/06 08:17:51.667, 1, 0, 4, 80.62
2026/09/06 08:17:52.668, 0, 100, 109366, 506.88
2026/09/06 08:17:52.670, 1, 0, 4, 80.51
2026/09/06 08:17:53.672, 0, 100, 109366, 533.97
2026/09/06 08:17:53.674, 1, 0, 4, 80.64
2026/09/06 08:17:54.675, 0, 100, 109366, 532.06
2026/09/06 08:17:54.677, 1, 0, 4, 80.56
2026/09/06 08:17:55.679, 0, 100, 109366, 540.46
2026/09/06 08:17:55.681, 1, 0, 4, 80.44
2026/09/06 08:17:56.683, 0, 100, 109366, 496.00
2026/09/06 08:17:56.685, 1, 0, 4, 80.61
2026/09/06 08:17:57.687, 0, 97, 109366, 536.55
2026/09/06 08:17:57.689, 1, 0, 4, 80.57
2026/09/06 08:17:58.691, 0, 100, 109366, 518.00
2026/09/06 08:17:58.692, 1, 0, 4, 80.62
2026/09/06 08:17:59.694, 0, 100, 109366, 540.24
2026/09/06 08:17:59.695, 1, 0, 4, 80.60
2026/09/06 08:18:00.697, 0, 100, 109366, 521.48
2026/09/06 08:18:00.699, 1, 0, 4, 80.59
2026/09/06 08:18:01.701, 0, 100, 109366, 525.39
2026/09/06 08:18:01.703, 1, 0, 4, 80.51
2026/09/06 08:18:02.705, 0, 100, 109366, 551.02
2026/09/06 08:18:02.707, 1, 0, 4, 80.52
2026/09/06 08:18:03.708, 0, 100, 109366, 539.80
2026/09/06 08:18:03.710, 1, 0, 4, 80.52
2026/09/06 08:18:04.712, 0, 100, 109366, 534.13
2026/09/06 08:18:04.713, 1, 0, 4, 80.55
2026/09/06 08:18:05.715, 0, 100, 109366, 552.33
2026/09/06 08:18:05.717, 1, 0, 4, 80.59
2026/09/06 08:18:06.719, 0, 100, 109366, 534.07
2026/09/06 08:18:06.720, 1, 0, 4, 80.62
2026/09/06 08:18:07.722, 0, 100, 109366, 535.54
2026/09/06 08:18:07.727, 1, 0, 4, 80.58
2026/09/06 08:18:08.730, 0, 100, 109366, 523.95
2026/09/06 08:18:08.732, 1, 0, 4, 80.58
2026/09/06 08:18:09.733, 0, 100, 109366, 512.70
2026/09/06 08:18:09.736, 1, 0, 4, 80.62
2026/09/06 08:18:10.738, 0, 100, 109366, 515.52
2026/09/06 08:18:10.740, 1, 0, 4, 80.53
2026/09/06 08:18:11.742, 0, 98, 109366, 534.88
2026/09/06 08:18:11.744, 1, 0, 4, 80.50
2026/09/06 08:18:12.745, 0, 100, 109366, 514.23
2026/09/06 08:18:12.747, 1, 0, 4, 80.64
2026/09/06 08:18:13.749, 0, 100, 109366, 513.97
2026/09/06 08:18:13.750, 1, 0, 4, 80.64
2026/09/06 08:18:14.752, 0, 100, 109366, 526.99
2026/09/06 08:18:14.756, 1, 0, 4, 80.59
2026/09/06 08:18:15.758, 0, 100, 109366, 512.84
2026/09/06 08:18:15.760, 1, 0, 4, 80.58
2026/09/06 08:18:16.761, 0, 100, 109366, 535.33
2026/09/06 08:18:16.763, 1, 0, 4, 80.54
2026/09/06 08:18:17.771, 0, 100, 109366, 520.38
2026/09/06 08:18:17.773, 1, 0, 4, 80.59
2026/09/06 08:18:18.775, 0, 100, 109366, 540.16
2026/09/06 08:18:18.781, 1, 0, 4, 80.59
2026/09/06 08:18:19.783, 0, 100, 109366, 537.71
2026/09/06 08:18:19.785, 1, 0, 4, 80.65
2026/09/06 08:18:20.786, 0, 59, 109366, 515.11
2026/09/06 08:18:20.789, 1, 0, 4, 80.62
2026/09/06 08:18:21.793, 0, 99, 109366, 536.60
2026/09/06 08:18:21.794, 1, 0, 4, 80.55
2026/09/06 08:18:22.796, 0, 100, 109366, 545.79
2026/09/06 08:18:22.797, 1, 0, 4, 80.51
2026/09/06 08:18:23.799, 0, 100, 109366, 554.78
2026/09/06 08:18:23.803, 1, 0, 4, 80.55
2026/09/06 08:18:24.805, 0, 100, 109366, 543.46
2026/09/06 08:18:24.807, 1, 0, 4, 80.66
2026/09/06 08:18:25.808, 0, 100, 109366, 530.08
2026/09/06 08:18:25.810, 1, 0, 4, 80.70
2026/09/06 08:18:26.812, 0, 100, 109366, 523.20
2026/09/06 08:18:26.813, 1, 0, 4, 80.59
2026/09/06 08:18:27.815, 0, 100, 109366, 555.86
2026/09/06 08:18:27.817, 1, 0, 4, 80.58
2026/09/06 08:18:28.818, 0, 100, 109366, 557.07
2026/09/06 08:18:28.820, 1, 0, 4, 80.64
2026/09/06 08:18:29.822, 0, 98, 109366, 556.78
2026/09/06 08:18:29.823, 1, 0, 4, 80.53
2026/09/06 08:18:30.825, 0, 100, 109366, 552.51
2026/09/06 08:18:30.827, 1, 0, 4, 80.56
2026/09/06 08:18:31.829, 0, 72, 109366, 490.56
2026/09/06 08:18:31.831, 1, 0, 4, 80.59
2026/09/06 08:18:32.834, 0, 100, 109366, 536.14
2026/09/06 08:18:32.835, 1, 0, 4, 80.63
2026/09/06 08:18:33.837, 0, 100, 109366, 547.10
2026/09/06 08:18:33.839, 1, 0, 4, 80.55
2026/09/06 08:18:34.840, 0, 100, 109366, 519.90
2026/09/06 08:18:34.842, 1, 0, 4, 80.65
2026/09/06 08:18:35.843, 0, 100, 109366, 533.55
2026/09/06 08:18:35.846, 1, 0, 4, 80.47
2026/09/06 08:18:36.849, 0, 100, 109366, 538.20
2026/09/06 08:18:36.851, 1, 0, 4, 80.56
2026/09/06 08:18:37.853, 0, 100, 109366, 523.49
2026/09/06 08:18:37.858, 1, 0, 4, 80.53
2026/09/06 08:18:38.860, 0, 100, 109366, 548.16
2026/09/06 08:18:38.862, 1, 0, 4, 80.63
2026/09/06 08:18:39.864, 0, 100, 109366, 518.11
2026/09/06 08:18:39.867, 1, 0, 4, 80.55
2026/09/06 08:18:40.875, 0, 99, 109366, 528.13
2026/09/06 08:18:40.877, 1, 0, 4, 80.63
2026/09/06 08:18:41.878, 0, 61, 109366, 534.05
2026/09/06 08:18:41.880, 1, 0, 4, 80.60
2026/09/06 08:18:42.881, 0, 100, 109366, 524.19
2026/09/06 08:18:42.883, 1, 0, 4, 80.59
2026/09/06 08:18:43.885, 0, 100, 109366, 532.74
2026/09/06 08:18:43.886, 1, 0, 4, 80.56
2026/09/06 08:18:44.888, 0, 99, 109366, 515.61
2026/09/06 08:18:44.890, 1, 0, 4, 80.61
2026/09/06 08:18:45.892, 0, 86, 109366, 499.49
2026/09/06 08:18:45.893, 1, 0, 4, 80.56
2026/09/06 08:18:46.895, 0, 100, 109366, 535.26
2026/09/06 08:18:46.897, 1, 0, 4, 80.68
2026/09/06 08:18:47.899, 0, 63, 109366, 515.08
2026/09/06 08:18:47.900, 1, 0, 4, 80.62
2026/09/06 08:18:48.902, 0, 100, 109366, 509.48
2026/09/06 08:18:48.904, 1, 0, 4, 80.60
2026/09/06 08:18:49.905, 0, 63, 109366, 505.18
2026/09/06 08:18:49.909, 1, 0, 4, 80.51
2026/09/06 08:18:50.911, 0, 100, 109366, 510.21
2026/09/06 08:18:50.913, 1, 0, 4, 80.57
2026/09/06 08:18:51.914, 0, 96, 109366, 483.86
2026/09/06 08:18:51.916, 1, 0, 4, 80.56
2026/09/06 08:18:52.918, 0, 100, 109366, 483.25
2026/09/06 08:18:52.920, 1, 0, 4, 80.57
2026/09/06 08:18:53.922, 0, 100, 109366, 495.95
2026/09/06 08:18:53.923, 1, 0, 4, 80.61
2026/09/06 08:18:54.926, 0, 100, 109366, 518.64
2026/09/06 08:18:54.928, 1, 0, 4, 80.68
2026/09/06 08:18:55.930, 0, 97, 109366, 501.15
2026/09/06 08:18:55.932, 1, 0, 4, 80.54
2026/09/06 08:18:56.934, 0, 100, 109366, 518.09
2026/09/06 08:18:56.936, 1, 0, 4, 80.52
2026/09/06 08:18:57.937, 0, 100, 109366, 505.50
2026/09/06 08:18:57.938, 1, 0, 4, 80.52
2026/09/06 08:18:58.940, 0, 95, 109366, 518.20
2026/09/06 08:18:58.942, 1, 0, 4, 80.59
2026/09/06 08:18:59.943, 0, 100, 109366, 520.76
2026/09/06 08:18:59.949, 1, 0, 4, 80.59
2026/09/06 08:19:00.951, 0, 99, 109366, 523.79
2026/09/06 08:19:00.953, 1, 0, 4, 80.57
2026/09/06 08:19:01.954, 0, 98, 109366, 480.98
2026/09/06 08:19:01.956, 1, 0, 4, 80.59
2026/09/06 08:19:02.959, 0, 100, 109366, 496.77
2026/09/06 08:19:02.960, 1, 0, 4, 80.58
2026/09/06 08:19:03.962, 0, 100, 109366, 506.89
2026/09/06 08:19:03.964, 1, 0, 4, 80.56
2026/09/06 08:19:04.966, 0, 48, 109366, 457.39
2026/09/06 08:19:04.968, 1, 0, 4, 80.55
2026/09/06 08:19:05.969, 0, 100, 109366, 506.47
2026/09/06 08:19:05.971, 1, 0, 4, 80.64
2026/09/06 08:19:06.972, 0, 100, 109366, 510.28
2026/09/06 08:19:06.974, 1, 0, 4, 80.54
2026/09/06 08:19:07.976, 0, 100, 109366, 526.23
2026/09/06 08:19:07.978, 1, 0, 4, 80.73
2026/09/06 08:19:08.980, 0, 98, 109366, 508.99
2026/09/06 08:19:08.982, 1, 0, 4, 80.63
2026/09/06 08:19:09.984, 0, 98, 109366, 516.45
2026/09/06 08:19:09.986, 1, 0, 4, 80.65
2026/09/06 08:19:10.988, 0, 100, 109366, 483.33
2026/09/06 08:19:10.990, 1, 0, 4, 80.52
2026/09/06 08:19:11.992, 0, 100, 109366, 465.63
2026/09/06 08:19:11.993, 1, 0, 4, 80.50
2026/09/06 08:19:12.995, 0, 98, 109366, 408.68
2026/09/06 08:19:12.997, 1, 0, 4, 80.63
2026/09/06 08:19:13.999, 0, 99, 109366, 514.90
2026/09/06 08:19:14.001, 1, 0, 4, 80.64
2026/09/06 08:19:15.002, 0, 94, 109366, 503.35
2026/09/06 08:19:15.004, 1, 0, 4, 80.65
2026/09/06 08:19:16.006, 0, 100, 109366, 498.54
2026/09/06 08:19:16.008, 1, 0, 4, 80.65
2026/09/06 08:19:17.010, 0, 84, 109366, 498.71
2026/09/06 08:19:17.015, 1, 0, 4, 80.58
2026/09/06 08:19:18.017, 0, 100, 109366, 504.18
2026/09/06 08:19:18.019, 1, 0, 4, 80.69
2026/09/06 08:19:19.021, 0, 100, 109366, 488.41
2026/09/06 08:19:19.022, 1, 0, 4, 80.58
2026/09/06 08:19:20.024, 0, 100, 109366, 513.09
2026/09/06 08:19:20.026, 1, 0, 4, 80.63
2026/09/06 08:19:21.028, 0, 88, 109366, 478.92
2026/09/06 08:19:21.030, 1, 0, 4, 80.69
2026/09/06 08:19:22.032, 0, 100, 109366, 523.62
2026/09/06 08:19:22.033, 1, 0, 4, 80.67
2026/09/06 08:19:23.035, 0, 98, 109366, 506.68
2026/09/06 08:19:23.037, 1, 0, 4, 80.56
2026/09/06 08:19:24.039, 0, 100, 109366, 506.71
2026/09/06 08:19:24.040, 1, 0, 4, 80.68
2026/09/06 08:19:25.042, 0, 98, 109366, 525.27
2026/09/06 08:19:25.044, 1, 0, 4, 80.59
2026/09/06 08:19:26.045, 0, 100, 109366, 529.49
2026/09/06 08:19:26.047, 1, 0, 4, 80.66
2026/09/06 08:19:27.049, 0, 98, 109366, 498.11
2026/09/06 08:19:27.051, 1, 0, 4, 80.68
2026/09/06 08:19:28.052, 0, 100, 109366, 526.17
2026/09/06 08:19:28.054, 1, 0, 4, 80.71
2026/09/06 08:19:29.056, 0, 100, 109366, 536.70
2026/09/06 08:19:29.058, 1, 0, 4, 80.61
2026/09/06 08:19:30.059, 0, 100, 109366, 521.99
2026/09/06 08:19:30.061, 1, 0, 4, 80.65
2026/09/06 08:19:31.063, 0, 61, 109366, 514.49
2026/09/06 08:19:31.065, 1, 0, 4, 80.61
2026/09/06 08:19:32.066, 0, 56, 109366, 516.41
2026/09/06 08:19:32.068, 1, 0, 4, 80.63
2026/09/06 08:19:33.070, 0, 97, 109366, 521.96
2026/09/06 08:19:33.072, 1, 0, 4, 80.61
2026/09/06 08:19:34.073, 0, 100, 109366, 523.65
2026/09/06 08:19:34.075, 1, 0, 4, 80.65
2026/09/06 08:19:35.077, 0, 100, 109366, 519.83
2026/09/06 08:19:35.079, 1, 0, 4, 80.65
2026/09/06 08:19:36.081, 0, 100, 109366, 516.61
2026/09/06 08:19:36.083, 1, 0, 4, 80.58
2026/09/06 08:19:37.084, 0, 100, 109366, 541.17
2026/09/06 08:19:37.086, 1, 0, 4, 80.57
2026/09/06 08:19:38.088, 0, 100, 109366, 505.44
2026/09/06 08:19:38.089, 1, 0, 4, 80.59
2026/09/06 08:19:39.091, 0, 100, 109366, 515.81
2026/09/06 08:19:39.096, 1, 0, 4, 80.61
2026/09/06 08:19:40.097, 0, 98, 109366, 531.72
2026/09/06 08:19:40.099, 1, 0, 4, 80.61
2026/09/06 08:19:41.101, 0, 97, 109366, 491.71
2026/09/06 08:19:41.103, 1, 0, 4, 80.57
2026/09/06 08:19:42.104, 0, 100, 109366, 525.73
2026/09/06 08:19:42.106, 1, 0, 4, 80.68
2026/09/06 08:19:43.107, 0, 98, 109366, 533.28
2026/09/06 08:19:43.109, 1, 0, 4, 80.57
2026/09/06 08:19:44.111, 0, 83, 109366, 492.27
2026/09/06 08:19:44.113, 1, 0, 4, 80.66
2026/09/06 08:19:45.115, 0, 99, 109366, 538.20
2026/09/06 08:19:45.117, 1, 0, 4, 80.57
2026/09/06 08:19:46.118, 0, 100, 109366, 513.21
2026/09/06 08:19:46.120, 1, 0, 4, 80.54
2026/09/06 08:19:47.122, 0, 97, 109366, 506.39
2026/09/06 08:19:47.124, 1, 0, 4, 80.74
2026/09/06 08:19:48.126, 0, 100, 109366, 529.72
2026/09/06 08:19:48.128, 1, 0, 4, 80.59
2026/09/06 08:19:49.129, 0, 100, 109366, 506.29
2026/09/06 08:19:49.131, 1, 0, 4, 80.60
2026/09/06 08:19:50.133, 0, 100, 109366, 514.28
2026/09/06 08:19:50.135, 1, 0, 4, 80.64
2026/09/06 08:19:51.136, 0, 100, 109366, 531.02
2026/09/06 08:19:51.138, 1, 0, 4, 80.54
2026/09/06 08:19:52.140, 0, 100, 109366, 533.21
2026/09/06 08:19:52.142, 1, 0, 4, 80.51
2026/09/06 08:19:53.144, 0, 100, 109366, 516.15
2026/09/06 08:19:53.145, 1, 0, 4, 80.59
2026/09/06 08:19:54.147, 0, 100, 109366, 518.96
2026/09/06 08:19:54.149, 1, 0, 4, 80.61
2026/09/06 08:19:55.151, 0, 100, 109366, 538.42
2026/09/06 08:19:55.153, 1, 0, 4, 80.57
2026/09/06 08:19:56.154, 0, 100, 109366, 540.20
2026/09/06 08:19:56.156, 1, 0, 4, 80.66
2026/09/06 08:19:57.158, 0, 100, 109366, 540.46
2026/09/06 08:19:57.159, 1, 0, 4, 80.62
2026/09/06 08:19:58.161, 0, 100, 109366, 499.87
2026/09/06 08:19:58.163, 1, 0, 4, 80.58
2026/09/06 08:19:59.165, 0, 98, 109366, 520.89
2026/09/06 08:19:59.167, 1, 0, 4, 80.61
2026/09/06 08:20:00.168, 0, 100, 109366, 525.97
2026/09/06 08:20:00.170, 1, 0, 4, 80.62
2026/09/06 08:20:01.171, 0, 100, 109366, 528.87
2026/09/06 08:20:01.174, 1, 0, 4, 80.60
2026/09/06 08:20:02.175, 0, 100, 109366, 531.85
2026/09/06 08:20:02.178, 1, 0, 4, 80.62
2026/09/06 08:20:03.180, 0, 100, 109366, 533.60
2026/09/06 08:20:03.182, 1, 0, 4, 80.61
2026/09/06 08:20:04.184, 0, 100, 109366, 522.02
2026/09/06 08:20:04.186, 1, 0, 4, 80.60
2026/09/06 08:20:05.187, 0, 98, 109366, 515.14
2026/09/06 08:20:05.189, 1, 0, 4, 80.57
2026/09/06 08:20:06.190, 0, 100, 109366, 501.55
2026/09/06 08:20:06.192, 1, 0, 4, 80.59
2026/09/06 08:20:07.193, 0, 98, 109366, 514.48
2026/09/06 08:20:07.195, 1, 0, 4, 80.58
2026/09/06 08:20:08.197, 0, 99, 109366, 513.27
2026/09/06 08:20:08.200, 1, 0, 4, 80.61
2026/09/06 08:20:09.201, 0, 100, 109366, 468.80
2026/09/06 08:20:09.203, 1, 0, 4, 80.56
2026/09/06 08:20:10.205, 0, 100, 109366, 520.48
2026/09/06 08:20:10.207, 1, 0, 4, 80.63
2026/09/06 08:20:11.208, 0, 100, 109366, 516.27
2026/09/06 08:20:11.210, 1, 0, 4, 80.64
2026/09/06 08:20:12.212, 0, 100, 109366, 522.64
2026/09/06 08:20:12.214, 1, 0, 4, 80.51
2026/09/06 08:20:13.215, 0, 100, 109366, 505.94
2026/09/06 08:20:13.217, 1, 0, 4, 80.64
2026/09/06 08:20:14.218, 0, 100, 109366, 516.31
2026/09/06 08:20:14.221, 1, 0, 4, 80.64
2026/09/06 08:20:15.222, 0, 100, 109366, 510.47
2026/09/06 08:20:15.224, 1, 0, 4, 80.69
2026/09/06 08:20:16.226, 0, 95, 109366, 527.25
2026/09/06 08:20:16.227, 1, 0, 4, 80.62
2026/09/06 08:20:17.229, 0, 100, 109366, 538.88
2026/09/06 08:20:17.231, 1, 0, 4, 80.55
2026/09/06 08:20:18.233, 0, 100, 109366, 531.55
2026/09/06 08:20:18.235, 1, 0, 4, 80.55
2026/09/06 08:20:19.237, 0, 100, 109366, 537.04
2026/09/06 08:20:19.239, 1, 0, 4, 80.45
2026/09/06 08:20:20.240, 0, 100, 109366, 533.00
2026/09/06 08:20:20.242, 1, 0, 4, 80.61
2026/09/06 08:20:21.244, 0, 100, 109366, 516.92
2026/09/06 08:20:21.246, 1, 0, 4, 80.60
2026/09/06 08:20:22.247, 0, 97, 109366, 529.14
2026/09/06 08:20:22.261, 1, 0, 4, 80.65
2026/09/06 08:20:23.262, 0, 100, 109366, 526.65
2026/09/06 08:20:23.264, 1, 0, 4, 80.62
2026/09/06 08:20:24.266, 0, 97, 109366, 540.11
2026/09/06 08:20:24.267, 1, 0, 4, 80.58
2026/09/06 08:20:25.269, 0, 100, 109366, 519.87
2026/09/06 08:20:25.271, 1, 0, 4, 80.51
2026/09/06 08:20:26.273, 0, 100, 109366, 538.34
2026/09/06 08:20:26.275, 1, 0, 4, 80.65
2026/09/06 08:20:27.278, 0, 100, 109366, 514.79
2026/09/06 08:20:27.280, 1, 0, 4, 80.61
2026/09/06 08:20:28.282, 0, 98, 109366, 515.18
2026/09/06 08:20:28.284, 1, 0, 4, 80.67
2026/09/06 08:20:29.286, 0, 100, 109366, 503.92
2026/09/06 08:20:29.288, 1, 0, 4, 80.62
2026/09/06 08:20:30.290, 0, 100, 109366, 532.83
2026/09/06 08:20:30.292, 1, 0, 4, 80.70
2026/09/06 08:20:31.294, 0, 97, 109366, 522.06
2026/09/06 08:20:31.296, 1, 0, 4, 80.54
2026/09/06 08:20:32.298, 0, 100, 109366, 511.00
2026/09/06 08:20:32.300, 1, 0, 4, 80.52
2026/09/06 08:20:33.302, 0, 100, 109366, 496.70
2026/09/06 08:20:33.304, 1, 0, 4, 80.59
2026/09/06 08:20:34.306, 0, 98, 109366, 509.52
2026/09/06 08:20:34.308, 1, 0, 4, 80.52
2026/09/06 08:20:35.310, 0, 100, 109366, 527.32
2026/09/06 08:20:35.312, 1, 0, 4, 80.87
2026/09/06 08:20:36.314, 0, 98, 109366, 504.82
2026/09/06 08:20:36.316, 1, 0, 4, 80.68
2026/09/06 08:20:37.317, 0, 100, 109366, 491.69
2026/09/06 08:20:37.320, 1, 0, 4, 80.60
2026/09/06 08:20:38.321, 0, 100, 109366, 512.14
2026/09/06 08:20:38.323, 1, 0, 4, 80.61
2026/09/06 08:20:39.325, 0, 99, 109366, 525.50
2026/09/06 08:20:39.327, 1, 0, 4, 80.50
2026/09/06 08:20:40.329, 0, 99, 109366, 534.67
2026/09/06 08:20:40.331, 1, 0, 4, 80.70
2026/09/06 08:20:41.332, 0, 90, 109366, 516.42
2026/09/06 08:20:41.334, 1, 0, 4, 80.57
2026/09/06 08:20:42.338, 0, 98, 109366, 505.53
2026/09/06 08:20:42.341, 1, 0, 4, 80.57
2026/09/06 08:20:43.342, 0, 100, 109366, 518.23
2026/09/06 08:20:43.344, 1, 0, 4, 80.63
2026/09/06 08:20:44.346, 0, 100, 109366, 536.83
2026/09/06 08:20:44.348, 1, 0, 4, 80.61
2026/09/06 08:20:45.350, 0, 100, 109366, 526.68
2026/09/06 08:20:45.352, 1, 0, 4, 80.54
2026/09/06 08:20:46.353, 0, 100, 109366, 506.36
2026/09/06 08:20:46.355, 1, 0, 4, 80.51
2026/09/06 08:20:47.357, 0, 100, 109366, 508.15
2026/09/06 08:20:47.363, 1, 0, 4, 80.50
2026/09/06 08:20:48.370, 0, 97, 109366, 540.52
2026/09/06 08:20:48.372, 1, 0, 4, 80.57
2026/09/06 08:20:49.373, 0, 100, 109366, 523.74
2026/09/06 08:20:49.376, 1, 0, 4, 80.57
2026/09/06 08:20:50.378, 0, 100, 109366, 521.74
2026/09/06 08:20:50.380, 1, 0, 4, 80.65
2026/09/06 08:20:51.382, 0, 100, 109366, 503.94
2026/09/06 08:20:51.384, 1, 0, 4, 80.53
2026/09/06 08:20:52.387, 0, 100, 109366, 525.54
2026/09/06 08:20:52.389, 1, 0, 4, 80.57
2026/09/06 08:20:53.391, 0, 100, 109366, 526.25
2026/09/06 08:20:53.393, 1, 0, 4, 80.59
2026/09/06 08:20:54.396, 0, 100, 109366, 541.40
2026/09/06 08:20:54.397, 1, 0, 4, 80.65
2026/09/06 08:20:55.399, 0, 99, 109366, 551.76
2026/09/06 08:20:55.401, 1, 0, 4, 80.54
2026/09/06 08:20:56.403, 0, 98, 109366, 539.52
2026/09/06 08:20:56.405, 1, 0, 4, 80.60
2026/09/06 08:20:57.407, 0, 99, 109366, 547.41
2026/09/06 08:20:57.408, 1, 0, 4, 80.64
2026/09/06 08:20:58.410, 0, 98, 109366, 525.51
2026/09/06 08:20:58.412, 1, 0, 4, 80.61
2026/09/06 08:20:59.414, 0, 100, 109366, 527.26
2026/09/06 08:20:59.416, 1, 0, 4, 80.50
2026/09/06 08:21:00.418, 0, 100, 109366, 533.91
2026/09/06 08:21:00.420, 1, 0, 4, 80.53
2026/09/06 08:21:01.421, 0, 100, 109366, 534.81
2026/09/06 08:21:01.424, 1, 0, 4, 80.53
2026/09/06 08:21:02.425, 0, 100, 109366, 539.55
2026/09/06 08:21:02.427, 1, 0, 4, 80.61
2026/09/06 08:21:03.429, 0, 100, 109366, 537.80
2026/09/06 08:21:03.431, 1, 0, 4, 80.57
2026/09/06 08:21:04.433, 0, 100, 109366, 538.84
2026/09/06 08:21:04.435, 1, 0, 4, 80.58
2026/09/06 08:21:05.437, 0, 100, 109366, 540.82
2026/09/06 08:21:05.439, 1, 0, 4, 80.45
2026/09/06 08:21:06.440, 0, 100, 109366, 551.61
2026/09/06 08:21:06.442, 1, 0, 4, 80.61
2026/09/06 08:21:07.444, 0, 52, 109366, 535.76
2026/09/06 08:21:07.446, 1, 0, 4, 80.75
2026/09/06 08:21:08.447, 0, 99, 109366, 510.15
2026/09/06 08:21:08.452, 1, 0, 4, 80.64
2026/09/06 08:21:09.453, 0, 98, 109366, 492.39
2026/09/06 08:21:09.455, 1, 0, 4, 80.52
2026/09/06 08:21:10.458, 0, 100, 109366, 540.83
2026/09/06 08:21:10.460, 1, 0, 4, 80.65
2026/09/06 08:21:11.463, 0, 100, 109366, 525.78
2026/09/06 08:21:11.465, 1, 0, 4, 80.51
2026/09/06 08:21:12.467, 0, 100, 109366, 536.53
2026/09/06 08:21:12.469, 1, 0, 4, 80.56
2026/09/06 08:21:13.470, 0, 100, 109366, 548.66
2026/09/06 08:21:13.472, 1, 0, 4, 80.56
2026/09/06 08:21:14.474, 0, 89, 109366, 531.50
2026/09/06 08:21:14.476, 1, 0, 4, 80.57
2026/09/06 08:21:15.478, 0, 100, 109366, 544.35
2026/09/06 08:21:15.479, 1, 0, 4, 80.62
2026/09/06 08:21:16.481, 0, 97, 109366, 493.98
2026/09/06 08:21:16.483, 1, 0, 4, 80.57
2026/09/06 08:21:17.485, 0, 100, 109366, 540.99
2026/09/06 08:21:17.486, 1, 0, 4, 80.63
2026/09/06 08:21:18.488, 0, 97, 109366, 507.30
2026/09/06 08:21:18.490, 1, 0, 4, 80.58
2026/09/06 08:21:19.491, 0, 96, 109366, 490.94
2026/09/06 08:21:19.493, 1, 0, 4, 80.61
2026/09/06 08:21:20.495, 0, 97, 109366, 536.29
2026/09/06 08:21:20.497, 1, 0, 4, 80.61
2026/09/06 08:21:21.498, 0, 100, 109366, 524.75
2026/09/06 08:21:21.500, 1, 0, 4, 80.63
2026/09/06 08:21:22.502, 0, 98, 109366, 506.91
2026/09/06 08:21:22.504, 1, 0, 4, 80.56
2026/09/06 08:21:23.506, 0, 100, 109366, 536.90
2026/09/06 08:21:23.508, 1, 0, 4, 80.53
2026/09/06 08:21:24.510, 0, 100, 109366, 538.34
2026/09/06 08:21:24.511, 1, 0, 4, 80.49
2026/09/06 08:21:25.513, 0, 100, 109366, 532.38
2026/09/06 08:21:25.515, 1, 0, 4, 80.57
2026/09/06 08:21:26.517, 0, 100, 109366, 521.96
2026/09/06 08:21:26.518, 1, 0, 4, 80.44
2026/09/06 08:21:27.520, 0, 100, 109366, 545.25
2026/09/06 08:21:27.522, 1, 0, 4, 80.59
2026/09/06 08:21:28.523, 0, 100, 109366, 526.28
2026/09/06 08:21:28.525, 1, 0, 4, 80.53
2026/09/06 08:21:29.527, 0, 61, 109366, 510.87
2026/09/06 08:21:29.529, 1, 0, 4, 80.56
2026/09/06 08:21:30.530, 0, 100, 109366, 520.38
2026/09/06 08:21:30.532, 1, 0, 4, 80.56
2026/09/06 08:21:31.534, 0, 100, 109366, 500.05
2026/09/06 08:21:31.536, 1, 0, 4, 80.49
2026/09/06 08:21:32.537, 0, 97, 109366, 523.06
2026/09/06 08:21:32.539, 1, 0, 4, 80.49
2026/09/06 08:21:33.541, 0, 100, 109366, 530.62
2026/09/06 08:21:33.542, 1, 0, 4, 80.51
2026/09/06 08:21:34.544, 0, 100, 109366, 501.11
2026/09/06 08:21:34.546, 1, 0, 4, 80.55
2026/09/06 08:21:35.548, 0, 97, 109366, 508.57
2026/09/06 08:21:35.550, 1, 0, 4, 80.55
2026/09/06 08:21:36.551, 0, 97, 109366, 544.77
2026/09/06 08:21:36.554, 1, 0, 4, 80.54
2026/09/06 08:21:37.557, 0, 83, 109366, 510.92
2026/09/06 08:21:37.560, 1, 0, 4, 80.62
2026/09/06 08:21:38.561, 0, 100, 109366, 525.43
2026/09/06 08:21:38.565, 1, 0, 4, 80.54
2026/09/06 08:21:39.567, 0, 100, 109366, 539.73
2026/09/06 08:21:39.569, 1, 0, 4, 80.46
2026/09/06 08:21:40.572, 0, 84, 109366, 545.28
2026/09/06 08:21:40.574, 1, 0, 4, 80.55
2026/09/06 08:21:41.575, 0, 100, 109366, 511.18
2026/09/06 08:21:41.577, 1, 0, 4, 80.51
2026/09/06 08:21:42.579, 0, 100, 109366, 526.56
2026/09/06 08:21:42.582, 1, 0, 4, 80.49
2026/09/06 08:21:43.585, 0, 100, 109366, 532.80
2026/09/06 08:21:43.587, 1, 0, 4, 80.56
2026/09/06 08:21:44.590, 0, 100, 109366, 533.31
2026/09/06 08:21:44.592, 1, 0, 4, 80.47
2026/09/06 08:21:45.594, 0, 99, 109366, 513.05
2026/09/06 08:21:45.597, 1, 0, 4, 80.50
2026/09/06 08:21:46.603, 0, 98, 109366, 516.83
2026/09/06 08:21:46.605, 1, 0, 4, 80.45
2026/09/06 08:21:47.609, 0, 100, 109366, 526.69
2026/09/06 08:21:47.614, 1, 0, 4, 80.51
2026/09/06 08:21:48.616, 0, 100, 109366, 516.34
2026/09/06 08:21:48.618, 1, 0, 4, 80.51
2026/09/06 08:21:49.620, 0, 100, 109366, 505.45
2026/09/06 08:21:49.623, 1, 0, 4, 80.59
2026/09/06 08:21:50.625, 0, 100, 109366, 516.80
2026/09/06 08:21:50.627, 1, 0, 4, 80.58
2026/09/06 08:21:51.629, 0, 100, 109366, 523.40
2026/09/06 08:21:51.631, 1, 0, 4, 80.57
2026/09/06 08:21:52.633, 0, 100, 109366, 519.62
2026/09/06 08:21:52.635, 1, 0, 4, 80.41
2026/09/06 08:21:53.637, 0, 100, 109366, 521.49
2026/09/06 08:21:53.642, 1, 0, 4, 80.48
2026/09/06 08:21:54.651, 0, 100, 109366, 511.24
2026/09/06 08:21:54.653, 1, 0, 4, 80.29
2026/09/06 08:21:55.655, 0, 99, 109366, 512.34
2026/09/06 08:21:55.657, 1, 0, 4, 80.58
2026/09/06 08:21:56.659, 0, 99, 109366, 517.77
2026/09/06 08:21:56.661, 1, 0, 4, 80.55
2026/09/06 08:21:57.663, 0, 100, 109366, 528.15
2026/09/06 08:21:57.665, 1, 0, 4, 80.58
2026/09/06 08:21:58.668, 0, 100, 109366, 523.15
2026/09/06 08:21:58.670, 1, 0, 4, 80.54
2026/09/06 08:21:59.672, 0, 100, 109366, 524.19
2026/09/06 08:21:59.673, 1, 0, 4, 80.47
2026/09/06 08:22:00.675, 0, 100, 109366, 516.76
2026/09/06 08:22:00.677, 1, 0, 4, 80.51
2026/09/06 08:22:01.678, 0, 100, 109366, 518.63
2026/09/06 08:22:01.680, 1, 0, 4, 80.50
2026/09/06 08:22:02.682, 0, 100, 109366, 519.41
2026/09/06 08:22:02.684, 1, 0, 4, 80.50
2026/09/06 08:22:03.685, 0, 100, 109366, 528.71
2026/09/06 08:22:03.687, 1, 0, 4, 80.48
2026/09/06 08:22:04.689, 0, 96, 109366, 538.48
2026/09/06 08:22:04.691, 1, 0, 4, 80.63
2026/09/06 08:22:05.692, 0, 97, 109366, 524.17
2026/09/06 08:22:05.694, 1, 0, 4, 80.50
2026/09/06 08:22:06.696, 0, 100, 109366, 512.38
2026/09/06 08:22:06.698, 1, 0, 4, 80.49
2026/09/06 08:22:07.700, 0, 100, 109366, 502.94
2026/09/06 08:22:07.702, 1, 0, 4, 80.59
2026/09/06 08:22:08.704, 0, 100, 109366, 503.41
2026/09/06 08:22:08.706, 1, 0, 4, 80.36
2026/09/06 08:22:09.707, 0, 96, 109366, 498.31
2026/09/06 08:22:09.710, 1, 0, 4, 80.58
2026/09/06 08:22:10.712, 0, 100, 109366, 497.08
2026/09/06 08:22:10.713, 1, 0, 4, 80.53
2026/09/06 08:22:11.715, 0, 96, 109366, 500.73
2026/09/06 08:22:11.718, 1, 0, 4, 80.53
2026/09/06 08:22:12.720, 0, 100, 109366, 506.64
2026/09/06 08:22:12.722, 1, 0, 4, 80.38
2026/09/06 08:22:13.724, 0, 97, 109366, 491.65
2026/09/06 08:22:13.726, 1, 0, 4, 80.39
2026/09/06 08:22:14.729, 0, 100, 109366, 476.56
2026/09/06 08:22:14.731, 1, 0, 4, 80.46
2026/09/06 08:22:15.733, 0, 100, 109366, 480.17
2026/09/06 08:22:15.735, 1, 0, 4, 80.56
2026/09/06 08:22:16.737, 0, 100, 109366, 481.61
2026/09/06 08:22:16.739, 1, 0, 4, 80.53
2026/09/06 08:22:17.740, 0, 95, 109366, 479.50
2026/09/06 08:22:17.742, 1, 0, 4, 80.59
2026/09/06 08:22:18.744, 0, 93, 109366, 477.45
2026/09/06 08:22:18.746, 1, 0, 4, 80.57
2026/09/06 08:22:19.748, 0, 98, 109366, 476.60
2026/09/06 08:22:19.752, 1, 0, 4, 80.51
2026/09/06 08:22:20.754, 0, 100, 109366, 485.12
2026/09/06 08:22:20.757, 1, 0, 4, 80.51
2026/09/06 08:22:21.760, 0, 100, 109366, 481.81
2026/09/06 08:22:21.762, 1, 0, 4, 80.56
2026/09/06 08:22:22.764, 0, 100, 109366, 484.24
2026/09/06 08:22:22.768, 1, 0, 4, 80.56
2026/09/06 08:22:23.771, 0, 97, 109366, 483.66
2026/09/06 08:22:23.772, 1, 0, 4, 80.57
2026/09/06 08:22:24.775, 0, 99, 109366, 484.90
2026/09/06 08:22:24.779, 1, 0, 4, 80.54
2026/09/06 08:22:25.781, 0, 100, 109366, 485.59
2026/09/06 08:22:25.784, 1, 0, 4, 80.50
2026/09/06 08:22:26.786, 0, 100, 109366, 490.52
2026/09/06 08:22:26.788, 1, 0, 4, 80.51
2026/09/06 08:22:27.790, 0, 98, 109366, 488.50
2026/09/06 08:22:27.792, 1, 0, 4, 80.50
2026/09/06 08:22:28.793, 0, 99, 109366, 480.71
2026/09/06 08:22:28.795, 1, 0, 4, 80.60
2026/09/06 08:22:29.797, 0, 99, 109366, 455.21
2026/09/06 08:22:29.798, 1, 0, 4, 80.58
2026/09/06 08:22:30.800, 0, 98, 109366, 449.77
2026/09/06 08:22:30.802, 1, 0, 4, 80.59
2026/09/06 08:22:31.804, 0, 100, 109366, 446.33
2026/09/06 08:22:31.806, 1, 0, 4, 80.55
2026/09/06 08:22:32.807, 0, 100, 109366, 448.70
2026/09/06 08:22:32.809, 1, 0, 4, 80.51
2026/09/06 08:22:33.811, 0, 96, 109366, 445.76
2026/09/06 08:22:33.813, 1, 0, 4, 80.47
2026/09/06 08:22:34.815, 0, 96, 109366, 449.46
2026/09/06 08:22:34.817, 1, 0, 4, 80.55
2026/09/06 08:22:35.819, 0, 0, 109366, 323.99
2026/09/06 08:22:35.821, 1, 0, 4, 80.56
2026/09/06 08:22:36.822, 0, 0, 109366, 125.69
2026/09/06 08:22:36.824, 1, 0, 4, 80.56
2026/09/06 08:22:37.826, 0, 0, 109366, 125.03
2026/09/06 08:22:37.828, 1, 0, 4, 80.54
2026/09/06 08:22:38.830, 0, 0, 109366, 124.60
2026/09/06 08:22:38.832, 1, 0, 4, 80.62
2026/09/06 08:22:39.833, 0, 0, 109366, 124.19
2026/09/06 08:22:39.835, 1, 0, 4, 80.49
2026/09/06 08:22:40.837, 0, 0, 109366, 123.83
2026/09/06 08:22:40.839, 1, 0, 4, 80.52
2026/09/06 08:22:41.840, 0, 0, 109366, 123.61
2026/09/06 08:22:41.843, 1, 0, 4, 80.48
2026/09/06 08:22:42.851, 0, 0, 109366, 123.43
2026/09/06 08:22:42.853, 1, 0, 4, 80.52
2026/09/06 08:22:43.856, 0, 0, 109366, 123.20
2026/09/06 08:22:43.859, 1, 0, 4, 80.51
2026/09/06 08:22:44.861, 0, 0, 109366, 123.07
2026/09/06 08:22:44.863, 1, 0, 4, 80.57
2026/09/06 08:22:45.864, 0, 0, 109366, 122.93
2026/09/06 08:22:45.866, 1, 0, 4, 80.55
2026/09/06 08:22:46.869, 0, 0, 109366, 122.76
2026/09/06 08:22:46.871, 1, 0, 4, 80.51
2026/09/06 08:22:47.872, 0, 0, 109366, 122.64
2026/09/06 08:22:47.878, 1, 0, 4, 80.47
2026/09/06 08:22:48.880, 0, 0, 109366, 122.49
2026/09/06 08:22:48.882, 1, 0, 4, 80.55
2026/09/06 08:22:49.884, 0, 0, 109366, 122.35
2026/09/06 08:22:49.886, 1, 0, 4, 80.51
2026/09/06 08:22:50.888, 0, 0, 109366, 122.24
2026/09/06 08:22:50.890, 1, 0, 4, 80.59
2026/09/06 08:22:51.891, 0, 0, 109366, 122.16
2026/09/06 08:22:51.893, 1, 0, 4, 80.54
2026/09/06 08:22:52.895, 0, 0, 109366, 122.13
2026/09/06 08:22:52.897, 1, 0, 4, 80.54
2026/09/06 08:22:53.898, 0, 0, 109366, 121.97
2026/09/06 08:22:53.900, 1, 0, 4, 80.51
2026/09/06 08:22:54.902, 0, 0, 109366, 121.85
2026/09/06 08:22:54.904, 1, 0, 4, 80.53
2026/09/06 08:22:55.905, 0, 0, 109366, 121.82
2026/09/06 08:22:55.907, 1, 0, 4, 80.49
2026/09/06 08:22:56.909, 0, 0, 109366, 121.74
2026/09/06 08:22:56.911, 1, 0, 4, 80.57
2026/09/06 08:22:57.912, 0, 0, 109366, 121.69
2026/09/06 08:22:57.914, 1, 0, 4, 80.53
2026/09/06 08:22:58.916, 0, 0, 109366, 121.63
2026/09/06 08:22:58.918, 1, 0, 4, 80.58
2026/09/06 08:22:59.919, 0, 0, 109366, 121.56
2026/09/06 08:22:59.923, 1, 0, 4, 80.54
2026/09/06 08:23:00.925, 0, 0, 109366, 121.56
2026/09/06 08:23:00.927, 1, 0, 4, 80.55
2026/09/06 08:23:01.929, 0, 0, 109366, 121.23
2026/09/06 08:23:01.930, 1, 0, 4, 80.49
2026/09/06 08:23:02.932, 0, 0, 109366, 120.88
2026/09/06 08:23:02.934, 1, 0, 4, 80.56
2026/09/06 08:23:03.936, 0, 0, 109366, 120.77
2026/09/06 08:23:03.938, 1, 0, 4, 80.53
2026/09/06 08:23:04.939, 0, 0, 109366, 120.76
2026/09/06 08:23:04.942, 1, 0, 4, 80.60
2026/09/06 08:23:05.944, 0, 0, 109366, 120.76
2026/09/06 08:23:05.946, 1, 0, 4, 80.56
2026/09/06 08:23:06.948, 0, 0, 109366, 120.65
2026/09/06 08:23:06.950, 1, 0, 4, 80.52
2026/09/06 08:23:07.951, 0, 0, 109366, 120.54
2026/09/06 08:23:07.969, 1, 0, 4, 80.50
2026/09/06 08:23:08.970, 0, 0, 109366, 120.57
2026/09/06 08:23:08.972, 1, 0, 4, 80.54
2026/09/06 08:23:09.975, 0, 0, 109366, 120.62
2026/09/06 08:23:09.977, 1, 0, 4, 80.53
2026/09/06 08:23:10.979, 0, 0, 109366, 120.47
2026/09/06 08:23:10.981, 1, 0, 4, 80.56
2026/09/06 08:23:11.982, 0, 0, 109366, 120.49
2026/09/06 08:23:11.985, 1, 0, 4, 80.57
2026/09/06 08:23:12.987, 0, 0, 109366, 120.36
2026/09/06 08:23:12.989, 1, 0, 4, 80.60
2026/09/06 08:23:13.991, 0, 0, 109366, 120.42
2026/09/06 08:23:13.993, 1, 0, 4, 80.54
2026/09/06 08:23:14.996, 0, 0, 109366, 120.40
2026/09/06 08:23:14.998, 1, 0, 4, 80.55
2026/09/06 08:23:16.000, 0, 0, 109366, 120.32
2026/09/06 08:23:16.002, 1, 0, 4, 80.57
2026/09/06 08:23:17.004, 0, 0, 109366, 120.26
2026/09/06 08:23:17.005, 1, 0, 4, 80.59
2026/09/06 08:23:18.007, 0, 0, 109366, 120.31
2026/09/06 08:23:18.009, 1, 0, 4, 80.57
2026/09/06 08:23:19.010, 0, 0, 109366, 120.21
2026/09/06 08:23:19.012, 1, 0, 4, 80.59
2026/09/06 08:23:20.014, 0, 0, 109366, 120.23
2026/09/06 08:23:20.016, 1, 0, 4, 80.62
2026/09/06 08:23:21.018, 0, 0, 109366, 120.26
2026/09/06 08:23:21.019, 1, 0, 4, 80.55
2026/09/06 08:23:22.021, 0, 0, 109366, 120.18
2026/09/06 08:23:22.023, 1, 0, 4, 80.51
2026/09/06 08:23:23.025, 0, 0, 109366, 120.14
2026/09/06 08:23:23.027, 1, 0, 4, 80.50
2026/09/06 08:23:24.028, 0, 0, 109366, 120.09
2026/09/06 08:23:24.030, 1, 0, 4, 80.61
2026/09/06 08:23:25.031, 0, 0, 109366, 120.08
2026/09/06 08:23:25.033, 1, 0, 4, 80.60
2026/09/06 08:23:26.035, 0, 0, 109366, 120.12
2026/09/06 08:23:26.037, 1, 0, 4, 80.62
2026/09/06 08:23:27.039, 0, 0, 109366, 120.09
2026/09/06 08:23:27.041, 1, 0, 4, 80.50
2026/09/06 08:23:28.043, 0, 0, 109366, 119.98
2026/09/06 08:23:28.045, 1, 0, 4, 80.56
2026/09/06 08:23:29.047, 0, 0, 109366, 119.95
2026/09/06 08:23:29.049, 1, 0, 4, 80.48
2026/09/06 08:23:30.051, 0, 0, 109366, 119.96
2026/09/06 08:23:30.053, 1, 0, 4, 80.53
2026/09/06 08:23:31.055, 0, 0, 109366, 119.91
2026/09/06 08:23:31.057, 1, 0, 4, 80.55
2026/09/06 08:23:32.059, 0, 0, 109366, 119.96
2026/09/06 08:23:32.061, 1, 0, 4, 80.60
2026/09/06 08:23:33.063, 0, 0, 109366, 119.93
2026/09/06 08:23:33.065, 1, 0, 4, 80.55
2026/09/06 08:23:34.066, 0, 0, 109366, 119.87
2026/09/06 08:23:34.068, 1, 0, 4, 80.56
2026/09/06 08:23:35.071, 0, 0, 109366, 119.94
2026/09/06 08:23:35.073, 1, 0, 4, 80.51
2026/09/06 08:23:36.075, 0, 0, 109366, 119.85
2026/09/06 08:23:36.078, 1, 0, 4, 80.52
2026/09/06 08:23:37.085, 0, 0, 109366, 119.78
2026/09/06 08:23:37.089, 1, 0, 4, 80.54
2026/09/06 08:23:38.092, 0, 0, 109366, 119.84
2026/09/06 08:23:38.103, 1, 0, 4, 80.57
2026/09/06 08:23:39.113, 0, 0, 109366, 119.76
2026/09/06 08:23:39.125, 1, 0, 4, 80.58
2026/09/06 08:23:40.129, 0, 0, 109366, 119.72
2026/09/06 08:23:40.131, 1, 0, 4, 80.53
2026/09/06 08:23:41.134, 0, 0, 109366, 119.75
2026/09/06 08:23:41.137, 1, 0, 4, 80.46
2026/09/06 08:23:42.141, 0, 0, 109366, 119.73
2026/09/06 08:23:42.154, 1, 0, 4, 80.60
2026/09/06 08:23:43.168, 0, 0, 109366, 119.74
2026/09/06 08:23:43.170, 1, 0, 4, 80.52
2026/09/06 08:23:44.172, 0, 0, 109366, 119.75
2026/09/06 08:23:44.180, 1, 0, 4, 80.56
2026/09/06 08:23:45.188, 0, 0, 109366, 119.66
2026/09/06 08:23:45.191, 1, 0, 4, 80.56
2026/09/06 08:23:46.193, 0, 0, 109366, 119.74
2026/09/06 08:23:46.195, 1, 0, 4, 80.59
2026/09/06 08:23:47.196, 0, 0, 109366, 119.74
2026/09/06 08:23:47.198, 1, 0, 4, 80.59
2026/09/06 08:23:48.200, 0, 0, 109366, 119.76
2026/09/06 08:23:48.201, 1, 0, 4, 80.53
2026/09/06 08:23:49.204, 0, 0, 109366, 119.75
2026/09/06 08:23:49.206, 1, 0, 4, 80.51
2026/09/06 08:23:50.208, 0, 0, 109366, 119.72
2026/09/06 08:23:50.209, 1, 0, 4, 80.55
2026/09/06 08:23:51.211, 0, 0, 109366, 119.64
2026/09/06 08:23:51.213, 1, 0, 4, 80.55
2026/09/06 08:23:52.214, 0, 0, 109366, 119.74
2026/09/06 08:23:52.217, 1, 0, 4, 80.61
2026/09/06 08:23:53.219, 0, 0, 109366, 119.71
2026/09/06 08:23:53.221, 1, 0, 4, 80.55
2026/09/06 08:23:54.222, 0, 0, 109366, 119.62
2026/09/06 08:23:54.225, 1, 0, 4, 80.53
2026/09/06 08:23:55.226, 0, 0, 109366, 119.70
2026/09/06 08:23:55.228, 1, 0, 4, 80.50
2026/09/06 08:23:56.230, 0, 0, 109366, 119.68
2026/09/06 08:23:56.232, 1, 0, 4, 80.54
2026/09/06 08:23:57.234, 0, 0, 109366, 119.66
2026/09/06 08:23:57.235, 1, 0, 4, 80.55
2026/09/06 08:23:58.237, 0, 0, 109366, 119.64
2026/09/06 08:23:58.238, 1, 0, 4, 80.57
2026/09/06 08:23:59.240, 0, 0, 109366, 119.66
2026/09/06 08:23:59.242, 1, 0, 4, 80.56
2026/09/06 08:24:00.244, 0, 0, 109366, 119.69
2026/09/06 08:24:00.246, 1, 0, 4, 80.58
2026/09/06 08:24:01.248, 0, 0, 109366, 119.59
2026/09/06 08:24:01.250, 1, 0, 4, 80.52
2026/09/06 08:24:02.252, 0, 0, 109366, 119.67
2026/09/06 08:24:02.253, 1, 0, 4, 80.54
2026/09/06 08:24:03.255, 0, 0, 109366, 119.74
2026/09/06 08:24:03.257, 1, 0, 4, 80.54
2026/09/06 08:24:04.259, 0, 0, 109366, 119.74
2026/09/06 08:24:04.261, 1, 0, 4, 80.61
2026/09/06 08:24:05.262, 0, 0, 109366, 119.64
2026/09/06 08:24:05.264, 1, 0, 4, 80.62
2026/09/06 08:24:06.265, 0, 0, 4, 131.98
2026/09/06 08:24:06.266, 1, 0, 4, 80.61
2026/09/06 08:24:07.269, 0, 0, 4, 123.80
2026/09/06 08:24:07.271, 1, 0, 4, 80.56
